model,ablation,fold,subset,actual,predicted,count,run_id,generation,representation,window_size_frames,seed,balancing
fixed_rules,r0_flat,1,validation,alert,alert,131,G1__qualification_r0_flat__fixed_rules__r0_flat__w30__fold_1__seed_42,G1,R0_flat,30,42,none
fixed_rules,r0_flat,1,validation,alert,fatigue,1,G1__qualification_r0_flat__fixed_rules__r0_flat__w30__fold_1__seed_42,G1,R0_flat,30,42,none
fixed_rules,r0_flat,1,validation,alert,distraction,890,G1__qualification_r0_flat__fixed_rules__r0_flat__w30__fold_1__seed_42,G1,R0_flat,30,42,none
fixed_rules,r0_flat,1,validation,fatigue,alert,1,G1__qualification_r0_flat__fixed_rules__r0_flat__w30__fold_1__seed_42,G1,R0_flat,30,42,none
fixed_rules,r0_flat,1,validation,fatigue,fatigue,0,G1__qualification_r0_flat__fixed_rules__r0_flat__w30__fold_1__seed_42,G1,R0_flat,30,42,none
fixed_rules,r0_flat,1,validation,fatigue,distraction,6,G1__qualification_r0_flat__fixed_rules__r0_flat__w30__fold_1__seed_42,G1,R0_flat,30,42,none
fixed_rules,r0_flat,1,validation,distraction,alert,70,G1__qualification_r0_flat__fixed_rules__r0_flat__w30__fold_1__seed_42,G1,R0_flat,30,42,none
fixed_rules,r0_flat,1,validation,distraction,fatigue,0,G1__qualification_r0_flat__fixed_rules__r0_flat__w30__fold_1__seed_42,G1,R0_flat,30,42,none
fixed_rules,r0_flat,1,validation,distraction,distraction,95,G1__qualification_r0_flat__fixed_rules__r0_flat__w30__fold_1__seed_42,G1,R0_flat,30,42,none
fixed_rules,r0_flat,1,test,alert,alert,360,G1__qualification_r0_flat__fixed_rules__r0_flat__w30__fold_1__seed_42,G1,R0_flat,30,42,none
fixed_rules,r0_flat,1,test,alert,fatigue,3,G1__qualification_r0_flat__fixed_rules__r0_flat__w30__fold_1__seed_42,G1,R0_flat,30,42,none
fixed_rules,r0_flat,1,test,alert,distraction,725,G1__qualification_r0_flat__fixed_rules__r0_flat__w30__fold_1__seed_42,G1,R0_flat,30,42,none
fixed_rules,r0_flat,1,test,fatigue,alert,50,G1__qualification_r0_flat__fixed_rules__r0_flat__w30__fold_1__seed_42,G1,R0_flat,30,42,none
fixed_rules,r0_flat,1,test,fatigue,fatigue,0,G1__qualification_r0_flat__fixed_rules__r0_flat__w30__fold_1__seed_42,G1,R0_flat,30,42,none
fixed_rules,r0_flat,1,test,fatigue,distraction,18,G1__qualification_r0_flat__fixed_rules__r0_flat__w30__fold_1__seed_42,G1,R0_flat,30,42,none
fixed_rules,r0_flat,1,test,distraction,alert,346,G1__qualification_r0_flat__fixed_rules__r0_flat__w30__fold_1__seed_42,G1,R0_flat,30,42,none
fixed_rules,r0_flat,1,test,distraction,fatigue,1,G1__qualification_r0_flat__fixed_rules__r0_flat__w30__fold_1__seed_42,G1,R0_flat,30,42,none
fixed_rules,r0_flat,1,test,distraction,distraction,32,G1__qualification_r0_flat__fixed_rules__r0_flat__w30__fold_1__seed_42,G1,R0_flat,30,42,none
svm,r0_flat,1,validation,alert,alert,1015,G1__qualification_r0_flat__svm__r0_flat__w30__fold_1__seed_42,G1,R0_flat,30,42,none
svm,r0_flat,1,validation,alert,fatigue,7,G1__qualification_r0_flat__svm__r0_flat__w30__fold_1__seed_42,G1,R0_flat,30,42,none
svm,r0_flat,1,validation,alert,distraction,0,G1__qualification_r0_flat__svm__r0_flat__w30__fold_1__seed_42,G1,R0_flat,30,42,none
svm,r0_flat,1,validation,fatigue,alert,6,G1__qualification_r0_flat__svm__r0_flat__w30__fold_1__seed_42,G1,R0_flat,30,42,none
svm,r0_flat,1,validation,fatigue,fatigue,1,G1__qualification_r0_flat__svm__r0_flat__w30__fold_1__seed_42,G1,R0_flat,30,42,none
svm,r0_flat,1,validation,fatigue,distraction,0,G1__qualification_r0_flat__svm__r0_flat__w30__fold_1__seed_42,G1,R0_flat,30,42,none
svm,r0_flat,1,validation,distraction,alert,163,G1__qualification_r0_flat__svm__r0_flat__w30__fold_1__seed_42,G1,R0_flat,30,42,none
svm,r0_flat,1,validation,distraction,fatigue,2,G1__qualification_r0_flat__svm__r0_flat__w30__fold_1__seed_42,G1,R0_flat,30,42,none
svm,r0_flat,1,validation,distraction,distraction,0,G1__qualification_r0_flat__svm__r0_flat__w30__fold_1__seed_42,G1,R0_flat,30,42,none
svm,r0_flat,1,test,alert,alert,1070,G1__qualification_r0_flat__svm__r0_flat__w30__fold_1__seed_42,G1,R0_flat,30,42,none
svm,r0_flat,1,test,alert,fatigue,17,G1__qualification_r0_flat__svm__r0_flat__w30__fold_1__seed_42,G1,R0_flat,30,42,none
svm,r0_flat,1,test,alert,distraction,1,G1__qualification_r0_flat__svm__r0_flat__w30__fold_1__seed_42,G1,R0_flat,30,42,none
svm,r0_flat,1,test,fatigue,alert,68,G1__qualification_r0_flat__svm__r0_flat__w30__fold_1__seed_42,G1,R0_flat,30,42,none
svm,r0_flat,1,test,fatigue,fatigue,0,G1__qualification_r0_flat__svm__r0_flat__w30__fold_1__seed_42,G1,R0_flat,30,42,none
svm,r0_flat,1,test,fatigue,distraction,0,G1__qualification_r0_flat__svm__r0_flat__w30__fold_1__seed_42,G1,R0_flat,30,42,none
svm,r0_flat,1,test,distraction,alert,374,G1__qualification_r0_flat__svm__r0_flat__w30__fold_1__seed_42,G1,R0_flat,30,42,none
svm,r0_flat,1,test,distraction,fatigue,5,G1__qualification_r0_flat__svm__r0_flat__w30__fold_1__seed_42,G1,R0_flat,30,42,none
svm,r0_flat,1,test,distraction,distraction,0,G1__qualification_r0_flat__svm__r0_flat__w30__fold_1__seed_42,G1,R0_flat,30,42,none
random_forest,r0_flat,1,validation,alert,alert,942,G1__qualification_r0_flat__random_forest__r0_flat__w30__fold_1__seed_42,G1,R0_flat,30,42,none
random_forest,r0_flat,1,validation,alert,fatigue,0,G1__qualification_r0_flat__random_forest__r0_flat__w30__fold_1__seed_42,G1,R0_flat,30,42,none
random_forest,r0_flat,1,validation,alert,distraction,80,G1__qualification_r0_flat__random_forest__r0_flat__w30__fold_1__seed_42,G1,R0_flat,30,42,none
random_forest,r0_flat,1,validation,fatigue,alert,7,G1__qualification_r0_flat__random_forest__r0_flat__w30__fold_1__seed_42,G1,R0_flat,30,42,none
random_forest,r0_flat,1,validation,fatigue,fatigue,0,G1__qualification_r0_flat__random_forest__r0_flat__w30__fold_1__seed_42,G1,R0_flat,30,42,none
random_forest,r0_flat,1,validation,fatigue,distraction,0,G1__qualification_r0_flat__random_forest__r0_flat__w30__fold_1__seed_42,G1,R0_flat,30,42,none
random_forest,r0_flat,1,validation,distraction,alert,117,G1__qualification_r0_flat__random_forest__r0_flat__w30__fold_1__seed_42,G1,R0_flat,30,42,none
random_forest,r0_flat,1,validation,distraction,fatigue,0,G1__qualification_r0_flat__random_forest__r0_flat__w30__fold_1__seed_42,G1,R0_flat,30,42,none
random_forest,r0_flat,1,validation,distraction,distraction,48,G1__qualification_r0_flat__random_forest__r0_flat__w30__fold_1__seed_42,G1,R0_flat,30,42,none
random_forest,r0_flat,1,test,alert,alert,1016,G1__qualification_r0_flat__random_forest__r0_flat__w30__fold_1__seed_42,G1,R0_flat,30,42,none
random_forest,r0_flat,1,test,alert,fatigue,0,G1__qualification_r0_flat__random_forest__r0_flat__w30__fold_1__seed_42,G1,R0_flat,30,42,none
random_forest,r0_flat,1,test,alert,distraction,72,G1__qualification_r0_flat__random_forest__r0_flat__w30__fold_1__seed_42,G1,R0_flat,30,42,none
random_forest,r0_flat,1,test,fatigue,alert,43,G1__qualification_r0_flat__random_forest__r0_flat__w30__fold_1__seed_42,G1,R0_flat,30,42,none
random_forest,r0_flat,1,test,fatigue,fatigue,0,G1__qualification_r0_flat__random_forest__r0_flat__w30__fold_1__seed_42,G1,R0_flat,30,42,none
random_forest,r0_flat,1,test,fatigue,distraction,25,G1__qualification_r0_flat__random_forest__r0_flat__w30__fold_1__seed_42,G1,R0_flat,30,42,none
random_forest,r0_flat,1,test,distraction,alert,144,G1__qualification_r0_flat__random_forest__r0_flat__w30__fold_1__seed_42,G1,R0_flat,30,42,none
random_forest,r0_flat,1,test,distraction,fatigue,0,G1__qualification_r0_flat__random_forest__r0_flat__w30__fold_1__seed_42,G1,R0_flat,30,42,none
random_forest,r0_flat,1,test,distraction,distraction,235,G1__qualification_r0_flat__random_forest__r0_flat__w30__fold_1__seed_42,G1,R0_flat,30,42,none
xgboost,r0_flat,1,validation,alert,alert,943,G1__qualification_r0_flat__xgboost__r0_flat__w30__fold_1__seed_42,G1,R0_flat,30,42,none
xgboost,r0_flat,1,validation,alert,fatigue,0,G1__qualification_r0_flat__xgboost__r0_flat__w30__fold_1__seed_42,G1,R0_flat,30,42,none
xgboost,r0_flat,1,validation,alert,distraction,79,G1__qualification_r0_flat__xgboost__r0_flat__w30__fold_1__seed_42,G1,R0_flat,30,42,none
xgboost,r0_flat,1,validation,fatigue,alert,7,G1__qualification_r0_flat__xgboost__r0_flat__w30__fold_1__seed_42,G1,R0_flat,30,42,none
xgboost,r0_flat,1,validation,fatigue,fatigue,0,G1__qualification_r0_flat__xgboost__r0_flat__w30__fold_1__seed_42,G1,R0_flat,30,42,none
xgboost,r0_flat,1,validation,fatigue,distraction,0,G1__qualification_r0_flat__xgboost__r0_flat__w30__fold_1__seed_42,G1,R0_flat,30,42,none
xgboost,r0_flat,1,validation,distraction,alert,113,G1__qualification_r0_flat__xgboost__r0_flat__w30__fold_1__seed_42,G1,R0_flat,30,42,none
xgboost,r0_flat,1,validation,distraction,fatigue,0,G1__qualification_r0_flat__xgboost__r0_flat__w30__fold_1__seed_42,G1,R0_flat,30,42,none
xgboost,r0_flat,1,validation,distraction,distraction,52,G1__qualification_r0_flat__xgboost__r0_flat__w30__fold_1__seed_42,G1,R0_flat,30,42,none
xgboost,r0_flat,1,test,alert,alert,1014,G1__qualification_r0_flat__xgboost__r0_flat__w30__fold_1__seed_42,G1,R0_flat,30,42,none
xgboost,r0_flat,1,test,alert,fatigue,0,G1__qualification_r0_flat__xgboost__r0_flat__w30__fold_1__seed_42,G1,R0_flat,30,42,none
xgboost,r0_flat,1,test,alert,distraction,74,G1__qualification_r0_flat__xgboost__r0_flat__w30__fold_1__seed_42,G1,R0_flat,30,42,none
xgboost,r0_flat,1,test,fatigue,alert,44,G1__qualification_r0_flat__xgboost__r0_flat__w30__fold_1__seed_42,G1,R0_flat,30,42,none
xgboost,r0_flat,1,test,fatigue,fatigue,0,G1__qualification_r0_flat__xgboost__r0_flat__w30__fold_1__seed_42,G1,R0_flat,30,42,none
xgboost,r0_flat,1,test,fatigue,distraction,24,G1__qualification_r0_flat__xgboost__r0_flat__w30__fold_1__seed_42,G1,R0_flat,30,42,none
xgboost,r0_flat,1,test,distraction,alert,145,G1__qualification_r0_flat__xgboost__r0_flat__w30__fold_1__seed_42,G1,R0_flat,30,42,none
xgboost,r0_flat,1,test,distraction,fatigue,0,G1__qualification_r0_flat__xgboost__r0_flat__w30__fold_1__seed_42,G1,R0_flat,30,42,none
xgboost,r0_flat,1,test,distraction,distraction,234,G1__qualification_r0_flat__xgboost__r0_flat__w30__fold_1__seed_42,G1,R0_flat,30,42,none
fixed_rules,r0_flat,2,validation,alert,alert,248,G1__qualification_r0_flat__fixed_rules__r0_flat__w30__fold_2__seed_42,G1,R0_flat,30,42,none
fixed_rules,r0_flat,2,validation,alert,fatigue,0,G1__qualification_r0_flat__fixed_rules__r0_flat__w30__fold_2__seed_42,G1,R0_flat,30,42,none
fixed_rules,r0_flat,2,validation,alert,distraction,838,G1__qualification_r0_flat__fixed_rules__r0_flat__w30__fold_2__seed_42,G1,R0_flat,30,42,none
fixed_rules,r0_flat,2,validation,fatigue,alert,8,G1__qualification_r0_flat__fixed_rules__r0_flat__w30__fold_2__seed_42,G1,R0_flat,30,42,none
fixed_rules,r0_flat,2,validation,fatigue,fatigue,0,G1__qualification_r0_flat__fixed_rules__r0_flat__w30__fold_2__seed_42,G1,R0_flat,30,42,none
fixed_rules,r0_flat,2,validation,fatigue,distraction,12,G1__qualification_r0_flat__fixed_rules__r0_flat__w30__fold_2__seed_42,G1,R0_flat,30,42,none
fixed_rules,r0_flat,2,validation,distraction,alert,29,G1__qualification_r0_flat__fixed_rules__r0_flat__w30__fold_2__seed_42,G1,R0_flat,30,42,none
fixed_rules,r0_flat,2,validation,distraction,fatigue,0,G1__qualification_r0_flat__fixed_rules__r0_flat__w30__fold_2__seed_42,G1,R0_flat,30,42,none
fixed_rules,r0_flat,2,validation,distraction,distraction,50,G1__qualification_r0_flat__fixed_rules__r0_flat__w30__fold_2__seed_42,G1,R0_flat,30,42,none
fixed_rules,r0_flat,2,test,alert,alert,121,G1__qualification_r0_flat__fixed_rules__r0_flat__w30__fold_2__seed_42,G1,R0_flat,30,42,none
fixed_rules,r0_flat,2,test,alert,fatigue,1,G1__qualification_r0_flat__fixed_rules__r0_flat__w30__fold_2__seed_42,G1,R0_flat,30,42,none
fixed_rules,r0_flat,2,test,alert,distraction,1458,G1__qualification_r0_flat__fixed_rules__r0_flat__w30__fold_2__seed_42,G1,R0_flat,30,42,none
fixed_rules,r0_flat,2,test,fatigue,alert,0,G1__qualification_r0_flat__fixed_rules__r0_flat__w30__fold_2__seed_42,G1,R0_flat,30,42,none
fixed_rules,r0_flat,2,test,fatigue,fatigue,0,G1__qualification_r0_flat__fixed_rules__r0_flat__w30__fold_2__seed_42,G1,R0_flat,30,42,none
fixed_rules,r0_flat,2,test,fatigue,distraction,0,G1__qualification_r0_flat__fixed_rules__r0_flat__w30__fold_2__seed_42,G1,R0_flat,30,42,none
fixed_rules,r0_flat,2,test,distraction,alert,194,G1__qualification_r0_flat__fixed_rules__r0_flat__w30__fold_2__seed_42,G1,R0_flat,30,42,none
fixed_rules,r0_flat,2,test,distraction,fatigue,0,G1__qualification_r0_flat__fixed_rules__r0_flat__w30__fold_2__seed_42,G1,R0_flat,30,42,none
fixed_rules,r0_flat,2,test,distraction,distraction,101,G1__qualification_r0_flat__fixed_rules__r0_flat__w30__fold_2__seed_42,G1,R0_flat,30,42,none
svm,r0_flat,2,validation,alert,alert,960,G1__qualification_r0_flat__svm__r0_flat__w30__fold_2__seed_42,G1,R0_flat,30,42,none
svm,r0_flat,2,validation,alert,fatigue,10,G1__qualification_r0_flat__svm__r0_flat__w30__fold_2__seed_42,G1,R0_flat,30,42,none
svm,r0_flat,2,validation,alert,distraction,116,G1__qualification_r0_flat__svm__r0_flat__w30__fold_2__seed_42,G1,R0_flat,30,42,none
svm,r0_flat,2,validation,fatigue,alert,19,G1__qualification_r0_flat__svm__r0_flat__w30__fold_2__seed_42,G1,R0_flat,30,42,none
svm,r0_flat,2,validation,fatigue,fatigue,0,G1__qualification_r0_flat__svm__r0_flat__w30__fold_2__seed_42,G1,R0_flat,30,42,none
svm,r0_flat,2,validation,fatigue,distraction,1,G1__qualification_r0_flat__svm__r0_flat__w30__fold_2__seed_42,G1,R0_flat,30,42,none
svm,r0_flat,2,validation,distraction,alert,53,G1__qualification_r0_flat__svm__r0_flat__w30__fold_2__seed_42,G1,R0_flat,30,42,none
svm,r0_flat,2,validation,distraction,fatigue,1,G1__qualification_r0_flat__svm__r0_flat__w30__fold_2__seed_42,G1,R0_flat,30,42,none
svm,r0_flat,2,validation,distraction,distraction,25,G1__qualification_r0_flat__svm__r0_flat__w30__fold_2__seed_42,G1,R0_flat,30,42,none
svm,r0_flat,2,test,alert,alert,1463,G1__qualification_r0_flat__svm__r0_flat__w30__fold_2__seed_42,G1,R0_flat,30,42,none
svm,r0_flat,2,test,alert,fatigue,8,G1__qualification_r0_flat__svm__r0_flat__w30__fold_2__seed_42,G1,R0_flat,30,42,none
svm,r0_flat,2,test,alert,distraction,109,G1__qualification_r0_flat__svm__r0_flat__w30__fold_2__seed_42,G1,R0_flat,30,42,none
svm,r0_flat,2,test,fatigue,alert,0,G1__qualification_r0_flat__svm__r0_flat__w30__fold_2__seed_42,G1,R0_flat,30,42,none
svm,r0_flat,2,test,fatigue,fatigue,0,G1__qualification_r0_flat__svm__r0_flat__w30__fold_2__seed_42,G1,R0_flat,30,42,none
svm,r0_flat,2,test,fatigue,distraction,0,G1__qualification_r0_flat__svm__r0_flat__w30__fold_2__seed_42,G1,R0_flat,30,42,none
svm,r0_flat,2,test,distraction,alert,111,G1__qualification_r0_flat__svm__r0_flat__w30__fold_2__seed_42,G1,R0_flat,30,42,none
svm,r0_flat,2,test,distraction,fatigue,5,G1__qualification_r0_flat__svm__r0_flat__w30__fold_2__seed_42,G1,R0_flat,30,42,none
svm,r0_flat,2,test,distraction,distraction,179,G1__qualification_r0_flat__svm__r0_flat__w30__fold_2__seed_42,G1,R0_flat,30,42,none
random_forest,r0_flat,2,validation,alert,alert,965,G1__qualification_r0_flat__random_forest__r0_flat__w30__fold_2__seed_42,G1,R0_flat,30,42,none
random_forest,r0_flat,2,validation,alert,fatigue,0,G1__qualification_r0_flat__random_forest__r0_flat__w30__fold_2__seed_42,G1,R0_flat,30,42,none
random_forest,r0_flat,2,validation,alert,distraction,121,G1__qualification_r0_flat__random_forest__r0_flat__w30__fold_2__seed_42,G1,R0_flat,30,42,none
random_forest,r0_flat,2,validation,fatigue,alert,20,G1__qualification_r0_flat__random_forest__r0_flat__w30__fold_2__seed_42,G1,R0_flat,30,42,none
random_forest,r0_flat,2,validation,fatigue,fatigue,0,G1__qualification_r0_flat__random_forest__r0_flat__w30__fold_2__seed_42,G1,R0_flat,30,42,none
random_forest,r0_flat,2,validation,fatigue,distraction,0,G1__qualification_r0_flat__random_forest__r0_flat__w30__fold_2__seed_42,G1,R0_flat,30,42,none
random_forest,r0_flat,2,validation,distraction,alert,51,G1__qualification_r0_flat__random_forest__r0_flat__w30__fold_2__seed_42,G1,R0_flat,30,42,none
random_forest,r0_flat,2,validation,distraction,fatigue,0,G1__qualification_r0_flat__random_forest__r0_flat__w30__fold_2__seed_42,G1,R0_flat,30,42,none
random_forest,r0_flat,2,validation,distraction,distraction,28,G1__qualification_r0_flat__random_forest__r0_flat__w30__fold_2__seed_42,G1,R0_flat,30,42,none
random_forest,r0_flat,2,test,alert,alert,1471,G1__qualification_r0_flat__random_forest__r0_flat__w30__fold_2__seed_42,G1,R0_flat,30,42,none
random_forest,r0_flat,2,test,alert,fatigue,0,G1__qualification_r0_flat__random_forest__r0_flat__w30__fold_2__seed_42,G1,R0_flat,30,42,none
random_forest,r0_flat,2,test,alert,distraction,109,G1__qualification_r0_flat__random_forest__r0_flat__w30__fold_2__seed_42,G1,R0_flat,30,42,none
random_forest,r0_flat,2,test,fatigue,alert,0,G1__qualification_r0_flat__random_forest__r0_flat__w30__fold_2__seed_42,G1,R0_flat,30,42,none
random_forest,r0_flat,2,test,fatigue,fatigue,0,G1__qualification_r0_flat__random_forest__r0_flat__w30__fold_2__seed_42,G1,R0_flat,30,42,none
random_forest,r0_flat,2,test,fatigue,distraction,0,G1__qualification_r0_flat__random_forest__r0_flat__w30__fold_2__seed_42,G1,R0_flat,30,42,none
random_forest,r0_flat,2,test,distraction,alert,112,G1__qualification_r0_flat__random_forest__r0_flat__w30__fold_2__seed_42,G1,R0_flat,30,42,none
random_forest,r0_flat,2,test,distraction,fatigue,0,G1__qualification_r0_flat__random_forest__r0_flat__w30__fold_2__seed_42,G1,R0_flat,30,42,none
random_forest,r0_flat,2,test,distraction,distraction,183,G1__qualification_r0_flat__random_forest__r0_flat__w30__fold_2__seed_42,G1,R0_flat,30,42,none
xgboost,r0_flat,2,validation,alert,alert,966,G1__qualification_r0_flat__xgboost__r0_flat__w30__fold_2__seed_42,G1,R0_flat,30,42,none
xgboost,r0_flat,2,validation,alert,fatigue,1,G1__qualification_r0_flat__xgboost__r0_flat__w30__fold_2__seed_42,G1,R0_flat,30,42,none
xgboost,r0_flat,2,validation,alert,distraction,119,G1__qualification_r0_flat__xgboost__r0_flat__w30__fold_2__seed_42,G1,R0_flat,30,42,none
xgboost,r0_flat,2,validation,fatigue,alert,20,G1__qualification_r0_flat__xgboost__r0_flat__w30__fold_2__seed_42,G1,R0_flat,30,42,none
xgboost,r0_flat,2,validation,fatigue,fatigue,0,G1__qualification_r0_flat__xgboost__r0_flat__w30__fold_2__seed_42,G1,R0_flat,30,42,none
xgboost,r0_flat,2,validation,fatigue,distraction,0,G1__qualification_r0_flat__xgboost__r0_flat__w30__fold_2__seed_42,G1,R0_flat,30,42,none
xgboost,r0_flat,2,validation,distraction,alert,51,G1__qualification_r0_flat__xgboost__r0_flat__w30__fold_2__seed_42,G1,R0_flat,30,42,none
xgboost,r0_flat,2,validation,distraction,fatigue,0,G1__qualification_r0_flat__xgboost__r0_flat__w30__fold_2__seed_42,G1,R0_flat,30,42,none
xgboost,r0_flat,2,validation,distraction,distraction,28,G1__qualification_r0_flat__xgboost__r0_flat__w30__fold_2__seed_42,G1,R0_flat,30,42,none
xgboost,r0_flat,2,test,alert,alert,1472,G1__qualification_r0_flat__xgboost__r0_flat__w30__fold_2__seed_42,G1,R0_flat,30,42,none
xgboost,r0_flat,2,test,alert,fatigue,1,G1__qualification_r0_flat__xgboost__r0_flat__w30__fold_2__seed_42,G1,R0_flat,30,42,none
xgboost,r0_flat,2,test,alert,distraction,107,G1__qualification_r0_flat__xgboost__r0_flat__w30__fold_2__seed_42,G1,R0_flat,30,42,none
xgboost,r0_flat,2,test,fatigue,alert,0,G1__qualification_r0_flat__xgboost__r0_flat__w30__fold_2__seed_42,G1,R0_flat,30,42,none
xgboost,r0_flat,2,test,fatigue,fatigue,0,G1__qualification_r0_flat__xgboost__r0_flat__w30__fold_2__seed_42,G1,R0_flat,30,42,none
xgboost,r0_flat,2,test,fatigue,distraction,0,G1__qualification_r0_flat__xgboost__r0_flat__w30__fold_2__seed_42,G1,R0_flat,30,42,none
xgboost,r0_flat,2,test,distraction,alert,116,G1__qualification_r0_flat__xgboost__r0_flat__w30__fold_2__seed_42,G1,R0_flat,30,42,none
xgboost,r0_flat,2,test,distraction,fatigue,0,G1__qualification_r0_flat__xgboost__r0_flat__w30__fold_2__seed_42,G1,R0_flat,30,42,none
xgboost,r0_flat,2,test,distraction,distraction,179,G1__qualification_r0_flat__xgboost__r0_flat__w30__fold_2__seed_42,G1,R0_flat,30,42,none
fixed_rules,r0_flat,3,validation,alert,alert,280,G1__qualification_r0_flat__fixed_rules__r0_flat__w30__fold_3__seed_42,G1,R0_flat,30,42,none
fixed_rules,r0_flat,3,validation,alert,fatigue,1,G1__qualification_r0_flat__fixed_rules__r0_flat__w30__fold_3__seed_42,G1,R0_flat,30,42,none
fixed_rules,r0_flat,3,validation,alert,distraction,712,G1__qualification_r0_flat__fixed_rules__r0_flat__w30__fold_3__seed_42,G1,R0_flat,30,42,none
fixed_rules,r0_flat,3,validation,fatigue,alert,7,G1__qualification_r0_flat__fixed_rules__r0_flat__w30__fold_3__seed_42,G1,R0_flat,30,42,none
fixed_rules,r0_flat,3,validation,fatigue,fatigue,0,G1__qualification_r0_flat__fixed_rules__r0_flat__w30__fold_3__seed_42,G1,R0_flat,30,42,none
fixed_rules,r0_flat,3,validation,fatigue,distraction,6,G1__qualification_r0_flat__fixed_rules__r0_flat__w30__fold_3__seed_42,G1,R0_flat,30,42,none
fixed_rules,r0_flat,3,validation,distraction,alert,62,G1__qualification_r0_flat__fixed_rules__r0_flat__w30__fold_3__seed_42,G1,R0_flat,30,42,none
fixed_rules,r0_flat,3,validation,distraction,fatigue,0,G1__qualification_r0_flat__fixed_rules__r0_flat__w30__fold_3__seed_42,G1,R0_flat,30,42,none
fixed_rules,r0_flat,3,validation,distraction,distraction,90,G1__qualification_r0_flat__fixed_rules__r0_flat__w30__fold_3__seed_42,G1,R0_flat,30,42,none
fixed_rules,r0_flat,3,test,alert,alert,120,G1__qualification_r0_flat__fixed_rules__r0_flat__w30__fold_3__seed_42,G1,R0_flat,30,42,none
fixed_rules,r0_flat,3,test,alert,fatigue,2,G1__qualification_r0_flat__fixed_rules__r0_flat__w30__fold_3__seed_42,G1,R0_flat,30,42,none
fixed_rules,r0_flat,3,test,alert,distraction,1249,G1__qualification_r0_flat__fixed_rules__r0_flat__w30__fold_3__seed_42,G1,R0_flat,30,42,none
fixed_rules,r0_flat,3,test,fatigue,alert,5,G1__qualification_r0_flat__fixed_rules__r0_flat__w30__fold_3__seed_42,G1,R0_flat,30,42,none
fixed_rules,r0_flat,3,test,fatigue,fatigue,0,G1__qualification_r0_flat__fixed_rules__r0_flat__w30__fold_3__seed_42,G1,R0_flat,30,42,none
fixed_rules,r0_flat,3,test,fatigue,distraction,20,G1__qualification_r0_flat__fixed_rules__r0_flat__w30__fold_3__seed_42,G1,R0_flat,30,42,none
fixed_rules,r0_flat,3,test,distraction,alert,71,G1__qualification_r0_flat__fixed_rules__r0_flat__w30__fold_3__seed_42,G1,R0_flat,30,42,none
fixed_rules,r0_flat,3,test,distraction,fatigue,0,G1__qualification_r0_flat__fixed_rules__r0_flat__w30__fold_3__seed_42,G1,R0_flat,30,42,none
fixed_rules,r0_flat,3,test,distraction,distraction,46,G1__qualification_r0_flat__fixed_rules__r0_flat__w30__fold_3__seed_42,G1,R0_flat,30,42,none
svm,r0_flat,3,validation,alert,alert,824,G1__qualification_r0_flat__svm__r0_flat__w30__fold_3__seed_42,G1,R0_flat,30,42,none
svm,r0_flat,3,validation,alert,fatigue,6,G1__qualification_r0_flat__svm__r0_flat__w30__fold_3__seed_42,G1,R0_flat,30,42,none
svm,r0_flat,3,validation,alert,distraction,163,G1__qualification_r0_flat__svm__r0_flat__w30__fold_3__seed_42,G1,R0_flat,30,42,none
svm,r0_flat,3,validation,fatigue,alert,13,G1__qualification_r0_flat__svm__r0_flat__w30__fold_3__seed_42,G1,R0_flat,30,42,none
svm,r0_flat,3,validation,fatigue,fatigue,0,G1__qualification_r0_flat__svm__r0_flat__w30__fold_3__seed_42,G1,R0_flat,30,42,none
svm,r0_flat,3,validation,fatigue,distraction,0,G1__qualification_r0_flat__svm__r0_flat__w30__fold_3__seed_42,G1,R0_flat,30,42,none
svm,r0_flat,3,validation,distraction,alert,97,G1__qualification_r0_flat__svm__r0_flat__w30__fold_3__seed_42,G1,R0_flat,30,42,none
svm,r0_flat,3,validation,distraction,fatigue,2,G1__qualification_r0_flat__svm__r0_flat__w30__fold_3__seed_42,G1,R0_flat,30,42,none
svm,r0_flat,3,validation,distraction,distraction,53,G1__qualification_r0_flat__svm__r0_flat__w30__fold_3__seed_42,G1,R0_flat,30,42,none
svm,r0_flat,3,test,alert,alert,1220,G1__qualification_r0_flat__svm__r0_flat__w30__fold_3__seed_42,G1,R0_flat,30,42,none
svm,r0_flat,3,test,alert,fatigue,13,G1__qualification_r0_flat__svm__r0_flat__w30__fold_3__seed_42,G1,R0_flat,30,42,none
svm,r0_flat,3,test,alert,distraction,138,G1__qualification_r0_flat__svm__r0_flat__w30__fold_3__seed_42,G1,R0_flat,30,42,none
svm,r0_flat,3,test,fatigue,alert,21,G1__qualification_r0_flat__svm__r0_flat__w30__fold_3__seed_42,G1,R0_flat,30,42,none
svm,r0_flat,3,test,fatigue,fatigue,0,G1__qualification_r0_flat__svm__r0_flat__w30__fold_3__seed_42,G1,R0_flat,30,42,none
svm,r0_flat,3,test,fatigue,distraction,4,G1__qualification_r0_flat__svm__r0_flat__w30__fold_3__seed_42,G1,R0_flat,30,42,none
svm,r0_flat,3,test,distraction,alert,49,G1__qualification_r0_flat__svm__r0_flat__w30__fold_3__seed_42,G1,R0_flat,30,42,none
svm,r0_flat,3,test,distraction,fatigue,4,G1__qualification_r0_flat__svm__r0_flat__w30__fold_3__seed_42,G1,R0_flat,30,42,none
svm,r0_flat,3,test,distraction,distraction,64,G1__qualification_r0_flat__svm__r0_flat__w30__fold_3__seed_42,G1,R0_flat,30,42,none
random_forest,r0_flat,3,validation,alert,alert,858,G1__qualification_r0_flat__random_forest__r0_flat__w30__fold_3__seed_42,G1,R0_flat,30,42,none
random_forest,r0_flat,3,validation,alert,fatigue,0,G1__qualification_r0_flat__random_forest__r0_flat__w30__fold_3__seed_42,G1,R0_flat,30,42,none
random_forest,r0_flat,3,validation,alert,distraction,135,G1__qualification_r0_flat__random_forest__r0_flat__w30__fold_3__seed_42,G1,R0_flat,30,42,none
random_forest,r0_flat,3,validation,fatigue,alert,13,G1__qualification_r0_flat__random_forest__r0_flat__w30__fold_3__seed_42,G1,R0_flat,30,42,none
random_forest,r0_flat,3,validation,fatigue,fatigue,0,G1__qualification_r0_flat__random_forest__r0_flat__w30__fold_3__seed_42,G1,R0_flat,30,42,none
random_forest,r0_flat,3,validation,fatigue,distraction,0,G1__qualification_r0_flat__random_forest__r0_flat__w30__fold_3__seed_42,G1,R0_flat,30,42,none
random_forest,r0_flat,3,validation,distraction,alert,102,G1__qualification_r0_flat__random_forest__r0_flat__w30__fold_3__seed_42,G1,R0_flat,30,42,none
random_forest,r0_flat,3,validation,distraction,fatigue,0,G1__qualification_r0_flat__random_forest__r0_flat__w30__fold_3__seed_42,G1,R0_flat,30,42,none
random_forest,r0_flat,3,validation,distraction,distraction,50,G1__qualification_r0_flat__random_forest__r0_flat__w30__fold_3__seed_42,G1,R0_flat,30,42,none
random_forest,r0_flat,3,test,alert,alert,1292,G1__qualification_r0_flat__random_forest__r0_flat__w30__fold_3__seed_42,G1,R0_flat,30,42,none
random_forest,r0_flat,3,test,alert,fatigue,0,G1__qualification_r0_flat__random_forest__r0_flat__w30__fold_3__seed_42,G1,R0_flat,30,42,none
random_forest,r0_flat,3,test,alert,distraction,79,G1__qualification_r0_flat__random_forest__r0_flat__w30__fold_3__seed_42,G1,R0_flat,30,42,none
random_forest,r0_flat,3,test,fatigue,alert,23,G1__qualification_r0_flat__random_forest__r0_flat__w30__fold_3__seed_42,G1,R0_flat,30,42,none
random_forest,r0_flat,3,test,fatigue,fatigue,0,G1__qualification_r0_flat__random_forest__r0_flat__w30__fold_3__seed_42,G1,R0_flat,30,42,none
random_forest,r0_flat,3,test,fatigue,distraction,2,G1__qualification_r0_flat__random_forest__r0_flat__w30__fold_3__seed_42,G1,R0_flat,30,42,none
random_forest,r0_flat,3,test,distraction,alert,64,G1__qualification_r0_flat__random_forest__r0_flat__w30__fold_3__seed_42,G1,R0_flat,30,42,none
random_forest,r0_flat,3,test,distraction,fatigue,0,G1__qualification_r0_flat__random_forest__r0_flat__w30__fold_3__seed_42,G1,R0_flat,30,42,none
random_forest,r0_flat,3,test,distraction,distraction,53,G1__qualification_r0_flat__random_forest__r0_flat__w30__fold_3__seed_42,G1,R0_flat,30,42,none
xgboost,r0_flat,3,validation,alert,alert,855,G1__qualification_r0_flat__xgboost__r0_flat__w30__fold_3__seed_42,G1,R0_flat,30,42,none
xgboost,r0_flat,3,validation,alert,fatigue,0,G1__qualification_r0_flat__xgboost__r0_flat__w30__fold_3__seed_42,G1,R0_flat,30,42,none
xgboost,r0_flat,3,validation,alert,distraction,138,G1__qualification_r0_flat__xgboost__r0_flat__w30__fold_3__seed_42,G1,R0_flat,30,42,none
xgboost,r0_flat,3,validation,fatigue,alert,13,G1__qualification_r0_flat__xgboost__r0_flat__w30__fold_3__seed_42,G1,R0_flat,30,42,none
xgboost,r0_flat,3,validation,fatigue,fatigue,0,G1__qualification_r0_flat__xgboost__r0_flat__w30__fold_3__seed_42,G1,R0_flat,30,42,none
xgboost,r0_flat,3,validation,fatigue,distraction,0,G1__qualification_r0_flat__xgboost__r0_flat__w30__fold_3__seed_42,G1,R0_flat,30,42,none
xgboost,r0_flat,3,validation,distraction,alert,100,G1__qualification_r0_flat__xgboost__r0_flat__w30__fold_3__seed_42,G1,R0_flat,30,42,none
xgboost,r0_flat,3,validation,distraction,fatigue,0,G1__qualification_r0_flat__xgboost__r0_flat__w30__fold_3__seed_42,G1,R0_flat,30,42,none
xgboost,r0_flat,3,validation,distraction,distraction,52,G1__qualification_r0_flat__xgboost__r0_flat__w30__fold_3__seed_42,G1,R0_flat,30,42,none
xgboost,r0_flat,3,test,alert,alert,1288,G1__qualification_r0_flat__xgboost__r0_flat__w30__fold_3__seed_42,G1,R0_flat,30,42,none
xgboost,r0_flat,3,test,alert,fatigue,0,G1__qualification_r0_flat__xgboost__r0_flat__w30__fold_3__seed_42,G1,R0_flat,30,42,none
xgboost,r0_flat,3,test,alert,distraction,83,G1__qualification_r0_flat__xgboost__r0_flat__w30__fold_3__seed_42,G1,R0_flat,30,42,none
xgboost,r0_flat,3,test,fatigue,alert,23,G1__qualification_r0_flat__xgboost__r0_flat__w30__fold_3__seed_42,G1,R0_flat,30,42,none
xgboost,r0_flat,3,test,fatigue,fatigue,0,G1__qualification_r0_flat__xgboost__r0_flat__w30__fold_3__seed_42,G1,R0_flat,30,42,none
xgboost,r0_flat,3,test,fatigue,distraction,2,G1__qualification_r0_flat__xgboost__r0_flat__w30__fold_3__seed_42,G1,R0_flat,30,42,none
xgboost,r0_flat,3,test,distraction,alert,65,G1__qualification_r0_flat__xgboost__r0_flat__w30__fold_3__seed_42,G1,R0_flat,30,42,none
xgboost,r0_flat,3,test,distraction,fatigue,0,G1__qualification_r0_flat__xgboost__r0_flat__w30__fold_3__seed_42,G1,R0_flat,30,42,none
xgboost,r0_flat,3,test,distraction,distraction,52,G1__qualification_r0_flat__xgboost__r0_flat__w30__fold_3__seed_42,G1,R0_flat,30,42,none
fixed_rules,r0_flat,4,validation,alert,alert,238,G1__qualification_r0_flat__fixed_rules__r0_flat__w30__fold_4__seed_42,G1,R0_flat,30,42,none
fixed_rules,r0_flat,4,validation,alert,fatigue,1,G1__qualification_r0_flat__fixed_rules__r0_flat__w30__fold_4__seed_42,G1,R0_flat,30,42,none
fixed_rules,r0_flat,4,validation,alert,distraction,779,G1__qualification_r0_flat__fixed_rules__r0_flat__w30__fold_4__seed_42,G1,R0_flat,30,42,none
fixed_rules,r0_flat,4,validation,fatigue,alert,8,G1__qualification_r0_flat__fixed_rules__r0_flat__w30__fold_4__seed_42,G1,R0_flat,30,42,none
fixed_rules,r0_flat,4,validation,fatigue,fatigue,0,G1__qualification_r0_flat__fixed_rules__r0_flat__w30__fold_4__seed_42,G1,R0_flat,30,42,none
fixed_rules,r0_flat,4,validation,fatigue,distraction,12,G1__qualification_r0_flat__fixed_rules__r0_flat__w30__fold_4__seed_42,G1,R0_flat,30,42,none
fixed_rules,r0_flat,4,validation,distraction,alert,49,G1__qualification_r0_flat__fixed_rules__r0_flat__w30__fold_4__seed_42,G1,R0_flat,30,42,none
fixed_rules,r0_flat,4,validation,distraction,fatigue,0,G1__qualification_r0_flat__fixed_rules__r0_flat__w30__fold_4__seed_42,G1,R0_flat,30,42,none
fixed_rules,r0_flat,4,validation,distraction,distraction,50,G1__qualification_r0_flat__fixed_rules__r0_flat__w30__fold_4__seed_42,G1,R0_flat,30,42,none
fixed_rules,r0_flat,4,test,alert,alert,198,G1__qualification_r0_flat__fixed_rules__r0_flat__w30__fold_4__seed_42,G1,R0_flat,30,42,none
fixed_rules,r0_flat,4,test,alert,fatigue,0,G1__qualification_r0_flat__fixed_rules__r0_flat__w30__fold_4__seed_42,G1,R0_flat,30,42,none
fixed_rules,r0_flat,4,test,alert,distraction,762,G1__qualification_r0_flat__fixed_rules__r0_flat__w30__fold_4__seed_42,G1,R0_flat,30,42,none
fixed_rules,r0_flat,4,test,fatigue,alert,0,G1__qualification_r0_flat__fixed_rules__r0_flat__w30__fold_4__seed_42,G1,R0_flat,30,42,none
fixed_rules,r0_flat,4,test,fatigue,fatigue,0,G1__qualification_r0_flat__fixed_rules__r0_flat__w30__fold_4__seed_42,G1,R0_flat,30,42,none
fixed_rules,r0_flat,4,test,fatigue,distraction,4,G1__qualification_r0_flat__fixed_rules__r0_flat__w30__fold_4__seed_42,G1,R0_flat,30,42,none
fixed_rules,r0_flat,4,test,distraction,alert,47,G1__qualification_r0_flat__fixed_rules__r0_flat__w30__fold_4__seed_42,G1,R0_flat,30,42,none
fixed_rules,r0_flat,4,test,distraction,fatigue,1,G1__qualification_r0_flat__fixed_rules__r0_flat__w30__fold_4__seed_42,G1,R0_flat,30,42,none
fixed_rules,r0_flat,4,test,distraction,distraction,93,G1__qualification_r0_flat__fixed_rules__r0_flat__w30__fold_4__seed_42,G1,R0_flat,30,42,none
svm,r0_flat,4,validation,alert,alert,885,G1__qualification_r0_flat__svm__r0_flat__w30__fold_4__seed_42,G1,R0_flat,30,42,none
svm,r0_flat,4,validation,alert,fatigue,9,G1__qualification_r0_flat__svm__r0_flat__w30__fold_4__seed_42,G1,R0_flat,30,42,none
svm,r0_flat,4,validation,alert,distraction,124,G1__qualification_r0_flat__svm__r0_flat__w30__fold_4__seed_42,G1,R0_flat,30,42,none
svm,r0_flat,4,validation,fatigue,alert,19,G1__qualification_r0_flat__svm__r0_flat__w30__fold_4__seed_42,G1,R0_flat,30,42,none
svm,r0_flat,4,validation,fatigue,fatigue,0,G1__qualification_r0_flat__svm__r0_flat__w30__fold_4__seed_42,G1,R0_flat,30,42,none
svm,r0_flat,4,validation,fatigue,distraction,1,G1__qualification_r0_flat__svm__r0_flat__w30__fold_4__seed_42,G1,R0_flat,30,42,none
svm,r0_flat,4,validation,distraction,alert,53,G1__qualification_r0_flat__svm__r0_flat__w30__fold_4__seed_42,G1,R0_flat,30,42,none
svm,r0_flat,4,validation,distraction,fatigue,2,G1__qualification_r0_flat__svm__r0_flat__w30__fold_4__seed_42,G1,R0_flat,30,42,none
svm,r0_flat,4,validation,distraction,distraction,44,G1__qualification_r0_flat__svm__r0_flat__w30__fold_4__seed_42,G1,R0_flat,30,42,none
svm,r0_flat,4,test,alert,alert,795,G1__qualification_r0_flat__svm__r0_flat__w30__fold_4__seed_42,G1,R0_flat,30,42,none
svm,r0_flat,4,test,alert,fatigue,8,G1__qualification_r0_flat__svm__r0_flat__w30__fold_4__seed_42,G1,R0_flat,30,42,none
svm,r0_flat,4,test,alert,distraction,157,G1__qualification_r0_flat__svm__r0_flat__w30__fold_4__seed_42,G1,R0_flat,30,42,none
svm,r0_flat,4,test,fatigue,alert,4,G1__qualification_r0_flat__svm__r0_flat__w30__fold_4__seed_42,G1,R0_flat,30,42,none
svm,r0_flat,4,test,fatigue,fatigue,0,G1__qualification_r0_flat__svm__r0_flat__w30__fold_4__seed_42,G1,R0_flat,30,42,none
svm,r0_flat,4,test,fatigue,distraction,0,G1__qualification_r0_flat__svm__r0_flat__w30__fold_4__seed_42,G1,R0_flat,30,42,none
svm,r0_flat,4,test,distraction,alert,93,G1__qualification_r0_flat__svm__r0_flat__w30__fold_4__seed_42,G1,R0_flat,30,42,none
svm,r0_flat,4,test,distraction,fatigue,4,G1__qualification_r0_flat__svm__r0_flat__w30__fold_4__seed_42,G1,R0_flat,30,42,none
svm,r0_flat,4,test,distraction,distraction,44,G1__qualification_r0_flat__svm__r0_flat__w30__fold_4__seed_42,G1,R0_flat,30,42,none
random_forest,r0_flat,4,validation,alert,alert,896,G1__qualification_r0_flat__random_forest__r0_flat__w30__fold_4__seed_42,G1,R0_flat,30,42,none
random_forest,r0_flat,4,validation,alert,fatigue,0,G1__qualification_r0_flat__random_forest__r0_flat__w30__fold_4__seed_42,G1,R0_flat,30,42,none
random_forest,r0_flat,4,validation,alert,distraction,122,G1__qualification_r0_flat__random_forest__r0_flat__w30__fold_4__seed_42,G1,R0_flat,30,42,none
random_forest,r0_flat,4,validation,fatigue,alert,20,G1__qualification_r0_flat__random_forest__r0_flat__w30__fold_4__seed_42,G1,R0_flat,30,42,none
random_forest,r0_flat,4,validation,fatigue,fatigue,0,G1__qualification_r0_flat__random_forest__r0_flat__w30__fold_4__seed_42,G1,R0_flat,30,42,none
random_forest,r0_flat,4,validation,fatigue,distraction,0,G1__qualification_r0_flat__random_forest__r0_flat__w30__fold_4__seed_42,G1,R0_flat,30,42,none
random_forest,r0_flat,4,validation,distraction,alert,56,G1__qualification_r0_flat__random_forest__r0_flat__w30__fold_4__seed_42,G1,R0_flat,30,42,none
random_forest,r0_flat,4,validation,distraction,fatigue,0,G1__qualification_r0_flat__random_forest__r0_flat__w30__fold_4__seed_42,G1,R0_flat,30,42,none
random_forest,r0_flat,4,validation,distraction,distraction,43,G1__qualification_r0_flat__random_forest__r0_flat__w30__fold_4__seed_42,G1,R0_flat,30,42,none
random_forest,r0_flat,4,test,alert,alert,792,G1__qualification_r0_flat__random_forest__r0_flat__w30__fold_4__seed_42,G1,R0_flat,30,42,none
random_forest,r0_flat,4,test,alert,fatigue,0,G1__qualification_r0_flat__random_forest__r0_flat__w30__fold_4__seed_42,G1,R0_flat,30,42,none
random_forest,r0_flat,4,test,alert,distraction,168,G1__qualification_r0_flat__random_forest__r0_flat__w30__fold_4__seed_42,G1,R0_flat,30,42,none
random_forest,r0_flat,4,test,fatigue,alert,4,G1__qualification_r0_flat__random_forest__r0_flat__w30__fold_4__seed_42,G1,R0_flat,30,42,none
random_forest,r0_flat,4,test,fatigue,fatigue,0,G1__qualification_r0_flat__random_forest__r0_flat__w30__fold_4__seed_42,G1,R0_flat,30,42,none
random_forest,r0_flat,4,test,fatigue,distraction,0,G1__qualification_r0_flat__random_forest__r0_flat__w30__fold_4__seed_42,G1,R0_flat,30,42,none
random_forest,r0_flat,4,test,distraction,alert,99,G1__qualification_r0_flat__random_forest__r0_flat__w30__fold_4__seed_42,G1,R0_flat,30,42,none
random_forest,r0_flat,4,test,distraction,fatigue,0,G1__qualification_r0_flat__random_forest__r0_flat__w30__fold_4__seed_42,G1,R0_flat,30,42,none
random_forest,r0_flat,4,test,distraction,distraction,42,G1__qualification_r0_flat__random_forest__r0_flat__w30__fold_4__seed_42,G1,R0_flat,30,42,none
xgboost,r0_flat,4,validation,alert,alert,891,G1__qualification_r0_flat__xgboost__r0_flat__w30__fold_4__seed_42,G1,R0_flat,30,42,none
xgboost,r0_flat,4,validation,alert,fatigue,0,G1__qualification_r0_flat__xgboost__r0_flat__w30__fold_4__seed_42,G1,R0_flat,30,42,none
xgboost,r0_flat,4,validation,alert,distraction,127,G1__qualification_r0_flat__xgboost__r0_flat__w30__fold_4__seed_42,G1,R0_flat,30,42,none
xgboost,r0_flat,4,validation,fatigue,alert,20,G1__qualification_r0_flat__xgboost__r0_flat__w30__fold_4__seed_42,G1,R0_flat,30,42,none
xgboost,r0_flat,4,validation,fatigue,fatigue,0,G1__qualification_r0_flat__xgboost__r0_flat__w30__fold_4__seed_42,G1,R0_flat,30,42,none
xgboost,r0_flat,4,validation,fatigue,distraction,0,G1__qualification_r0_flat__xgboost__r0_flat__w30__fold_4__seed_42,G1,R0_flat,30,42,none
xgboost,r0_flat,4,validation,distraction,alert,57,G1__qualification_r0_flat__xgboost__r0_flat__w30__fold_4__seed_42,G1,R0_flat,30,42,none
xgboost,r0_flat,4,validation,distraction,fatigue,0,G1__qualification_r0_flat__xgboost__r0_flat__w30__fold_4__seed_42,G1,R0_flat,30,42,none
xgboost,r0_flat,4,validation,distraction,distraction,42,G1__qualification_r0_flat__xgboost__r0_flat__w30__fold_4__seed_42,G1,R0_flat,30,42,none
xgboost,r0_flat,4,test,alert,alert,795,G1__qualification_r0_flat__xgboost__r0_flat__w30__fold_4__seed_42,G1,R0_flat,30,42,none
xgboost,r0_flat,4,test,alert,fatigue,0,G1__qualification_r0_flat__xgboost__r0_flat__w30__fold_4__seed_42,G1,R0_flat,30,42,none
xgboost,r0_flat,4,test,alert,distraction,165,G1__qualification_r0_flat__xgboost__r0_flat__w30__fold_4__seed_42,G1,R0_flat,30,42,none
xgboost,r0_flat,4,test,fatigue,alert,4,G1__qualification_r0_flat__xgboost__r0_flat__w30__fold_4__seed_42,G1,R0_flat,30,42,none
xgboost,r0_flat,4,test,fatigue,fatigue,0,G1__qualification_r0_flat__xgboost__r0_flat__w30__fold_4__seed_42,G1,R0_flat,30,42,none
xgboost,r0_flat,4,test,fatigue,distraction,0,G1__qualification_r0_flat__xgboost__r0_flat__w30__fold_4__seed_42,G1,R0_flat,30,42,none
xgboost,r0_flat,4,test,distraction,alert,97,G1__qualification_r0_flat__xgboost__r0_flat__w30__fold_4__seed_42,G1,R0_flat,30,42,none
xgboost,r0_flat,4,test,distraction,fatigue,0,G1__qualification_r0_flat__xgboost__r0_flat__w30__fold_4__seed_42,G1,R0_flat,30,42,none
xgboost,r0_flat,4,test,distraction,distraction,44,G1__qualification_r0_flat__xgboost__r0_flat__w30__fold_4__seed_42,G1,R0_flat,30,42,none
fixed_rules,r0_flat,1,validation,alert,alert,33,G1__qualification_r0_flat__fixed_rules__r0_flat__w60__fold_1__seed_42,G1,R0_flat,60,42,none
fixed_rules,r0_flat,1,validation,alert,fatigue,91,G1__qualification_r0_flat__fixed_rules__r0_flat__w60__fold_1__seed_42,G1,R0_flat,60,42,none
fixed_rules,r0_flat,1,validation,alert,distraction,890,G1__qualification_r0_flat__fixed_rules__r0_flat__w60__fold_1__seed_42,G1,R0_flat,60,42,none
fixed_rules,r0_flat,1,validation,fatigue,alert,0,G1__qualification_r0_flat__fixed_rules__r0_flat__w60__fold_1__seed_42,G1,R0_flat,60,42,none
fixed_rules,r0_flat,1,validation,fatigue,fatigue,0,G1__qualification_r0_flat__fixed_rules__r0_flat__w60__fold_1__seed_42,G1,R0_flat,60,42,none
fixed_rules,r0_flat,1,validation,fatigue,distraction,4,G1__qualification_r0_flat__fixed_rules__r0_flat__w60__fold_1__seed_42,G1,R0_flat,60,42,none
fixed_rules,r0_flat,1,validation,distraction,alert,15,G1__qualification_r0_flat__fixed_rules__r0_flat__w60__fold_1__seed_42,G1,R0_flat,60,42,none
fixed_rules,r0_flat,1,validation,distraction,fatigue,51,G1__qualification_r0_flat__fixed_rules__r0_flat__w60__fold_1__seed_42,G1,R0_flat,60,42,none
fixed_rules,r0_flat,1,validation,distraction,distraction,96,G1__qualification_r0_flat__fixed_rules__r0_flat__w60__fold_1__seed_42,G1,R0_flat,60,42,none
fixed_rules,r0_flat,1,test,alert,alert,155,G1__qualification_r0_flat__fixed_rules__r0_flat__w60__fold_1__seed_42,G1,R0_flat,60,42,none
fixed_rules,r0_flat,1,test,alert,fatigue,217,G1__qualification_r0_flat__fixed_rules__r0_flat__w60__fold_1__seed_42,G1,R0_flat,60,42,none
fixed_rules,r0_flat,1,test,alert,distraction,716,G1__qualification_r0_flat__fixed_rules__r0_flat__w60__fold_1__seed_42,G1,R0_flat,60,42,none
fixed_rules,r0_flat,1,test,fatigue,alert,21,G1__qualification_r0_flat__fixed_rules__r0_flat__w60__fold_1__seed_42,G1,R0_flat,60,42,none
fixed_rules,r0_flat,1,test,fatigue,fatigue,28,G1__qualification_r0_flat__fixed_rules__r0_flat__w60__fold_1__seed_42,G1,R0_flat,60,42,none
fixed_rules,r0_flat,1,test,fatigue,distraction,18,G1__qualification_r0_flat__fixed_rules__r0_flat__w60__fold_1__seed_42,G1,R0_flat,60,42,none
fixed_rules,r0_flat,1,test,distraction,alert,107,G1__qualification_r0_flat__fixed_rules__r0_flat__w60__fold_1__seed_42,G1,R0_flat,60,42,none
fixed_rules,r0_flat,1,test,distraction,fatigue,239,G1__qualification_r0_flat__fixed_rules__r0_flat__w60__fold_1__seed_42,G1,R0_flat,60,42,none
fixed_rules,r0_flat,1,test,distraction,distraction,33,G1__qualification_r0_flat__fixed_rules__r0_flat__w60__fold_1__seed_42,G1,R0_flat,60,42,none
svm,r0_flat,1,validation,alert,alert,916,G1__qualification_r0_flat__svm__r0_flat__w60__fold_1__seed_42,G1,R0_flat,60,42,none
svm,r0_flat,1,validation,alert,fatigue,9,G1__qualification_r0_flat__svm__r0_flat__w60__fold_1__seed_42,G1,R0_flat,60,42,none
svm,r0_flat,1,validation,alert,distraction,89,G1__qualification_r0_flat__svm__r0_flat__w60__fold_1__seed_42,G1,R0_flat,60,42,none
svm,r0_flat,1,validation,fatigue,alert,2,G1__qualification_r0_flat__svm__r0_flat__w60__fold_1__seed_42,G1,R0_flat,60,42,none
svm,r0_flat,1,validation,fatigue,fatigue,2,G1__qualification_r0_flat__svm__r0_flat__w60__fold_1__seed_42,G1,R0_flat,60,42,none
svm,r0_flat,1,validation,fatigue,distraction,0,G1__qualification_r0_flat__svm__r0_flat__w60__fold_1__seed_42,G1,R0_flat,60,42,none
svm,r0_flat,1,validation,distraction,alert,108,G1__qualification_r0_flat__svm__r0_flat__w60__fold_1__seed_42,G1,R0_flat,60,42,none
svm,r0_flat,1,validation,distraction,fatigue,0,G1__qualification_r0_flat__svm__r0_flat__w60__fold_1__seed_42,G1,R0_flat,60,42,none
svm,r0_flat,1,validation,distraction,distraction,54,G1__qualification_r0_flat__svm__r0_flat__w60__fold_1__seed_42,G1,R0_flat,60,42,none
svm,r0_flat,1,test,alert,alert,955,G1__qualification_r0_flat__svm__r0_flat__w60__fold_1__seed_42,G1,R0_flat,60,42,none
svm,r0_flat,1,test,alert,fatigue,6,G1__qualification_r0_flat__svm__r0_flat__w60__fold_1__seed_42,G1,R0_flat,60,42,none
svm,r0_flat,1,test,alert,distraction,127,G1__qualification_r0_flat__svm__r0_flat__w60__fold_1__seed_42,G1,R0_flat,60,42,none
svm,r0_flat,1,test,fatigue,alert,29,G1__qualification_r0_flat__svm__r0_flat__w60__fold_1__seed_42,G1,R0_flat,60,42,none
svm,r0_flat,1,test,fatigue,fatigue,0,G1__qualification_r0_flat__svm__r0_flat__w60__fold_1__seed_42,G1,R0_flat,60,42,none
svm,r0_flat,1,test,fatigue,distraction,38,G1__qualification_r0_flat__svm__r0_flat__w60__fold_1__seed_42,G1,R0_flat,60,42,none
svm,r0_flat,1,test,distraction,alert,118,G1__qualification_r0_flat__svm__r0_flat__w60__fold_1__seed_42,G1,R0_flat,60,42,none
svm,r0_flat,1,test,distraction,fatigue,2,G1__qualification_r0_flat__svm__r0_flat__w60__fold_1__seed_42,G1,R0_flat,60,42,none
svm,r0_flat,1,test,distraction,distraction,259,G1__qualification_r0_flat__svm__r0_flat__w60__fold_1__seed_42,G1,R0_flat,60,42,none
random_forest,r0_flat,1,validation,alert,alert,953,G1__qualification_r0_flat__random_forest__r0_flat__w60__fold_1__seed_42,G1,R0_flat,60,42,none
random_forest,r0_flat,1,validation,alert,fatigue,0,G1__qualification_r0_flat__random_forest__r0_flat__w60__fold_1__seed_42,G1,R0_flat,60,42,none
random_forest,r0_flat,1,validation,alert,distraction,61,G1__qualification_r0_flat__random_forest__r0_flat__w60__fold_1__seed_42,G1,R0_flat,60,42,none
random_forest,r0_flat,1,validation,fatigue,alert,4,G1__qualification_r0_flat__random_forest__r0_flat__w60__fold_1__seed_42,G1,R0_flat,60,42,none
random_forest,r0_flat,1,validation,fatigue,fatigue,0,G1__qualification_r0_flat__random_forest__r0_flat__w60__fold_1__seed_42,G1,R0_flat,60,42,none
random_forest,r0_flat,1,validation,fatigue,distraction,0,G1__qualification_r0_flat__random_forest__r0_flat__w60__fold_1__seed_42,G1,R0_flat,60,42,none
random_forest,r0_flat,1,validation,distraction,alert,116,G1__qualification_r0_flat__random_forest__r0_flat__w60__fold_1__seed_42,G1,R0_flat,60,42,none
random_forest,r0_flat,1,validation,distraction,fatigue,0,G1__qualification_r0_flat__random_forest__r0_flat__w60__fold_1__seed_42,G1,R0_flat,60,42,none
random_forest,r0_flat,1,validation,distraction,distraction,46,G1__qualification_r0_flat__random_forest__r0_flat__w60__fold_1__seed_42,G1,R0_flat,60,42,none
random_forest,r0_flat,1,test,alert,alert,1017,G1__qualification_r0_flat__random_forest__r0_flat__w60__fold_1__seed_42,G1,R0_flat,60,42,none
random_forest,r0_flat,1,test,alert,fatigue,0,G1__qualification_r0_flat__random_forest__r0_flat__w60__fold_1__seed_42,G1,R0_flat,60,42,none
random_forest,r0_flat,1,test,alert,distraction,71,G1__qualification_r0_flat__random_forest__r0_flat__w60__fold_1__seed_42,G1,R0_flat,60,42,none
random_forest,r0_flat,1,test,fatigue,alert,50,G1__qualification_r0_flat__random_forest__r0_flat__w60__fold_1__seed_42,G1,R0_flat,60,42,none
random_forest,r0_flat,1,test,fatigue,fatigue,0,G1__qualification_r0_flat__random_forest__r0_flat__w60__fold_1__seed_42,G1,R0_flat,60,42,none
random_forest,r0_flat,1,test,fatigue,distraction,17,G1__qualification_r0_flat__random_forest__r0_flat__w60__fold_1__seed_42,G1,R0_flat,60,42,none
random_forest,r0_flat,1,test,distraction,alert,154,G1__qualification_r0_flat__random_forest__r0_flat__w60__fold_1__seed_42,G1,R0_flat,60,42,none
random_forest,r0_flat,1,test,distraction,fatigue,0,G1__qualification_r0_flat__random_forest__r0_flat__w60__fold_1__seed_42,G1,R0_flat,60,42,none
random_forest,r0_flat,1,test,distraction,distraction,225,G1__qualification_r0_flat__random_forest__r0_flat__w60__fold_1__seed_42,G1,R0_flat,60,42,none
xgboost,r0_flat,1,validation,alert,alert,958,G1__qualification_r0_flat__xgboost__r0_flat__w60__fold_1__seed_42,G1,R0_flat,60,42,none
xgboost,r0_flat,1,validation,alert,fatigue,0,G1__qualification_r0_flat__xgboost__r0_flat__w60__fold_1__seed_42,G1,R0_flat,60,42,none
xgboost,r0_flat,1,validation,alert,distraction,56,G1__qualification_r0_flat__xgboost__r0_flat__w60__fold_1__seed_42,G1,R0_flat,60,42,none
xgboost,r0_flat,1,validation,fatigue,alert,4,G1__qualification_r0_flat__xgboost__r0_flat__w60__fold_1__seed_42,G1,R0_flat,60,42,none
xgboost,r0_flat,1,validation,fatigue,fatigue,0,G1__qualification_r0_flat__xgboost__r0_flat__w60__fold_1__seed_42,G1,R0_flat,60,42,none
xgboost,r0_flat,1,validation,fatigue,distraction,0,G1__qualification_r0_flat__xgboost__r0_flat__w60__fold_1__seed_42,G1,R0_flat,60,42,none
xgboost,r0_flat,1,validation,distraction,alert,115,G1__qualification_r0_flat__xgboost__r0_flat__w60__fold_1__seed_42,G1,R0_flat,60,42,none
xgboost,r0_flat,1,validation,distraction,fatigue,0,G1__qualification_r0_flat__xgboost__r0_flat__w60__fold_1__seed_42,G1,R0_flat,60,42,none
xgboost,r0_flat,1,validation,distraction,distraction,47,G1__qualification_r0_flat__xgboost__r0_flat__w60__fold_1__seed_42,G1,R0_flat,60,42,none
xgboost,r0_flat,1,test,alert,alert,1020,G1__qualification_r0_flat__xgboost__r0_flat__w60__fold_1__seed_42,G1,R0_flat,60,42,none
xgboost,r0_flat,1,test,alert,fatigue,0,G1__qualification_r0_flat__xgboost__r0_flat__w60__fold_1__seed_42,G1,R0_flat,60,42,none
xgboost,r0_flat,1,test,alert,distraction,68,G1__qualification_r0_flat__xgboost__r0_flat__w60__fold_1__seed_42,G1,R0_flat,60,42,none
xgboost,r0_flat,1,test,fatigue,alert,50,G1__qualification_r0_flat__xgboost__r0_flat__w60__fold_1__seed_42,G1,R0_flat,60,42,none
xgboost,r0_flat,1,test,fatigue,fatigue,0,G1__qualification_r0_flat__xgboost__r0_flat__w60__fold_1__seed_42,G1,R0_flat,60,42,none
xgboost,r0_flat,1,test,fatigue,distraction,17,G1__qualification_r0_flat__xgboost__r0_flat__w60__fold_1__seed_42,G1,R0_flat,60,42,none
xgboost,r0_flat,1,test,distraction,alert,143,G1__qualification_r0_flat__xgboost__r0_flat__w60__fold_1__seed_42,G1,R0_flat,60,42,none
xgboost,r0_flat,1,test,distraction,fatigue,0,G1__qualification_r0_flat__xgboost__r0_flat__w60__fold_1__seed_42,G1,R0_flat,60,42,none
xgboost,r0_flat,1,test,distraction,distraction,236,G1__qualification_r0_flat__xgboost__r0_flat__w60__fold_1__seed_42,G1,R0_flat,60,42,none
fixed_rules,r0_flat,2,validation,alert,alert,83,G1__qualification_r0_flat__fixed_rules__r0_flat__w60__fold_2__seed_42,G1,R0_flat,60,42,none
fixed_rules,r0_flat,2,validation,alert,fatigue,155,G1__qualification_r0_flat__fixed_rules__r0_flat__w60__fold_2__seed_42,G1,R0_flat,60,42,none
fixed_rules,r0_flat,2,validation,alert,distraction,842,G1__qualification_r0_flat__fixed_rules__r0_flat__w60__fold_2__seed_42,G1,R0_flat,60,42,none
fixed_rules,r0_flat,2,validation,fatigue,alert,6,G1__qualification_r0_flat__fixed_rules__r0_flat__w60__fold_2__seed_42,G1,R0_flat,60,42,none
fixed_rules,r0_flat,2,validation,fatigue,fatigue,1,G1__qualification_r0_flat__fixed_rules__r0_flat__w60__fold_2__seed_42,G1,R0_flat,60,42,none
fixed_rules,r0_flat,2,validation,fatigue,distraction,10,G1__qualification_r0_flat__fixed_rules__r0_flat__w60__fold_2__seed_42,G1,R0_flat,60,42,none
fixed_rules,r0_flat,2,validation,distraction,alert,1,G1__qualification_r0_flat__fixed_rules__r0_flat__w60__fold_2__seed_42,G1,R0_flat,60,42,none
fixed_rules,r0_flat,2,validation,distraction,fatigue,24,G1__qualification_r0_flat__fixed_rules__r0_flat__w60__fold_2__seed_42,G1,R0_flat,60,42,none
fixed_rules,r0_flat,2,validation,distraction,distraction,51,G1__qualification_r0_flat__fixed_rules__r0_flat__w60__fold_2__seed_42,G1,R0_flat,60,42,none
fixed_rules,r0_flat,2,test,alert,alert,16,G1__qualification_r0_flat__fixed_rules__r0_flat__w60__fold_2__seed_42,G1,R0_flat,60,42,none
fixed_rules,r0_flat,2,test,alert,fatigue,95,G1__qualification_r0_flat__fixed_rules__r0_flat__w60__fold_2__seed_42,G1,R0_flat,60,42,none
fixed_rules,r0_flat,2,test,alert,distraction,1460,G1__qualification_r0_flat__fixed_rules__r0_flat__w60__fold_2__seed_42,G1,R0_flat,60,42,none
fixed_rules,r0_flat,2,test,fatigue,alert,0,G1__qualification_r0_flat__fixed_rules__r0_flat__w60__fold_2__seed_42,G1,R0_flat,60,42,none
fixed_rules,r0_flat,2,test,fatigue,fatigue,0,G1__qualification_r0_flat__fixed_rules__r0_flat__w60__fold_2__seed_42,G1,R0_flat,60,42,none
fixed_rules,r0_flat,2,test,fatigue,distraction,0,G1__qualification_r0_flat__fixed_rules__r0_flat__w60__fold_2__seed_42,G1,R0_flat,60,42,none
fixed_rules,r0_flat,2,test,distraction,alert,19,G1__qualification_r0_flat__fixed_rules__r0_flat__w60__fold_2__seed_42,G1,R0_flat,60,42,none
fixed_rules,r0_flat,2,test,distraction,fatigue,172,G1__qualification_r0_flat__fixed_rules__r0_flat__w60__fold_2__seed_42,G1,R0_flat,60,42,none
fixed_rules,r0_flat,2,test,distraction,distraction,102,G1__qualification_r0_flat__fixed_rules__r0_flat__w60__fold_2__seed_42,G1,R0_flat,60,42,none
svm,r0_flat,2,validation,alert,alert,914,G1__qualification_r0_flat__svm__r0_flat__w60__fold_2__seed_42,G1,R0_flat,60,42,none
svm,r0_flat,2,validation,alert,fatigue,35,G1__qualification_r0_flat__svm__r0_flat__w60__fold_2__seed_42,G1,R0_flat,60,42,none
svm,r0_flat,2,validation,alert,distraction,131,G1__qualification_r0_flat__svm__r0_flat__w60__fold_2__seed_42,G1,R0_flat,60,42,none
svm,r0_flat,2,validation,fatigue,alert,13,G1__qualification_r0_flat__svm__r0_flat__w60__fold_2__seed_42,G1,R0_flat,60,42,none
svm,r0_flat,2,validation,fatigue,fatigue,1,G1__qualification_r0_flat__svm__r0_flat__w60__fold_2__seed_42,G1,R0_flat,60,42,none
svm,r0_flat,2,validation,fatigue,distraction,3,G1__qualification_r0_flat__svm__r0_flat__w60__fold_2__seed_42,G1,R0_flat,60,42,none
svm,r0_flat,2,validation,distraction,alert,50,G1__qualification_r0_flat__svm__r0_flat__w60__fold_2__seed_42,G1,R0_flat,60,42,none
svm,r0_flat,2,validation,distraction,fatigue,1,G1__qualification_r0_flat__svm__r0_flat__w60__fold_2__seed_42,G1,R0_flat,60,42,none
svm,r0_flat,2,validation,distraction,distraction,25,G1__qualification_r0_flat__svm__r0_flat__w60__fold_2__seed_42,G1,R0_flat,60,42,none
svm,r0_flat,2,test,alert,alert,1427,G1__qualification_r0_flat__svm__r0_flat__w60__fold_2__seed_42,G1,R0_flat,60,42,none
svm,r0_flat,2,test,alert,fatigue,35,G1__qualification_r0_flat__svm__r0_flat__w60__fold_2__seed_42,G1,R0_flat,60,42,none
svm,r0_flat,2,test,alert,distraction,109,G1__qualification_r0_flat__svm__r0_flat__w60__fold_2__seed_42,G1,R0_flat,60,42,none
svm,r0_flat,2,test,fatigue,alert,0,G1__qualification_r0_flat__svm__r0_flat__w60__fold_2__seed_42,G1,R0_flat,60,42,none
svm,r0_flat,2,test,fatigue,fatigue,0,G1__qualification_r0_flat__svm__r0_flat__w60__fold_2__seed_42,G1,R0_flat,60,42,none
svm,r0_flat,2,test,fatigue,distraction,0,G1__qualification_r0_flat__svm__r0_flat__w60__fold_2__seed_42,G1,R0_flat,60,42,none
svm,r0_flat,2,test,distraction,alert,117,G1__qualification_r0_flat__svm__r0_flat__w60__fold_2__seed_42,G1,R0_flat,60,42,none
svm,r0_flat,2,test,distraction,fatigue,5,G1__qualification_r0_flat__svm__r0_flat__w60__fold_2__seed_42,G1,R0_flat,60,42,none
svm,r0_flat,2,test,distraction,distraction,171,G1__qualification_r0_flat__svm__r0_flat__w60__fold_2__seed_42,G1,R0_flat,60,42,none
random_forest,r0_flat,2,validation,alert,alert,959,G1__qualification_r0_flat__random_forest__r0_flat__w60__fold_2__seed_42,G1,R0_flat,60,42,none
random_forest,r0_flat,2,validation,alert,fatigue,1,G1__qualification_r0_flat__random_forest__r0_flat__w60__fold_2__seed_42,G1,R0_flat,60,42,none
random_forest,r0_flat,2,validation,alert,distraction,120,G1__qualification_r0_flat__random_forest__r0_flat__w60__fold_2__seed_42,G1,R0_flat,60,42,none
random_forest,r0_flat,2,validation,fatigue,alert,17,G1__qualification_r0_flat__random_forest__r0_flat__w60__fold_2__seed_42,G1,R0_flat,60,42,none
random_forest,r0_flat,2,validation,fatigue,fatigue,0,G1__qualification_r0_flat__random_forest__r0_flat__w60__fold_2__seed_42,G1,R0_flat,60,42,none
random_forest,r0_flat,2,validation,fatigue,distraction,0,G1__qualification_r0_flat__random_forest__r0_flat__w60__fold_2__seed_42,G1,R0_flat,60,42,none
random_forest,r0_flat,2,validation,distraction,alert,50,G1__qualification_r0_flat__random_forest__r0_flat__w60__fold_2__seed_42,G1,R0_flat,60,42,none
random_forest,r0_flat,2,validation,distraction,fatigue,0,G1__qualification_r0_flat__random_forest__r0_flat__w60__fold_2__seed_42,G1,R0_flat,60,42,none
random_forest,r0_flat,2,validation,distraction,distraction,26,G1__qualification_r0_flat__random_forest__r0_flat__w60__fold_2__seed_42,G1,R0_flat,60,42,none
random_forest,r0_flat,2,test,alert,alert,1471,G1__qualification_r0_flat__random_forest__r0_flat__w60__fold_2__seed_42,G1,R0_flat,60,42,none
random_forest,r0_flat,2,test,alert,fatigue,0,G1__qualification_r0_flat__random_forest__r0_flat__w60__fold_2__seed_42,G1,R0_flat,60,42,none
random_forest,r0_flat,2,test,alert,distraction,100,G1__qualification_r0_flat__random_forest__r0_flat__w60__fold_2__seed_42,G1,R0_flat,60,42,none
random_forest,r0_flat,2,test,fatigue,alert,0,G1__qualification_r0_flat__random_forest__r0_flat__w60__fold_2__seed_42,G1,R0_flat,60,42,none
random_forest,r0_flat,2,test,fatigue,fatigue,0,G1__qualification_r0_flat__random_forest__r0_flat__w60__fold_2__seed_42,G1,R0_flat,60,42,none
random_forest,r0_flat,2,test,fatigue,distraction,0,G1__qualification_r0_flat__random_forest__r0_flat__w60__fold_2__seed_42,G1,R0_flat,60,42,none
random_forest,r0_flat,2,test,distraction,alert,110,G1__qualification_r0_flat__random_forest__r0_flat__w60__fold_2__seed_42,G1,R0_flat,60,42,none
random_forest,r0_flat,2,test,distraction,fatigue,0,G1__qualification_r0_flat__random_forest__r0_flat__w60__fold_2__seed_42,G1,R0_flat,60,42,none
random_forest,r0_flat,2,test,distraction,distraction,183,G1__qualification_r0_flat__random_forest__r0_flat__w60__fold_2__seed_42,G1,R0_flat,60,42,none
xgboost,r0_flat,2,validation,alert,alert,968,G1__qualification_r0_flat__xgboost__r0_flat__w60__fold_2__seed_42,G1,R0_flat,60,42,none
xgboost,r0_flat,2,validation,alert,fatigue,0,G1__qualification_r0_flat__xgboost__r0_flat__w60__fold_2__seed_42,G1,R0_flat,60,42,none
xgboost,r0_flat,2,validation,alert,distraction,112,G1__qualification_r0_flat__xgboost__r0_flat__w60__fold_2__seed_42,G1,R0_flat,60,42,none
xgboost,r0_flat,2,validation,fatigue,alert,17,G1__qualification_r0_flat__xgboost__r0_flat__w60__fold_2__seed_42,G1,R0_flat,60,42,none
xgboost,r0_flat,2,validation,fatigue,fatigue,0,G1__qualification_r0_flat__xgboost__r0_flat__w60__fold_2__seed_42,G1,R0_flat,60,42,none
xgboost,r0_flat,2,validation,fatigue,distraction,0,G1__qualification_r0_flat__xgboost__r0_flat__w60__fold_2__seed_42,G1,R0_flat,60,42,none
xgboost,r0_flat,2,validation,distraction,alert,50,G1__qualification_r0_flat__xgboost__r0_flat__w60__fold_2__seed_42,G1,R0_flat,60,42,none
xgboost,r0_flat,2,validation,distraction,fatigue,0,G1__qualification_r0_flat__xgboost__r0_flat__w60__fold_2__seed_42,G1,R0_flat,60,42,none
xgboost,r0_flat,2,validation,distraction,distraction,26,G1__qualification_r0_flat__xgboost__r0_flat__w60__fold_2__seed_42,G1,R0_flat,60,42,none
xgboost,r0_flat,2,test,alert,alert,1468,G1__qualification_r0_flat__xgboost__r0_flat__w60__fold_2__seed_42,G1,R0_flat,60,42,none
xgboost,r0_flat,2,test,alert,fatigue,0,G1__qualification_r0_flat__xgboost__r0_flat__w60__fold_2__seed_42,G1,R0_flat,60,42,none
xgboost,r0_flat,2,test,alert,distraction,103,G1__qualification_r0_flat__xgboost__r0_flat__w60__fold_2__seed_42,G1,R0_flat,60,42,none
xgboost,r0_flat,2,test,fatigue,alert,0,G1__qualification_r0_flat__xgboost__r0_flat__w60__fold_2__seed_42,G1,R0_flat,60,42,none
xgboost,r0_flat,2,test,fatigue,fatigue,0,G1__qualification_r0_flat__xgboost__r0_flat__w60__fold_2__seed_42,G1,R0_flat,60,42,none
xgboost,r0_flat,2,test,fatigue,distraction,0,G1__qualification_r0_flat__xgboost__r0_flat__w60__fold_2__seed_42,G1,R0_flat,60,42,none
xgboost,r0_flat,2,test,distraction,alert,110,G1__qualification_r0_flat__xgboost__r0_flat__w60__fold_2__seed_42,G1,R0_flat,60,42,none
xgboost,r0_flat,2,test,distraction,fatigue,0,G1__qualification_r0_flat__xgboost__r0_flat__w60__fold_2__seed_42,G1,R0_flat,60,42,none
xgboost,r0_flat,2,test,distraction,distraction,183,G1__qualification_r0_flat__xgboost__r0_flat__w60__fold_2__seed_42,G1,R0_flat,60,42,none
fixed_rules,r0_flat,3,validation,alert,alert,83,G1__qualification_r0_flat__fixed_rules__r0_flat__w60__fold_3__seed_42,G1,R0_flat,60,42,none
fixed_rules,r0_flat,3,validation,alert,fatigue,190,G1__qualification_r0_flat__fixed_rules__r0_flat__w60__fold_3__seed_42,G1,R0_flat,60,42,none
fixed_rules,r0_flat,3,validation,alert,distraction,713,G1__qualification_r0_flat__fixed_rules__r0_flat__w60__fold_3__seed_42,G1,R0_flat,60,42,none
fixed_rules,r0_flat,3,validation,fatigue,alert,6,G1__qualification_r0_flat__fixed_rules__r0_flat__w60__fold_3__seed_42,G1,R0_flat,60,42,none
fixed_rules,r0_flat,3,validation,fatigue,fatigue,1,G1__qualification_r0_flat__fixed_rules__r0_flat__w60__fold_3__seed_42,G1,R0_flat,60,42,none
fixed_rules,r0_flat,3,validation,fatigue,distraction,6,G1__qualification_r0_flat__fixed_rules__r0_flat__w60__fold_3__seed_42,G1,R0_flat,60,42,none
fixed_rules,r0_flat,3,validation,distraction,alert,14,G1__qualification_r0_flat__fixed_rules__r0_flat__w60__fold_3__seed_42,G1,R0_flat,60,42,none
fixed_rules,r0_flat,3,validation,distraction,fatigue,45,G1__qualification_r0_flat__fixed_rules__r0_flat__w60__fold_3__seed_42,G1,R0_flat,60,42,none
fixed_rules,r0_flat,3,validation,distraction,distraction,93,G1__qualification_r0_flat__fixed_rules__r0_flat__w60__fold_3__seed_42,G1,R0_flat,60,42,none
fixed_rules,r0_flat,3,test,alert,alert,26,G1__qualification_r0_flat__fixed_rules__r0_flat__w60__fold_3__seed_42,G1,R0_flat,60,42,none
fixed_rules,r0_flat,3,test,alert,fatigue,91,G1__qualification_r0_flat__fixed_rules__r0_flat__w60__fold_3__seed_42,G1,R0_flat,60,42,none
fixed_rules,r0_flat,3,test,alert,distraction,1250,G1__qualification_r0_flat__fixed_rules__r0_flat__w60__fold_3__seed_42,G1,R0_flat,60,42,none
fixed_rules,r0_flat,3,test,fatigue,alert,3,G1__qualification_r0_flat__fixed_rules__r0_flat__w60__fold_3__seed_42,G1,R0_flat,60,42,none
fixed_rules,r0_flat,3,test,fatigue,fatigue,1,G1__qualification_r0_flat__fixed_rules__r0_flat__w60__fold_3__seed_42,G1,R0_flat,60,42,none
fixed_rules,r0_flat,3,test,fatigue,distraction,17,G1__qualification_r0_flat__fixed_rules__r0_flat__w60__fold_3__seed_42,G1,R0_flat,60,42,none
fixed_rules,r0_flat,3,test,distraction,alert,18,G1__qualification_r0_flat__fixed_rules__r0_flat__w60__fold_3__seed_42,G1,R0_flat,60,42,none
fixed_rules,r0_flat,3,test,distraction,fatigue,48,G1__qualification_r0_flat__fixed_rules__r0_flat__w60__fold_3__seed_42,G1,R0_flat,60,42,none
fixed_rules,r0_flat,3,test,distraction,distraction,46,G1__qualification_r0_flat__fixed_rules__r0_flat__w60__fold_3__seed_42,G1,R0_flat,60,42,none
svm,r0_flat,3,validation,alert,alert,818,G1__qualification_r0_flat__svm__r0_flat__w60__fold_3__seed_42,G1,R0_flat,60,42,none
svm,r0_flat,3,validation,alert,fatigue,18,G1__qualification_r0_flat__svm__r0_flat__w60__fold_3__seed_42,G1,R0_flat,60,42,none
svm,r0_flat,3,validation,alert,distraction,150,G1__qualification_r0_flat__svm__r0_flat__w60__fold_3__seed_42,G1,R0_flat,60,42,none
svm,r0_flat,3,validation,fatigue,alert,13,G1__qualification_r0_flat__svm__r0_flat__w60__fold_3__seed_42,G1,R0_flat,60,42,none
svm,r0_flat,3,validation,fatigue,fatigue,0,G1__qualification_r0_flat__svm__r0_flat__w60__fold_3__seed_42,G1,R0_flat,60,42,none
svm,r0_flat,3,validation,fatigue,distraction,0,G1__qualification_r0_flat__svm__r0_flat__w60__fold_3__seed_42,G1,R0_flat,60,42,none
svm,r0_flat,3,validation,distraction,alert,97,G1__qualification_r0_flat__svm__r0_flat__w60__fold_3__seed_42,G1,R0_flat,60,42,none
svm,r0_flat,3,validation,distraction,fatigue,2,G1__qualification_r0_flat__svm__r0_flat__w60__fold_3__seed_42,G1,R0_flat,60,42,none
svm,r0_flat,3,validation,distraction,distraction,53,G1__qualification_r0_flat__svm__r0_flat__w60__fold_3__seed_42,G1,R0_flat,60,42,none
svm,r0_flat,3,test,alert,alert,1207,G1__qualification_r0_flat__svm__r0_flat__w60__fold_3__seed_42,G1,R0_flat,60,42,none
svm,r0_flat,3,test,alert,fatigue,12,G1__qualification_r0_flat__svm__r0_flat__w60__fold_3__seed_42,G1,R0_flat,60,42,none
svm,r0_flat,3,test,alert,distraction,148,G1__qualification_r0_flat__svm__r0_flat__w60__fold_3__seed_42,G1,R0_flat,60,42,none
svm,r0_flat,3,test,fatigue,alert,16,G1__qualification_r0_flat__svm__r0_flat__w60__fold_3__seed_42,G1,R0_flat,60,42,none
svm,r0_flat,3,test,fatigue,fatigue,0,G1__qualification_r0_flat__svm__r0_flat__w60__fold_3__seed_42,G1,R0_flat,60,42,none
svm,r0_flat,3,test,fatigue,distraction,5,G1__qualification_r0_flat__svm__r0_flat__w60__fold_3__seed_42,G1,R0_flat,60,42,none
svm,r0_flat,3,test,distraction,alert,41,G1__qualification_r0_flat__svm__r0_flat__w60__fold_3__seed_42,G1,R0_flat,60,42,none
svm,r0_flat,3,test,distraction,fatigue,4,G1__qualification_r0_flat__svm__r0_flat__w60__fold_3__seed_42,G1,R0_flat,60,42,none
svm,r0_flat,3,test,distraction,distraction,67,G1__qualification_r0_flat__svm__r0_flat__w60__fold_3__seed_42,G1,R0_flat,60,42,none
random_forest,r0_flat,3,validation,alert,alert,870,G1__qualification_r0_flat__random_forest__r0_flat__w60__fold_3__seed_42,G1,R0_flat,60,42,none
random_forest,r0_flat,3,validation,alert,fatigue,0,G1__qualification_r0_flat__random_forest__r0_flat__w60__fold_3__seed_42,G1,R0_flat,60,42,none
random_forest,r0_flat,3,validation,alert,distraction,116,G1__qualification_r0_flat__random_forest__r0_flat__w60__fold_3__seed_42,G1,R0_flat,60,42,none
random_forest,r0_flat,3,validation,fatigue,alert,13,G1__qualification_r0_flat__random_forest__r0_flat__w60__fold_3__seed_42,G1,R0_flat,60,42,none
random_forest,r0_flat,3,validation,fatigue,fatigue,0,G1__qualification_r0_flat__random_forest__r0_flat__w60__fold_3__seed_42,G1,R0_flat,60,42,none
random_forest,r0_flat,3,validation,fatigue,distraction,0,G1__qualification_r0_flat__random_forest__r0_flat__w60__fold_3__seed_42,G1,R0_flat,60,42,none
random_forest,r0_flat,3,validation,distraction,alert,106,G1__qualification_r0_flat__random_forest__r0_flat__w60__fold_3__seed_42,G1,R0_flat,60,42,none
random_forest,r0_flat,3,validation,distraction,fatigue,0,G1__qualification_r0_flat__random_forest__r0_flat__w60__fold_3__seed_42,G1,R0_flat,60,42,none
random_forest,r0_flat,3,validation,distraction,distraction,46,G1__qualification_r0_flat__random_forest__r0_flat__w60__fold_3__seed_42,G1,R0_flat,60,42,none
random_forest,r0_flat,3,test,alert,alert,1296,G1__qualification_r0_flat__random_forest__r0_flat__w60__fold_3__seed_42,G1,R0_flat,60,42,none
random_forest,r0_flat,3,test,alert,fatigue,0,G1__qualification_r0_flat__random_forest__r0_flat__w60__fold_3__seed_42,G1,R0_flat,60,42,none
random_forest,r0_flat,3,test,alert,distraction,71,G1__qualification_r0_flat__random_forest__r0_flat__w60__fold_3__seed_42,G1,R0_flat,60,42,none
random_forest,r0_flat,3,test,fatigue,alert,19,G1__qualification_r0_flat__random_forest__r0_flat__w60__fold_3__seed_42,G1,R0_flat,60,42,none
random_forest,r0_flat,3,test,fatigue,fatigue,0,G1__qualification_r0_flat__random_forest__r0_flat__w60__fold_3__seed_42,G1,R0_flat,60,42,none
random_forest,r0_flat,3,test,fatigue,distraction,2,G1__qualification_r0_flat__random_forest__r0_flat__w60__fold_3__seed_42,G1,R0_flat,60,42,none
random_forest,r0_flat,3,test,distraction,alert,63,G1__qualification_r0_flat__random_forest__r0_flat__w60__fold_3__seed_42,G1,R0_flat,60,42,none
random_forest,r0_flat,3,test,distraction,fatigue,0,G1__qualification_r0_flat__random_forest__r0_flat__w60__fold_3__seed_42,G1,R0_flat,60,42,none
random_forest,r0_flat,3,test,distraction,distraction,49,G1__qualification_r0_flat__random_forest__r0_flat__w60__fold_3__seed_42,G1,R0_flat,60,42,none
xgboost,r0_flat,3,validation,alert,alert,861,G1__qualification_r0_flat__xgboost__r0_flat__w60__fold_3__seed_42,G1,R0_flat,60,42,none
xgboost,r0_flat,3,validation,alert,fatigue,0,G1__qualification_r0_flat__xgboost__r0_flat__w60__fold_3__seed_42,G1,R0_flat,60,42,none
xgboost,r0_flat,3,validation,alert,distraction,125,G1__qualification_r0_flat__xgboost__r0_flat__w60__fold_3__seed_42,G1,R0_flat,60,42,none
xgboost,r0_flat,3,validation,fatigue,alert,13,G1__qualification_r0_flat__xgboost__r0_flat__w60__fold_3__seed_42,G1,R0_flat,60,42,none
xgboost,r0_flat,3,validation,fatigue,fatigue,0,G1__qualification_r0_flat__xgboost__r0_flat__w60__fold_3__seed_42,G1,R0_flat,60,42,none
xgboost,r0_flat,3,validation,fatigue,distraction,0,G1__qualification_r0_flat__xgboost__r0_flat__w60__fold_3__seed_42,G1,R0_flat,60,42,none
xgboost,r0_flat,3,validation,distraction,alert,106,G1__qualification_r0_flat__xgboost__r0_flat__w60__fold_3__seed_42,G1,R0_flat,60,42,none
xgboost,r0_flat,3,validation,distraction,fatigue,0,G1__qualification_r0_flat__xgboost__r0_flat__w60__fold_3__seed_42,G1,R0_flat,60,42,none
xgboost,r0_flat,3,validation,distraction,distraction,46,G1__qualification_r0_flat__xgboost__r0_flat__w60__fold_3__seed_42,G1,R0_flat,60,42,none
xgboost,r0_flat,3,test,alert,alert,1294,G1__qualification_r0_flat__xgboost__r0_flat__w60__fold_3__seed_42,G1,R0_flat,60,42,none
xgboost,r0_flat,3,test,alert,fatigue,0,G1__qualification_r0_flat__xgboost__r0_flat__w60__fold_3__seed_42,G1,R0_flat,60,42,none
xgboost,r0_flat,3,test,alert,distraction,73,G1__qualification_r0_flat__xgboost__r0_flat__w60__fold_3__seed_42,G1,R0_flat,60,42,none
xgboost,r0_flat,3,test,fatigue,alert,19,G1__qualification_r0_flat__xgboost__r0_flat__w60__fold_3__seed_42,G1,R0_flat,60,42,none
xgboost,r0_flat,3,test,fatigue,fatigue,0,G1__qualification_r0_flat__xgboost__r0_flat__w60__fold_3__seed_42,G1,R0_flat,60,42,none
xgboost,r0_flat,3,test,fatigue,distraction,2,G1__qualification_r0_flat__xgboost__r0_flat__w60__fold_3__seed_42,G1,R0_flat,60,42,none
xgboost,r0_flat,3,test,distraction,alert,62,G1__qualification_r0_flat__xgboost__r0_flat__w60__fold_3__seed_42,G1,R0_flat,60,42,none
xgboost,r0_flat,3,test,distraction,fatigue,0,G1__qualification_r0_flat__xgboost__r0_flat__w60__fold_3__seed_42,G1,R0_flat,60,42,none
xgboost,r0_flat,3,test,distraction,distraction,50,G1__qualification_r0_flat__xgboost__r0_flat__w60__fold_3__seed_42,G1,R0_flat,60,42,none
fixed_rules,r0_flat,4,validation,alert,alert,74,G1__qualification_r0_flat__fixed_rules__r0_flat__w60__fold_4__seed_42,G1,R0_flat,60,42,none
fixed_rules,r0_flat,4,validation,alert,fatigue,164,G1__qualification_r0_flat__fixed_rules__r0_flat__w60__fold_4__seed_42,G1,R0_flat,60,42,none
fixed_rules,r0_flat,4,validation,alert,distraction,774,G1__qualification_r0_flat__fixed_rules__r0_flat__w60__fold_4__seed_42,G1,R0_flat,60,42,none
fixed_rules,r0_flat,4,validation,fatigue,alert,6,G1__qualification_r0_flat__fixed_rules__r0_flat__w60__fold_4__seed_42,G1,R0_flat,60,42,none
fixed_rules,r0_flat,4,validation,fatigue,fatigue,1,G1__qualification_r0_flat__fixed_rules__r0_flat__w60__fold_4__seed_42,G1,R0_flat,60,42,none
fixed_rules,r0_flat,4,validation,fatigue,distraction,10,G1__qualification_r0_flat__fixed_rules__r0_flat__w60__fold_4__seed_42,G1,R0_flat,60,42,none
fixed_rules,r0_flat,4,validation,distraction,alert,15,G1__qualification_r0_flat__fixed_rules__r0_flat__w60__fold_4__seed_42,G1,R0_flat,60,42,none
fixed_rules,r0_flat,4,validation,distraction,fatigue,33,G1__qualification_r0_flat__fixed_rules__r0_flat__w60__fold_4__seed_42,G1,R0_flat,60,42,none
fixed_rules,r0_flat,4,validation,distraction,distraction,48,G1__qualification_r0_flat__fixed_rules__r0_flat__w60__fold_4__seed_42,G1,R0_flat,60,42,none
fixed_rules,r0_flat,4,test,alert,alert,61,G1__qualification_r0_flat__fixed_rules__r0_flat__w60__fold_4__seed_42,G1,R0_flat,60,42,none
fixed_rules,r0_flat,4,test,alert,fatigue,149,G1__qualification_r0_flat__fixed_rules__r0_flat__w60__fold_4__seed_42,G1,R0_flat,60,42,none
fixed_rules,r0_flat,4,test,alert,distraction,747,G1__qualification_r0_flat__fixed_rules__r0_flat__w60__fold_4__seed_42,G1,R0_flat,60,42,none
fixed_rules,r0_flat,4,test,fatigue,alert,0,G1__qualification_r0_flat__fixed_rules__r0_flat__w60__fold_4__seed_42,G1,R0_flat,60,42,none
fixed_rules,r0_flat,4,test,fatigue,fatigue,0,G1__qualification_r0_flat__fixed_rules__r0_flat__w60__fold_4__seed_42,G1,R0_flat,60,42,none
fixed_rules,r0_flat,4,test,fatigue,distraction,0,G1__qualification_r0_flat__fixed_rules__r0_flat__w60__fold_4__seed_42,G1,R0_flat,60,42,none
fixed_rules,r0_flat,4,test,distraction,alert,4,G1__qualification_r0_flat__fixed_rules__r0_flat__w60__fold_4__seed_42,G1,R0_flat,60,42,none
fixed_rules,r0_flat,4,test,distraction,fatigue,40,G1__qualification_r0_flat__fixed_rules__r0_flat__w60__fold_4__seed_42,G1,R0_flat,60,42,none
fixed_rules,r0_flat,4,test,distraction,distraction,94,G1__qualification_r0_flat__fixed_rules__r0_flat__w60__fold_4__seed_42,G1,R0_flat,60,42,none
svm,r0_flat,4,validation,alert,alert,859,G1__qualification_r0_flat__svm__r0_flat__w60__fold_4__seed_42,G1,R0_flat,60,42,none
svm,r0_flat,4,validation,alert,fatigue,30,G1__qualification_r0_flat__svm__r0_flat__w60__fold_4__seed_42,G1,R0_flat,60,42,none
svm,r0_flat,4,validation,alert,distraction,123,G1__qualification_r0_flat__svm__r0_flat__w60__fold_4__seed_42,G1,R0_flat,60,42,none
svm,r0_flat,4,validation,fatigue,alert,15,G1__qualification_r0_flat__svm__r0_flat__w60__fold_4__seed_42,G1,R0_flat,60,42,none
svm,r0_flat,4,validation,fatigue,fatigue,1,G1__qualification_r0_flat__svm__r0_flat__w60__fold_4__seed_42,G1,R0_flat,60,42,none
svm,r0_flat,4,validation,fatigue,distraction,1,G1__qualification_r0_flat__svm__r0_flat__w60__fold_4__seed_42,G1,R0_flat,60,42,none
svm,r0_flat,4,validation,distraction,alert,54,G1__qualification_r0_flat__svm__r0_flat__w60__fold_4__seed_42,G1,R0_flat,60,42,none
svm,r0_flat,4,validation,distraction,fatigue,4,G1__qualification_r0_flat__svm__r0_flat__w60__fold_4__seed_42,G1,R0_flat,60,42,none
svm,r0_flat,4,validation,distraction,distraction,38,G1__qualification_r0_flat__svm__r0_flat__w60__fold_4__seed_42,G1,R0_flat,60,42,none
svm,r0_flat,4,test,alert,alert,790,G1__qualification_r0_flat__svm__r0_flat__w60__fold_4__seed_42,G1,R0_flat,60,42,none
svm,r0_flat,4,test,alert,fatigue,22,G1__qualification_r0_flat__svm__r0_flat__w60__fold_4__seed_42,G1,R0_flat,60,42,none
svm,r0_flat,4,test,alert,distraction,145,G1__qualification_r0_flat__svm__r0_flat__w60__fold_4__seed_42,G1,R0_flat,60,42,none
svm,r0_flat,4,test,fatigue,alert,0,G1__qualification_r0_flat__svm__r0_flat__w60__fold_4__seed_42,G1,R0_flat,60,42,none
svm,r0_flat,4,test,fatigue,fatigue,0,G1__qualification_r0_flat__svm__r0_flat__w60__fold_4__seed_42,G1,R0_flat,60,42,none
svm,r0_flat,4,test,fatigue,distraction,0,G1__qualification_r0_flat__svm__r0_flat__w60__fold_4__seed_42,G1,R0_flat,60,42,none
svm,r0_flat,4,test,distraction,alert,97,G1__qualification_r0_flat__svm__r0_flat__w60__fold_4__seed_42,G1,R0_flat,60,42,none
svm,r0_flat,4,test,distraction,fatigue,1,G1__qualification_r0_flat__svm__r0_flat__w60__fold_4__seed_42,G1,R0_flat,60,42,none
svm,r0_flat,4,test,distraction,distraction,40,G1__qualification_r0_flat__svm__r0_flat__w60__fold_4__seed_42,G1,R0_flat,60,42,none
random_forest,r0_flat,4,validation,alert,alert,897,G1__qualification_r0_flat__random_forest__r0_flat__w60__fold_4__seed_42,G1,R0_flat,60,42,none
random_forest,r0_flat,4,validation,alert,fatigue,0,G1__qualification_r0_flat__random_forest__r0_flat__w60__fold_4__seed_42,G1,R0_flat,60,42,none
random_forest,r0_flat,4,validation,alert,distraction,115,G1__qualification_r0_flat__random_forest__r0_flat__w60__fold_4__seed_42,G1,R0_flat,60,42,none
random_forest,r0_flat,4,validation,fatigue,alert,17,G1__qualification_r0_flat__random_forest__r0_flat__w60__fold_4__seed_42,G1,R0_flat,60,42,none
random_forest,r0_flat,4,validation,fatigue,fatigue,0,G1__qualification_r0_flat__random_forest__r0_flat__w60__fold_4__seed_42,G1,R0_flat,60,42,none
random_forest,r0_flat,4,validation,fatigue,distraction,0,G1__qualification_r0_flat__random_forest__r0_flat__w60__fold_4__seed_42,G1,R0_flat,60,42,none
random_forest,r0_flat,4,validation,distraction,alert,52,G1__qualification_r0_flat__random_forest__r0_flat__w60__fold_4__seed_42,G1,R0_flat,60,42,none
random_forest,r0_flat,4,validation,distraction,fatigue,0,G1__qualification_r0_flat__random_forest__r0_flat__w60__fold_4__seed_42,G1,R0_flat,60,42,none
random_forest,r0_flat,4,validation,distraction,distraction,44,G1__qualification_r0_flat__random_forest__r0_flat__w60__fold_4__seed_42,G1,R0_flat,60,42,none
random_forest,r0_flat,4,test,alert,alert,786,G1__qualification_r0_flat__random_forest__r0_flat__w60__fold_4__seed_42,G1,R0_flat,60,42,none
random_forest,r0_flat,4,test,alert,fatigue,0,G1__qualification_r0_flat__random_forest__r0_flat__w60__fold_4__seed_42,G1,R0_flat,60,42,none
random_forest,r0_flat,4,test,alert,distraction,171,G1__qualification_r0_flat__random_forest__r0_flat__w60__fold_4__seed_42,G1,R0_flat,60,42,none
random_forest,r0_flat,4,test,fatigue,alert,0,G1__qualification_r0_flat__random_forest__r0_flat__w60__fold_4__seed_42,G1,R0_flat,60,42,none
random_forest,r0_flat,4,test,fatigue,fatigue,0,G1__qualification_r0_flat__random_forest__r0_flat__w60__fold_4__seed_42,G1,R0_flat,60,42,none
random_forest,r0_flat,4,test,fatigue,distraction,0,G1__qualification_r0_flat__random_forest__r0_flat__w60__fold_4__seed_42,G1,R0_flat,60,42,none
random_forest,r0_flat,4,test,distraction,alert,93,G1__qualification_r0_flat__random_forest__r0_flat__w60__fold_4__seed_42,G1,R0_flat,60,42,none
random_forest,r0_flat,4,test,distraction,fatigue,0,G1__qualification_r0_flat__random_forest__r0_flat__w60__fold_4__seed_42,G1,R0_flat,60,42,none
random_forest,r0_flat,4,test,distraction,distraction,45,G1__qualification_r0_flat__random_forest__r0_flat__w60__fold_4__seed_42,G1,R0_flat,60,42,none
xgboost,r0_flat,4,validation,alert,alert,892,G1__qualification_r0_flat__xgboost__r0_flat__w60__fold_4__seed_42,G1,R0_flat,60,42,none
xgboost,r0_flat,4,validation,alert,fatigue,2,G1__qualification_r0_flat__xgboost__r0_flat__w60__fold_4__seed_42,G1,R0_flat,60,42,none
xgboost,r0_flat,4,validation,alert,distraction,118,G1__qualification_r0_flat__xgboost__r0_flat__w60__fold_4__seed_42,G1,R0_flat,60,42,none
xgboost,r0_flat,4,validation,fatigue,alert,17,G1__qualification_r0_flat__xgboost__r0_flat__w60__fold_4__seed_42,G1,R0_flat,60,42,none
xgboost,r0_flat,4,validation,fatigue,fatigue,0,G1__qualification_r0_flat__xgboost__r0_flat__w60__fold_4__seed_42,G1,R0_flat,60,42,none
xgboost,r0_flat,4,validation,fatigue,distraction,0,G1__qualification_r0_flat__xgboost__r0_flat__w60__fold_4__seed_42,G1,R0_flat,60,42,none
xgboost,r0_flat,4,validation,distraction,alert,53,G1__qualification_r0_flat__xgboost__r0_flat__w60__fold_4__seed_42,G1,R0_flat,60,42,none
xgboost,r0_flat,4,validation,distraction,fatigue,0,G1__qualification_r0_flat__xgboost__r0_flat__w60__fold_4__seed_42,G1,R0_flat,60,42,none
xgboost,r0_flat,4,validation,distraction,distraction,43,G1__qualification_r0_flat__xgboost__r0_flat__w60__fold_4__seed_42,G1,R0_flat,60,42,none
xgboost,r0_flat,4,test,alert,alert,799,G1__qualification_r0_flat__xgboost__r0_flat__w60__fold_4__seed_42,G1,R0_flat,60,42,none
xgboost,r0_flat,4,test,alert,fatigue,0,G1__qualification_r0_flat__xgboost__r0_flat__w60__fold_4__seed_42,G1,R0_flat,60,42,none
xgboost,r0_flat,4,test,alert,distraction,158,G1__qualification_r0_flat__xgboost__r0_flat__w60__fold_4__seed_42,G1,R0_flat,60,42,none
xgboost,r0_flat,4,test,fatigue,alert,0,G1__qualification_r0_flat__xgboost__r0_flat__w60__fold_4__seed_42,G1,R0_flat,60,42,none
xgboost,r0_flat,4,test,fatigue,fatigue,0,G1__qualification_r0_flat__xgboost__r0_flat__w60__fold_4__seed_42,G1,R0_flat,60,42,none
xgboost,r0_flat,4,test,fatigue,distraction,0,G1__qualification_r0_flat__xgboost__r0_flat__w60__fold_4__seed_42,G1,R0_flat,60,42,none
xgboost,r0_flat,4,test,distraction,alert,94,G1__qualification_r0_flat__xgboost__r0_flat__w60__fold_4__seed_42,G1,R0_flat,60,42,none
xgboost,r0_flat,4,test,distraction,fatigue,0,G1__qualification_r0_flat__xgboost__r0_flat__w60__fold_4__seed_42,G1,R0_flat,60,42,none
xgboost,r0_flat,4,test,distraction,distraction,44,G1__qualification_r0_flat__xgboost__r0_flat__w60__fold_4__seed_42,G1,R0_flat,60,42,none
fixed_rules,r0_flat,1,validation,alert,alert,8,G1__qualification_r0_flat__fixed_rules__r0_flat__w150__fold_1__seed_42,G1,R0_flat,150,42,none
fixed_rules,r0_flat,1,validation,alert,fatigue,100,G1__qualification_r0_flat__fixed_rules__r0_flat__w150__fold_1__seed_42,G1,R0_flat,150,42,none
fixed_rules,r0_flat,1,validation,alert,distraction,891,G1__qualification_r0_flat__fixed_rules__r0_flat__w150__fold_1__seed_42,G1,R0_flat,150,42,none
fixed_rules,r0_flat,1,validation,fatigue,alert,0,G1__qualification_r0_flat__fixed_rules__r0_flat__w150__fold_1__seed_42,G1,R0_flat,150,42,none
fixed_rules,r0_flat,1,validation,fatigue,fatigue,0,G1__qualification_r0_flat__fixed_rules__r0_flat__w150__fold_1__seed_42,G1,R0_flat,150,42,none
fixed_rules,r0_flat,1,validation,fatigue,distraction,1,G1__qualification_r0_flat__fixed_rules__r0_flat__w150__fold_1__seed_42,G1,R0_flat,150,42,none
fixed_rules,r0_flat,1,validation,distraction,alert,2,G1__qualification_r0_flat__fixed_rules__r0_flat__w150__fold_1__seed_42,G1,R0_flat,150,42,none
fixed_rules,r0_flat,1,validation,distraction,fatigue,60,G1__qualification_r0_flat__fixed_rules__r0_flat__w150__fold_1__seed_42,G1,R0_flat,150,42,none
fixed_rules,r0_flat,1,validation,distraction,distraction,93,G1__qualification_r0_flat__fixed_rules__r0_flat__w150__fold_1__seed_42,G1,R0_flat,150,42,none
fixed_rules,r0_flat,1,test,alert,alert,107,G1__qualification_r0_flat__fixed_rules__r0_flat__w150__fold_1__seed_42,G1,R0_flat,150,42,none
fixed_rules,r0_flat,1,test,alert,fatigue,251,G1__qualification_r0_flat__fixed_rules__r0_flat__w150__fold_1__seed_42,G1,R0_flat,150,42,none
fixed_rules,r0_flat,1,test,alert,distraction,732,G1__qualification_r0_flat__fixed_rules__r0_flat__w150__fold_1__seed_42,G1,R0_flat,150,42,none
fixed_rules,r0_flat,1,test,fatigue,alert,8,G1__qualification_r0_flat__fixed_rules__r0_flat__w150__fold_1__seed_42,G1,R0_flat,150,42,none
fixed_rules,r0_flat,1,test,fatigue,fatigue,32,G1__qualification_r0_flat__fixed_rules__r0_flat__w150__fold_1__seed_42,G1,R0_flat,150,42,none
fixed_rules,r0_flat,1,test,fatigue,distraction,22,G1__qualification_r0_flat__fixed_rules__r0_flat__w150__fold_1__seed_42,G1,R0_flat,150,42,none
fixed_rules,r0_flat,1,test,distraction,alert,57,G1__qualification_r0_flat__fixed_rules__r0_flat__w150__fold_1__seed_42,G1,R0_flat,150,42,none
fixed_rules,r0_flat,1,test,distraction,fatigue,289,G1__qualification_r0_flat__fixed_rules__r0_flat__w150__fold_1__seed_42,G1,R0_flat,150,42,none
fixed_rules,r0_flat,1,test,distraction,distraction,30,G1__qualification_r0_flat__fixed_rules__r0_flat__w150__fold_1__seed_42,G1,R0_flat,150,42,none
svm,r0_flat,1,validation,alert,alert,882,G1__qualification_r0_flat__svm__r0_flat__w150__fold_1__seed_42,G1,R0_flat,150,42,none
svm,r0_flat,1,validation,alert,fatigue,13,G1__qualification_r0_flat__svm__r0_flat__w150__fold_1__seed_42,G1,R0_flat,150,42,none
svm,r0_flat,1,validation,alert,distraction,104,G1__qualification_r0_flat__svm__r0_flat__w150__fold_1__seed_42,G1,R0_flat,150,42,none
svm,r0_flat,1,validation,fatigue,alert,1,G1__qualification_r0_flat__svm__r0_flat__w150__fold_1__seed_42,G1,R0_flat,150,42,none
svm,r0_flat,1,validation,fatigue,fatigue,0,G1__qualification_r0_flat__svm__r0_flat__w150__fold_1__seed_42,G1,R0_flat,150,42,none
svm,r0_flat,1,validation,fatigue,distraction,0,G1__qualification_r0_flat__svm__r0_flat__w150__fold_1__seed_42,G1,R0_flat,150,42,none
svm,r0_flat,1,validation,distraction,alert,110,G1__qualification_r0_flat__svm__r0_flat__w150__fold_1__seed_42,G1,R0_flat,150,42,none
svm,r0_flat,1,validation,distraction,fatigue,0,G1__qualification_r0_flat__svm__r0_flat__w150__fold_1__seed_42,G1,R0_flat,150,42,none
svm,r0_flat,1,validation,distraction,distraction,45,G1__qualification_r0_flat__svm__r0_flat__w150__fold_1__seed_42,G1,R0_flat,150,42,none
svm,r0_flat,1,test,alert,alert,760,G1__qualification_r0_flat__svm__r0_flat__w150__fold_1__seed_42,G1,R0_flat,150,42,none
svm,r0_flat,1,test,alert,fatigue,0,G1__qualification_r0_flat__svm__r0_flat__w150__fold_1__seed_42,G1,R0_flat,150,42,none
svm,r0_flat,1,test,alert,distraction,330,G1__qualification_r0_flat__svm__r0_flat__w150__fold_1__seed_42,G1,R0_flat,150,42,none
svm,r0_flat,1,test,fatigue,alert,26,G1__qualification_r0_flat__svm__r0_flat__w150__fold_1__seed_42,G1,R0_flat,150,42,none
svm,r0_flat,1,test,fatigue,fatigue,0,G1__qualification_r0_flat__svm__r0_flat__w150__fold_1__seed_42,G1,R0_flat,150,42,none
svm,r0_flat,1,test,fatigue,distraction,36,G1__qualification_r0_flat__svm__r0_flat__w150__fold_1__seed_42,G1,R0_flat,150,42,none
svm,r0_flat,1,test,distraction,alert,153,G1__qualification_r0_flat__svm__r0_flat__w150__fold_1__seed_42,G1,R0_flat,150,42,none
svm,r0_flat,1,test,distraction,fatigue,0,G1__qualification_r0_flat__svm__r0_flat__w150__fold_1__seed_42,G1,R0_flat,150,42,none
svm,r0_flat,1,test,distraction,distraction,223,G1__qualification_r0_flat__svm__r0_flat__w150__fold_1__seed_42,G1,R0_flat,150,42,none
random_forest,r0_flat,1,validation,alert,alert,957,G1__qualification_r0_flat__random_forest__r0_flat__w150__fold_1__seed_42,G1,R0_flat,150,42,none
random_forest,r0_flat,1,validation,alert,fatigue,0,G1__qualification_r0_flat__random_forest__r0_flat__w150__fold_1__seed_42,G1,R0_flat,150,42,none
random_forest,r0_flat,1,validation,alert,distraction,42,G1__qualification_r0_flat__random_forest__r0_flat__w150__fold_1__seed_42,G1,R0_flat,150,42,none
random_forest,r0_flat,1,validation,fatigue,alert,1,G1__qualification_r0_flat__random_forest__r0_flat__w150__fold_1__seed_42,G1,R0_flat,150,42,none
random_forest,r0_flat,1,validation,fatigue,fatigue,0,G1__qualification_r0_flat__random_forest__r0_flat__w150__fold_1__seed_42,G1,R0_flat,150,42,none
random_forest,r0_flat,1,validation,fatigue,distraction,0,G1__qualification_r0_flat__random_forest__r0_flat__w150__fold_1__seed_42,G1,R0_flat,150,42,none
random_forest,r0_flat,1,validation,distraction,alert,123,G1__qualification_r0_flat__random_forest__r0_flat__w150__fold_1__seed_42,G1,R0_flat,150,42,none
random_forest,r0_flat,1,validation,distraction,fatigue,0,G1__qualification_r0_flat__random_forest__r0_flat__w150__fold_1__seed_42,G1,R0_flat,150,42,none
random_forest,r0_flat,1,validation,distraction,distraction,32,G1__qualification_r0_flat__random_forest__r0_flat__w150__fold_1__seed_42,G1,R0_flat,150,42,none
random_forest,r0_flat,1,test,alert,alert,1027,G1__qualification_r0_flat__random_forest__r0_flat__w150__fold_1__seed_42,G1,R0_flat,150,42,none
random_forest,r0_flat,1,test,alert,fatigue,0,G1__qualification_r0_flat__random_forest__r0_flat__w150__fold_1__seed_42,G1,R0_flat,150,42,none
random_forest,r0_flat,1,test,alert,distraction,63,G1__qualification_r0_flat__random_forest__r0_flat__w150__fold_1__seed_42,G1,R0_flat,150,42,none
random_forest,r0_flat,1,test,fatigue,alert,54,G1__qualification_r0_flat__random_forest__r0_flat__w150__fold_1__seed_42,G1,R0_flat,150,42,none
random_forest,r0_flat,1,test,fatigue,fatigue,0,G1__qualification_r0_flat__random_forest__r0_flat__w150__fold_1__seed_42,G1,R0_flat,150,42,none
random_forest,r0_flat,1,test,fatigue,distraction,8,G1__qualification_r0_flat__random_forest__r0_flat__w150__fold_1__seed_42,G1,R0_flat,150,42,none
random_forest,r0_flat,1,test,distraction,alert,169,G1__qualification_r0_flat__random_forest__r0_flat__w150__fold_1__seed_42,G1,R0_flat,150,42,none
random_forest,r0_flat,1,test,distraction,fatigue,0,G1__qualification_r0_flat__random_forest__r0_flat__w150__fold_1__seed_42,G1,R0_flat,150,42,none
random_forest,r0_flat,1,test,distraction,distraction,207,G1__qualification_r0_flat__random_forest__r0_flat__w150__fold_1__seed_42,G1,R0_flat,150,42,none
xgboost,r0_flat,1,validation,alert,alert,961,G1__qualification_r0_flat__xgboost__r0_flat__w150__fold_1__seed_42,G1,R0_flat,150,42,none
xgboost,r0_flat,1,validation,alert,fatigue,0,G1__qualification_r0_flat__xgboost__r0_flat__w150__fold_1__seed_42,G1,R0_flat,150,42,none
xgboost,r0_flat,1,validation,alert,distraction,38,G1__qualification_r0_flat__xgboost__r0_flat__w150__fold_1__seed_42,G1,R0_flat,150,42,none
xgboost,r0_flat,1,validation,fatigue,alert,1,G1__qualification_r0_flat__xgboost__r0_flat__w150__fold_1__seed_42,G1,R0_flat,150,42,none
xgboost,r0_flat,1,validation,fatigue,fatigue,0,G1__qualification_r0_flat__xgboost__r0_flat__w150__fold_1__seed_42,G1,R0_flat,150,42,none
xgboost,r0_flat,1,validation,fatigue,distraction,0,G1__qualification_r0_flat__xgboost__r0_flat__w150__fold_1__seed_42,G1,R0_flat,150,42,none
xgboost,r0_flat,1,validation,distraction,alert,121,G1__qualification_r0_flat__xgboost__r0_flat__w150__fold_1__seed_42,G1,R0_flat,150,42,none
xgboost,r0_flat,1,validation,distraction,fatigue,0,G1__qualification_r0_flat__xgboost__r0_flat__w150__fold_1__seed_42,G1,R0_flat,150,42,none
xgboost,r0_flat,1,validation,distraction,distraction,34,G1__qualification_r0_flat__xgboost__r0_flat__w150__fold_1__seed_42,G1,R0_flat,150,42,none
xgboost,r0_flat,1,test,alert,alert,1027,G1__qualification_r0_flat__xgboost__r0_flat__w150__fold_1__seed_42,G1,R0_flat,150,42,none
xgboost,r0_flat,1,test,alert,fatigue,0,G1__qualification_r0_flat__xgboost__r0_flat__w150__fold_1__seed_42,G1,R0_flat,150,42,none
xgboost,r0_flat,1,test,alert,distraction,63,G1__qualification_r0_flat__xgboost__r0_flat__w150__fold_1__seed_42,G1,R0_flat,150,42,none
xgboost,r0_flat,1,test,fatigue,alert,52,G1__qualification_r0_flat__xgboost__r0_flat__w150__fold_1__seed_42,G1,R0_flat,150,42,none
xgboost,r0_flat,1,test,fatigue,fatigue,0,G1__qualification_r0_flat__xgboost__r0_flat__w150__fold_1__seed_42,G1,R0_flat,150,42,none
xgboost,r0_flat,1,test,fatigue,distraction,10,G1__qualification_r0_flat__xgboost__r0_flat__w150__fold_1__seed_42,G1,R0_flat,150,42,none
xgboost,r0_flat,1,test,distraction,alert,156,G1__qualification_r0_flat__xgboost__r0_flat__w150__fold_1__seed_42,G1,R0_flat,150,42,none
xgboost,r0_flat,1,test,distraction,fatigue,0,G1__qualification_r0_flat__xgboost__r0_flat__w150__fold_1__seed_42,G1,R0_flat,150,42,none
xgboost,r0_flat,1,test,distraction,distraction,220,G1__qualification_r0_flat__xgboost__r0_flat__w150__fold_1__seed_42,G1,R0_flat,150,42,none
fixed_rules,r0_flat,2,validation,alert,alert,53,G1__qualification_r0_flat__fixed_rules__r0_flat__w150__fold_2__seed_42,G1,R0_flat,150,42,none
fixed_rules,r0_flat,2,validation,alert,fatigue,180,G1__qualification_r0_flat__fixed_rules__r0_flat__w150__fold_2__seed_42,G1,R0_flat,150,42,none
fixed_rules,r0_flat,2,validation,alert,distraction,841,G1__qualification_r0_flat__fixed_rules__r0_flat__w150__fold_2__seed_42,G1,R0_flat,150,42,none
fixed_rules,r0_flat,2,validation,fatigue,alert,0,G1__qualification_r0_flat__fixed_rules__r0_flat__w150__fold_2__seed_42,G1,R0_flat,150,42,none
fixed_rules,r0_flat,2,validation,fatigue,fatigue,0,G1__qualification_r0_flat__fixed_rules__r0_flat__w150__fold_2__seed_42,G1,R0_flat,150,42,none
fixed_rules,r0_flat,2,validation,fatigue,distraction,12,G1__qualification_r0_flat__fixed_rules__r0_flat__w150__fold_2__seed_42,G1,R0_flat,150,42,none
fixed_rules,r0_flat,2,validation,distraction,alert,0,G1__qualification_r0_flat__fixed_rules__r0_flat__w150__fold_2__seed_42,G1,R0_flat,150,42,none
fixed_rules,r0_flat,2,validation,distraction,fatigue,23,G1__qualification_r0_flat__fixed_rules__r0_flat__w150__fold_2__seed_42,G1,R0_flat,150,42,none
fixed_rules,r0_flat,2,validation,distraction,distraction,51,G1__qualification_r0_flat__fixed_rules__r0_flat__w150__fold_2__seed_42,G1,R0_flat,150,42,none
fixed_rules,r0_flat,2,test,alert,alert,4,G1__qualification_r0_flat__fixed_rules__r0_flat__w150__fold_2__seed_42,G1,R0_flat,150,42,none
fixed_rules,r0_flat,2,test,alert,fatigue,94,G1__qualification_r0_flat__fixed_rules__r0_flat__w150__fold_2__seed_42,G1,R0_flat,150,42,none
fixed_rules,r0_flat,2,test,alert,distraction,1462,G1__qualification_r0_flat__fixed_rules__r0_flat__w150__fold_2__seed_42,G1,R0_flat,150,42,none
fixed_rules,r0_flat,2,test,fatigue,alert,0,G1__qualification_r0_flat__fixed_rules__r0_flat__w150__fold_2__seed_42,G1,R0_flat,150,42,none
fixed_rules,r0_flat,2,test,fatigue,fatigue,0,G1__qualification_r0_flat__fixed_rules__r0_flat__w150__fold_2__seed_42,G1,R0_flat,150,42,none
fixed_rules,r0_flat,2,test,fatigue,distraction,0,G1__qualification_r0_flat__fixed_rules__r0_flat__w150__fold_2__seed_42,G1,R0_flat,150,42,none
fixed_rules,r0_flat,2,test,distraction,alert,2,G1__qualification_r0_flat__fixed_rules__r0_flat__w150__fold_2__seed_42,G1,R0_flat,150,42,none
fixed_rules,r0_flat,2,test,distraction,fatigue,184,G1__qualification_r0_flat__fixed_rules__r0_flat__w150__fold_2__seed_42,G1,R0_flat,150,42,none
fixed_rules,r0_flat,2,test,distraction,distraction,95,G1__qualification_r0_flat__fixed_rules__r0_flat__w150__fold_2__seed_42,G1,R0_flat,150,42,none
svm,r0_flat,2,validation,alert,alert,860,G1__qualification_r0_flat__svm__r0_flat__w150__fold_2__seed_42,G1,R0_flat,150,42,none
svm,r0_flat,2,validation,alert,fatigue,22,G1__qualification_r0_flat__svm__r0_flat__w150__fold_2__seed_42,G1,R0_flat,150,42,none
svm,r0_flat,2,validation,alert,distraction,192,G1__qualification_r0_flat__svm__r0_flat__w150__fold_2__seed_42,G1,R0_flat,150,42,none
svm,r0_flat,2,validation,fatigue,alert,8,G1__qualification_r0_flat__svm__r0_flat__w150__fold_2__seed_42,G1,R0_flat,150,42,none
svm,r0_flat,2,validation,fatigue,fatigue,0,G1__qualification_r0_flat__svm__r0_flat__w150__fold_2__seed_42,G1,R0_flat,150,42,none
svm,r0_flat,2,validation,fatigue,distraction,4,G1__qualification_r0_flat__svm__r0_flat__w150__fold_2__seed_42,G1,R0_flat,150,42,none
svm,r0_flat,2,validation,distraction,alert,50,G1__qualification_r0_flat__svm__r0_flat__w150__fold_2__seed_42,G1,R0_flat,150,42,none
svm,r0_flat,2,validation,distraction,fatigue,2,G1__qualification_r0_flat__svm__r0_flat__w150__fold_2__seed_42,G1,R0_flat,150,42,none
svm,r0_flat,2,validation,distraction,distraction,22,G1__qualification_r0_flat__svm__r0_flat__w150__fold_2__seed_42,G1,R0_flat,150,42,none
svm,r0_flat,2,test,alert,alert,1398,G1__qualification_r0_flat__svm__r0_flat__w150__fold_2__seed_42,G1,R0_flat,150,42,none
svm,r0_flat,2,test,alert,fatigue,18,G1__qualification_r0_flat__svm__r0_flat__w150__fold_2__seed_42,G1,R0_flat,150,42,none
svm,r0_flat,2,test,alert,distraction,144,G1__qualification_r0_flat__svm__r0_flat__w150__fold_2__seed_42,G1,R0_flat,150,42,none
svm,r0_flat,2,test,fatigue,alert,0,G1__qualification_r0_flat__svm__r0_flat__w150__fold_2__seed_42,G1,R0_flat,150,42,none
svm,r0_flat,2,test,fatigue,fatigue,0,G1__qualification_r0_flat__svm__r0_flat__w150__fold_2__seed_42,G1,R0_flat,150,42,none
svm,r0_flat,2,test,fatigue,distraction,0,G1__qualification_r0_flat__svm__r0_flat__w150__fold_2__seed_42,G1,R0_flat,150,42,none
svm,r0_flat,2,test,distraction,alert,108,G1__qualification_r0_flat__svm__r0_flat__w150__fold_2__seed_42,G1,R0_flat,150,42,none
svm,r0_flat,2,test,distraction,fatigue,1,G1__qualification_r0_flat__svm__r0_flat__w150__fold_2__seed_42,G1,R0_flat,150,42,none
svm,r0_flat,2,test,distraction,distraction,172,G1__qualification_r0_flat__svm__r0_flat__w150__fold_2__seed_42,G1,R0_flat,150,42,none
random_forest,r0_flat,2,validation,alert,alert,977,G1__qualification_r0_flat__random_forest__r0_flat__w150__fold_2__seed_42,G1,R0_flat,150,42,none
random_forest,r0_flat,2,validation,alert,fatigue,1,G1__qualification_r0_flat__random_forest__r0_flat__w150__fold_2__seed_42,G1,R0_flat,150,42,none
random_forest,r0_flat,2,validation,alert,distraction,96,G1__qualification_r0_flat__random_forest__r0_flat__w150__fold_2__seed_42,G1,R0_flat,150,42,none
random_forest,r0_flat,2,validation,fatigue,alert,12,G1__qualification_r0_flat__random_forest__r0_flat__w150__fold_2__seed_42,G1,R0_flat,150,42,none
random_forest,r0_flat,2,validation,fatigue,fatigue,0,G1__qualification_r0_flat__random_forest__r0_flat__w150__fold_2__seed_42,G1,R0_flat,150,42,none
random_forest,r0_flat,2,validation,fatigue,distraction,0,G1__qualification_r0_flat__random_forest__r0_flat__w150__fold_2__seed_42,G1,R0_flat,150,42,none
random_forest,r0_flat,2,validation,distraction,alert,48,G1__qualification_r0_flat__random_forest__r0_flat__w150__fold_2__seed_42,G1,R0_flat,150,42,none
random_forest,r0_flat,2,validation,distraction,fatigue,0,G1__qualification_r0_flat__random_forest__r0_flat__w150__fold_2__seed_42,G1,R0_flat,150,42,none
random_forest,r0_flat,2,validation,distraction,distraction,26,G1__qualification_r0_flat__random_forest__r0_flat__w150__fold_2__seed_42,G1,R0_flat,150,42,none
random_forest,r0_flat,2,test,alert,alert,1475,G1__qualification_r0_flat__random_forest__r0_flat__w150__fold_2__seed_42,G1,R0_flat,150,42,none
random_forest,r0_flat,2,test,alert,fatigue,0,G1__qualification_r0_flat__random_forest__r0_flat__w150__fold_2__seed_42,G1,R0_flat,150,42,none
random_forest,r0_flat,2,test,alert,distraction,85,G1__qualification_r0_flat__random_forest__r0_flat__w150__fold_2__seed_42,G1,R0_flat,150,42,none
random_forest,r0_flat,2,test,fatigue,alert,0,G1__qualification_r0_flat__random_forest__r0_flat__w150__fold_2__seed_42,G1,R0_flat,150,42,none
random_forest,r0_flat,2,test,fatigue,fatigue,0,G1__qualification_r0_flat__random_forest__r0_flat__w150__fold_2__seed_42,G1,R0_flat,150,42,none
random_forest,r0_flat,2,test,fatigue,distraction,0,G1__qualification_r0_flat__random_forest__r0_flat__w150__fold_2__seed_42,G1,R0_flat,150,42,none
random_forest,r0_flat,2,test,distraction,alert,108,G1__qualification_r0_flat__random_forest__r0_flat__w150__fold_2__seed_42,G1,R0_flat,150,42,none
random_forest,r0_flat,2,test,distraction,fatigue,0,G1__qualification_r0_flat__random_forest__r0_flat__w150__fold_2__seed_42,G1,R0_flat,150,42,none
random_forest,r0_flat,2,test,distraction,distraction,173,G1__qualification_r0_flat__random_forest__r0_flat__w150__fold_2__seed_42,G1,R0_flat,150,42,none
xgboost,r0_flat,2,validation,alert,alert,981,G1__qualification_r0_flat__xgboost__r0_flat__w150__fold_2__seed_42,G1,R0_flat,150,42,none
xgboost,r0_flat,2,validation,alert,fatigue,0,G1__qualification_r0_flat__xgboost__r0_flat__w150__fold_2__seed_42,G1,R0_flat,150,42,none
xgboost,r0_flat,2,validation,alert,distraction,93,G1__qualification_r0_flat__xgboost__r0_flat__w150__fold_2__seed_42,G1,R0_flat,150,42,none
xgboost,r0_flat,2,validation,fatigue,alert,12,G1__qualification_r0_flat__xgboost__r0_flat__w150__fold_2__seed_42,G1,R0_flat,150,42,none
xgboost,r0_flat,2,validation,fatigue,fatigue,0,G1__qualification_r0_flat__xgboost__r0_flat__w150__fold_2__seed_42,G1,R0_flat,150,42,none
xgboost,r0_flat,2,validation,fatigue,distraction,0,G1__qualification_r0_flat__xgboost__r0_flat__w150__fold_2__seed_42,G1,R0_flat,150,42,none
xgboost,r0_flat,2,validation,distraction,alert,49,G1__qualification_r0_flat__xgboost__r0_flat__w150__fold_2__seed_42,G1,R0_flat,150,42,none
xgboost,r0_flat,2,validation,distraction,fatigue,0,G1__qualification_r0_flat__xgboost__r0_flat__w150__fold_2__seed_42,G1,R0_flat,150,42,none
xgboost,r0_flat,2,validation,distraction,distraction,25,G1__qualification_r0_flat__xgboost__r0_flat__w150__fold_2__seed_42,G1,R0_flat,150,42,none
xgboost,r0_flat,2,test,alert,alert,1477,G1__qualification_r0_flat__xgboost__r0_flat__w150__fold_2__seed_42,G1,R0_flat,150,42,none
xgboost,r0_flat,2,test,alert,fatigue,0,G1__qualification_r0_flat__xgboost__r0_flat__w150__fold_2__seed_42,G1,R0_flat,150,42,none
xgboost,r0_flat,2,test,alert,distraction,83,G1__qualification_r0_flat__xgboost__r0_flat__w150__fold_2__seed_42,G1,R0_flat,150,42,none
xgboost,r0_flat,2,test,fatigue,alert,0,G1__qualification_r0_flat__xgboost__r0_flat__w150__fold_2__seed_42,G1,R0_flat,150,42,none
xgboost,r0_flat,2,test,fatigue,fatigue,0,G1__qualification_r0_flat__xgboost__r0_flat__w150__fold_2__seed_42,G1,R0_flat,150,42,none
xgboost,r0_flat,2,test,fatigue,distraction,0,G1__qualification_r0_flat__xgboost__r0_flat__w150__fold_2__seed_42,G1,R0_flat,150,42,none
xgboost,r0_flat,2,test,distraction,alert,108,G1__qualification_r0_flat__xgboost__r0_flat__w150__fold_2__seed_42,G1,R0_flat,150,42,none
xgboost,r0_flat,2,test,distraction,fatigue,0,G1__qualification_r0_flat__xgboost__r0_flat__w150__fold_2__seed_42,G1,R0_flat,150,42,none
xgboost,r0_flat,2,test,distraction,distraction,173,G1__qualification_r0_flat__xgboost__r0_flat__w150__fold_2__seed_42,G1,R0_flat,150,42,none
fixed_rules,r0_flat,3,validation,alert,alert,53,G1__qualification_r0_flat__fixed_rules__r0_flat__w150__fold_3__seed_42,G1,R0_flat,150,42,none
fixed_rules,r0_flat,3,validation,alert,fatigue,224,G1__qualification_r0_flat__fixed_rules__r0_flat__w150__fold_3__seed_42,G1,R0_flat,150,42,none
fixed_rules,r0_flat,3,validation,alert,distraction,692,G1__qualification_r0_flat__fixed_rules__r0_flat__w150__fold_3__seed_42,G1,R0_flat,150,42,none
fixed_rules,r0_flat,3,validation,fatigue,alert,0,G1__qualification_r0_flat__fixed_rules__r0_flat__w150__fold_3__seed_42,G1,R0_flat,150,42,none
fixed_rules,r0_flat,3,validation,fatigue,fatigue,0,G1__qualification_r0_flat__fixed_rules__r0_flat__w150__fold_3__seed_42,G1,R0_flat,150,42,none
fixed_rules,r0_flat,3,validation,fatigue,distraction,11,G1__qualification_r0_flat__fixed_rules__r0_flat__w150__fold_3__seed_42,G1,R0_flat,150,42,none
fixed_rules,r0_flat,3,validation,distraction,alert,2,G1__qualification_r0_flat__fixed_rules__r0_flat__w150__fold_3__seed_42,G1,R0_flat,150,42,none
fixed_rules,r0_flat,3,validation,distraction,fatigue,53,G1__qualification_r0_flat__fixed_rules__r0_flat__w150__fold_3__seed_42,G1,R0_flat,150,42,none
fixed_rules,r0_flat,3,validation,distraction,distraction,90,G1__qualification_r0_flat__fixed_rules__r0_flat__w150__fold_3__seed_42,G1,R0_flat,150,42,none
fixed_rules,r0_flat,3,test,alert,alert,13,G1__qualification_r0_flat__fixed_rules__r0_flat__w150__fold_3__seed_42,G1,R0_flat,150,42,none
fixed_rules,r0_flat,3,test,alert,fatigue,90,G1__qualification_r0_flat__fixed_rules__r0_flat__w150__fold_3__seed_42,G1,R0_flat,150,42,none
fixed_rules,r0_flat,3,test,alert,distraction,1262,G1__qualification_r0_flat__fixed_rules__r0_flat__w150__fold_3__seed_42,G1,R0_flat,150,42,none
fixed_rules,r0_flat,3,test,fatigue,alert,0,G1__qualification_r0_flat__fixed_rules__r0_flat__w150__fold_3__seed_42,G1,R0_flat,150,42,none
fixed_rules,r0_flat,3,test,fatigue,fatigue,2,G1__qualification_r0_flat__fixed_rules__r0_flat__w150__fold_3__seed_42,G1,R0_flat,150,42,none
fixed_rules,r0_flat,3,test,fatigue,distraction,20,G1__qualification_r0_flat__fixed_rules__r0_flat__w150__fold_3__seed_42,G1,R0_flat,150,42,none
fixed_rules,r0_flat,3,test,distraction,alert,8,G1__qualification_r0_flat__fixed_rules__r0_flat__w150__fold_3__seed_42,G1,R0_flat,150,42,none
fixed_rules,r0_flat,3,test,distraction,fatigue,53,G1__qualification_r0_flat__fixed_rules__r0_flat__w150__fold_3__seed_42,G1,R0_flat,150,42,none
fixed_rules,r0_flat,3,test,distraction,distraction,45,G1__qualification_r0_flat__fixed_rules__r0_flat__w150__fold_3__seed_42,G1,R0_flat,150,42,none
svm,r0_flat,3,validation,alert,alert,809,G1__qualification_r0_flat__svm__r0_flat__w150__fold_3__seed_42,G1,R0_flat,150,42,none
svm,r0_flat,3,validation,alert,fatigue,4,G1__qualification_r0_flat__svm__r0_flat__w150__fold_3__seed_42,G1,R0_flat,150,42,none
svm,r0_flat,3,validation,alert,distraction,156,G1__qualification_r0_flat__svm__r0_flat__w150__fold_3__seed_42,G1,R0_flat,150,42,none
svm,r0_flat,3,validation,fatigue,alert,11,G1__qualification_r0_flat__svm__r0_flat__w150__fold_3__seed_42,G1,R0_flat,150,42,none
svm,r0_flat,3,validation,fatigue,fatigue,0,G1__qualification_r0_flat__svm__r0_flat__w150__fold_3__seed_42,G1,R0_flat,150,42,none
svm,r0_flat,3,validation,fatigue,distraction,0,G1__qualification_r0_flat__svm__r0_flat__w150__fold_3__seed_42,G1,R0_flat,150,42,none
svm,r0_flat,3,validation,distraction,alert,110,G1__qualification_r0_flat__svm__r0_flat__w150__fold_3__seed_42,G1,R0_flat,150,42,none
svm,r0_flat,3,validation,distraction,fatigue,0,G1__qualification_r0_flat__svm__r0_flat__w150__fold_3__seed_42,G1,R0_flat,150,42,none
svm,r0_flat,3,validation,distraction,distraction,35,G1__qualification_r0_flat__svm__r0_flat__w150__fold_3__seed_42,G1,R0_flat,150,42,none
svm,r0_flat,3,test,alert,alert,1120,G1__qualification_r0_flat__svm__r0_flat__w150__fold_3__seed_42,G1,R0_flat,150,42,none
svm,r0_flat,3,test,alert,fatigue,0,G1__qualification_r0_flat__svm__r0_flat__w150__fold_3__seed_42,G1,R0_flat,150,42,none
svm,r0_flat,3,test,alert,distraction,245,G1__qualification_r0_flat__svm__r0_flat__w150__fold_3__seed_42,G1,R0_flat,150,42,none
svm,r0_flat,3,test,fatigue,alert,20,G1__qualification_r0_flat__svm__r0_flat__w150__fold_3__seed_42,G1,R0_flat,150,42,none
svm,r0_flat,3,test,fatigue,fatigue,1,G1__qualification_r0_flat__svm__r0_flat__w150__fold_3__seed_42,G1,R0_flat,150,42,none
svm,r0_flat,3,test,fatigue,distraction,1,G1__qualification_r0_flat__svm__r0_flat__w150__fold_3__seed_42,G1,R0_flat,150,42,none
svm,r0_flat,3,test,distraction,alert,49,G1__qualification_r0_flat__svm__r0_flat__w150__fold_3__seed_42,G1,R0_flat,150,42,none
svm,r0_flat,3,test,distraction,fatigue,0,G1__qualification_r0_flat__svm__r0_flat__w150__fold_3__seed_42,G1,R0_flat,150,42,none
svm,r0_flat,3,test,distraction,distraction,57,G1__qualification_r0_flat__svm__r0_flat__w150__fold_3__seed_42,G1,R0_flat,150,42,none
random_forest,r0_flat,3,validation,alert,alert,871,G1__qualification_r0_flat__random_forest__r0_flat__w150__fold_3__seed_42,G1,R0_flat,150,42,none
random_forest,r0_flat,3,validation,alert,fatigue,0,G1__qualification_r0_flat__random_forest__r0_flat__w150__fold_3__seed_42,G1,R0_flat,150,42,none
random_forest,r0_flat,3,validation,alert,distraction,98,G1__qualification_r0_flat__random_forest__r0_flat__w150__fold_3__seed_42,G1,R0_flat,150,42,none
random_forest,r0_flat,3,validation,fatigue,alert,11,G1__qualification_r0_flat__random_forest__r0_flat__w150__fold_3__seed_42,G1,R0_flat,150,42,none
random_forest,r0_flat,3,validation,fatigue,fatigue,0,G1__qualification_r0_flat__random_forest__r0_flat__w150__fold_3__seed_42,G1,R0_flat,150,42,none
random_forest,r0_flat,3,validation,fatigue,distraction,0,G1__qualification_r0_flat__random_forest__r0_flat__w150__fold_3__seed_42,G1,R0_flat,150,42,none
random_forest,r0_flat,3,validation,distraction,alert,106,G1__qualification_r0_flat__random_forest__r0_flat__w150__fold_3__seed_42,G1,R0_flat,150,42,none
random_forest,r0_flat,3,validation,distraction,fatigue,0,G1__qualification_r0_flat__random_forest__r0_flat__w150__fold_3__seed_42,G1,R0_flat,150,42,none
random_forest,r0_flat,3,validation,distraction,distraction,39,G1__qualification_r0_flat__random_forest__r0_flat__w150__fold_3__seed_42,G1,R0_flat,150,42,none
random_forest,r0_flat,3,test,alert,alert,1303,G1__qualification_r0_flat__random_forest__r0_flat__w150__fold_3__seed_42,G1,R0_flat,150,42,none
random_forest,r0_flat,3,test,alert,fatigue,0,G1__qualification_r0_flat__random_forest__r0_flat__w150__fold_3__seed_42,G1,R0_flat,150,42,none
random_forest,r0_flat,3,test,alert,distraction,62,G1__qualification_r0_flat__random_forest__r0_flat__w150__fold_3__seed_42,G1,R0_flat,150,42,none
random_forest,r0_flat,3,test,fatigue,alert,22,G1__qualification_r0_flat__random_forest__r0_flat__w150__fold_3__seed_42,G1,R0_flat,150,42,none
random_forest,r0_flat,3,test,fatigue,fatigue,0,G1__qualification_r0_flat__random_forest__r0_flat__w150__fold_3__seed_42,G1,R0_flat,150,42,none
random_forest,r0_flat,3,test,fatigue,distraction,0,G1__qualification_r0_flat__random_forest__r0_flat__w150__fold_3__seed_42,G1,R0_flat,150,42,none
random_forest,r0_flat,3,test,distraction,alert,71,G1__qualification_r0_flat__random_forest__r0_flat__w150__fold_3__seed_42,G1,R0_flat,150,42,none
random_forest,r0_flat,3,test,distraction,fatigue,0,G1__qualification_r0_flat__random_forest__r0_flat__w150__fold_3__seed_42,G1,R0_flat,150,42,none
random_forest,r0_flat,3,test,distraction,distraction,35,G1__qualification_r0_flat__random_forest__r0_flat__w150__fold_3__seed_42,G1,R0_flat,150,42,none
xgboost,r0_flat,3,validation,alert,alert,871,G1__qualification_r0_flat__xgboost__r0_flat__w150__fold_3__seed_42,G1,R0_flat,150,42,none
xgboost,r0_flat,3,validation,alert,fatigue,0,G1__qualification_r0_flat__xgboost__r0_flat__w150__fold_3__seed_42,G1,R0_flat,150,42,none
xgboost,r0_flat,3,validation,alert,distraction,98,G1__qualification_r0_flat__xgboost__r0_flat__w150__fold_3__seed_42,G1,R0_flat,150,42,none
xgboost,r0_flat,3,validation,fatigue,alert,11,G1__qualification_r0_flat__xgboost__r0_flat__w150__fold_3__seed_42,G1,R0_flat,150,42,none
xgboost,r0_flat,3,validation,fatigue,fatigue,0,G1__qualification_r0_flat__xgboost__r0_flat__w150__fold_3__seed_42,G1,R0_flat,150,42,none
xgboost,r0_flat,3,validation,fatigue,distraction,0,G1__qualification_r0_flat__xgboost__r0_flat__w150__fold_3__seed_42,G1,R0_flat,150,42,none
xgboost,r0_flat,3,validation,distraction,alert,102,G1__qualification_r0_flat__xgboost__r0_flat__w150__fold_3__seed_42,G1,R0_flat,150,42,none
xgboost,r0_flat,3,validation,distraction,fatigue,0,G1__qualification_r0_flat__xgboost__r0_flat__w150__fold_3__seed_42,G1,R0_flat,150,42,none
xgboost,r0_flat,3,validation,distraction,distraction,43,G1__qualification_r0_flat__xgboost__r0_flat__w150__fold_3__seed_42,G1,R0_flat,150,42,none
xgboost,r0_flat,3,test,alert,alert,1298,G1__qualification_r0_flat__xgboost__r0_flat__w150__fold_3__seed_42,G1,R0_flat,150,42,none
xgboost,r0_flat,3,test,alert,fatigue,0,G1__qualification_r0_flat__xgboost__r0_flat__w150__fold_3__seed_42,G1,R0_flat,150,42,none
xgboost,r0_flat,3,test,alert,distraction,67,G1__qualification_r0_flat__xgboost__r0_flat__w150__fold_3__seed_42,G1,R0_flat,150,42,none
xgboost,r0_flat,3,test,fatigue,alert,22,G1__qualification_r0_flat__xgboost__r0_flat__w150__fold_3__seed_42,G1,R0_flat,150,42,none
xgboost,r0_flat,3,test,fatigue,fatigue,0,G1__qualification_r0_flat__xgboost__r0_flat__w150__fold_3__seed_42,G1,R0_flat,150,42,none
xgboost,r0_flat,3,test,fatigue,distraction,0,G1__qualification_r0_flat__xgboost__r0_flat__w150__fold_3__seed_42,G1,R0_flat,150,42,none
xgboost,r0_flat,3,test,distraction,alert,67,G1__qualification_r0_flat__xgboost__r0_flat__w150__fold_3__seed_42,G1,R0_flat,150,42,none
xgboost,r0_flat,3,test,distraction,fatigue,0,G1__qualification_r0_flat__xgboost__r0_flat__w150__fold_3__seed_42,G1,R0_flat,150,42,none
xgboost,r0_flat,3,test,distraction,distraction,39,G1__qualification_r0_flat__xgboost__r0_flat__w150__fold_3__seed_42,G1,R0_flat,150,42,none
fixed_rules,r0_flat,4,validation,alert,alert,45,G1__qualification_r0_flat__fixed_rules__r0_flat__w150__fold_4__seed_42,G1,R0_flat,150,42,none
fixed_rules,r0_flat,4,validation,alert,fatigue,195,G1__qualification_r0_flat__fixed_rules__r0_flat__w150__fold_4__seed_42,G1,R0_flat,150,42,none
fixed_rules,r0_flat,4,validation,alert,distraction,762,G1__qualification_r0_flat__fixed_rules__r0_flat__w150__fold_4__seed_42,G1,R0_flat,150,42,none
fixed_rules,r0_flat,4,validation,fatigue,alert,0,G1__qualification_r0_flat__fixed_rules__r0_flat__w150__fold_4__seed_42,G1,R0_flat,150,42,none
fixed_rules,r0_flat,4,validation,fatigue,fatigue,0,G1__qualification_r0_flat__fixed_rules__r0_flat__w150__fold_4__seed_42,G1,R0_flat,150,42,none
fixed_rules,r0_flat,4,validation,fatigue,distraction,12,G1__qualification_r0_flat__fixed_rules__r0_flat__w150__fold_4__seed_42,G1,R0_flat,150,42,none
fixed_rules,r0_flat,4,validation,distraction,alert,2,G1__qualification_r0_flat__fixed_rules__r0_flat__w150__fold_4__seed_42,G1,R0_flat,150,42,none
fixed_rules,r0_flat,4,validation,distraction,fatigue,44,G1__qualification_r0_flat__fixed_rules__r0_flat__w150__fold_4__seed_42,G1,R0_flat,150,42,none
fixed_rules,r0_flat,4,validation,distraction,distraction,45,G1__qualification_r0_flat__fixed_rules__r0_flat__w150__fold_4__seed_42,G1,R0_flat,150,42,none
fixed_rules,r0_flat,4,test,alert,alert,41,G1__qualification_r0_flat__fixed_rules__r0_flat__w150__fold_4__seed_42,G1,R0_flat,150,42,none
fixed_rules,r0_flat,4,test,alert,fatigue,139,G1__qualification_r0_flat__fixed_rules__r0_flat__w150__fold_4__seed_42,G1,R0_flat,150,42,none
fixed_rules,r0_flat,4,test,alert,distraction,766,G1__qualification_r0_flat__fixed_rules__r0_flat__w150__fold_4__seed_42,G1,R0_flat,150,42,none
fixed_rules,r0_flat,4,test,fatigue,alert,0,G1__qualification_r0_flat__fixed_rules__r0_flat__w150__fold_4__seed_42,G1,R0_flat,150,42,none
fixed_rules,r0_flat,4,test,fatigue,fatigue,0,G1__qualification_r0_flat__fixed_rules__r0_flat__w150__fold_4__seed_42,G1,R0_flat,150,42,none
fixed_rules,r0_flat,4,test,fatigue,distraction,0,G1__qualification_r0_flat__fixed_rules__r0_flat__w150__fold_4__seed_42,G1,R0_flat,150,42,none
fixed_rules,r0_flat,4,test,distraction,alert,0,G1__qualification_r0_flat__fixed_rules__r0_flat__w150__fold_4__seed_42,G1,R0_flat,150,42,none
fixed_rules,r0_flat,4,test,distraction,fatigue,40,G1__qualification_r0_flat__fixed_rules__r0_flat__w150__fold_4__seed_42,G1,R0_flat,150,42,none
fixed_rules,r0_flat,4,test,distraction,distraction,90,G1__qualification_r0_flat__fixed_rules__r0_flat__w150__fold_4__seed_42,G1,R0_flat,150,42,none
svm,r0_flat,4,validation,alert,alert,800,G1__qualification_r0_flat__svm__r0_flat__w150__fold_4__seed_42,G1,R0_flat,150,42,none
svm,r0_flat,4,validation,alert,fatigue,25,G1__qualification_r0_flat__svm__r0_flat__w150__fold_4__seed_42,G1,R0_flat,150,42,none
svm,r0_flat,4,validation,alert,distraction,177,G1__qualification_r0_flat__svm__r0_flat__w150__fold_4__seed_42,G1,R0_flat,150,42,none
svm,r0_flat,4,validation,fatigue,alert,11,G1__qualification_r0_flat__svm__r0_flat__w150__fold_4__seed_42,G1,R0_flat,150,42,none
svm,r0_flat,4,validation,fatigue,fatigue,0,G1__qualification_r0_flat__svm__r0_flat__w150__fold_4__seed_42,G1,R0_flat,150,42,none
svm,r0_flat,4,validation,fatigue,distraction,1,G1__qualification_r0_flat__svm__r0_flat__w150__fold_4__seed_42,G1,R0_flat,150,42,none
svm,r0_flat,4,validation,distraction,alert,64,G1__qualification_r0_flat__svm__r0_flat__w150__fold_4__seed_42,G1,R0_flat,150,42,none
svm,r0_flat,4,validation,distraction,fatigue,0,G1__qualification_r0_flat__svm__r0_flat__w150__fold_4__seed_42,G1,R0_flat,150,42,none
svm,r0_flat,4,validation,distraction,distraction,27,G1__qualification_r0_flat__svm__r0_flat__w150__fold_4__seed_42,G1,R0_flat,150,42,none
svm,r0_flat,4,test,alert,alert,774,G1__qualification_r0_flat__svm__r0_flat__w150__fold_4__seed_42,G1,R0_flat,150,42,none
svm,r0_flat,4,test,alert,fatigue,17,G1__qualification_r0_flat__svm__r0_flat__w150__fold_4__seed_42,G1,R0_flat,150,42,none
svm,r0_flat,4,test,alert,distraction,155,G1__qualification_r0_flat__svm__r0_flat__w150__fold_4__seed_42,G1,R0_flat,150,42,none
svm,r0_flat,4,test,fatigue,alert,0,G1__qualification_r0_flat__svm__r0_flat__w150__fold_4__seed_42,G1,R0_flat,150,42,none
svm,r0_flat,4,test,fatigue,fatigue,0,G1__qualification_r0_flat__svm__r0_flat__w150__fold_4__seed_42,G1,R0_flat,150,42,none
svm,r0_flat,4,test,fatigue,distraction,0,G1__qualification_r0_flat__svm__r0_flat__w150__fold_4__seed_42,G1,R0_flat,150,42,none
svm,r0_flat,4,test,distraction,alert,97,G1__qualification_r0_flat__svm__r0_flat__w150__fold_4__seed_42,G1,R0_flat,150,42,none
svm,r0_flat,4,test,distraction,fatigue,2,G1__qualification_r0_flat__svm__r0_flat__w150__fold_4__seed_42,G1,R0_flat,150,42,none
svm,r0_flat,4,test,distraction,distraction,31,G1__qualification_r0_flat__svm__r0_flat__w150__fold_4__seed_42,G1,R0_flat,150,42,none
random_forest,r0_flat,4,validation,alert,alert,897,G1__qualification_r0_flat__random_forest__r0_flat__w150__fold_4__seed_42,G1,R0_flat,150,42,none
random_forest,r0_flat,4,validation,alert,fatigue,0,G1__qualification_r0_flat__random_forest__r0_flat__w150__fold_4__seed_42,G1,R0_flat,150,42,none
random_forest,r0_flat,4,validation,alert,distraction,105,G1__qualification_r0_flat__random_forest__r0_flat__w150__fold_4__seed_42,G1,R0_flat,150,42,none
random_forest,r0_flat,4,validation,fatigue,alert,12,G1__qualification_r0_flat__random_forest__r0_flat__w150__fold_4__seed_42,G1,R0_flat,150,42,none
random_forest,r0_flat,4,validation,fatigue,fatigue,0,G1__qualification_r0_flat__random_forest__r0_flat__w150__fold_4__seed_42,G1,R0_flat,150,42,none
random_forest,r0_flat,4,validation,fatigue,distraction,0,G1__qualification_r0_flat__random_forest__r0_flat__w150__fold_4__seed_42,G1,R0_flat,150,42,none
random_forest,r0_flat,4,validation,distraction,alert,55,G1__qualification_r0_flat__random_forest__r0_flat__w150__fold_4__seed_42,G1,R0_flat,150,42,none
random_forest,r0_flat,4,validation,distraction,fatigue,0,G1__qualification_r0_flat__random_forest__r0_flat__w150__fold_4__seed_42,G1,R0_flat,150,42,none
random_forest,r0_flat,4,validation,distraction,distraction,36,G1__qualification_r0_flat__random_forest__r0_flat__w150__fold_4__seed_42,G1,R0_flat,150,42,none
random_forest,r0_flat,4,test,alert,alert,816,G1__qualification_r0_flat__random_forest__r0_flat__w150__fold_4__seed_42,G1,R0_flat,150,42,none
random_forest,r0_flat,4,test,alert,fatigue,0,G1__qualification_r0_flat__random_forest__r0_flat__w150__fold_4__seed_42,G1,R0_flat,150,42,none
random_forest,r0_flat,4,test,alert,distraction,130,G1__qualification_r0_flat__random_forest__r0_flat__w150__fold_4__seed_42,G1,R0_flat,150,42,none
random_forest,r0_flat,4,test,fatigue,alert,0,G1__qualification_r0_flat__random_forest__r0_flat__w150__fold_4__seed_42,G1,R0_flat,150,42,none
random_forest,r0_flat,4,test,fatigue,fatigue,0,G1__qualification_r0_flat__random_forest__r0_flat__w150__fold_4__seed_42,G1,R0_flat,150,42,none
random_forest,r0_flat,4,test,fatigue,distraction,0,G1__qualification_r0_flat__random_forest__r0_flat__w150__fold_4__seed_42,G1,R0_flat,150,42,none
random_forest,r0_flat,4,test,distraction,alert,99,G1__qualification_r0_flat__random_forest__r0_flat__w150__fold_4__seed_42,G1,R0_flat,150,42,none
random_forest,r0_flat,4,test,distraction,fatigue,0,G1__qualification_r0_flat__random_forest__r0_flat__w150__fold_4__seed_42,G1,R0_flat,150,42,none
random_forest,r0_flat,4,test,distraction,distraction,31,G1__qualification_r0_flat__random_forest__r0_flat__w150__fold_4__seed_42,G1,R0_flat,150,42,none
xgboost,r0_flat,4,validation,alert,alert,894,G1__qualification_r0_flat__xgboost__r0_flat__w150__fold_4__seed_42,G1,R0_flat,150,42,none
xgboost,r0_flat,4,validation,alert,fatigue,0,G1__qualification_r0_flat__xgboost__r0_flat__w150__fold_4__seed_42,G1,R0_flat,150,42,none
xgboost,r0_flat,4,validation,alert,distraction,108,G1__qualification_r0_flat__xgboost__r0_flat__w150__fold_4__seed_42,G1,R0_flat,150,42,none
xgboost,r0_flat,4,validation,fatigue,alert,12,G1__qualification_r0_flat__xgboost__r0_flat__w150__fold_4__seed_42,G1,R0_flat,150,42,none
xgboost,r0_flat,4,validation,fatigue,fatigue,0,G1__qualification_r0_flat__xgboost__r0_flat__w150__fold_4__seed_42,G1,R0_flat,150,42,none
xgboost,r0_flat,4,validation,fatigue,distraction,0,G1__qualification_r0_flat__xgboost__r0_flat__w150__fold_4__seed_42,G1,R0_flat,150,42,none
xgboost,r0_flat,4,validation,distraction,alert,55,G1__qualification_r0_flat__xgboost__r0_flat__w150__fold_4__seed_42,G1,R0_flat,150,42,none
xgboost,r0_flat,4,validation,distraction,fatigue,0,G1__qualification_r0_flat__xgboost__r0_flat__w150__fold_4__seed_42,G1,R0_flat,150,42,none
xgboost,r0_flat,4,validation,distraction,distraction,36,G1__qualification_r0_flat__xgboost__r0_flat__w150__fold_4__seed_42,G1,R0_flat,150,42,none
xgboost,r0_flat,4,test,alert,alert,815,G1__qualification_r0_flat__xgboost__r0_flat__w150__fold_4__seed_42,G1,R0_flat,150,42,none
xgboost,r0_flat,4,test,alert,fatigue,0,G1__qualification_r0_flat__xgboost__r0_flat__w150__fold_4__seed_42,G1,R0_flat,150,42,none
xgboost,r0_flat,4,test,alert,distraction,131,G1__qualification_r0_flat__xgboost__r0_flat__w150__fold_4__seed_42,G1,R0_flat,150,42,none
xgboost,r0_flat,4,test,fatigue,alert,0,G1__qualification_r0_flat__xgboost__r0_flat__w150__fold_4__seed_42,G1,R0_flat,150,42,none
xgboost,r0_flat,4,test,fatigue,fatigue,0,G1__qualification_r0_flat__xgboost__r0_flat__w150__fold_4__seed_42,G1,R0_flat,150,42,none
xgboost,r0_flat,4,test,fatigue,distraction,0,G1__qualification_r0_flat__xgboost__r0_flat__w150__fold_4__seed_42,G1,R0_flat,150,42,none
xgboost,r0_flat,4,test,distraction,alert,92,G1__qualification_r0_flat__xgboost__r0_flat__w150__fold_4__seed_42,G1,R0_flat,150,42,none
xgboost,r0_flat,4,test,distraction,fatigue,0,G1__qualification_r0_flat__xgboost__r0_flat__w150__fold_4__seed_42,G1,R0_flat,150,42,none
xgboost,r0_flat,4,test,distraction,distraction,38,G1__qualification_r0_flat__xgboost__r0_flat__w150__fold_4__seed_42,G1,R0_flat,150,42,none
