ablation,actual,configuration_id,count,fold,generation,model,predicted,representation,run_id,seed,subset,window_size_frames
temporal_r0,alert,qualification_r0_w60_b1024,852,1,G2,lstm,alert,R0,G2__qualification_r0_w60_b1024__lstm__r0__w60__fold_1__seed_42,42,validation,60
temporal_r0,alert,qualification_r0_w60_b1024,0,1,G2,lstm,fatigue,R0,G2__qualification_r0_w60_b1024__lstm__r0__w60__fold_1__seed_42,42,validation,60
temporal_r0,alert,qualification_r0_w60_b1024,162,1,G2,lstm,distraction,R0,G2__qualification_r0_w60_b1024__lstm__r0__w60__fold_1__seed_42,42,validation,60
temporal_r0,fatigue,qualification_r0_w60_b1024,3,1,G2,lstm,alert,R0,G2__qualification_r0_w60_b1024__lstm__r0__w60__fold_1__seed_42,42,validation,60
temporal_r0,fatigue,qualification_r0_w60_b1024,0,1,G2,lstm,fatigue,R0,G2__qualification_r0_w60_b1024__lstm__r0__w60__fold_1__seed_42,42,validation,60
temporal_r0,fatigue,qualification_r0_w60_b1024,1,1,G2,lstm,distraction,R0,G2__qualification_r0_w60_b1024__lstm__r0__w60__fold_1__seed_42,42,validation,60
temporal_r0,distraction,qualification_r0_w60_b1024,92,1,G2,lstm,alert,R0,G2__qualification_r0_w60_b1024__lstm__r0__w60__fold_1__seed_42,42,validation,60
temporal_r0,distraction,qualification_r0_w60_b1024,0,1,G2,lstm,fatigue,R0,G2__qualification_r0_w60_b1024__lstm__r0__w60__fold_1__seed_42,42,validation,60
temporal_r0,distraction,qualification_r0_w60_b1024,70,1,G2,lstm,distraction,R0,G2__qualification_r0_w60_b1024__lstm__r0__w60__fold_1__seed_42,42,validation,60
temporal_r0,alert,qualification_r0_w60_b1024,723,1,G2,lstm,alert,R0,G2__qualification_r0_w60_b1024__lstm__r0__w60__fold_1__seed_42,42,test,60
temporal_r0,alert,qualification_r0_w60_b1024,0,1,G2,lstm,fatigue,R0,G2__qualification_r0_w60_b1024__lstm__r0__w60__fold_1__seed_42,42,test,60
temporal_r0,alert,qualification_r0_w60_b1024,365,1,G2,lstm,distraction,R0,G2__qualification_r0_w60_b1024__lstm__r0__w60__fold_1__seed_42,42,test,60
temporal_r0,fatigue,qualification_r0_w60_b1024,19,1,G2,lstm,alert,R0,G2__qualification_r0_w60_b1024__lstm__r0__w60__fold_1__seed_42,42,test,60
temporal_r0,fatigue,qualification_r0_w60_b1024,0,1,G2,lstm,fatigue,R0,G2__qualification_r0_w60_b1024__lstm__r0__w60__fold_1__seed_42,42,test,60
temporal_r0,fatigue,qualification_r0_w60_b1024,48,1,G2,lstm,distraction,R0,G2__qualification_r0_w60_b1024__lstm__r0__w60__fold_1__seed_42,42,test,60
temporal_r0,distraction,qualification_r0_w60_b1024,30,1,G2,lstm,alert,R0,G2__qualification_r0_w60_b1024__lstm__r0__w60__fold_1__seed_42,42,test,60
temporal_r0,distraction,qualification_r0_w60_b1024,0,1,G2,lstm,fatigue,R0,G2__qualification_r0_w60_b1024__lstm__r0__w60__fold_1__seed_42,42,test,60
temporal_r0,distraction,qualification_r0_w60_b1024,349,1,G2,lstm,distraction,R0,G2__qualification_r0_w60_b1024__lstm__r0__w60__fold_1__seed_42,42,test,60
temporal_r0,alert,qualification_r0_w60_b1024,923,1,G2,tcn,alert,R0,G2__qualification_r0_w60_b1024__tcn__r0__w60__fold_1__seed_42,42,validation,60
temporal_r0,alert,qualification_r0_w60_b1024,0,1,G2,tcn,fatigue,R0,G2__qualification_r0_w60_b1024__tcn__r0__w60__fold_1__seed_42,42,validation,60
temporal_r0,alert,qualification_r0_w60_b1024,91,1,G2,tcn,distraction,R0,G2__qualification_r0_w60_b1024__tcn__r0__w60__fold_1__seed_42,42,validation,60
temporal_r0,fatigue,qualification_r0_w60_b1024,4,1,G2,tcn,alert,R0,G2__qualification_r0_w60_b1024__tcn__r0__w60__fold_1__seed_42,42,validation,60
temporal_r0,fatigue,qualification_r0_w60_b1024,0,1,G2,tcn,fatigue,R0,G2__qualification_r0_w60_b1024__tcn__r0__w60__fold_1__seed_42,42,validation,60
temporal_r0,fatigue,qualification_r0_w60_b1024,0,1,G2,tcn,distraction,R0,G2__qualification_r0_w60_b1024__tcn__r0__w60__fold_1__seed_42,42,validation,60
temporal_r0,distraction,qualification_r0_w60_b1024,102,1,G2,tcn,alert,R0,G2__qualification_r0_w60_b1024__tcn__r0__w60__fold_1__seed_42,42,validation,60
temporal_r0,distraction,qualification_r0_w60_b1024,0,1,G2,tcn,fatigue,R0,G2__qualification_r0_w60_b1024__tcn__r0__w60__fold_1__seed_42,42,validation,60
temporal_r0,distraction,qualification_r0_w60_b1024,60,1,G2,tcn,distraction,R0,G2__qualification_r0_w60_b1024__tcn__r0__w60__fold_1__seed_42,42,validation,60
temporal_r0,alert,qualification_r0_w60_b1024,989,1,G2,tcn,alert,R0,G2__qualification_r0_w60_b1024__tcn__r0__w60__fold_1__seed_42,42,test,60
temporal_r0,alert,qualification_r0_w60_b1024,0,1,G2,tcn,fatigue,R0,G2__qualification_r0_w60_b1024__tcn__r0__w60__fold_1__seed_42,42,test,60
temporal_r0,alert,qualification_r0_w60_b1024,99,1,G2,tcn,distraction,R0,G2__qualification_r0_w60_b1024__tcn__r0__w60__fold_1__seed_42,42,test,60
temporal_r0,fatigue,qualification_r0_w60_b1024,44,1,G2,tcn,alert,R0,G2__qualification_r0_w60_b1024__tcn__r0__w60__fold_1__seed_42,42,test,60
temporal_r0,fatigue,qualification_r0_w60_b1024,0,1,G2,tcn,fatigue,R0,G2__qualification_r0_w60_b1024__tcn__r0__w60__fold_1__seed_42,42,test,60
temporal_r0,fatigue,qualification_r0_w60_b1024,23,1,G2,tcn,distraction,R0,G2__qualification_r0_w60_b1024__tcn__r0__w60__fold_1__seed_42,42,test,60
temporal_r0,distraction,qualification_r0_w60_b1024,94,1,G2,tcn,alert,R0,G2__qualification_r0_w60_b1024__tcn__r0__w60__fold_1__seed_42,42,test,60
temporal_r0,distraction,qualification_r0_w60_b1024,0,1,G2,tcn,fatigue,R0,G2__qualification_r0_w60_b1024__tcn__r0__w60__fold_1__seed_42,42,test,60
temporal_r0,distraction,qualification_r0_w60_b1024,285,1,G2,tcn,distraction,R0,G2__qualification_r0_w60_b1024__tcn__r0__w60__fold_1__seed_42,42,test,60
temporal_r0,alert,qualification_r0_w60_b1024,980,2,G2,lstm,alert,R0,G2__qualification_r0_w60_b1024__lstm__r0__w60__fold_2__seed_42,42,validation,60
temporal_r0,alert,qualification_r0_w60_b1024,0,2,G2,lstm,fatigue,R0,G2__qualification_r0_w60_b1024__lstm__r0__w60__fold_2__seed_42,42,validation,60
temporal_r0,alert,qualification_r0_w60_b1024,100,2,G2,lstm,distraction,R0,G2__qualification_r0_w60_b1024__lstm__r0__w60__fold_2__seed_42,42,validation,60
temporal_r0,fatigue,qualification_r0_w60_b1024,17,2,G2,lstm,alert,R0,G2__qualification_r0_w60_b1024__lstm__r0__w60__fold_2__seed_42,42,validation,60
temporal_r0,fatigue,qualification_r0_w60_b1024,0,2,G2,lstm,fatigue,R0,G2__qualification_r0_w60_b1024__lstm__r0__w60__fold_2__seed_42,42,validation,60
temporal_r0,fatigue,qualification_r0_w60_b1024,0,2,G2,lstm,distraction,R0,G2__qualification_r0_w60_b1024__lstm__r0__w60__fold_2__seed_42,42,validation,60
temporal_r0,distraction,qualification_r0_w60_b1024,51,2,G2,lstm,alert,R0,G2__qualification_r0_w60_b1024__lstm__r0__w60__fold_2__seed_42,42,validation,60
temporal_r0,distraction,qualification_r0_w60_b1024,0,2,G2,lstm,fatigue,R0,G2__qualification_r0_w60_b1024__lstm__r0__w60__fold_2__seed_42,42,validation,60
temporal_r0,distraction,qualification_r0_w60_b1024,25,2,G2,lstm,distraction,R0,G2__qualification_r0_w60_b1024__lstm__r0__w60__fold_2__seed_42,42,validation,60
temporal_r0,alert,qualification_r0_w60_b1024,1474,2,G2,lstm,alert,R0,G2__qualification_r0_w60_b1024__lstm__r0__w60__fold_2__seed_42,42,test,60
temporal_r0,alert,qualification_r0_w60_b1024,0,2,G2,lstm,fatigue,R0,G2__qualification_r0_w60_b1024__lstm__r0__w60__fold_2__seed_42,42,test,60
temporal_r0,alert,qualification_r0_w60_b1024,97,2,G2,lstm,distraction,R0,G2__qualification_r0_w60_b1024__lstm__r0__w60__fold_2__seed_42,42,test,60
temporal_r0,fatigue,qualification_r0_w60_b1024,0,2,G2,lstm,alert,R0,G2__qualification_r0_w60_b1024__lstm__r0__w60__fold_2__seed_42,42,test,60
temporal_r0,fatigue,qualification_r0_w60_b1024,0,2,G2,lstm,fatigue,R0,G2__qualification_r0_w60_b1024__lstm__r0__w60__fold_2__seed_42,42,test,60
temporal_r0,fatigue,qualification_r0_w60_b1024,0,2,G2,lstm,distraction,R0,G2__qualification_r0_w60_b1024__lstm__r0__w60__fold_2__seed_42,42,test,60
temporal_r0,distraction,qualification_r0_w60_b1024,117,2,G2,lstm,alert,R0,G2__qualification_r0_w60_b1024__lstm__r0__w60__fold_2__seed_42,42,test,60
temporal_r0,distraction,qualification_r0_w60_b1024,0,2,G2,lstm,fatigue,R0,G2__qualification_r0_w60_b1024__lstm__r0__w60__fold_2__seed_42,42,test,60
temporal_r0,distraction,qualification_r0_w60_b1024,176,2,G2,lstm,distraction,R0,G2__qualification_r0_w60_b1024__lstm__r0__w60__fold_2__seed_42,42,test,60
temporal_r0,alert,qualification_r0_w60_b1024,1010,2,G2,tcn,alert,R0,G2__qualification_r0_w60_b1024__tcn__r0__w60__fold_2__seed_42,42,validation,60
temporal_r0,alert,qualification_r0_w60_b1024,0,2,G2,tcn,fatigue,R0,G2__qualification_r0_w60_b1024__tcn__r0__w60__fold_2__seed_42,42,validation,60
temporal_r0,alert,qualification_r0_w60_b1024,70,2,G2,tcn,distraction,R0,G2__qualification_r0_w60_b1024__tcn__r0__w60__fold_2__seed_42,42,validation,60
temporal_r0,fatigue,qualification_r0_w60_b1024,17,2,G2,tcn,alert,R0,G2__qualification_r0_w60_b1024__tcn__r0__w60__fold_2__seed_42,42,validation,60
temporal_r0,fatigue,qualification_r0_w60_b1024,0,2,G2,tcn,fatigue,R0,G2__qualification_r0_w60_b1024__tcn__r0__w60__fold_2__seed_42,42,validation,60
temporal_r0,fatigue,qualification_r0_w60_b1024,0,2,G2,tcn,distraction,R0,G2__qualification_r0_w60_b1024__tcn__r0__w60__fold_2__seed_42,42,validation,60
temporal_r0,distraction,qualification_r0_w60_b1024,57,2,G2,tcn,alert,R0,G2__qualification_r0_w60_b1024__tcn__r0__w60__fold_2__seed_42,42,validation,60
temporal_r0,distraction,qualification_r0_w60_b1024,0,2,G2,tcn,fatigue,R0,G2__qualification_r0_w60_b1024__tcn__r0__w60__fold_2__seed_42,42,validation,60
temporal_r0,distraction,qualification_r0_w60_b1024,19,2,G2,tcn,distraction,R0,G2__qualification_r0_w60_b1024__tcn__r0__w60__fold_2__seed_42,42,validation,60
temporal_r0,alert,qualification_r0_w60_b1024,1494,2,G2,tcn,alert,R0,G2__qualification_r0_w60_b1024__tcn__r0__w60__fold_2__seed_42,42,test,60
temporal_r0,alert,qualification_r0_w60_b1024,0,2,G2,tcn,fatigue,R0,G2__qualification_r0_w60_b1024__tcn__r0__w60__fold_2__seed_42,42,test,60
temporal_r0,alert,qualification_r0_w60_b1024,77,2,G2,tcn,distraction,R0,G2__qualification_r0_w60_b1024__tcn__r0__w60__fold_2__seed_42,42,test,60
temporal_r0,fatigue,qualification_r0_w60_b1024,0,2,G2,tcn,alert,R0,G2__qualification_r0_w60_b1024__tcn__r0__w60__fold_2__seed_42,42,test,60
temporal_r0,fatigue,qualification_r0_w60_b1024,0,2,G2,tcn,fatigue,R0,G2__qualification_r0_w60_b1024__tcn__r0__w60__fold_2__seed_42,42,test,60
temporal_r0,fatigue,qualification_r0_w60_b1024,0,2,G2,tcn,distraction,R0,G2__qualification_r0_w60_b1024__tcn__r0__w60__fold_2__seed_42,42,test,60
temporal_r0,distraction,qualification_r0_w60_b1024,127,2,G2,tcn,alert,R0,G2__qualification_r0_w60_b1024__tcn__r0__w60__fold_2__seed_42,42,test,60
temporal_r0,distraction,qualification_r0_w60_b1024,0,2,G2,tcn,fatigue,R0,G2__qualification_r0_w60_b1024__tcn__r0__w60__fold_2__seed_42,42,test,60
temporal_r0,distraction,qualification_r0_w60_b1024,166,2,G2,tcn,distraction,R0,G2__qualification_r0_w60_b1024__tcn__r0__w60__fold_2__seed_42,42,test,60
temporal_r0,alert,qualification_r0_w60_b1024,840,3,G2,lstm,alert,R0,G2__qualification_r0_w60_b1024__lstm__r0__w60__fold_3__seed_42,42,validation,60
temporal_r0,alert,qualification_r0_w60_b1024,0,3,G2,lstm,fatigue,R0,G2__qualification_r0_w60_b1024__lstm__r0__w60__fold_3__seed_42,42,validation,60
temporal_r0,alert,qualification_r0_w60_b1024,146,3,G2,lstm,distraction,R0,G2__qualification_r0_w60_b1024__lstm__r0__w60__fold_3__seed_42,42,validation,60
temporal_r0,fatigue,qualification_r0_w60_b1024,13,3,G2,lstm,alert,R0,G2__qualification_r0_w60_b1024__lstm__r0__w60__fold_3__seed_42,42,validation,60
temporal_r0,fatigue,qualification_r0_w60_b1024,0,3,G2,lstm,fatigue,R0,G2__qualification_r0_w60_b1024__lstm__r0__w60__fold_3__seed_42,42,validation,60
temporal_r0,fatigue,qualification_r0_w60_b1024,0,3,G2,lstm,distraction,R0,G2__qualification_r0_w60_b1024__lstm__r0__w60__fold_3__seed_42,42,validation,60
temporal_r0,distraction,qualification_r0_w60_b1024,97,3,G2,lstm,alert,R0,G2__qualification_r0_w60_b1024__lstm__r0__w60__fold_3__seed_42,42,validation,60
temporal_r0,distraction,qualification_r0_w60_b1024,0,3,G2,lstm,fatigue,R0,G2__qualification_r0_w60_b1024__lstm__r0__w60__fold_3__seed_42,42,validation,60
temporal_r0,distraction,qualification_r0_w60_b1024,55,3,G2,lstm,distraction,R0,G2__qualification_r0_w60_b1024__lstm__r0__w60__fold_3__seed_42,42,validation,60
temporal_r0,alert,qualification_r0_w60_b1024,1279,3,G2,lstm,alert,R0,G2__qualification_r0_w60_b1024__lstm__r0__w60__fold_3__seed_42,42,test,60
temporal_r0,alert,qualification_r0_w60_b1024,0,3,G2,lstm,fatigue,R0,G2__qualification_r0_w60_b1024__lstm__r0__w60__fold_3__seed_42,42,test,60
temporal_r0,alert,qualification_r0_w60_b1024,88,3,G2,lstm,distraction,R0,G2__qualification_r0_w60_b1024__lstm__r0__w60__fold_3__seed_42,42,test,60
temporal_r0,fatigue,qualification_r0_w60_b1024,20,3,G2,lstm,alert,R0,G2__qualification_r0_w60_b1024__lstm__r0__w60__fold_3__seed_42,42,test,60
temporal_r0,fatigue,qualification_r0_w60_b1024,0,3,G2,lstm,fatigue,R0,G2__qualification_r0_w60_b1024__lstm__r0__w60__fold_3__seed_42,42,test,60
temporal_r0,fatigue,qualification_r0_w60_b1024,1,3,G2,lstm,distraction,R0,G2__qualification_r0_w60_b1024__lstm__r0__w60__fold_3__seed_42,42,test,60
temporal_r0,distraction,qualification_r0_w60_b1024,56,3,G2,lstm,alert,R0,G2__qualification_r0_w60_b1024__lstm__r0__w60__fold_3__seed_42,42,test,60
temporal_r0,distraction,qualification_r0_w60_b1024,0,3,G2,lstm,fatigue,R0,G2__qualification_r0_w60_b1024__lstm__r0__w60__fold_3__seed_42,42,test,60
temporal_r0,distraction,qualification_r0_w60_b1024,56,3,G2,lstm,distraction,R0,G2__qualification_r0_w60_b1024__lstm__r0__w60__fold_3__seed_42,42,test,60
temporal_r0,alert,qualification_r0_w60_b1024,840,3,G2,tcn,alert,R0,G2__qualification_r0_w60_b1024__tcn__r0__w60__fold_3__seed_42,42,validation,60
temporal_r0,alert,qualification_r0_w60_b1024,0,3,G2,tcn,fatigue,R0,G2__qualification_r0_w60_b1024__tcn__r0__w60__fold_3__seed_42,42,validation,60
temporal_r0,alert,qualification_r0_w60_b1024,146,3,G2,tcn,distraction,R0,G2__qualification_r0_w60_b1024__tcn__r0__w60__fold_3__seed_42,42,validation,60
temporal_r0,fatigue,qualification_r0_w60_b1024,13,3,G2,tcn,alert,R0,G2__qualification_r0_w60_b1024__tcn__r0__w60__fold_3__seed_42,42,validation,60
temporal_r0,fatigue,qualification_r0_w60_b1024,0,3,G2,tcn,fatigue,R0,G2__qualification_r0_w60_b1024__tcn__r0__w60__fold_3__seed_42,42,validation,60
temporal_r0,fatigue,qualification_r0_w60_b1024,0,3,G2,tcn,distraction,R0,G2__qualification_r0_w60_b1024__tcn__r0__w60__fold_3__seed_42,42,validation,60
temporal_r0,distraction,qualification_r0_w60_b1024,92,3,G2,tcn,alert,R0,G2__qualification_r0_w60_b1024__tcn__r0__w60__fold_3__seed_42,42,validation,60
temporal_r0,distraction,qualification_r0_w60_b1024,0,3,G2,tcn,fatigue,R0,G2__qualification_r0_w60_b1024__tcn__r0__w60__fold_3__seed_42,42,validation,60
temporal_r0,distraction,qualification_r0_w60_b1024,60,3,G2,tcn,distraction,R0,G2__qualification_r0_w60_b1024__tcn__r0__w60__fold_3__seed_42,42,validation,60
temporal_r0,alert,qualification_r0_w60_b1024,1281,3,G2,tcn,alert,R0,G2__qualification_r0_w60_b1024__tcn__r0__w60__fold_3__seed_42,42,test,60
temporal_r0,alert,qualification_r0_w60_b1024,0,3,G2,tcn,fatigue,R0,G2__qualification_r0_w60_b1024__tcn__r0__w60__fold_3__seed_42,42,test,60
temporal_r0,alert,qualification_r0_w60_b1024,86,3,G2,tcn,distraction,R0,G2__qualification_r0_w60_b1024__tcn__r0__w60__fold_3__seed_42,42,test,60
temporal_r0,fatigue,qualification_r0_w60_b1024,19,3,G2,tcn,alert,R0,G2__qualification_r0_w60_b1024__tcn__r0__w60__fold_3__seed_42,42,test,60
temporal_r0,fatigue,qualification_r0_w60_b1024,0,3,G2,tcn,fatigue,R0,G2__qualification_r0_w60_b1024__tcn__r0__w60__fold_3__seed_42,42,test,60
temporal_r0,fatigue,qualification_r0_w60_b1024,2,3,G2,tcn,distraction,R0,G2__qualification_r0_w60_b1024__tcn__r0__w60__fold_3__seed_42,42,test,60
temporal_r0,distraction,qualification_r0_w60_b1024,56,3,G2,tcn,alert,R0,G2__qualification_r0_w60_b1024__tcn__r0__w60__fold_3__seed_42,42,test,60
temporal_r0,distraction,qualification_r0_w60_b1024,0,3,G2,tcn,fatigue,R0,G2__qualification_r0_w60_b1024__tcn__r0__w60__fold_3__seed_42,42,test,60
temporal_r0,distraction,qualification_r0_w60_b1024,56,3,G2,tcn,distraction,R0,G2__qualification_r0_w60_b1024__tcn__r0__w60__fold_3__seed_42,42,test,60
temporal_r0,alert,qualification_r0_w60_b1024,908,4,G2,lstm,alert,R0,G2__qualification_r0_w60_b1024__lstm__r0__w60__fold_4__seed_42,42,validation,60
temporal_r0,alert,qualification_r0_w60_b1024,0,4,G2,lstm,fatigue,R0,G2__qualification_r0_w60_b1024__lstm__r0__w60__fold_4__seed_42,42,validation,60
temporal_r0,alert,qualification_r0_w60_b1024,104,4,G2,lstm,distraction,R0,G2__qualification_r0_w60_b1024__lstm__r0__w60__fold_4__seed_42,42,validation,60
temporal_r0,fatigue,qualification_r0_w60_b1024,17,4,G2,lstm,alert,R0,G2__qualification_r0_w60_b1024__lstm__r0__w60__fold_4__seed_42,42,validation,60
temporal_r0,fatigue,qualification_r0_w60_b1024,0,4,G2,lstm,fatigue,R0,G2__qualification_r0_w60_b1024__lstm__r0__w60__fold_4__seed_42,42,validation,60
temporal_r0,fatigue,qualification_r0_w60_b1024,0,4,G2,lstm,distraction,R0,G2__qualification_r0_w60_b1024__lstm__r0__w60__fold_4__seed_42,42,validation,60
temporal_r0,distraction,qualification_r0_w60_b1024,51,4,G2,lstm,alert,R0,G2__qualification_r0_w60_b1024__lstm__r0__w60__fold_4__seed_42,42,validation,60
temporal_r0,distraction,qualification_r0_w60_b1024,0,4,G2,lstm,fatigue,R0,G2__qualification_r0_w60_b1024__lstm__r0__w60__fold_4__seed_42,42,validation,60
temporal_r0,distraction,qualification_r0_w60_b1024,45,4,G2,lstm,distraction,R0,G2__qualification_r0_w60_b1024__lstm__r0__w60__fold_4__seed_42,42,validation,60
temporal_r0,alert,qualification_r0_w60_b1024,816,4,G2,lstm,alert,R0,G2__qualification_r0_w60_b1024__lstm__r0__w60__fold_4__seed_42,42,test,60
temporal_r0,alert,qualification_r0_w60_b1024,0,4,G2,lstm,fatigue,R0,G2__qualification_r0_w60_b1024__lstm__r0__w60__fold_4__seed_42,42,test,60
temporal_r0,alert,qualification_r0_w60_b1024,141,4,G2,lstm,distraction,R0,G2__qualification_r0_w60_b1024__lstm__r0__w60__fold_4__seed_42,42,test,60
temporal_r0,fatigue,qualification_r0_w60_b1024,0,4,G2,lstm,alert,R0,G2__qualification_r0_w60_b1024__lstm__r0__w60__fold_4__seed_42,42,test,60
temporal_r0,fatigue,qualification_r0_w60_b1024,0,4,G2,lstm,fatigue,R0,G2__qualification_r0_w60_b1024__lstm__r0__w60__fold_4__seed_42,42,test,60
temporal_r0,fatigue,qualification_r0_w60_b1024,0,4,G2,lstm,distraction,R0,G2__qualification_r0_w60_b1024__lstm__r0__w60__fold_4__seed_42,42,test,60
temporal_r0,distraction,qualification_r0_w60_b1024,98,4,G2,lstm,alert,R0,G2__qualification_r0_w60_b1024__lstm__r0__w60__fold_4__seed_42,42,test,60
temporal_r0,distraction,qualification_r0_w60_b1024,0,4,G2,lstm,fatigue,R0,G2__qualification_r0_w60_b1024__lstm__r0__w60__fold_4__seed_42,42,test,60
temporal_r0,distraction,qualification_r0_w60_b1024,40,4,G2,lstm,distraction,R0,G2__qualification_r0_w60_b1024__lstm__r0__w60__fold_4__seed_42,42,test,60
temporal_r0,alert,qualification_r0_w60_b1024,904,4,G2,tcn,alert,R0,G2__qualification_r0_w60_b1024__tcn__r0__w60__fold_4__seed_42,42,validation,60
temporal_r0,alert,qualification_r0_w60_b1024,0,4,G2,tcn,fatigue,R0,G2__qualification_r0_w60_b1024__tcn__r0__w60__fold_4__seed_42,42,validation,60
temporal_r0,alert,qualification_r0_w60_b1024,108,4,G2,tcn,distraction,R0,G2__qualification_r0_w60_b1024__tcn__r0__w60__fold_4__seed_42,42,validation,60
temporal_r0,fatigue,qualification_r0_w60_b1024,17,4,G2,tcn,alert,R0,G2__qualification_r0_w60_b1024__tcn__r0__w60__fold_4__seed_42,42,validation,60
temporal_r0,fatigue,qualification_r0_w60_b1024,0,4,G2,tcn,fatigue,R0,G2__qualification_r0_w60_b1024__tcn__r0__w60__fold_4__seed_42,42,validation,60
temporal_r0,fatigue,qualification_r0_w60_b1024,0,4,G2,tcn,distraction,R0,G2__qualification_r0_w60_b1024__tcn__r0__w60__fold_4__seed_42,42,validation,60
temporal_r0,distraction,qualification_r0_w60_b1024,48,4,G2,tcn,alert,R0,G2__qualification_r0_w60_b1024__tcn__r0__w60__fold_4__seed_42,42,validation,60
temporal_r0,distraction,qualification_r0_w60_b1024,0,4,G2,tcn,fatigue,R0,G2__qualification_r0_w60_b1024__tcn__r0__w60__fold_4__seed_42,42,validation,60
temporal_r0,distraction,qualification_r0_w60_b1024,48,4,G2,tcn,distraction,R0,G2__qualification_r0_w60_b1024__tcn__r0__w60__fold_4__seed_42,42,validation,60
temporal_r0,alert,qualification_r0_w60_b1024,796,4,G2,tcn,alert,R0,G2__qualification_r0_w60_b1024__tcn__r0__w60__fold_4__seed_42,42,test,60
temporal_r0,alert,qualification_r0_w60_b1024,0,4,G2,tcn,fatigue,R0,G2__qualification_r0_w60_b1024__tcn__r0__w60__fold_4__seed_42,42,test,60
temporal_r0,alert,qualification_r0_w60_b1024,161,4,G2,tcn,distraction,R0,G2__qualification_r0_w60_b1024__tcn__r0__w60__fold_4__seed_42,42,test,60
temporal_r0,fatigue,qualification_r0_w60_b1024,0,4,G2,tcn,alert,R0,G2__qualification_r0_w60_b1024__tcn__r0__w60__fold_4__seed_42,42,test,60
temporal_r0,fatigue,qualification_r0_w60_b1024,0,4,G2,tcn,fatigue,R0,G2__qualification_r0_w60_b1024__tcn__r0__w60__fold_4__seed_42,42,test,60
temporal_r0,fatigue,qualification_r0_w60_b1024,0,4,G2,tcn,distraction,R0,G2__qualification_r0_w60_b1024__tcn__r0__w60__fold_4__seed_42,42,test,60
temporal_r0,distraction,qualification_r0_w60_b1024,96,4,G2,tcn,alert,R0,G2__qualification_r0_w60_b1024__tcn__r0__w60__fold_4__seed_42,42,test,60
temporal_r0,distraction,qualification_r0_w60_b1024,0,4,G2,tcn,fatigue,R0,G2__qualification_r0_w60_b1024__tcn__r0__w60__fold_4__seed_42,42,test,60
temporal_r0,distraction,qualification_r0_w60_b1024,42,4,G2,tcn,distraction,R0,G2__qualification_r0_w60_b1024__tcn__r0__w60__fold_4__seed_42,42,test,60
temporal_r0,alert,qualification_r0_w150_b1024,953,1,G2,transformer,alert,R0,G2__qualification_r0_w150_b1024__transformer__r0__w150__fold_1__seed_42,42,validation,150
temporal_r0,alert,qualification_r0_w150_b1024,0,1,G2,transformer,fatigue,R0,G2__qualification_r0_w150_b1024__transformer__r0__w150__fold_1__seed_42,42,validation,150
temporal_r0,alert,qualification_r0_w150_b1024,46,1,G2,transformer,distraction,R0,G2__qualification_r0_w150_b1024__transformer__r0__w150__fold_1__seed_42,42,validation,150
temporal_r0,fatigue,qualification_r0_w150_b1024,1,1,G2,transformer,alert,R0,G2__qualification_r0_w150_b1024__transformer__r0__w150__fold_1__seed_42,42,validation,150
temporal_r0,fatigue,qualification_r0_w150_b1024,0,1,G2,transformer,fatigue,R0,G2__qualification_r0_w150_b1024__transformer__r0__w150__fold_1__seed_42,42,validation,150
temporal_r0,fatigue,qualification_r0_w150_b1024,0,1,G2,transformer,distraction,R0,G2__qualification_r0_w150_b1024__transformer__r0__w150__fold_1__seed_42,42,validation,150
temporal_r0,distraction,qualification_r0_w150_b1024,118,1,G2,transformer,alert,R0,G2__qualification_r0_w150_b1024__transformer__r0__w150__fold_1__seed_42,42,validation,150
temporal_r0,distraction,qualification_r0_w150_b1024,0,1,G2,transformer,fatigue,R0,G2__qualification_r0_w150_b1024__transformer__r0__w150__fold_1__seed_42,42,validation,150
temporal_r0,distraction,qualification_r0_w150_b1024,37,1,G2,transformer,distraction,R0,G2__qualification_r0_w150_b1024__transformer__r0__w150__fold_1__seed_42,42,validation,150
temporal_r0,alert,qualification_r0_w150_b1024,1016,1,G2,transformer,alert,R0,G2__qualification_r0_w150_b1024__transformer__r0__w150__fold_1__seed_42,42,test,150
temporal_r0,alert,qualification_r0_w150_b1024,0,1,G2,transformer,fatigue,R0,G2__qualification_r0_w150_b1024__transformer__r0__w150__fold_1__seed_42,42,test,150
temporal_r0,alert,qualification_r0_w150_b1024,74,1,G2,transformer,distraction,R0,G2__qualification_r0_w150_b1024__transformer__r0__w150__fold_1__seed_42,42,test,150
temporal_r0,fatigue,qualification_r0_w150_b1024,44,1,G2,transformer,alert,R0,G2__qualification_r0_w150_b1024__transformer__r0__w150__fold_1__seed_42,42,test,150
temporal_r0,fatigue,qualification_r0_w150_b1024,0,1,G2,transformer,fatigue,R0,G2__qualification_r0_w150_b1024__transformer__r0__w150__fold_1__seed_42,42,test,150
temporal_r0,fatigue,qualification_r0_w150_b1024,18,1,G2,transformer,distraction,R0,G2__qualification_r0_w150_b1024__transformer__r0__w150__fold_1__seed_42,42,test,150
temporal_r0,distraction,qualification_r0_w150_b1024,122,1,G2,transformer,alert,R0,G2__qualification_r0_w150_b1024__transformer__r0__w150__fold_1__seed_42,42,test,150
temporal_r0,distraction,qualification_r0_w150_b1024,0,1,G2,transformer,fatigue,R0,G2__qualification_r0_w150_b1024__transformer__r0__w150__fold_1__seed_42,42,test,150
temporal_r0,distraction,qualification_r0_w150_b1024,254,1,G2,transformer,distraction,R0,G2__qualification_r0_w150_b1024__transformer__r0__w150__fold_1__seed_42,42,test,150
temporal_r0,alert,qualification_r0_w150_b1024,955,2,G2,transformer,alert,R0,G2__qualification_r0_w150_b1024__transformer__r0__w150__fold_2__seed_42,42,validation,150
temporal_r0,alert,qualification_r0_w150_b1024,0,2,G2,transformer,fatigue,R0,G2__qualification_r0_w150_b1024__transformer__r0__w150__fold_2__seed_42,42,validation,150
temporal_r0,alert,qualification_r0_w150_b1024,119,2,G2,transformer,distraction,R0,G2__qualification_r0_w150_b1024__transformer__r0__w150__fold_2__seed_42,42,validation,150
temporal_r0,fatigue,qualification_r0_w150_b1024,12,2,G2,transformer,alert,R0,G2__qualification_r0_w150_b1024__transformer__r0__w150__fold_2__seed_42,42,validation,150
temporal_r0,fatigue,qualification_r0_w150_b1024,0,2,G2,transformer,fatigue,R0,G2__qualification_r0_w150_b1024__transformer__r0__w150__fold_2__seed_42,42,validation,150
temporal_r0,fatigue,qualification_r0_w150_b1024,0,2,G2,transformer,distraction,R0,G2__qualification_r0_w150_b1024__transformer__r0__w150__fold_2__seed_42,42,validation,150
temporal_r0,distraction,qualification_r0_w150_b1024,39,2,G2,transformer,alert,R0,G2__qualification_r0_w150_b1024__transformer__r0__w150__fold_2__seed_42,42,validation,150
temporal_r0,distraction,qualification_r0_w150_b1024,0,2,G2,transformer,fatigue,R0,G2__qualification_r0_w150_b1024__transformer__r0__w150__fold_2__seed_42,42,validation,150
temporal_r0,distraction,qualification_r0_w150_b1024,35,2,G2,transformer,distraction,R0,G2__qualification_r0_w150_b1024__transformer__r0__w150__fold_2__seed_42,42,validation,150
temporal_r0,alert,qualification_r0_w150_b1024,1461,2,G2,transformer,alert,R0,G2__qualification_r0_w150_b1024__transformer__r0__w150__fold_2__seed_42,42,test,150
temporal_r0,alert,qualification_r0_w150_b1024,0,2,G2,transformer,fatigue,R0,G2__qualification_r0_w150_b1024__transformer__r0__w150__fold_2__seed_42,42,test,150
temporal_r0,alert,qualification_r0_w150_b1024,99,2,G2,transformer,distraction,R0,G2__qualification_r0_w150_b1024__transformer__r0__w150__fold_2__seed_42,42,test,150
temporal_r0,fatigue,qualification_r0_w150_b1024,0,2,G2,transformer,alert,R0,G2__qualification_r0_w150_b1024__transformer__r0__w150__fold_2__seed_42,42,test,150
temporal_r0,fatigue,qualification_r0_w150_b1024,0,2,G2,transformer,fatigue,R0,G2__qualification_r0_w150_b1024__transformer__r0__w150__fold_2__seed_42,42,test,150
temporal_r0,fatigue,qualification_r0_w150_b1024,0,2,G2,transformer,distraction,R0,G2__qualification_r0_w150_b1024__transformer__r0__w150__fold_2__seed_42,42,test,150
temporal_r0,distraction,qualification_r0_w150_b1024,99,2,G2,transformer,alert,R0,G2__qualification_r0_w150_b1024__transformer__r0__w150__fold_2__seed_42,42,test,150
temporal_r0,distraction,qualification_r0_w150_b1024,0,2,G2,transformer,fatigue,R0,G2__qualification_r0_w150_b1024__transformer__r0__w150__fold_2__seed_42,42,test,150
temporal_r0,distraction,qualification_r0_w150_b1024,182,2,G2,transformer,distraction,R0,G2__qualification_r0_w150_b1024__transformer__r0__w150__fold_2__seed_42,42,test,150
temporal_r0,alert,qualification_r0_w150_b1024,857,3,G2,transformer,alert,R0,G2__qualification_r0_w150_b1024__transformer__r0__w150__fold_3__seed_42,42,validation,150
temporal_r0,alert,qualification_r0_w150_b1024,0,3,G2,transformer,fatigue,R0,G2__qualification_r0_w150_b1024__transformer__r0__w150__fold_3__seed_42,42,validation,150
temporal_r0,alert,qualification_r0_w150_b1024,112,3,G2,transformer,distraction,R0,G2__qualification_r0_w150_b1024__transformer__r0__w150__fold_3__seed_42,42,validation,150
temporal_r0,fatigue,qualification_r0_w150_b1024,11,3,G2,transformer,alert,R0,G2__qualification_r0_w150_b1024__transformer__r0__w150__fold_3__seed_42,42,validation,150
temporal_r0,fatigue,qualification_r0_w150_b1024,0,3,G2,transformer,fatigue,R0,G2__qualification_r0_w150_b1024__transformer__r0__w150__fold_3__seed_42,42,validation,150
temporal_r0,fatigue,qualification_r0_w150_b1024,0,3,G2,transformer,distraction,R0,G2__qualification_r0_w150_b1024__transformer__r0__w150__fold_3__seed_42,42,validation,150
temporal_r0,distraction,qualification_r0_w150_b1024,102,3,G2,transformer,alert,R0,G2__qualification_r0_w150_b1024__transformer__r0__w150__fold_3__seed_42,42,validation,150
temporal_r0,distraction,qualification_r0_w150_b1024,0,3,G2,transformer,fatigue,R0,G2__qualification_r0_w150_b1024__transformer__r0__w150__fold_3__seed_42,42,validation,150
temporal_r0,distraction,qualification_r0_w150_b1024,43,3,G2,transformer,distraction,R0,G2__qualification_r0_w150_b1024__transformer__r0__w150__fold_3__seed_42,42,validation,150
temporal_r0,alert,qualification_r0_w150_b1024,1294,3,G2,transformer,alert,R0,G2__qualification_r0_w150_b1024__transformer__r0__w150__fold_3__seed_42,42,test,150
temporal_r0,alert,qualification_r0_w150_b1024,0,3,G2,transformer,fatigue,R0,G2__qualification_r0_w150_b1024__transformer__r0__w150__fold_3__seed_42,42,test,150
temporal_r0,alert,qualification_r0_w150_b1024,71,3,G2,transformer,distraction,R0,G2__qualification_r0_w150_b1024__transformer__r0__w150__fold_3__seed_42,42,test,150
temporal_r0,fatigue,qualification_r0_w150_b1024,22,3,G2,transformer,alert,R0,G2__qualification_r0_w150_b1024__transformer__r0__w150__fold_3__seed_42,42,test,150
temporal_r0,fatigue,qualification_r0_w150_b1024,0,3,G2,transformer,fatigue,R0,G2__qualification_r0_w150_b1024__transformer__r0__w150__fold_3__seed_42,42,test,150
temporal_r0,fatigue,qualification_r0_w150_b1024,0,3,G2,transformer,distraction,R0,G2__qualification_r0_w150_b1024__transformer__r0__w150__fold_3__seed_42,42,test,150
temporal_r0,distraction,qualification_r0_w150_b1024,64,3,G2,transformer,alert,R0,G2__qualification_r0_w150_b1024__transformer__r0__w150__fold_3__seed_42,42,test,150
temporal_r0,distraction,qualification_r0_w150_b1024,0,3,G2,transformer,fatigue,R0,G2__qualification_r0_w150_b1024__transformer__r0__w150__fold_3__seed_42,42,test,150
temporal_r0,distraction,qualification_r0_w150_b1024,42,3,G2,transformer,distraction,R0,G2__qualification_r0_w150_b1024__transformer__r0__w150__fold_3__seed_42,42,test,150
temporal_r0,alert,qualification_r0_w150_b1024,905,4,G2,transformer,alert,R0,G2__qualification_r0_w150_b1024__transformer__r0__w150__fold_4__seed_42,42,validation,150
temporal_r0,alert,qualification_r0_w150_b1024,0,4,G2,transformer,fatigue,R0,G2__qualification_r0_w150_b1024__transformer__r0__w150__fold_4__seed_42,42,validation,150
temporal_r0,alert,qualification_r0_w150_b1024,97,4,G2,transformer,distraction,R0,G2__qualification_r0_w150_b1024__transformer__r0__w150__fold_4__seed_42,42,validation,150
temporal_r0,fatigue,qualification_r0_w150_b1024,12,4,G2,transformer,alert,R0,G2__qualification_r0_w150_b1024__transformer__r0__w150__fold_4__seed_42,42,validation,150
temporal_r0,fatigue,qualification_r0_w150_b1024,0,4,G2,transformer,fatigue,R0,G2__qualification_r0_w150_b1024__transformer__r0__w150__fold_4__seed_42,42,validation,150
temporal_r0,fatigue,qualification_r0_w150_b1024,0,4,G2,transformer,distraction,R0,G2__qualification_r0_w150_b1024__transformer__r0__w150__fold_4__seed_42,42,validation,150
temporal_r0,distraction,qualification_r0_w150_b1024,51,4,G2,transformer,alert,R0,G2__qualification_r0_w150_b1024__transformer__r0__w150__fold_4__seed_42,42,validation,150
temporal_r0,distraction,qualification_r0_w150_b1024,0,4,G2,transformer,fatigue,R0,G2__qualification_r0_w150_b1024__transformer__r0__w150__fold_4__seed_42,42,validation,150
temporal_r0,distraction,qualification_r0_w150_b1024,40,4,G2,transformer,distraction,R0,G2__qualification_r0_w150_b1024__transformer__r0__w150__fold_4__seed_42,42,validation,150
temporal_r0,alert,qualification_r0_w150_b1024,812,4,G2,transformer,alert,R0,G2__qualification_r0_w150_b1024__transformer__r0__w150__fold_4__seed_42,42,test,150
temporal_r0,alert,qualification_r0_w150_b1024,0,4,G2,transformer,fatigue,R0,G2__qualification_r0_w150_b1024__transformer__r0__w150__fold_4__seed_42,42,test,150
temporal_r0,alert,qualification_r0_w150_b1024,134,4,G2,transformer,distraction,R0,G2__qualification_r0_w150_b1024__transformer__r0__w150__fold_4__seed_42,42,test,150
temporal_r0,fatigue,qualification_r0_w150_b1024,0,4,G2,transformer,alert,R0,G2__qualification_r0_w150_b1024__transformer__r0__w150__fold_4__seed_42,42,test,150
temporal_r0,fatigue,qualification_r0_w150_b1024,0,4,G2,transformer,fatigue,R0,G2__qualification_r0_w150_b1024__transformer__r0__w150__fold_4__seed_42,42,test,150
temporal_r0,fatigue,qualification_r0_w150_b1024,0,4,G2,transformer,distraction,R0,G2__qualification_r0_w150_b1024__transformer__r0__w150__fold_4__seed_42,42,test,150
temporal_r0,distraction,qualification_r0_w150_b1024,103,4,G2,transformer,alert,R0,G2__qualification_r0_w150_b1024__transformer__r0__w150__fold_4__seed_42,42,test,150
temporal_r0,distraction,qualification_r0_w150_b1024,0,4,G2,transformer,fatigue,R0,G2__qualification_r0_w150_b1024__transformer__r0__w150__fold_4__seed_42,42,test,150
temporal_r0,distraction,qualification_r0_w150_b1024,27,4,G2,transformer,distraction,R0,G2__qualification_r0_w150_b1024__transformer__r0__w150__fold_4__seed_42,42,test,150
temporal_r1,alert,qualification_r1_w60_b1024,977,1,G3,lstm,alert,R1,G3__qualification_r1_w60_b1024__lstm__r1__w60__fold_1__seed_42,42,validation,60
temporal_r1,alert,qualification_r1_w60_b1024,0,1,G3,lstm,fatigue,R1,G3__qualification_r1_w60_b1024__lstm__r1__w60__fold_1__seed_42,42,validation,60
temporal_r1,alert,qualification_r1_w60_b1024,37,1,G3,lstm,distraction,R1,G3__qualification_r1_w60_b1024__lstm__r1__w60__fold_1__seed_42,42,validation,60
temporal_r1,fatigue,qualification_r1_w60_b1024,2,1,G3,lstm,alert,R1,G3__qualification_r1_w60_b1024__lstm__r1__w60__fold_1__seed_42,42,validation,60
temporal_r1,fatigue,qualification_r1_w60_b1024,0,1,G3,lstm,fatigue,R1,G3__qualification_r1_w60_b1024__lstm__r1__w60__fold_1__seed_42,42,validation,60
temporal_r1,fatigue,qualification_r1_w60_b1024,2,1,G3,lstm,distraction,R1,G3__qualification_r1_w60_b1024__lstm__r1__w60__fold_1__seed_42,42,validation,60
temporal_r1,distraction,qualification_r1_w60_b1024,155,1,G3,lstm,alert,R1,G3__qualification_r1_w60_b1024__lstm__r1__w60__fold_1__seed_42,42,validation,60
temporal_r1,distraction,qualification_r1_w60_b1024,0,1,G3,lstm,fatigue,R1,G3__qualification_r1_w60_b1024__lstm__r1__w60__fold_1__seed_42,42,validation,60
temporal_r1,distraction,qualification_r1_w60_b1024,7,1,G3,lstm,distraction,R1,G3__qualification_r1_w60_b1024__lstm__r1__w60__fold_1__seed_42,42,validation,60
temporal_r1,alert,qualification_r1_w60_b1024,801,1,G3,lstm,alert,R1,G3__qualification_r1_w60_b1024__lstm__r1__w60__fold_1__seed_42,42,test,60
temporal_r1,alert,qualification_r1_w60_b1024,0,1,G3,lstm,fatigue,R1,G3__qualification_r1_w60_b1024__lstm__r1__w60__fold_1__seed_42,42,test,60
temporal_r1,alert,qualification_r1_w60_b1024,287,1,G3,lstm,distraction,R1,G3__qualification_r1_w60_b1024__lstm__r1__w60__fold_1__seed_42,42,test,60
temporal_r1,fatigue,qualification_r1_w60_b1024,56,1,G3,lstm,alert,R1,G3__qualification_r1_w60_b1024__lstm__r1__w60__fold_1__seed_42,42,test,60
temporal_r1,fatigue,qualification_r1_w60_b1024,0,1,G3,lstm,fatigue,R1,G3__qualification_r1_w60_b1024__lstm__r1__w60__fold_1__seed_42,42,test,60
temporal_r1,fatigue,qualification_r1_w60_b1024,11,1,G3,lstm,distraction,R1,G3__qualification_r1_w60_b1024__lstm__r1__w60__fold_1__seed_42,42,test,60
temporal_r1,distraction,qualification_r1_w60_b1024,310,1,G3,lstm,alert,R1,G3__qualification_r1_w60_b1024__lstm__r1__w60__fold_1__seed_42,42,test,60
temporal_r1,distraction,qualification_r1_w60_b1024,0,1,G3,lstm,fatigue,R1,G3__qualification_r1_w60_b1024__lstm__r1__w60__fold_1__seed_42,42,test,60
temporal_r1,distraction,qualification_r1_w60_b1024,69,1,G3,lstm,distraction,R1,G3__qualification_r1_w60_b1024__lstm__r1__w60__fold_1__seed_42,42,test,60
temporal_r1,alert,qualification_r1_w60_b1024,1014,1,G3,tcn,alert,R1,G3__qualification_r1_w60_b1024__tcn__r1__w60__fold_1__seed_42,42,validation,60
temporal_r1,alert,qualification_r1_w60_b1024,0,1,G3,tcn,fatigue,R1,G3__qualification_r1_w60_b1024__tcn__r1__w60__fold_1__seed_42,42,validation,60
temporal_r1,alert,qualification_r1_w60_b1024,0,1,G3,tcn,distraction,R1,G3__qualification_r1_w60_b1024__tcn__r1__w60__fold_1__seed_42,42,validation,60
temporal_r1,fatigue,qualification_r1_w60_b1024,4,1,G3,tcn,alert,R1,G3__qualification_r1_w60_b1024__tcn__r1__w60__fold_1__seed_42,42,validation,60
temporal_r1,fatigue,qualification_r1_w60_b1024,0,1,G3,tcn,fatigue,R1,G3__qualification_r1_w60_b1024__tcn__r1__w60__fold_1__seed_42,42,validation,60
temporal_r1,fatigue,qualification_r1_w60_b1024,0,1,G3,tcn,distraction,R1,G3__qualification_r1_w60_b1024__tcn__r1__w60__fold_1__seed_42,42,validation,60
temporal_r1,distraction,qualification_r1_w60_b1024,162,1,G3,tcn,alert,R1,G3__qualification_r1_w60_b1024__tcn__r1__w60__fold_1__seed_42,42,validation,60
temporal_r1,distraction,qualification_r1_w60_b1024,0,1,G3,tcn,fatigue,R1,G3__qualification_r1_w60_b1024__tcn__r1__w60__fold_1__seed_42,42,validation,60
temporal_r1,distraction,qualification_r1_w60_b1024,0,1,G3,tcn,distraction,R1,G3__qualification_r1_w60_b1024__tcn__r1__w60__fold_1__seed_42,42,validation,60
temporal_r1,alert,qualification_r1_w60_b1024,1088,1,G3,tcn,alert,R1,G3__qualification_r1_w60_b1024__tcn__r1__w60__fold_1__seed_42,42,test,60
temporal_r1,alert,qualification_r1_w60_b1024,0,1,G3,tcn,fatigue,R1,G3__qualification_r1_w60_b1024__tcn__r1__w60__fold_1__seed_42,42,test,60
temporal_r1,alert,qualification_r1_w60_b1024,0,1,G3,tcn,distraction,R1,G3__qualification_r1_w60_b1024__tcn__r1__w60__fold_1__seed_42,42,test,60
temporal_r1,fatigue,qualification_r1_w60_b1024,67,1,G3,tcn,alert,R1,G3__qualification_r1_w60_b1024__tcn__r1__w60__fold_1__seed_42,42,test,60
temporal_r1,fatigue,qualification_r1_w60_b1024,0,1,G3,tcn,fatigue,R1,G3__qualification_r1_w60_b1024__tcn__r1__w60__fold_1__seed_42,42,test,60
temporal_r1,fatigue,qualification_r1_w60_b1024,0,1,G3,tcn,distraction,R1,G3__qualification_r1_w60_b1024__tcn__r1__w60__fold_1__seed_42,42,test,60
temporal_r1,distraction,qualification_r1_w60_b1024,379,1,G3,tcn,alert,R1,G3__qualification_r1_w60_b1024__tcn__r1__w60__fold_1__seed_42,42,test,60
temporal_r1,distraction,qualification_r1_w60_b1024,0,1,G3,tcn,fatigue,R1,G3__qualification_r1_w60_b1024__tcn__r1__w60__fold_1__seed_42,42,test,60
temporal_r1,distraction,qualification_r1_w60_b1024,0,1,G3,tcn,distraction,R1,G3__qualification_r1_w60_b1024__tcn__r1__w60__fold_1__seed_42,42,test,60
temporal_r1,alert,qualification_r1_w60_b1024,1079,2,G3,lstm,alert,R1,G3__qualification_r1_w60_b1024__lstm__r1__w60__fold_2__seed_42,42,validation,60
temporal_r1,alert,qualification_r1_w60_b1024,0,2,G3,lstm,fatigue,R1,G3__qualification_r1_w60_b1024__lstm__r1__w60__fold_2__seed_42,42,validation,60
temporal_r1,alert,qualification_r1_w60_b1024,1,2,G3,lstm,distraction,R1,G3__qualification_r1_w60_b1024__lstm__r1__w60__fold_2__seed_42,42,validation,60
temporal_r1,fatigue,qualification_r1_w60_b1024,17,2,G3,lstm,alert,R1,G3__qualification_r1_w60_b1024__lstm__r1__w60__fold_2__seed_42,42,validation,60
temporal_r1,fatigue,qualification_r1_w60_b1024,0,2,G3,lstm,fatigue,R1,G3__qualification_r1_w60_b1024__lstm__r1__w60__fold_2__seed_42,42,validation,60
temporal_r1,fatigue,qualification_r1_w60_b1024,0,2,G3,lstm,distraction,R1,G3__qualification_r1_w60_b1024__lstm__r1__w60__fold_2__seed_42,42,validation,60
temporal_r1,distraction,qualification_r1_w60_b1024,76,2,G3,lstm,alert,R1,G3__qualification_r1_w60_b1024__lstm__r1__w60__fold_2__seed_42,42,validation,60
temporal_r1,distraction,qualification_r1_w60_b1024,0,2,G3,lstm,fatigue,R1,G3__qualification_r1_w60_b1024__lstm__r1__w60__fold_2__seed_42,42,validation,60
temporal_r1,distraction,qualification_r1_w60_b1024,0,2,G3,lstm,distraction,R1,G3__qualification_r1_w60_b1024__lstm__r1__w60__fold_2__seed_42,42,validation,60
temporal_r1,alert,qualification_r1_w60_b1024,1568,2,G3,lstm,alert,R1,G3__qualification_r1_w60_b1024__lstm__r1__w60__fold_2__seed_42,42,test,60
temporal_r1,alert,qualification_r1_w60_b1024,0,2,G3,lstm,fatigue,R1,G3__qualification_r1_w60_b1024__lstm__r1__w60__fold_2__seed_42,42,test,60
temporal_r1,alert,qualification_r1_w60_b1024,3,2,G3,lstm,distraction,R1,G3__qualification_r1_w60_b1024__lstm__r1__w60__fold_2__seed_42,42,test,60
temporal_r1,fatigue,qualification_r1_w60_b1024,0,2,G3,lstm,alert,R1,G3__qualification_r1_w60_b1024__lstm__r1__w60__fold_2__seed_42,42,test,60
temporal_r1,fatigue,qualification_r1_w60_b1024,0,2,G3,lstm,fatigue,R1,G3__qualification_r1_w60_b1024__lstm__r1__w60__fold_2__seed_42,42,test,60
temporal_r1,fatigue,qualification_r1_w60_b1024,0,2,G3,lstm,distraction,R1,G3__qualification_r1_w60_b1024__lstm__r1__w60__fold_2__seed_42,42,test,60
temporal_r1,distraction,qualification_r1_w60_b1024,293,2,G3,lstm,alert,R1,G3__qualification_r1_w60_b1024__lstm__r1__w60__fold_2__seed_42,42,test,60
temporal_r1,distraction,qualification_r1_w60_b1024,0,2,G3,lstm,fatigue,R1,G3__qualification_r1_w60_b1024__lstm__r1__w60__fold_2__seed_42,42,test,60
temporal_r1,distraction,qualification_r1_w60_b1024,0,2,G3,lstm,distraction,R1,G3__qualification_r1_w60_b1024__lstm__r1__w60__fold_2__seed_42,42,test,60
temporal_r1,alert,qualification_r1_w60_b1024,1080,2,G3,tcn,alert,R1,G3__qualification_r1_w60_b1024__tcn__r1__w60__fold_2__seed_42,42,validation,60
temporal_r1,alert,qualification_r1_w60_b1024,0,2,G3,tcn,fatigue,R1,G3__qualification_r1_w60_b1024__tcn__r1__w60__fold_2__seed_42,42,validation,60
temporal_r1,alert,qualification_r1_w60_b1024,0,2,G3,tcn,distraction,R1,G3__qualification_r1_w60_b1024__tcn__r1__w60__fold_2__seed_42,42,validation,60
temporal_r1,fatigue,qualification_r1_w60_b1024,17,2,G3,tcn,alert,R1,G3__qualification_r1_w60_b1024__tcn__r1__w60__fold_2__seed_42,42,validation,60
temporal_r1,fatigue,qualification_r1_w60_b1024,0,2,G3,tcn,fatigue,R1,G3__qualification_r1_w60_b1024__tcn__r1__w60__fold_2__seed_42,42,validation,60
temporal_r1,fatigue,qualification_r1_w60_b1024,0,2,G3,tcn,distraction,R1,G3__qualification_r1_w60_b1024__tcn__r1__w60__fold_2__seed_42,42,validation,60
temporal_r1,distraction,qualification_r1_w60_b1024,76,2,G3,tcn,alert,R1,G3__qualification_r1_w60_b1024__tcn__r1__w60__fold_2__seed_42,42,validation,60
temporal_r1,distraction,qualification_r1_w60_b1024,0,2,G3,tcn,fatigue,R1,G3__qualification_r1_w60_b1024__tcn__r1__w60__fold_2__seed_42,42,validation,60
temporal_r1,distraction,qualification_r1_w60_b1024,0,2,G3,tcn,distraction,R1,G3__qualification_r1_w60_b1024__tcn__r1__w60__fold_2__seed_42,42,validation,60
temporal_r1,alert,qualification_r1_w60_b1024,1571,2,G3,tcn,alert,R1,G3__qualification_r1_w60_b1024__tcn__r1__w60__fold_2__seed_42,42,test,60
temporal_r1,alert,qualification_r1_w60_b1024,0,2,G3,tcn,fatigue,R1,G3__qualification_r1_w60_b1024__tcn__r1__w60__fold_2__seed_42,42,test,60
temporal_r1,alert,qualification_r1_w60_b1024,0,2,G3,tcn,distraction,R1,G3__qualification_r1_w60_b1024__tcn__r1__w60__fold_2__seed_42,42,test,60
temporal_r1,fatigue,qualification_r1_w60_b1024,0,2,G3,tcn,alert,R1,G3__qualification_r1_w60_b1024__tcn__r1__w60__fold_2__seed_42,42,test,60
temporal_r1,fatigue,qualification_r1_w60_b1024,0,2,G3,tcn,fatigue,R1,G3__qualification_r1_w60_b1024__tcn__r1__w60__fold_2__seed_42,42,test,60
temporal_r1,fatigue,qualification_r1_w60_b1024,0,2,G3,tcn,distraction,R1,G3__qualification_r1_w60_b1024__tcn__r1__w60__fold_2__seed_42,42,test,60
temporal_r1,distraction,qualification_r1_w60_b1024,293,2,G3,tcn,alert,R1,G3__qualification_r1_w60_b1024__tcn__r1__w60__fold_2__seed_42,42,test,60
temporal_r1,distraction,qualification_r1_w60_b1024,0,2,G3,tcn,fatigue,R1,G3__qualification_r1_w60_b1024__tcn__r1__w60__fold_2__seed_42,42,test,60
temporal_r1,distraction,qualification_r1_w60_b1024,0,2,G3,tcn,distraction,R1,G3__qualification_r1_w60_b1024__tcn__r1__w60__fold_2__seed_42,42,test,60
temporal_r1,alert,qualification_r1_w60_b1024,978,3,G3,lstm,alert,R1,G3__qualification_r1_w60_b1024__lstm__r1__w60__fold_3__seed_42,42,validation,60
temporal_r1,alert,qualification_r1_w60_b1024,0,3,G3,lstm,fatigue,R1,G3__qualification_r1_w60_b1024__lstm__r1__w60__fold_3__seed_42,42,validation,60
temporal_r1,alert,qualification_r1_w60_b1024,8,3,G3,lstm,distraction,R1,G3__qualification_r1_w60_b1024__lstm__r1__w60__fold_3__seed_42,42,validation,60
temporal_r1,fatigue,qualification_r1_w60_b1024,13,3,G3,lstm,alert,R1,G3__qualification_r1_w60_b1024__lstm__r1__w60__fold_3__seed_42,42,validation,60
temporal_r1,fatigue,qualification_r1_w60_b1024,0,3,G3,lstm,fatigue,R1,G3__qualification_r1_w60_b1024__lstm__r1__w60__fold_3__seed_42,42,validation,60
temporal_r1,fatigue,qualification_r1_w60_b1024,0,3,G3,lstm,distraction,R1,G3__qualification_r1_w60_b1024__lstm__r1__w60__fold_3__seed_42,42,validation,60
temporal_r1,distraction,qualification_r1_w60_b1024,152,3,G3,lstm,alert,R1,G3__qualification_r1_w60_b1024__lstm__r1__w60__fold_3__seed_42,42,validation,60
temporal_r1,distraction,qualification_r1_w60_b1024,0,3,G3,lstm,fatigue,R1,G3__qualification_r1_w60_b1024__lstm__r1__w60__fold_3__seed_42,42,validation,60
temporal_r1,distraction,qualification_r1_w60_b1024,0,3,G3,lstm,distraction,R1,G3__qualification_r1_w60_b1024__lstm__r1__w60__fold_3__seed_42,42,validation,60
temporal_r1,alert,qualification_r1_w60_b1024,1347,3,G3,lstm,alert,R1,G3__qualification_r1_w60_b1024__lstm__r1__w60__fold_3__seed_42,42,test,60
temporal_r1,alert,qualification_r1_w60_b1024,0,3,G3,lstm,fatigue,R1,G3__qualification_r1_w60_b1024__lstm__r1__w60__fold_3__seed_42,42,test,60
temporal_r1,alert,qualification_r1_w60_b1024,20,3,G3,lstm,distraction,R1,G3__qualification_r1_w60_b1024__lstm__r1__w60__fold_3__seed_42,42,test,60
temporal_r1,fatigue,qualification_r1_w60_b1024,21,3,G3,lstm,alert,R1,G3__qualification_r1_w60_b1024__lstm__r1__w60__fold_3__seed_42,42,test,60
temporal_r1,fatigue,qualification_r1_w60_b1024,0,3,G3,lstm,fatigue,R1,G3__qualification_r1_w60_b1024__lstm__r1__w60__fold_3__seed_42,42,test,60
temporal_r1,fatigue,qualification_r1_w60_b1024,0,3,G3,lstm,distraction,R1,G3__qualification_r1_w60_b1024__lstm__r1__w60__fold_3__seed_42,42,test,60
temporal_r1,distraction,qualification_r1_w60_b1024,110,3,G3,lstm,alert,R1,G3__qualification_r1_w60_b1024__lstm__r1__w60__fold_3__seed_42,42,test,60
temporal_r1,distraction,qualification_r1_w60_b1024,0,3,G3,lstm,fatigue,R1,G3__qualification_r1_w60_b1024__lstm__r1__w60__fold_3__seed_42,42,test,60
temporal_r1,distraction,qualification_r1_w60_b1024,2,3,G3,lstm,distraction,R1,G3__qualification_r1_w60_b1024__lstm__r1__w60__fold_3__seed_42,42,test,60
temporal_r1,alert,qualification_r1_w60_b1024,626,3,G3,tcn,alert,R1,G3__qualification_r1_w60_b1024__tcn__r1__w60__fold_3__seed_42,42,validation,60
temporal_r1,alert,qualification_r1_w60_b1024,0,3,G3,tcn,fatigue,R1,G3__qualification_r1_w60_b1024__tcn__r1__w60__fold_3__seed_42,42,validation,60
temporal_r1,alert,qualification_r1_w60_b1024,360,3,G3,tcn,distraction,R1,G3__qualification_r1_w60_b1024__tcn__r1__w60__fold_3__seed_42,42,validation,60
temporal_r1,fatigue,qualification_r1_w60_b1024,13,3,G3,tcn,alert,R1,G3__qualification_r1_w60_b1024__tcn__r1__w60__fold_3__seed_42,42,validation,60
temporal_r1,fatigue,qualification_r1_w60_b1024,0,3,G3,tcn,fatigue,R1,G3__qualification_r1_w60_b1024__tcn__r1__w60__fold_3__seed_42,42,validation,60
temporal_r1,fatigue,qualification_r1_w60_b1024,0,3,G3,tcn,distraction,R1,G3__qualification_r1_w60_b1024__tcn__r1__w60__fold_3__seed_42,42,validation,60
temporal_r1,distraction,qualification_r1_w60_b1024,83,3,G3,tcn,alert,R1,G3__qualification_r1_w60_b1024__tcn__r1__w60__fold_3__seed_42,42,validation,60
temporal_r1,distraction,qualification_r1_w60_b1024,0,3,G3,tcn,fatigue,R1,G3__qualification_r1_w60_b1024__tcn__r1__w60__fold_3__seed_42,42,validation,60
temporal_r1,distraction,qualification_r1_w60_b1024,69,3,G3,tcn,distraction,R1,G3__qualification_r1_w60_b1024__tcn__r1__w60__fold_3__seed_42,42,validation,60
temporal_r1,alert,qualification_r1_w60_b1024,809,3,G3,tcn,alert,R1,G3__qualification_r1_w60_b1024__tcn__r1__w60__fold_3__seed_42,42,test,60
temporal_r1,alert,qualification_r1_w60_b1024,0,3,G3,tcn,fatigue,R1,G3__qualification_r1_w60_b1024__tcn__r1__w60__fold_3__seed_42,42,test,60
temporal_r1,alert,qualification_r1_w60_b1024,558,3,G3,tcn,distraction,R1,G3__qualification_r1_w60_b1024__tcn__r1__w60__fold_3__seed_42,42,test,60
temporal_r1,fatigue,qualification_r1_w60_b1024,21,3,G3,tcn,alert,R1,G3__qualification_r1_w60_b1024__tcn__r1__w60__fold_3__seed_42,42,test,60
temporal_r1,fatigue,qualification_r1_w60_b1024,0,3,G3,tcn,fatigue,R1,G3__qualification_r1_w60_b1024__tcn__r1__w60__fold_3__seed_42,42,test,60
temporal_r1,fatigue,qualification_r1_w60_b1024,0,3,G3,tcn,distraction,R1,G3__qualification_r1_w60_b1024__tcn__r1__w60__fold_3__seed_42,42,test,60
temporal_r1,distraction,qualification_r1_w60_b1024,68,3,G3,tcn,alert,R1,G3__qualification_r1_w60_b1024__tcn__r1__w60__fold_3__seed_42,42,test,60
temporal_r1,distraction,qualification_r1_w60_b1024,0,3,G3,tcn,fatigue,R1,G3__qualification_r1_w60_b1024__tcn__r1__w60__fold_3__seed_42,42,test,60
temporal_r1,distraction,qualification_r1_w60_b1024,44,3,G3,tcn,distraction,R1,G3__qualification_r1_w60_b1024__tcn__r1__w60__fold_3__seed_42,42,test,60
temporal_r1,alert,qualification_r1_w60_b1024,1002,4,G3,lstm,alert,R1,G3__qualification_r1_w60_b1024__lstm__r1__w60__fold_4__seed_42,42,validation,60
temporal_r1,alert,qualification_r1_w60_b1024,0,4,G3,lstm,fatigue,R1,G3__qualification_r1_w60_b1024__lstm__r1__w60__fold_4__seed_42,42,validation,60
temporal_r1,alert,qualification_r1_w60_b1024,10,4,G3,lstm,distraction,R1,G3__qualification_r1_w60_b1024__lstm__r1__w60__fold_4__seed_42,42,validation,60
temporal_r1,fatigue,qualification_r1_w60_b1024,17,4,G3,lstm,alert,R1,G3__qualification_r1_w60_b1024__lstm__r1__w60__fold_4__seed_42,42,validation,60
temporal_r1,fatigue,qualification_r1_w60_b1024,0,4,G3,lstm,fatigue,R1,G3__qualification_r1_w60_b1024__lstm__r1__w60__fold_4__seed_42,42,validation,60
temporal_r1,fatigue,qualification_r1_w60_b1024,0,4,G3,lstm,distraction,R1,G3__qualification_r1_w60_b1024__lstm__r1__w60__fold_4__seed_42,42,validation,60
temporal_r1,distraction,qualification_r1_w60_b1024,96,4,G3,lstm,alert,R1,G3__qualification_r1_w60_b1024__lstm__r1__w60__fold_4__seed_42,42,validation,60
temporal_r1,distraction,qualification_r1_w60_b1024,0,4,G3,lstm,fatigue,R1,G3__qualification_r1_w60_b1024__lstm__r1__w60__fold_4__seed_42,42,validation,60
temporal_r1,distraction,qualification_r1_w60_b1024,0,4,G3,lstm,distraction,R1,G3__qualification_r1_w60_b1024__lstm__r1__w60__fold_4__seed_42,42,validation,60
temporal_r1,alert,qualification_r1_w60_b1024,946,4,G3,lstm,alert,R1,G3__qualification_r1_w60_b1024__lstm__r1__w60__fold_4__seed_42,42,test,60
temporal_r1,alert,qualification_r1_w60_b1024,0,4,G3,lstm,fatigue,R1,G3__qualification_r1_w60_b1024__lstm__r1__w60__fold_4__seed_42,42,test,60
temporal_r1,alert,qualification_r1_w60_b1024,11,4,G3,lstm,distraction,R1,G3__qualification_r1_w60_b1024__lstm__r1__w60__fold_4__seed_42,42,test,60
temporal_r1,fatigue,qualification_r1_w60_b1024,0,4,G3,lstm,alert,R1,G3__qualification_r1_w60_b1024__lstm__r1__w60__fold_4__seed_42,42,test,60
temporal_r1,fatigue,qualification_r1_w60_b1024,0,4,G3,lstm,fatigue,R1,G3__qualification_r1_w60_b1024__lstm__r1__w60__fold_4__seed_42,42,test,60
temporal_r1,fatigue,qualification_r1_w60_b1024,0,4,G3,lstm,distraction,R1,G3__qualification_r1_w60_b1024__lstm__r1__w60__fold_4__seed_42,42,test,60
temporal_r1,distraction,qualification_r1_w60_b1024,137,4,G3,lstm,alert,R1,G3__qualification_r1_w60_b1024__lstm__r1__w60__fold_4__seed_42,42,test,60
temporal_r1,distraction,qualification_r1_w60_b1024,0,4,G3,lstm,fatigue,R1,G3__qualification_r1_w60_b1024__lstm__r1__w60__fold_4__seed_42,42,test,60
temporal_r1,distraction,qualification_r1_w60_b1024,1,4,G3,lstm,distraction,R1,G3__qualification_r1_w60_b1024__lstm__r1__w60__fold_4__seed_42,42,test,60
temporal_r1,alert,qualification_r1_w60_b1024,1012,4,G3,tcn,alert,R1,G3__qualification_r1_w60_b1024__tcn__r1__w60__fold_4__seed_42,42,validation,60
temporal_r1,alert,qualification_r1_w60_b1024,0,4,G3,tcn,fatigue,R1,G3__qualification_r1_w60_b1024__tcn__r1__w60__fold_4__seed_42,42,validation,60
temporal_r1,alert,qualification_r1_w60_b1024,0,4,G3,tcn,distraction,R1,G3__qualification_r1_w60_b1024__tcn__r1__w60__fold_4__seed_42,42,validation,60
temporal_r1,fatigue,qualification_r1_w60_b1024,17,4,G3,tcn,alert,R1,G3__qualification_r1_w60_b1024__tcn__r1__w60__fold_4__seed_42,42,validation,60
temporal_r1,fatigue,qualification_r1_w60_b1024,0,4,G3,tcn,fatigue,R1,G3__qualification_r1_w60_b1024__tcn__r1__w60__fold_4__seed_42,42,validation,60
temporal_r1,fatigue,qualification_r1_w60_b1024,0,4,G3,tcn,distraction,R1,G3__qualification_r1_w60_b1024__tcn__r1__w60__fold_4__seed_42,42,validation,60
temporal_r1,distraction,qualification_r1_w60_b1024,96,4,G3,tcn,alert,R1,G3__qualification_r1_w60_b1024__tcn__r1__w60__fold_4__seed_42,42,validation,60
temporal_r1,distraction,qualification_r1_w60_b1024,0,4,G3,tcn,fatigue,R1,G3__qualification_r1_w60_b1024__tcn__r1__w60__fold_4__seed_42,42,validation,60
temporal_r1,distraction,qualification_r1_w60_b1024,0,4,G3,tcn,distraction,R1,G3__qualification_r1_w60_b1024__tcn__r1__w60__fold_4__seed_42,42,validation,60
temporal_r1,alert,qualification_r1_w60_b1024,957,4,G3,tcn,alert,R1,G3__qualification_r1_w60_b1024__tcn__r1__w60__fold_4__seed_42,42,test,60
temporal_r1,alert,qualification_r1_w60_b1024,0,4,G3,tcn,fatigue,R1,G3__qualification_r1_w60_b1024__tcn__r1__w60__fold_4__seed_42,42,test,60
temporal_r1,alert,qualification_r1_w60_b1024,0,4,G3,tcn,distraction,R1,G3__qualification_r1_w60_b1024__tcn__r1__w60__fold_4__seed_42,42,test,60
temporal_r1,fatigue,qualification_r1_w60_b1024,0,4,G3,tcn,alert,R1,G3__qualification_r1_w60_b1024__tcn__r1__w60__fold_4__seed_42,42,test,60
temporal_r1,fatigue,qualification_r1_w60_b1024,0,4,G3,tcn,fatigue,R1,G3__qualification_r1_w60_b1024__tcn__r1__w60__fold_4__seed_42,42,test,60
temporal_r1,fatigue,qualification_r1_w60_b1024,0,4,G3,tcn,distraction,R1,G3__qualification_r1_w60_b1024__tcn__r1__w60__fold_4__seed_42,42,test,60
temporal_r1,distraction,qualification_r1_w60_b1024,138,4,G3,tcn,alert,R1,G3__qualification_r1_w60_b1024__tcn__r1__w60__fold_4__seed_42,42,test,60
temporal_r1,distraction,qualification_r1_w60_b1024,0,4,G3,tcn,fatigue,R1,G3__qualification_r1_w60_b1024__tcn__r1__w60__fold_4__seed_42,42,test,60
temporal_r1,distraction,qualification_r1_w60_b1024,0,4,G3,tcn,distraction,R1,G3__qualification_r1_w60_b1024__tcn__r1__w60__fold_4__seed_42,42,test,60
temporal_r2,alert,qualification_r2_w60_b1024,1014,1,G3,lstm,alert,R2,G3__qualification_r2_w60_b1024__lstm__r2__w60__fold_1__seed_42,42,validation,60
temporal_r2,alert,qualification_r2_w60_b1024,0,1,G3,lstm,fatigue,R2,G3__qualification_r2_w60_b1024__lstm__r2__w60__fold_1__seed_42,42,validation,60
temporal_r2,alert,qualification_r2_w60_b1024,0,1,G3,lstm,distraction,R2,G3__qualification_r2_w60_b1024__lstm__r2__w60__fold_1__seed_42,42,validation,60
temporal_r2,fatigue,qualification_r2_w60_b1024,4,1,G3,lstm,alert,R2,G3__qualification_r2_w60_b1024__lstm__r2__w60__fold_1__seed_42,42,validation,60
temporal_r2,fatigue,qualification_r2_w60_b1024,0,1,G3,lstm,fatigue,R2,G3__qualification_r2_w60_b1024__lstm__r2__w60__fold_1__seed_42,42,validation,60
temporal_r2,fatigue,qualification_r2_w60_b1024,0,1,G3,lstm,distraction,R2,G3__qualification_r2_w60_b1024__lstm__r2__w60__fold_1__seed_42,42,validation,60
temporal_r2,distraction,qualification_r2_w60_b1024,162,1,G3,lstm,alert,R2,G3__qualification_r2_w60_b1024__lstm__r2__w60__fold_1__seed_42,42,validation,60
temporal_r2,distraction,qualification_r2_w60_b1024,0,1,G3,lstm,fatigue,R2,G3__qualification_r2_w60_b1024__lstm__r2__w60__fold_1__seed_42,42,validation,60
temporal_r2,distraction,qualification_r2_w60_b1024,0,1,G3,lstm,distraction,R2,G3__qualification_r2_w60_b1024__lstm__r2__w60__fold_1__seed_42,42,validation,60
temporal_r2,alert,qualification_r2_w60_b1024,1087,1,G3,lstm,alert,R2,G3__qualification_r2_w60_b1024__lstm__r2__w60__fold_1__seed_42,42,test,60
temporal_r2,alert,qualification_r2_w60_b1024,1,1,G3,lstm,fatigue,R2,G3__qualification_r2_w60_b1024__lstm__r2__w60__fold_1__seed_42,42,test,60
temporal_r2,alert,qualification_r2_w60_b1024,0,1,G3,lstm,distraction,R2,G3__qualification_r2_w60_b1024__lstm__r2__w60__fold_1__seed_42,42,test,60
temporal_r2,fatigue,qualification_r2_w60_b1024,67,1,G3,lstm,alert,R2,G3__qualification_r2_w60_b1024__lstm__r2__w60__fold_1__seed_42,42,test,60
temporal_r2,fatigue,qualification_r2_w60_b1024,0,1,G3,lstm,fatigue,R2,G3__qualification_r2_w60_b1024__lstm__r2__w60__fold_1__seed_42,42,test,60
temporal_r2,fatigue,qualification_r2_w60_b1024,0,1,G3,lstm,distraction,R2,G3__qualification_r2_w60_b1024__lstm__r2__w60__fold_1__seed_42,42,test,60
temporal_r2,distraction,qualification_r2_w60_b1024,379,1,G3,lstm,alert,R2,G3__qualification_r2_w60_b1024__lstm__r2__w60__fold_1__seed_42,42,test,60
temporal_r2,distraction,qualification_r2_w60_b1024,0,1,G3,lstm,fatigue,R2,G3__qualification_r2_w60_b1024__lstm__r2__w60__fold_1__seed_42,42,test,60
temporal_r2,distraction,qualification_r2_w60_b1024,0,1,G3,lstm,distraction,R2,G3__qualification_r2_w60_b1024__lstm__r2__w60__fold_1__seed_42,42,test,60
temporal_r2,alert,qualification_r2_w60_b1024,1014,1,G3,tcn,alert,R2,G3__qualification_r2_w60_b1024__tcn__r2__w60__fold_1__seed_42,42,validation,60
temporal_r2,alert,qualification_r2_w60_b1024,0,1,G3,tcn,fatigue,R2,G3__qualification_r2_w60_b1024__tcn__r2__w60__fold_1__seed_42,42,validation,60
temporal_r2,alert,qualification_r2_w60_b1024,0,1,G3,tcn,distraction,R2,G3__qualification_r2_w60_b1024__tcn__r2__w60__fold_1__seed_42,42,validation,60
temporal_r2,fatigue,qualification_r2_w60_b1024,4,1,G3,tcn,alert,R2,G3__qualification_r2_w60_b1024__tcn__r2__w60__fold_1__seed_42,42,validation,60
temporal_r2,fatigue,qualification_r2_w60_b1024,0,1,G3,tcn,fatigue,R2,G3__qualification_r2_w60_b1024__tcn__r2__w60__fold_1__seed_42,42,validation,60
temporal_r2,fatigue,qualification_r2_w60_b1024,0,1,G3,tcn,distraction,R2,G3__qualification_r2_w60_b1024__tcn__r2__w60__fold_1__seed_42,42,validation,60
temporal_r2,distraction,qualification_r2_w60_b1024,162,1,G3,tcn,alert,R2,G3__qualification_r2_w60_b1024__tcn__r2__w60__fold_1__seed_42,42,validation,60
temporal_r2,distraction,qualification_r2_w60_b1024,0,1,G3,tcn,fatigue,R2,G3__qualification_r2_w60_b1024__tcn__r2__w60__fold_1__seed_42,42,validation,60
temporal_r2,distraction,qualification_r2_w60_b1024,0,1,G3,tcn,distraction,R2,G3__qualification_r2_w60_b1024__tcn__r2__w60__fold_1__seed_42,42,validation,60
temporal_r2,alert,qualification_r2_w60_b1024,1088,1,G3,tcn,alert,R2,G3__qualification_r2_w60_b1024__tcn__r2__w60__fold_1__seed_42,42,test,60
temporal_r2,alert,qualification_r2_w60_b1024,0,1,G3,tcn,fatigue,R2,G3__qualification_r2_w60_b1024__tcn__r2__w60__fold_1__seed_42,42,test,60
temporal_r2,alert,qualification_r2_w60_b1024,0,1,G3,tcn,distraction,R2,G3__qualification_r2_w60_b1024__tcn__r2__w60__fold_1__seed_42,42,test,60
temporal_r2,fatigue,qualification_r2_w60_b1024,67,1,G3,tcn,alert,R2,G3__qualification_r2_w60_b1024__tcn__r2__w60__fold_1__seed_42,42,test,60
temporal_r2,fatigue,qualification_r2_w60_b1024,0,1,G3,tcn,fatigue,R2,G3__qualification_r2_w60_b1024__tcn__r2__w60__fold_1__seed_42,42,test,60
temporal_r2,fatigue,qualification_r2_w60_b1024,0,1,G3,tcn,distraction,R2,G3__qualification_r2_w60_b1024__tcn__r2__w60__fold_1__seed_42,42,test,60
temporal_r2,distraction,qualification_r2_w60_b1024,379,1,G3,tcn,alert,R2,G3__qualification_r2_w60_b1024__tcn__r2__w60__fold_1__seed_42,42,test,60
temporal_r2,distraction,qualification_r2_w60_b1024,0,1,G3,tcn,fatigue,R2,G3__qualification_r2_w60_b1024__tcn__r2__w60__fold_1__seed_42,42,test,60
temporal_r2,distraction,qualification_r2_w60_b1024,0,1,G3,tcn,distraction,R2,G3__qualification_r2_w60_b1024__tcn__r2__w60__fold_1__seed_42,42,test,60
temporal_r2,alert,qualification_r2_w60_b1024,1080,2,G3,lstm,alert,R2,G3__qualification_r2_w60_b1024__lstm__r2__w60__fold_2__seed_42,42,validation,60
temporal_r2,alert,qualification_r2_w60_b1024,0,2,G3,lstm,fatigue,R2,G3__qualification_r2_w60_b1024__lstm__r2__w60__fold_2__seed_42,42,validation,60
temporal_r2,alert,qualification_r2_w60_b1024,0,2,G3,lstm,distraction,R2,G3__qualification_r2_w60_b1024__lstm__r2__w60__fold_2__seed_42,42,validation,60
temporal_r2,fatigue,qualification_r2_w60_b1024,17,2,G3,lstm,alert,R2,G3__qualification_r2_w60_b1024__lstm__r2__w60__fold_2__seed_42,42,validation,60
temporal_r2,fatigue,qualification_r2_w60_b1024,0,2,G3,lstm,fatigue,R2,G3__qualification_r2_w60_b1024__lstm__r2__w60__fold_2__seed_42,42,validation,60
temporal_r2,fatigue,qualification_r2_w60_b1024,0,2,G3,lstm,distraction,R2,G3__qualification_r2_w60_b1024__lstm__r2__w60__fold_2__seed_42,42,validation,60
temporal_r2,distraction,qualification_r2_w60_b1024,76,2,G3,lstm,alert,R2,G3__qualification_r2_w60_b1024__lstm__r2__w60__fold_2__seed_42,42,validation,60
temporal_r2,distraction,qualification_r2_w60_b1024,0,2,G3,lstm,fatigue,R2,G3__qualification_r2_w60_b1024__lstm__r2__w60__fold_2__seed_42,42,validation,60
temporal_r2,distraction,qualification_r2_w60_b1024,0,2,G3,lstm,distraction,R2,G3__qualification_r2_w60_b1024__lstm__r2__w60__fold_2__seed_42,42,validation,60
temporal_r2,alert,qualification_r2_w60_b1024,1567,2,G3,lstm,alert,R2,G3__qualification_r2_w60_b1024__lstm__r2__w60__fold_2__seed_42,42,test,60
temporal_r2,alert,qualification_r2_w60_b1024,4,2,G3,lstm,fatigue,R2,G3__qualification_r2_w60_b1024__lstm__r2__w60__fold_2__seed_42,42,test,60
temporal_r2,alert,qualification_r2_w60_b1024,0,2,G3,lstm,distraction,R2,G3__qualification_r2_w60_b1024__lstm__r2__w60__fold_2__seed_42,42,test,60
temporal_r2,fatigue,qualification_r2_w60_b1024,0,2,G3,lstm,alert,R2,G3__qualification_r2_w60_b1024__lstm__r2__w60__fold_2__seed_42,42,test,60
temporal_r2,fatigue,qualification_r2_w60_b1024,0,2,G3,lstm,fatigue,R2,G3__qualification_r2_w60_b1024__lstm__r2__w60__fold_2__seed_42,42,test,60
temporal_r2,fatigue,qualification_r2_w60_b1024,0,2,G3,lstm,distraction,R2,G3__qualification_r2_w60_b1024__lstm__r2__w60__fold_2__seed_42,42,test,60
temporal_r2,distraction,qualification_r2_w60_b1024,293,2,G3,lstm,alert,R2,G3__qualification_r2_w60_b1024__lstm__r2__w60__fold_2__seed_42,42,test,60
temporal_r2,distraction,qualification_r2_w60_b1024,0,2,G3,lstm,fatigue,R2,G3__qualification_r2_w60_b1024__lstm__r2__w60__fold_2__seed_42,42,test,60
temporal_r2,distraction,qualification_r2_w60_b1024,0,2,G3,lstm,distraction,R2,G3__qualification_r2_w60_b1024__lstm__r2__w60__fold_2__seed_42,42,test,60
temporal_r2,alert,qualification_r2_w60_b1024,1080,2,G3,tcn,alert,R2,G3__qualification_r2_w60_b1024__tcn__r2__w60__fold_2__seed_42,42,validation,60
temporal_r2,alert,qualification_r2_w60_b1024,0,2,G3,tcn,fatigue,R2,G3__qualification_r2_w60_b1024__tcn__r2__w60__fold_2__seed_42,42,validation,60
temporal_r2,alert,qualification_r2_w60_b1024,0,2,G3,tcn,distraction,R2,G3__qualification_r2_w60_b1024__tcn__r2__w60__fold_2__seed_42,42,validation,60
temporal_r2,fatigue,qualification_r2_w60_b1024,17,2,G3,tcn,alert,R2,G3__qualification_r2_w60_b1024__tcn__r2__w60__fold_2__seed_42,42,validation,60
temporal_r2,fatigue,qualification_r2_w60_b1024,0,2,G3,tcn,fatigue,R2,G3__qualification_r2_w60_b1024__tcn__r2__w60__fold_2__seed_42,42,validation,60
temporal_r2,fatigue,qualification_r2_w60_b1024,0,2,G3,tcn,distraction,R2,G3__qualification_r2_w60_b1024__tcn__r2__w60__fold_2__seed_42,42,validation,60
temporal_r2,distraction,qualification_r2_w60_b1024,76,2,G3,tcn,alert,R2,G3__qualification_r2_w60_b1024__tcn__r2__w60__fold_2__seed_42,42,validation,60
temporal_r2,distraction,qualification_r2_w60_b1024,0,2,G3,tcn,fatigue,R2,G3__qualification_r2_w60_b1024__tcn__r2__w60__fold_2__seed_42,42,validation,60
temporal_r2,distraction,qualification_r2_w60_b1024,0,2,G3,tcn,distraction,R2,G3__qualification_r2_w60_b1024__tcn__r2__w60__fold_2__seed_42,42,validation,60
temporal_r2,alert,qualification_r2_w60_b1024,1571,2,G3,tcn,alert,R2,G3__qualification_r2_w60_b1024__tcn__r2__w60__fold_2__seed_42,42,test,60
temporal_r2,alert,qualification_r2_w60_b1024,0,2,G3,tcn,fatigue,R2,G3__qualification_r2_w60_b1024__tcn__r2__w60__fold_2__seed_42,42,test,60
temporal_r2,alert,qualification_r2_w60_b1024,0,2,G3,tcn,distraction,R2,G3__qualification_r2_w60_b1024__tcn__r2__w60__fold_2__seed_42,42,test,60
temporal_r2,fatigue,qualification_r2_w60_b1024,0,2,G3,tcn,alert,R2,G3__qualification_r2_w60_b1024__tcn__r2__w60__fold_2__seed_42,42,test,60
temporal_r2,fatigue,qualification_r2_w60_b1024,0,2,G3,tcn,fatigue,R2,G3__qualification_r2_w60_b1024__tcn__r2__w60__fold_2__seed_42,42,test,60
temporal_r2,fatigue,qualification_r2_w60_b1024,0,2,G3,tcn,distraction,R2,G3__qualification_r2_w60_b1024__tcn__r2__w60__fold_2__seed_42,42,test,60
temporal_r2,distraction,qualification_r2_w60_b1024,293,2,G3,tcn,alert,R2,G3__qualification_r2_w60_b1024__tcn__r2__w60__fold_2__seed_42,42,test,60
temporal_r2,distraction,qualification_r2_w60_b1024,0,2,G3,tcn,fatigue,R2,G3__qualification_r2_w60_b1024__tcn__r2__w60__fold_2__seed_42,42,test,60
temporal_r2,distraction,qualification_r2_w60_b1024,0,2,G3,tcn,distraction,R2,G3__qualification_r2_w60_b1024__tcn__r2__w60__fold_2__seed_42,42,test,60
temporal_r2,alert,qualification_r2_w60_b1024,986,3,G3,lstm,alert,R2,G3__qualification_r2_w60_b1024__lstm__r2__w60__fold_3__seed_42,42,validation,60
temporal_r2,alert,qualification_r2_w60_b1024,0,3,G3,lstm,fatigue,R2,G3__qualification_r2_w60_b1024__lstm__r2__w60__fold_3__seed_42,42,validation,60
temporal_r2,alert,qualification_r2_w60_b1024,0,3,G3,lstm,distraction,R2,G3__qualification_r2_w60_b1024__lstm__r2__w60__fold_3__seed_42,42,validation,60
temporal_r2,fatigue,qualification_r2_w60_b1024,13,3,G3,lstm,alert,R2,G3__qualification_r2_w60_b1024__lstm__r2__w60__fold_3__seed_42,42,validation,60
temporal_r2,fatigue,qualification_r2_w60_b1024,0,3,G3,lstm,fatigue,R2,G3__qualification_r2_w60_b1024__lstm__r2__w60__fold_3__seed_42,42,validation,60
temporal_r2,fatigue,qualification_r2_w60_b1024,0,3,G3,lstm,distraction,R2,G3__qualification_r2_w60_b1024__lstm__r2__w60__fold_3__seed_42,42,validation,60
temporal_r2,distraction,qualification_r2_w60_b1024,152,3,G3,lstm,alert,R2,G3__qualification_r2_w60_b1024__lstm__r2__w60__fold_3__seed_42,42,validation,60
temporal_r2,distraction,qualification_r2_w60_b1024,0,3,G3,lstm,fatigue,R2,G3__qualification_r2_w60_b1024__lstm__r2__w60__fold_3__seed_42,42,validation,60
temporal_r2,distraction,qualification_r2_w60_b1024,0,3,G3,lstm,distraction,R2,G3__qualification_r2_w60_b1024__lstm__r2__w60__fold_3__seed_42,42,validation,60
temporal_r2,alert,qualification_r2_w60_b1024,1367,3,G3,lstm,alert,R2,G3__qualification_r2_w60_b1024__lstm__r2__w60__fold_3__seed_42,42,test,60
temporal_r2,alert,qualification_r2_w60_b1024,0,3,G3,lstm,fatigue,R2,G3__qualification_r2_w60_b1024__lstm__r2__w60__fold_3__seed_42,42,test,60
temporal_r2,alert,qualification_r2_w60_b1024,0,3,G3,lstm,distraction,R2,G3__qualification_r2_w60_b1024__lstm__r2__w60__fold_3__seed_42,42,test,60
temporal_r2,fatigue,qualification_r2_w60_b1024,21,3,G3,lstm,alert,R2,G3__qualification_r2_w60_b1024__lstm__r2__w60__fold_3__seed_42,42,test,60
temporal_r2,fatigue,qualification_r2_w60_b1024,0,3,G3,lstm,fatigue,R2,G3__qualification_r2_w60_b1024__lstm__r2__w60__fold_3__seed_42,42,test,60
temporal_r2,fatigue,qualification_r2_w60_b1024,0,3,G3,lstm,distraction,R2,G3__qualification_r2_w60_b1024__lstm__r2__w60__fold_3__seed_42,42,test,60
temporal_r2,distraction,qualification_r2_w60_b1024,112,3,G3,lstm,alert,R2,G3__qualification_r2_w60_b1024__lstm__r2__w60__fold_3__seed_42,42,test,60
temporal_r2,distraction,qualification_r2_w60_b1024,0,3,G3,lstm,fatigue,R2,G3__qualification_r2_w60_b1024__lstm__r2__w60__fold_3__seed_42,42,test,60
temporal_r2,distraction,qualification_r2_w60_b1024,0,3,G3,lstm,distraction,R2,G3__qualification_r2_w60_b1024__lstm__r2__w60__fold_3__seed_42,42,test,60
temporal_r2,alert,qualification_r2_w60_b1024,844,3,G3,tcn,alert,R2,G3__qualification_r2_w60_b1024__tcn__r2__w60__fold_3__seed_42,42,validation,60
temporal_r2,alert,qualification_r2_w60_b1024,0,3,G3,tcn,fatigue,R2,G3__qualification_r2_w60_b1024__tcn__r2__w60__fold_3__seed_42,42,validation,60
temporal_r2,alert,qualification_r2_w60_b1024,142,3,G3,tcn,distraction,R2,G3__qualification_r2_w60_b1024__tcn__r2__w60__fold_3__seed_42,42,validation,60
temporal_r2,fatigue,qualification_r2_w60_b1024,13,3,G3,tcn,alert,R2,G3__qualification_r2_w60_b1024__tcn__r2__w60__fold_3__seed_42,42,validation,60
temporal_r2,fatigue,qualification_r2_w60_b1024,0,3,G3,tcn,fatigue,R2,G3__qualification_r2_w60_b1024__tcn__r2__w60__fold_3__seed_42,42,validation,60
temporal_r2,fatigue,qualification_r2_w60_b1024,0,3,G3,tcn,distraction,R2,G3__qualification_r2_w60_b1024__tcn__r2__w60__fold_3__seed_42,42,validation,60
temporal_r2,distraction,qualification_r2_w60_b1024,96,3,G3,tcn,alert,R2,G3__qualification_r2_w60_b1024__tcn__r2__w60__fold_3__seed_42,42,validation,60
temporal_r2,distraction,qualification_r2_w60_b1024,0,3,G3,tcn,fatigue,R2,G3__qualification_r2_w60_b1024__tcn__r2__w60__fold_3__seed_42,42,validation,60
temporal_r2,distraction,qualification_r2_w60_b1024,56,3,G3,tcn,distraction,R2,G3__qualification_r2_w60_b1024__tcn__r2__w60__fold_3__seed_42,42,validation,60
temporal_r2,alert,qualification_r2_w60_b1024,1278,3,G3,tcn,alert,R2,G3__qualification_r2_w60_b1024__tcn__r2__w60__fold_3__seed_42,42,test,60
temporal_r2,alert,qualification_r2_w60_b1024,0,3,G3,tcn,fatigue,R2,G3__qualification_r2_w60_b1024__tcn__r2__w60__fold_3__seed_42,42,test,60
temporal_r2,alert,qualification_r2_w60_b1024,89,3,G3,tcn,distraction,R2,G3__qualification_r2_w60_b1024__tcn__r2__w60__fold_3__seed_42,42,test,60
temporal_r2,fatigue,qualification_r2_w60_b1024,19,3,G3,tcn,alert,R2,G3__qualification_r2_w60_b1024__tcn__r2__w60__fold_3__seed_42,42,test,60
temporal_r2,fatigue,qualification_r2_w60_b1024,0,3,G3,tcn,fatigue,R2,G3__qualification_r2_w60_b1024__tcn__r2__w60__fold_3__seed_42,42,test,60
temporal_r2,fatigue,qualification_r2_w60_b1024,2,3,G3,tcn,distraction,R2,G3__qualification_r2_w60_b1024__tcn__r2__w60__fold_3__seed_42,42,test,60
temporal_r2,distraction,qualification_r2_w60_b1024,58,3,G3,tcn,alert,R2,G3__qualification_r2_w60_b1024__tcn__r2__w60__fold_3__seed_42,42,test,60
temporal_r2,distraction,qualification_r2_w60_b1024,0,3,G3,tcn,fatigue,R2,G3__qualification_r2_w60_b1024__tcn__r2__w60__fold_3__seed_42,42,test,60
temporal_r2,distraction,qualification_r2_w60_b1024,54,3,G3,tcn,distraction,R2,G3__qualification_r2_w60_b1024__tcn__r2__w60__fold_3__seed_42,42,test,60
temporal_r2,alert,qualification_r2_w60_b1024,899,4,G3,lstm,alert,R2,G3__qualification_r2_w60_b1024__lstm__r2__w60__fold_4__seed_42,42,validation,60
temporal_r2,alert,qualification_r2_w60_b1024,0,4,G3,lstm,fatigue,R2,G3__qualification_r2_w60_b1024__lstm__r2__w60__fold_4__seed_42,42,validation,60
temporal_r2,alert,qualification_r2_w60_b1024,113,4,G3,lstm,distraction,R2,G3__qualification_r2_w60_b1024__lstm__r2__w60__fold_4__seed_42,42,validation,60
temporal_r2,fatigue,qualification_r2_w60_b1024,17,4,G3,lstm,alert,R2,G3__qualification_r2_w60_b1024__lstm__r2__w60__fold_4__seed_42,42,validation,60
temporal_r2,fatigue,qualification_r2_w60_b1024,0,4,G3,lstm,fatigue,R2,G3__qualification_r2_w60_b1024__lstm__r2__w60__fold_4__seed_42,42,validation,60
temporal_r2,fatigue,qualification_r2_w60_b1024,0,4,G3,lstm,distraction,R2,G3__qualification_r2_w60_b1024__lstm__r2__w60__fold_4__seed_42,42,validation,60
temporal_r2,distraction,qualification_r2_w60_b1024,59,4,G3,lstm,alert,R2,G3__qualification_r2_w60_b1024__lstm__r2__w60__fold_4__seed_42,42,validation,60
temporal_r2,distraction,qualification_r2_w60_b1024,0,4,G3,lstm,fatigue,R2,G3__qualification_r2_w60_b1024__lstm__r2__w60__fold_4__seed_42,42,validation,60
temporal_r2,distraction,qualification_r2_w60_b1024,37,4,G3,lstm,distraction,R2,G3__qualification_r2_w60_b1024__lstm__r2__w60__fold_4__seed_42,42,validation,60
temporal_r2,alert,qualification_r2_w60_b1024,805,4,G3,lstm,alert,R2,G3__qualification_r2_w60_b1024__lstm__r2__w60__fold_4__seed_42,42,test,60
temporal_r2,alert,qualification_r2_w60_b1024,0,4,G3,lstm,fatigue,R2,G3__qualification_r2_w60_b1024__lstm__r2__w60__fold_4__seed_42,42,test,60
temporal_r2,alert,qualification_r2_w60_b1024,152,4,G3,lstm,distraction,R2,G3__qualification_r2_w60_b1024__lstm__r2__w60__fold_4__seed_42,42,test,60
temporal_r2,fatigue,qualification_r2_w60_b1024,0,4,G3,lstm,alert,R2,G3__qualification_r2_w60_b1024__lstm__r2__w60__fold_4__seed_42,42,test,60
temporal_r2,fatigue,qualification_r2_w60_b1024,0,4,G3,lstm,fatigue,R2,G3__qualification_r2_w60_b1024__lstm__r2__w60__fold_4__seed_42,42,test,60
temporal_r2,fatigue,qualification_r2_w60_b1024,0,4,G3,lstm,distraction,R2,G3__qualification_r2_w60_b1024__lstm__r2__w60__fold_4__seed_42,42,test,60
temporal_r2,distraction,qualification_r2_w60_b1024,98,4,G3,lstm,alert,R2,G3__qualification_r2_w60_b1024__lstm__r2__w60__fold_4__seed_42,42,test,60
temporal_r2,distraction,qualification_r2_w60_b1024,0,4,G3,lstm,fatigue,R2,G3__qualification_r2_w60_b1024__lstm__r2__w60__fold_4__seed_42,42,test,60
temporal_r2,distraction,qualification_r2_w60_b1024,40,4,G3,lstm,distraction,R2,G3__qualification_r2_w60_b1024__lstm__r2__w60__fold_4__seed_42,42,test,60
temporal_r2,alert,qualification_r2_w60_b1024,894,4,G3,tcn,alert,R2,G3__qualification_r2_w60_b1024__tcn__r2__w60__fold_4__seed_42,42,validation,60
temporal_r2,alert,qualification_r2_w60_b1024,0,4,G3,tcn,fatigue,R2,G3__qualification_r2_w60_b1024__tcn__r2__w60__fold_4__seed_42,42,validation,60
temporal_r2,alert,qualification_r2_w60_b1024,118,4,G3,tcn,distraction,R2,G3__qualification_r2_w60_b1024__tcn__r2__w60__fold_4__seed_42,42,validation,60
temporal_r2,fatigue,qualification_r2_w60_b1024,17,4,G3,tcn,alert,R2,G3__qualification_r2_w60_b1024__tcn__r2__w60__fold_4__seed_42,42,validation,60
temporal_r2,fatigue,qualification_r2_w60_b1024,0,4,G3,tcn,fatigue,R2,G3__qualification_r2_w60_b1024__tcn__r2__w60__fold_4__seed_42,42,validation,60
temporal_r2,fatigue,qualification_r2_w60_b1024,0,4,G3,tcn,distraction,R2,G3__qualification_r2_w60_b1024__tcn__r2__w60__fold_4__seed_42,42,validation,60
temporal_r2,distraction,qualification_r2_w60_b1024,49,4,G3,tcn,alert,R2,G3__qualification_r2_w60_b1024__tcn__r2__w60__fold_4__seed_42,42,validation,60
temporal_r2,distraction,qualification_r2_w60_b1024,0,4,G3,tcn,fatigue,R2,G3__qualification_r2_w60_b1024__tcn__r2__w60__fold_4__seed_42,42,validation,60
temporal_r2,distraction,qualification_r2_w60_b1024,47,4,G3,tcn,distraction,R2,G3__qualification_r2_w60_b1024__tcn__r2__w60__fold_4__seed_42,42,validation,60
temporal_r2,alert,qualification_r2_w60_b1024,803,4,G3,tcn,alert,R2,G3__qualification_r2_w60_b1024__tcn__r2__w60__fold_4__seed_42,42,test,60
temporal_r2,alert,qualification_r2_w60_b1024,0,4,G3,tcn,fatigue,R2,G3__qualification_r2_w60_b1024__tcn__r2__w60__fold_4__seed_42,42,test,60
temporal_r2,alert,qualification_r2_w60_b1024,154,4,G3,tcn,distraction,R2,G3__qualification_r2_w60_b1024__tcn__r2__w60__fold_4__seed_42,42,test,60
temporal_r2,fatigue,qualification_r2_w60_b1024,0,4,G3,tcn,alert,R2,G3__qualification_r2_w60_b1024__tcn__r2__w60__fold_4__seed_42,42,test,60
temporal_r2,fatigue,qualification_r2_w60_b1024,0,4,G3,tcn,fatigue,R2,G3__qualification_r2_w60_b1024__tcn__r2__w60__fold_4__seed_42,42,test,60
temporal_r2,fatigue,qualification_r2_w60_b1024,0,4,G3,tcn,distraction,R2,G3__qualification_r2_w60_b1024__tcn__r2__w60__fold_4__seed_42,42,test,60
temporal_r2,distraction,qualification_r2_w60_b1024,97,4,G3,tcn,alert,R2,G3__qualification_r2_w60_b1024__tcn__r2__w60__fold_4__seed_42,42,test,60
temporal_r2,distraction,qualification_r2_w60_b1024,0,4,G3,tcn,fatigue,R2,G3__qualification_r2_w60_b1024__tcn__r2__w60__fold_4__seed_42,42,test,60
temporal_r2,distraction,qualification_r2_w60_b1024,41,4,G3,tcn,distraction,R2,G3__qualification_r2_w60_b1024__tcn__r2__w60__fold_4__seed_42,42,test,60
temporal_r1,alert,qualification_r1_w150_b1024,999,1,G3,transformer,alert,R1,G3__qualification_r1_w150_b1024__transformer__r1__w150__fold_1__seed_42,42,validation,150
temporal_r1,alert,qualification_r1_w150_b1024,0,1,G3,transformer,fatigue,R1,G3__qualification_r1_w150_b1024__transformer__r1__w150__fold_1__seed_42,42,validation,150
temporal_r1,alert,qualification_r1_w150_b1024,0,1,G3,transformer,distraction,R1,G3__qualification_r1_w150_b1024__transformer__r1__w150__fold_1__seed_42,42,validation,150
temporal_r1,fatigue,qualification_r1_w150_b1024,1,1,G3,transformer,alert,R1,G3__qualification_r1_w150_b1024__transformer__r1__w150__fold_1__seed_42,42,validation,150
temporal_r1,fatigue,qualification_r1_w150_b1024,0,1,G3,transformer,fatigue,R1,G3__qualification_r1_w150_b1024__transformer__r1__w150__fold_1__seed_42,42,validation,150
temporal_r1,fatigue,qualification_r1_w150_b1024,0,1,G3,transformer,distraction,R1,G3__qualification_r1_w150_b1024__transformer__r1__w150__fold_1__seed_42,42,validation,150
temporal_r1,distraction,qualification_r1_w150_b1024,155,1,G3,transformer,alert,R1,G3__qualification_r1_w150_b1024__transformer__r1__w150__fold_1__seed_42,42,validation,150
temporal_r1,distraction,qualification_r1_w150_b1024,0,1,G3,transformer,fatigue,R1,G3__qualification_r1_w150_b1024__transformer__r1__w150__fold_1__seed_42,42,validation,150
temporal_r1,distraction,qualification_r1_w150_b1024,0,1,G3,transformer,distraction,R1,G3__qualification_r1_w150_b1024__transformer__r1__w150__fold_1__seed_42,42,validation,150
temporal_r1,alert,qualification_r1_w150_b1024,1015,1,G3,transformer,alert,R1,G3__qualification_r1_w150_b1024__transformer__r1__w150__fold_1__seed_42,42,test,150
temporal_r1,alert,qualification_r1_w150_b1024,15,1,G3,transformer,fatigue,R1,G3__qualification_r1_w150_b1024__transformer__r1__w150__fold_1__seed_42,42,test,150
temporal_r1,alert,qualification_r1_w150_b1024,60,1,G3,transformer,distraction,R1,G3__qualification_r1_w150_b1024__transformer__r1__w150__fold_1__seed_42,42,test,150
temporal_r1,fatigue,qualification_r1_w150_b1024,56,1,G3,transformer,alert,R1,G3__qualification_r1_w150_b1024__transformer__r1__w150__fold_1__seed_42,42,test,150
temporal_r1,fatigue,qualification_r1_w150_b1024,6,1,G3,transformer,fatigue,R1,G3__qualification_r1_w150_b1024__transformer__r1__w150__fold_1__seed_42,42,test,150
temporal_r1,fatigue,qualification_r1_w150_b1024,0,1,G3,transformer,distraction,R1,G3__qualification_r1_w150_b1024__transformer__r1__w150__fold_1__seed_42,42,test,150
temporal_r1,distraction,qualification_r1_w150_b1024,363,1,G3,transformer,alert,R1,G3__qualification_r1_w150_b1024__transformer__r1__w150__fold_1__seed_42,42,test,150
temporal_r1,distraction,qualification_r1_w150_b1024,2,1,G3,transformer,fatigue,R1,G3__qualification_r1_w150_b1024__transformer__r1__w150__fold_1__seed_42,42,test,150
temporal_r1,distraction,qualification_r1_w150_b1024,11,1,G3,transformer,distraction,R1,G3__qualification_r1_w150_b1024__transformer__r1__w150__fold_1__seed_42,42,test,150
temporal_r1,alert,qualification_r1_w150_b1024,1074,2,G3,transformer,alert,R1,G3__qualification_r1_w150_b1024__transformer__r1__w150__fold_2__seed_42,42,validation,150
temporal_r1,alert,qualification_r1_w150_b1024,0,2,G3,transformer,fatigue,R1,G3__qualification_r1_w150_b1024__transformer__r1__w150__fold_2__seed_42,42,validation,150
temporal_r1,alert,qualification_r1_w150_b1024,0,2,G3,transformer,distraction,R1,G3__qualification_r1_w150_b1024__transformer__r1__w150__fold_2__seed_42,42,validation,150
temporal_r1,fatigue,qualification_r1_w150_b1024,12,2,G3,transformer,alert,R1,G3__qualification_r1_w150_b1024__transformer__r1__w150__fold_2__seed_42,42,validation,150
temporal_r1,fatigue,qualification_r1_w150_b1024,0,2,G3,transformer,fatigue,R1,G3__qualification_r1_w150_b1024__transformer__r1__w150__fold_2__seed_42,42,validation,150
temporal_r1,fatigue,qualification_r1_w150_b1024,0,2,G3,transformer,distraction,R1,G3__qualification_r1_w150_b1024__transformer__r1__w150__fold_2__seed_42,42,validation,150
temporal_r1,distraction,qualification_r1_w150_b1024,74,2,G3,transformer,alert,R1,G3__qualification_r1_w150_b1024__transformer__r1__w150__fold_2__seed_42,42,validation,150
temporal_r1,distraction,qualification_r1_w150_b1024,0,2,G3,transformer,fatigue,R1,G3__qualification_r1_w150_b1024__transformer__r1__w150__fold_2__seed_42,42,validation,150
temporal_r1,distraction,qualification_r1_w150_b1024,0,2,G3,transformer,distraction,R1,G3__qualification_r1_w150_b1024__transformer__r1__w150__fold_2__seed_42,42,validation,150
temporal_r1,alert,qualification_r1_w150_b1024,1560,2,G3,transformer,alert,R1,G3__qualification_r1_w150_b1024__transformer__r1__w150__fold_2__seed_42,42,test,150
temporal_r1,alert,qualification_r1_w150_b1024,0,2,G3,transformer,fatigue,R1,G3__qualification_r1_w150_b1024__transformer__r1__w150__fold_2__seed_42,42,test,150
temporal_r1,alert,qualification_r1_w150_b1024,0,2,G3,transformer,distraction,R1,G3__qualification_r1_w150_b1024__transformer__r1__w150__fold_2__seed_42,42,test,150
temporal_r1,fatigue,qualification_r1_w150_b1024,0,2,G3,transformer,alert,R1,G3__qualification_r1_w150_b1024__transformer__r1__w150__fold_2__seed_42,42,test,150
temporal_r1,fatigue,qualification_r1_w150_b1024,0,2,G3,transformer,fatigue,R1,G3__qualification_r1_w150_b1024__transformer__r1__w150__fold_2__seed_42,42,test,150
temporal_r1,fatigue,qualification_r1_w150_b1024,0,2,G3,transformer,distraction,R1,G3__qualification_r1_w150_b1024__transformer__r1__w150__fold_2__seed_42,42,test,150
temporal_r1,distraction,qualification_r1_w150_b1024,281,2,G3,transformer,alert,R1,G3__qualification_r1_w150_b1024__transformer__r1__w150__fold_2__seed_42,42,test,150
temporal_r1,distraction,qualification_r1_w150_b1024,0,2,G3,transformer,fatigue,R1,G3__qualification_r1_w150_b1024__transformer__r1__w150__fold_2__seed_42,42,test,150
temporal_r1,distraction,qualification_r1_w150_b1024,0,2,G3,transformer,distraction,R1,G3__qualification_r1_w150_b1024__transformer__r1__w150__fold_2__seed_42,42,test,150
temporal_r1,alert,qualification_r1_w150_b1024,969,3,G3,transformer,alert,R1,G3__qualification_r1_w150_b1024__transformer__r1__w150__fold_3__seed_42,42,validation,150
temporal_r1,alert,qualification_r1_w150_b1024,0,3,G3,transformer,fatigue,R1,G3__qualification_r1_w150_b1024__transformer__r1__w150__fold_3__seed_42,42,validation,150
temporal_r1,alert,qualification_r1_w150_b1024,0,3,G3,transformer,distraction,R1,G3__qualification_r1_w150_b1024__transformer__r1__w150__fold_3__seed_42,42,validation,150
temporal_r1,fatigue,qualification_r1_w150_b1024,11,3,G3,transformer,alert,R1,G3__qualification_r1_w150_b1024__transformer__r1__w150__fold_3__seed_42,42,validation,150
temporal_r1,fatigue,qualification_r1_w150_b1024,0,3,G3,transformer,fatigue,R1,G3__qualification_r1_w150_b1024__transformer__r1__w150__fold_3__seed_42,42,validation,150
temporal_r1,fatigue,qualification_r1_w150_b1024,0,3,G3,transformer,distraction,R1,G3__qualification_r1_w150_b1024__transformer__r1__w150__fold_3__seed_42,42,validation,150
temporal_r1,distraction,qualification_r1_w150_b1024,145,3,G3,transformer,alert,R1,G3__qualification_r1_w150_b1024__transformer__r1__w150__fold_3__seed_42,42,validation,150
temporal_r1,distraction,qualification_r1_w150_b1024,0,3,G3,transformer,fatigue,R1,G3__qualification_r1_w150_b1024__transformer__r1__w150__fold_3__seed_42,42,validation,150
temporal_r1,distraction,qualification_r1_w150_b1024,0,3,G3,transformer,distraction,R1,G3__qualification_r1_w150_b1024__transformer__r1__w150__fold_3__seed_42,42,validation,150
temporal_r1,alert,qualification_r1_w150_b1024,1365,3,G3,transformer,alert,R1,G3__qualification_r1_w150_b1024__transformer__r1__w150__fold_3__seed_42,42,test,150
temporal_r1,alert,qualification_r1_w150_b1024,0,3,G3,transformer,fatigue,R1,G3__qualification_r1_w150_b1024__transformer__r1__w150__fold_3__seed_42,42,test,150
temporal_r1,alert,qualification_r1_w150_b1024,0,3,G3,transformer,distraction,R1,G3__qualification_r1_w150_b1024__transformer__r1__w150__fold_3__seed_42,42,test,150
temporal_r1,fatigue,qualification_r1_w150_b1024,22,3,G3,transformer,alert,R1,G3__qualification_r1_w150_b1024__transformer__r1__w150__fold_3__seed_42,42,test,150
temporal_r1,fatigue,qualification_r1_w150_b1024,0,3,G3,transformer,fatigue,R1,G3__qualification_r1_w150_b1024__transformer__r1__w150__fold_3__seed_42,42,test,150
temporal_r1,fatigue,qualification_r1_w150_b1024,0,3,G3,transformer,distraction,R1,G3__qualification_r1_w150_b1024__transformer__r1__w150__fold_3__seed_42,42,test,150
temporal_r1,distraction,qualification_r1_w150_b1024,106,3,G3,transformer,alert,R1,G3__qualification_r1_w150_b1024__transformer__r1__w150__fold_3__seed_42,42,test,150
temporal_r1,distraction,qualification_r1_w150_b1024,0,3,G3,transformer,fatigue,R1,G3__qualification_r1_w150_b1024__transformer__r1__w150__fold_3__seed_42,42,test,150
temporal_r1,distraction,qualification_r1_w150_b1024,0,3,G3,transformer,distraction,R1,G3__qualification_r1_w150_b1024__transformer__r1__w150__fold_3__seed_42,42,test,150
temporal_r1,alert,qualification_r1_w150_b1024,1002,4,G3,transformer,alert,R1,G3__qualification_r1_w150_b1024__transformer__r1__w150__fold_4__seed_42,42,validation,150
temporal_r1,alert,qualification_r1_w150_b1024,0,4,G3,transformer,fatigue,R1,G3__qualification_r1_w150_b1024__transformer__r1__w150__fold_4__seed_42,42,validation,150
temporal_r1,alert,qualification_r1_w150_b1024,0,4,G3,transformer,distraction,R1,G3__qualification_r1_w150_b1024__transformer__r1__w150__fold_4__seed_42,42,validation,150
temporal_r1,fatigue,qualification_r1_w150_b1024,12,4,G3,transformer,alert,R1,G3__qualification_r1_w150_b1024__transformer__r1__w150__fold_4__seed_42,42,validation,150
temporal_r1,fatigue,qualification_r1_w150_b1024,0,4,G3,transformer,fatigue,R1,G3__qualification_r1_w150_b1024__transformer__r1__w150__fold_4__seed_42,42,validation,150
temporal_r1,fatigue,qualification_r1_w150_b1024,0,4,G3,transformer,distraction,R1,G3__qualification_r1_w150_b1024__transformer__r1__w150__fold_4__seed_42,42,validation,150
temporal_r1,distraction,qualification_r1_w150_b1024,91,4,G3,transformer,alert,R1,G3__qualification_r1_w150_b1024__transformer__r1__w150__fold_4__seed_42,42,validation,150
temporal_r1,distraction,qualification_r1_w150_b1024,0,4,G3,transformer,fatigue,R1,G3__qualification_r1_w150_b1024__transformer__r1__w150__fold_4__seed_42,42,validation,150
temporal_r1,distraction,qualification_r1_w150_b1024,0,4,G3,transformer,distraction,R1,G3__qualification_r1_w150_b1024__transformer__r1__w150__fold_4__seed_42,42,validation,150
temporal_r1,alert,qualification_r1_w150_b1024,946,4,G3,transformer,alert,R1,G3__qualification_r1_w150_b1024__transformer__r1__w150__fold_4__seed_42,42,test,150
temporal_r1,alert,qualification_r1_w150_b1024,0,4,G3,transformer,fatigue,R1,G3__qualification_r1_w150_b1024__transformer__r1__w150__fold_4__seed_42,42,test,150
temporal_r1,alert,qualification_r1_w150_b1024,0,4,G3,transformer,distraction,R1,G3__qualification_r1_w150_b1024__transformer__r1__w150__fold_4__seed_42,42,test,150
temporal_r1,fatigue,qualification_r1_w150_b1024,0,4,G3,transformer,alert,R1,G3__qualification_r1_w150_b1024__transformer__r1__w150__fold_4__seed_42,42,test,150
temporal_r1,fatigue,qualification_r1_w150_b1024,0,4,G3,transformer,fatigue,R1,G3__qualification_r1_w150_b1024__transformer__r1__w150__fold_4__seed_42,42,test,150
temporal_r1,fatigue,qualification_r1_w150_b1024,0,4,G3,transformer,distraction,R1,G3__qualification_r1_w150_b1024__transformer__r1__w150__fold_4__seed_42,42,test,150
temporal_r1,distraction,qualification_r1_w150_b1024,130,4,G3,transformer,alert,R1,G3__qualification_r1_w150_b1024__transformer__r1__w150__fold_4__seed_42,42,test,150
temporal_r1,distraction,qualification_r1_w150_b1024,0,4,G3,transformer,fatigue,R1,G3__qualification_r1_w150_b1024__transformer__r1__w150__fold_4__seed_42,42,test,150
temporal_r1,distraction,qualification_r1_w150_b1024,0,4,G3,transformer,distraction,R1,G3__qualification_r1_w150_b1024__transformer__r1__w150__fold_4__seed_42,42,test,150
temporal_r2,alert,qualification_r2_w150_b1024,945,1,G3,transformer,alert,R2,G3__qualification_r2_w150_b1024__transformer__r2__w150__fold_1__seed_42,42,validation,150
temporal_r2,alert,qualification_r2_w150_b1024,0,1,G3,transformer,fatigue,R2,G3__qualification_r2_w150_b1024__transformer__r2__w150__fold_1__seed_42,42,validation,150
temporal_r2,alert,qualification_r2_w150_b1024,54,1,G3,transformer,distraction,R2,G3__qualification_r2_w150_b1024__transformer__r2__w150__fold_1__seed_42,42,validation,150
temporal_r2,fatigue,qualification_r2_w150_b1024,1,1,G3,transformer,alert,R2,G3__qualification_r2_w150_b1024__transformer__r2__w150__fold_1__seed_42,42,validation,150
temporal_r2,fatigue,qualification_r2_w150_b1024,0,1,G3,transformer,fatigue,R2,G3__qualification_r2_w150_b1024__transformer__r2__w150__fold_1__seed_42,42,validation,150
temporal_r2,fatigue,qualification_r2_w150_b1024,0,1,G3,transformer,distraction,R2,G3__qualification_r2_w150_b1024__transformer__r2__w150__fold_1__seed_42,42,validation,150
temporal_r2,distraction,qualification_r2_w150_b1024,114,1,G3,transformer,alert,R2,G3__qualification_r2_w150_b1024__transformer__r2__w150__fold_1__seed_42,42,validation,150
temporal_r2,distraction,qualification_r2_w150_b1024,0,1,G3,transformer,fatigue,R2,G3__qualification_r2_w150_b1024__transformer__r2__w150__fold_1__seed_42,42,validation,150
temporal_r2,distraction,qualification_r2_w150_b1024,41,1,G3,transformer,distraction,R2,G3__qualification_r2_w150_b1024__transformer__r2__w150__fold_1__seed_42,42,validation,150
temporal_r2,alert,qualification_r2_w150_b1024,1001,1,G3,transformer,alert,R2,G3__qualification_r2_w150_b1024__transformer__r2__w150__fold_1__seed_42,42,test,150
temporal_r2,alert,qualification_r2_w150_b1024,0,1,G3,transformer,fatigue,R2,G3__qualification_r2_w150_b1024__transformer__r2__w150__fold_1__seed_42,42,test,150
temporal_r2,alert,qualification_r2_w150_b1024,89,1,G3,transformer,distraction,R2,G3__qualification_r2_w150_b1024__transformer__r2__w150__fold_1__seed_42,42,test,150
temporal_r2,fatigue,qualification_r2_w150_b1024,56,1,G3,transformer,alert,R2,G3__qualification_r2_w150_b1024__transformer__r2__w150__fold_1__seed_42,42,test,150
temporal_r2,fatigue,qualification_r2_w150_b1024,0,1,G3,transformer,fatigue,R2,G3__qualification_r2_w150_b1024__transformer__r2__w150__fold_1__seed_42,42,test,150
temporal_r2,fatigue,qualification_r2_w150_b1024,6,1,G3,transformer,distraction,R2,G3__qualification_r2_w150_b1024__transformer__r2__w150__fold_1__seed_42,42,test,150
temporal_r2,distraction,qualification_r2_w150_b1024,112,1,G3,transformer,alert,R2,G3__qualification_r2_w150_b1024__transformer__r2__w150__fold_1__seed_42,42,test,150
temporal_r2,distraction,qualification_r2_w150_b1024,0,1,G3,transformer,fatigue,R2,G3__qualification_r2_w150_b1024__transformer__r2__w150__fold_1__seed_42,42,test,150
temporal_r2,distraction,qualification_r2_w150_b1024,264,1,G3,transformer,distraction,R2,G3__qualification_r2_w150_b1024__transformer__r2__w150__fold_1__seed_42,42,test,150
temporal_r2,alert,qualification_r2_w150_b1024,989,2,G3,transformer,alert,R2,G3__qualification_r2_w150_b1024__transformer__r2__w150__fold_2__seed_42,42,validation,150
temporal_r2,alert,qualification_r2_w150_b1024,0,2,G3,transformer,fatigue,R2,G3__qualification_r2_w150_b1024__transformer__r2__w150__fold_2__seed_42,42,validation,150
temporal_r2,alert,qualification_r2_w150_b1024,85,2,G3,transformer,distraction,R2,G3__qualification_r2_w150_b1024__transformer__r2__w150__fold_2__seed_42,42,validation,150
temporal_r2,fatigue,qualification_r2_w150_b1024,12,2,G3,transformer,alert,R2,G3__qualification_r2_w150_b1024__transformer__r2__w150__fold_2__seed_42,42,validation,150
temporal_r2,fatigue,qualification_r2_w150_b1024,0,2,G3,transformer,fatigue,R2,G3__qualification_r2_w150_b1024__transformer__r2__w150__fold_2__seed_42,42,validation,150
temporal_r2,fatigue,qualification_r2_w150_b1024,0,2,G3,transformer,distraction,R2,G3__qualification_r2_w150_b1024__transformer__r2__w150__fold_2__seed_42,42,validation,150
temporal_r2,distraction,qualification_r2_w150_b1024,52,2,G3,transformer,alert,R2,G3__qualification_r2_w150_b1024__transformer__r2__w150__fold_2__seed_42,42,validation,150
temporal_r2,distraction,qualification_r2_w150_b1024,0,2,G3,transformer,fatigue,R2,G3__qualification_r2_w150_b1024__transformer__r2__w150__fold_2__seed_42,42,validation,150
temporal_r2,distraction,qualification_r2_w150_b1024,22,2,G3,transformer,distraction,R2,G3__qualification_r2_w150_b1024__transformer__r2__w150__fold_2__seed_42,42,validation,150
temporal_r2,alert,qualification_r2_w150_b1024,1479,2,G3,transformer,alert,R2,G3__qualification_r2_w150_b1024__transformer__r2__w150__fold_2__seed_42,42,test,150
temporal_r2,alert,qualification_r2_w150_b1024,0,2,G3,transformer,fatigue,R2,G3__qualification_r2_w150_b1024__transformer__r2__w150__fold_2__seed_42,42,test,150
temporal_r2,alert,qualification_r2_w150_b1024,81,2,G3,transformer,distraction,R2,G3__qualification_r2_w150_b1024__transformer__r2__w150__fold_2__seed_42,42,test,150
temporal_r2,fatigue,qualification_r2_w150_b1024,0,2,G3,transformer,alert,R2,G3__qualification_r2_w150_b1024__transformer__r2__w150__fold_2__seed_42,42,test,150
temporal_r2,fatigue,qualification_r2_w150_b1024,0,2,G3,transformer,fatigue,R2,G3__qualification_r2_w150_b1024__transformer__r2__w150__fold_2__seed_42,42,test,150
temporal_r2,fatigue,qualification_r2_w150_b1024,0,2,G3,transformer,distraction,R2,G3__qualification_r2_w150_b1024__transformer__r2__w150__fold_2__seed_42,42,test,150
temporal_r2,distraction,qualification_r2_w150_b1024,101,2,G3,transformer,alert,R2,G3__qualification_r2_w150_b1024__transformer__r2__w150__fold_2__seed_42,42,test,150
temporal_r2,distraction,qualification_r2_w150_b1024,0,2,G3,transformer,fatigue,R2,G3__qualification_r2_w150_b1024__transformer__r2__w150__fold_2__seed_42,42,test,150
temporal_r2,distraction,qualification_r2_w150_b1024,180,2,G3,transformer,distraction,R2,G3__qualification_r2_w150_b1024__transformer__r2__w150__fold_2__seed_42,42,test,150
temporal_r2,alert,qualification_r2_w150_b1024,885,3,G3,transformer,alert,R2,G3__qualification_r2_w150_b1024__transformer__r2__w150__fold_3__seed_42,42,validation,150
temporal_r2,alert,qualification_r2_w150_b1024,0,3,G3,transformer,fatigue,R2,G3__qualification_r2_w150_b1024__transformer__r2__w150__fold_3__seed_42,42,validation,150
temporal_r2,alert,qualification_r2_w150_b1024,84,3,G3,transformer,distraction,R2,G3__qualification_r2_w150_b1024__transformer__r2__w150__fold_3__seed_42,42,validation,150
temporal_r2,fatigue,qualification_r2_w150_b1024,11,3,G3,transformer,alert,R2,G3__qualification_r2_w150_b1024__transformer__r2__w150__fold_3__seed_42,42,validation,150
temporal_r2,fatigue,qualification_r2_w150_b1024,0,3,G3,transformer,fatigue,R2,G3__qualification_r2_w150_b1024__transformer__r2__w150__fold_3__seed_42,42,validation,150
temporal_r2,fatigue,qualification_r2_w150_b1024,0,3,G3,transformer,distraction,R2,G3__qualification_r2_w150_b1024__transformer__r2__w150__fold_3__seed_42,42,validation,150
temporal_r2,distraction,qualification_r2_w150_b1024,106,3,G3,transformer,alert,R2,G3__qualification_r2_w150_b1024__transformer__r2__w150__fold_3__seed_42,42,validation,150
temporal_r2,distraction,qualification_r2_w150_b1024,0,3,G3,transformer,fatigue,R2,G3__qualification_r2_w150_b1024__transformer__r2__w150__fold_3__seed_42,42,validation,150
temporal_r2,distraction,qualification_r2_w150_b1024,39,3,G3,transformer,distraction,R2,G3__qualification_r2_w150_b1024__transformer__r2__w150__fold_3__seed_42,42,validation,150
temporal_r2,alert,qualification_r2_w150_b1024,1299,3,G3,transformer,alert,R2,G3__qualification_r2_w150_b1024__transformer__r2__w150__fold_3__seed_42,42,test,150
temporal_r2,alert,qualification_r2_w150_b1024,0,3,G3,transformer,fatigue,R2,G3__qualification_r2_w150_b1024__transformer__r2__w150__fold_3__seed_42,42,test,150
temporal_r2,alert,qualification_r2_w150_b1024,66,3,G3,transformer,distraction,R2,G3__qualification_r2_w150_b1024__transformer__r2__w150__fold_3__seed_42,42,test,150
temporal_r2,fatigue,qualification_r2_w150_b1024,22,3,G3,transformer,alert,R2,G3__qualification_r2_w150_b1024__transformer__r2__w150__fold_3__seed_42,42,test,150
temporal_r2,fatigue,qualification_r2_w150_b1024,0,3,G3,transformer,fatigue,R2,G3__qualification_r2_w150_b1024__transformer__r2__w150__fold_3__seed_42,42,test,150
temporal_r2,fatigue,qualification_r2_w150_b1024,0,3,G3,transformer,distraction,R2,G3__qualification_r2_w150_b1024__transformer__r2__w150__fold_3__seed_42,42,test,150
temporal_r2,distraction,qualification_r2_w150_b1024,70,3,G3,transformer,alert,R2,G3__qualification_r2_w150_b1024__transformer__r2__w150__fold_3__seed_42,42,test,150
temporal_r2,distraction,qualification_r2_w150_b1024,0,3,G3,transformer,fatigue,R2,G3__qualification_r2_w150_b1024__transformer__r2__w150__fold_3__seed_42,42,test,150
temporal_r2,distraction,qualification_r2_w150_b1024,36,3,G3,transformer,distraction,R2,G3__qualification_r2_w150_b1024__transformer__r2__w150__fold_3__seed_42,42,test,150
temporal_r2,alert,qualification_r2_w150_b1024,937,4,G3,transformer,alert,R2,G3__qualification_r2_w150_b1024__transformer__r2__w150__fold_4__seed_42,42,validation,150
temporal_r2,alert,qualification_r2_w150_b1024,0,4,G3,transformer,fatigue,R2,G3__qualification_r2_w150_b1024__transformer__r2__w150__fold_4__seed_42,42,validation,150
temporal_r2,alert,qualification_r2_w150_b1024,65,4,G3,transformer,distraction,R2,G3__qualification_r2_w150_b1024__transformer__r2__w150__fold_4__seed_42,42,validation,150
temporal_r2,fatigue,qualification_r2_w150_b1024,12,4,G3,transformer,alert,R2,G3__qualification_r2_w150_b1024__transformer__r2__w150__fold_4__seed_42,42,validation,150
temporal_r2,fatigue,qualification_r2_w150_b1024,0,4,G3,transformer,fatigue,R2,G3__qualification_r2_w150_b1024__transformer__r2__w150__fold_4__seed_42,42,validation,150
temporal_r2,fatigue,qualification_r2_w150_b1024,0,4,G3,transformer,distraction,R2,G3__qualification_r2_w150_b1024__transformer__r2__w150__fold_4__seed_42,42,validation,150
temporal_r2,distraction,qualification_r2_w150_b1024,53,4,G3,transformer,alert,R2,G3__qualification_r2_w150_b1024__transformer__r2__w150__fold_4__seed_42,42,validation,150
temporal_r2,distraction,qualification_r2_w150_b1024,0,4,G3,transformer,fatigue,R2,G3__qualification_r2_w150_b1024__transformer__r2__w150__fold_4__seed_42,42,validation,150
temporal_r2,distraction,qualification_r2_w150_b1024,38,4,G3,transformer,distraction,R2,G3__qualification_r2_w150_b1024__transformer__r2__w150__fold_4__seed_42,42,validation,150
temporal_r2,alert,qualification_r2_w150_b1024,844,4,G3,transformer,alert,R2,G3__qualification_r2_w150_b1024__transformer__r2__w150__fold_4__seed_42,42,test,150
temporal_r2,alert,qualification_r2_w150_b1024,0,4,G3,transformer,fatigue,R2,G3__qualification_r2_w150_b1024__transformer__r2__w150__fold_4__seed_42,42,test,150
temporal_r2,alert,qualification_r2_w150_b1024,102,4,G3,transformer,distraction,R2,G3__qualification_r2_w150_b1024__transformer__r2__w150__fold_4__seed_42,42,test,150
temporal_r2,fatigue,qualification_r2_w150_b1024,0,4,G3,transformer,alert,R2,G3__qualification_r2_w150_b1024__transformer__r2__w150__fold_4__seed_42,42,test,150
temporal_r2,fatigue,qualification_r2_w150_b1024,0,4,G3,transformer,fatigue,R2,G3__qualification_r2_w150_b1024__transformer__r2__w150__fold_4__seed_42,42,test,150
temporal_r2,fatigue,qualification_r2_w150_b1024,0,4,G3,transformer,distraction,R2,G3__qualification_r2_w150_b1024__transformer__r2__w150__fold_4__seed_42,42,test,150
temporal_r2,distraction,qualification_r2_w150_b1024,105,4,G3,transformer,alert,R2,G3__qualification_r2_w150_b1024__transformer__r2__w150__fold_4__seed_42,42,test,150
temporal_r2,distraction,qualification_r2_w150_b1024,0,4,G3,transformer,fatigue,R2,G3__qualification_r2_w150_b1024__transformer__r2__w150__fold_4__seed_42,42,test,150
temporal_r2,distraction,qualification_r2_w150_b1024,25,4,G3,transformer,distraction,R2,G3__qualification_r2_w150_b1024__transformer__r2__w150__fold_4__seed_42,42,test,150
