configuration_id,epoch,fold,generation,learning_rate,model,representation,run_id,seed,training_accuracy,training_loss,training_macro_f1,validation_accuracy,validation_loss,validation_macro_f1,window_size_frames
qualification_r0_w60_b1024,1,1,G2,0.001,lstm,R0,G2__qualification_r0_w60_b1024__lstm__r0__w60__fold_1__seed_42,42,0.27269910133250697,1.076000134716619,0.18073633260985433,0.7813559322033898,1.0296862638602822,0.40779159862035436,60
qualification_r0_w60_b1024,2,1,G2,0.001,lstm,R0,G2__qualification_r0_w60_b1024__lstm__r0__w60__fold_1__seed_42,42,0.8360706538580726,1.003332024615063,0.45974338181929797,0.7991525423728814,0.9512786354048778,0.4094168656552269,60
qualification_r0_w60_b1024,3,1,G2,0.001,lstm,R0,G2__qualification_r0_w60_b1024__lstm__r0__w60__fold_1__seed_42,42,0.8611713665943601,0.9093446157131544,0.4388241388241388,0.8550847457627119,0.8353217708862434,0.3072940459875133,60
qualification_r0_w60_b1024,4,1,G2,0.001,lstm,R0,G2__qualification_r0_w60_b1024__lstm__r0__w60__fold_1__seed_42,42,0.8732568949488689,0.7639664775785145,0.3777409644524867,0.8576271186440678,0.6514662916377439,0.3077858880778589,60
qualification_r0_w60_b1024,5,1,G2,0.001,lstm,R0,G2__qualification_r0_w60_b1024__lstm__r0__w60__fold_1__seed_42,42,0.8757359776882554,0.5415368158823941,0.3228369986883539,0.8593220338983051,0.48077733870279993,0.3081130355515041,60
qualification_r0_w60_b1024,6,1,G2,0.001,lstm,R0,G2__qualification_r0_w60_b1024__lstm__r0__w60__fold_1__seed_42,42,0.8769755190579486,0.38174621415906623,0.3114853337735953,0.8593220338983051,0.46456381562402693,0.3081130355515041,60
qualification_r0_w60_b1024,7,1,G2,0.0005,lstm,R0,G2__qualification_r0_w60_b1024__lstm__r0__w60__fold_1__seed_42,42,0.8775952897427952,0.3611857404567008,0.3116025746822908,0.8593220338983051,0.4708631872878236,0.3081130355515041,60
qualification_r0_w60_b1024,8,1,G2,0.0005,lstm,R0,G2__qualification_r0_w60_b1024__lstm__r0__w60__fold_1__seed_42,42,0.8775952897427952,0.3578480288252433,0.3116025746822908,0.8593220338983051,0.46840512626251934,0.3081130355515041,60
qualification_r0_w60_b1024,9,1,G2,0.0005,lstm,R0,G2__qualification_r0_w60_b1024__lstm__r0__w60__fold_1__seed_42,42,0.8772854044003718,0.3503783027989819,0.31327287905474827,0.8593220338983051,0.46430110658629464,0.3081130355515041,60
qualification_r0_w60_b1024,10,1,G2,0.0005,lstm,R0,G2__qualification_r0_w60_b1024__lstm__r0__w60__fold_1__seed_42,42,0.8757359776882554,0.34717742067614243,0.33062743374581655,0.8593220338983051,0.45187926120677235,0.3081130355515041,60
qualification_r0_w60_b1024,11,1,G2,0.00025,lstm,R0,G2__qualification_r0_w60_b1024__lstm__r0__w60__fold_1__seed_42,42,0.8769755190579486,0.34306666888539034,0.3215685453333473,0.8593220338983051,0.44397050162493173,0.3081130355515041,60
qualification_r0_w60_b1024,12,1,G2,0.00025,lstm,R0,G2__qualification_r0_w60_b1024__lstm__r0__w60__fold_1__seed_42,42,0.8769755190579486,0.33872959381624534,0.31320971899006583,0.8593220338983051,0.43673977574049416,0.3081130355515041,60
qualification_r0_w60_b1024,13,1,G2,0.00025,lstm,R0,G2__qualification_r0_w60_b1024__lstm__r0__w60__fold_1__seed_42,42,0.8769755190579486,0.335294886209073,0.3114853337735953,0.8593220338983051,0.4319572832119667,0.3081130355515041,60
qualification_r0_w60_b1024,14,1,G2,0.00025,lstm,R0,G2__qualification_r0_w60_b1024__lstm__r0__w60__fold_1__seed_42,42,0.8775952897427952,0.3305408486667564,0.3116025746822908,0.8593220338983051,0.4281942853988227,0.3081130355515041,60
qualification_r0_w60_b1024,15,1,G2,0.000125,lstm,R0,G2__qualification_r0_w60_b1024__lstm__r0__w60__fold_1__seed_42,42,0.8775952897427952,0.33056106250057804,0.3116025746822908,0.8593220338983051,0.4266747419611882,0.3081130355515041,60
qualification_r0_w60_b1024,16,1,G2,0.000125,lstm,R0,G2__qualification_r0_w60_b1024__lstm__r0__w60__fold_1__seed_42,42,0.8775952897427952,0.3319269925642206,0.3116025746822908,0.8593220338983051,0.4256554804616055,0.3081130355515041,60
qualification_r0_w60_b1024,1,1,G2,0.001,tcn,R0,G2__qualification_r0_w60_b1024__tcn__r0__w60__fold_1__seed_42,42,0.1279826464208243,1.1046142943288875,0.07871831659493066,0.7194915254237289,0.9084058860601005,0.309422679505782,60
qualification_r0_w60_b1024,2,1,G2,0.001,tcn,R0,G2__qualification_r0_w60_b1024__tcn__r0__w60__fold_1__seed_42,42,0.8509451502943911,0.8105402827669231,0.31343342177764516,0.8593220338983051,0.6106431868116734,0.3081130355515041,60
qualification_r0_w60_b1024,3,1,G2,0.001,tcn,R0,G2__qualification_r0_w60_b1024__tcn__r0__w60__fold_1__seed_42,42,0.8775952897427952,0.5630004171952767,0.3116025746822908,0.8593220338983051,0.46593433999914236,0.3081130355515041,60
qualification_r0_w60_b1024,4,1,G2,0.001,tcn,R0,G2__qualification_r0_w60_b1024__tcn__r0__w60__fold_1__seed_42,42,0.8775952897427952,0.4144284106423916,0.3116025746822908,0.8593220338983051,0.4005732649968842,0.3081130355515041,60
qualification_r0_w60_b1024,5,1,G2,0.001,tcn,R0,G2__qualification_r0_w60_b1024__tcn__r0__w60__fold_1__seed_42,42,0.8769755190579486,0.3213902970641473,0.3215685453333473,0.8432203389830508,0.4062344057075048,0.41283118662826285,60
qualification_r0_w60_b1024,6,1,G2,0.001,tcn,R0,G2__qualification_r0_w60_b1024__tcn__r0__w60__fold_1__seed_42,42,0.8791447164549117,0.3114096233543317,0.4795477623256841,0.8296610169491525,0.42788352334903457,0.4214223567100854,60
qualification_r0_w60_b1024,7,1,G2,0.001,tcn,R0,G2__qualification_r0_w60_b1024__tcn__r0__w60__fold_1__seed_42,42,0.8800743724821816,0.3150767494105022,0.48725318062079825,0.8330508474576271,0.42942934127177224,0.4289865860568595,60
qualification_r0_w60_b1024,8,1,G2,0.001,tcn,R0,G2__qualification_r0_w60_b1024__tcn__r0__w60__fold_1__seed_42,42,0.8782150604276417,0.3138895055477118,0.4865370542446433,0.8313559322033899,0.4240884027743744,0.42522661341677215,60
qualification_r0_w60_b1024,9,1,G2,0.001,tcn,R0,G2__qualification_r0_w60_b1024__tcn__r0__w60__fold_1__seed_42,42,0.879454601797335,0.30845455769455243,0.48629754014580345,0.8372881355932204,0.4153113672288798,0.4238869937899064,60
qualification_r0_w60_b1024,10,1,G2,0.001,tcn,R0,G2__qualification_r0_w60_b1024__tcn__r0__w60__fold_1__seed_42,42,0.8797644871397583,0.30413683615382475,0.48178422297616524,0.8449152542372881,0.41046936628171954,0.41065244338512646,60
qualification_r0_w60_b1024,11,1,G2,0.001,tcn,R0,G2__qualification_r0_w60_b1024__tcn__r0__w60__fold_1__seed_42,42,0.8800743724821816,0.29896421508409304,0.4390490556417175,0.8593220338983051,0.4092423643601143,0.3081130355515041,60
qualification_r0_w60_b1024,12,1,G2,0.0005,tcn,R0,G2__qualification_r0_w60_b1024__tcn__r0__w60__fold_1__seed_42,42,0.8775952897427952,0.29721817886788743,0.3116025746822908,0.8593220338983051,0.40566574446225573,0.3081130355515041,60
qualification_r0_w60_b1024,13,1,G2,0.0005,tcn,R0,G2__qualification_r0_w60_b1024__tcn__r0__w60__fold_1__seed_42,42,0.8775952897427952,0.2959508768980962,0.3116025746822908,0.8593220338983051,0.40370851947089376,0.3081130355515041,60
qualification_r0_w60_b1024,14,1,G2,0.0005,tcn,R0,G2__qualification_r0_w60_b1024__tcn__r0__w60__fold_1__seed_42,42,0.8775952897427952,0.2964697747563739,0.3116025746822908,0.8593220338983051,0.40190213787353646,0.3081130355515041,60
qualification_r0_w60_b1024,15,1,G2,0.0005,tcn,R0,G2__qualification_r0_w60_b1024__tcn__r0__w60__fold_1__seed_42,42,0.8775952897427952,0.29414641241152517,0.3116025746822908,0.8593220338983051,0.402624641434621,0.3081130355515041,60
qualification_r0_w60_b1024,16,1,G2,0.00025,tcn,R0,G2__qualification_r0_w60_b1024__tcn__r0__w60__fold_1__seed_42,42,0.8775952897427952,0.29428756443900816,0.3116025746822908,0.8593220338983051,0.4039510054608523,0.3081130355515041,60
qualification_r0_w60_b1024,17,1,G2,0.00025,tcn,R0,G2__qualification_r0_w60_b1024__tcn__r0__w60__fold_1__seed_42,42,0.8775952897427952,0.2927866231177959,0.3116025746822908,0.8593220338983051,0.4050984137139078,0.3081130355515041,60
qualification_r0_w60_b1024,18,1,G2,0.00025,tcn,R0,G2__qualification_r0_w60_b1024__tcn__r0__w60__fold_1__seed_42,42,0.8782150604276417,0.292589507837727,0.32516464072201107,0.8516949152542372,0.4064951630467075,0.40449188737562297,60
qualification_r0_w60_b1024,19,1,G2,0.00025,tcn,R0,G2__qualification_r0_w60_b1024__tcn__r0__w60__fold_1__seed_42,42,0.8803842578246049,0.29352118417061923,0.37323505957406883,0.8525423728813559,0.4052378129656032,0.4124596391263058,60
qualification_r0_w60_b1024,20,1,G2,0.000125,tcn,R0,G2__qualification_r0_w60_b1024__tcn__r0__w60__fold_1__seed_42,42,0.8806941431670282,0.2916512549625375,0.43263435102260434,0.8508474576271187,0.4048803692652007,0.41127004244874965,60
qualification_r0_w60_b1024,21,1,G2,0.000125,tcn,R0,G2__qualification_r0_w60_b1024__tcn__r0__w60__fold_1__seed_42,42,0.8803842578246049,0.2914481674753035,0.4519208649643433,0.85,0.40407056727651824,0.4124410100387926,60
qualification_r0_w60_b1024,22,1,G2,0.000125,tcn,R0,G2__qualification_r0_w60_b1024__tcn__r0__w60__fold_1__seed_42,42,0.8803842578246049,0.2915559479113071,0.4661055614254154,0.8457627118644068,0.4029059710644059,0.40951751810530435,60
qualification_r0_w60_b1024,1,2,G2,0.001,lstm,R0,G2__qualification_r0_w60_b1024__lstm__r0__w60__fold_2__seed_42,42,0.31519118153634174,1.0749635321084607,0.21106246166211898,0.7016197783461211,1.0486974231422406,0.33067949942795133,60
qualification_r0_w60_b1024,2,2,G2,0.001,lstm,R0,G2__qualification_r0_w60_b1024__lstm__r0__w60__fold_2__seed_42,42,0.7533585945573544,1.0272036286169113,0.46758787391698786,0.7408354646206309,0.9911913710685236,0.33663268412173025,60
qualification_r0_w60_b1024,3,2,G2,0.001,lstm,R0,G2__qualification_r0_w60_b1024__lstm__r0__w60__fold_2__seed_42,42,0.7950396141922149,0.9726543968150092,0.4832322723132543,0.7604433077578857,0.9194735528969501,0.3431698531449155,60
qualification_r0_w60_b1024,4,2,G2,0.001,lstm,R0,G2__qualification_r0_w60_b1024__lstm__r0__w60__fold_2__seed_42,42,0.7984843265587324,0.9027827534846425,0.47078669714370003,0.8235294117647058,0.8201068625527371,0.371896866473684,60
qualification_r0_w60_b1024,5,2,G2,0.001,lstm,R0,G2__qualification_r0_w60_b1024__lstm__r0__w60__fold_2__seed_42,42,0.8091629348949363,0.8031672363522707,0.4596023966116434,0.8456947996589941,0.6796477460901857,0.3826885545318633,60
qualification_r0_w60_b1024,6,2,G2,0.001,lstm,R0,G2__qualification_r0_w60_b1024__lstm__r0__w60__fold_2__seed_42,42,0.8022735101619015,0.6695081117520282,0.4310846249537706,0.9173060528559249,0.5195738145000185,0.3189565732918334,60
qualification_r0_w60_b1024,7,2,G2,0.001,lstm,R0,G2__qualification_r0_w60_b1024__lstm__r0__w60__fold_2__seed_42,42,0.7971064416121254,0.5466126094716933,0.3998117900114271,0.9198635976129582,0.41476656276754914,0.3194197750148016,60
qualification_r0_w60_b1024,8,2,G2,0.001,lstm,R0,G2__qualification_r0_w60_b1024__lstm__r0__w60__fold_2__seed_42,42,0.7946951429555632,0.4951553230362845,0.3621894473960112,0.9207161125319693,0.3688030837441954,0.3195739014647137,60
qualification_r0_w60_b1024,9,2,G2,0.001,lstm,R0,G2__qualification_r0_w60_b1024__lstm__r0__w60__fold_2__seed_42,42,0.7878057182225284,0.4860490839767982,0.3300316344191124,0.9207161125319693,0.36081010582146233,0.3195739014647137,60
qualification_r0_w60_b1024,10,2,G2,0.0005,lstm,R0,G2__qualification_r0_w60_b1024__lstm__r0__w60__fold_2__seed_42,42,0.8122631760248019,0.48328300141236963,0.4421792773895448,0.8644501278772379,0.3678393736545184,0.3874546953739524,60
qualification_r0_w60_b1024,11,2,G2,0.0005,lstm,R0,G2__qualification_r0_w60_b1024__lstm__r0__w60__fold_2__seed_42,42,0.826730967964175,0.4779855497861541,0.4893708876855567,0.8567774936061381,0.3749416449312867,0.3849010961800364,60
qualification_r0_w60_b1024,12,2,G2,0.0005,lstm,R0,G2__qualification_r0_w60_b1024__lstm__r0__w60__fold_2__seed_42,42,0.8315535652772994,0.46640566767514513,0.4993094760536621,0.8567774936061381,0.374555635241393,0.38993628349480663,60
qualification_r0_w60_b1024,13,2,G2,0.0005,lstm,R0,G2__qualification_r0_w60_b1024__lstm__r0__w60__fold_2__seed_42,42,0.8329314502239064,0.4583872658114905,0.503413460878949,0.8499573742540495,0.37250198075787594,0.3854051939454124,60
qualification_r0_w60_b1024,14,2,G2,0.0005,lstm,R0,G2__qualification_r0_w60_b1024__lstm__r0__w60__fold_2__seed_42,42,0.8353427488804684,0.45236186327459565,0.506487460050181,0.8465473145780051,0.3701278536063631,0.3832252071555567,60
qualification_r0_w60_b1024,15,2,G2,0.0005,lstm,R0,G2__qualification_r0_w60_b1024__lstm__r0__w60__fold_2__seed_42,42,0.8353427488804684,0.448595459733057,0.5059382741353091,0.8456947996589941,0.3686809094665605,0.3803055825408567,60
qualification_r0_w60_b1024,16,2,G2,0.0005,lstm,R0,G2__qualification_r0_w60_b1024__lstm__r0__w60__fold_2__seed_42,42,0.8374095763003789,0.44772408252291296,0.5083224037501738,0.8448422847399829,0.36986956046060526,0.38448569799376253,60
qualification_r0_w60_b1024,17,2,G2,0.00025,lstm,R0,G2__qualification_r0_w60_b1024__lstm__r0__w60__fold_2__seed_42,42,0.8363761625904237,0.44315567215352153,0.507151348279817,0.8439897698209718,0.37229213161744934,0.38394777899947413,60
qualification_r0_w60_b1024,18,2,G2,0.00025,lstm,R0,G2__qualification_r0_w60_b1024__lstm__r0__w60__fold_2__seed_42,42,0.8391319324836376,0.44219943412903295,0.5114415798598876,0.8431372549019608,0.37450521442489754,0.3834130436350783,60
qualification_r0_w60_b1024,19,2,G2,0.00025,lstm,R0,G2__qualification_r0_w60_b1024__lstm__r0__w60__fold_2__seed_42,42,0.8401653461935928,0.4434674220930245,0.5128961037996546,0.8414322250639387,0.3762580108307207,0.38235294117647056,60
qualification_r0_w60_b1024,20,2,G2,0.00025,lstm,R0,G2__qualification_r0_w60_b1024__lstm__r0__w60__fold_2__seed_42,42,0.8429211160868068,0.44097655403831687,0.5163757549534025,0.8414322250639387,0.3761742375441728,0.38235294117647056,60
qualification_r0_w60_b1024,21,2,G2,0.000125,lstm,R0,G2__qualification_r0_w60_b1024__lstm__r0__w60__fold_2__seed_42,42,0.8415432311401998,0.4433825902186547,0.5150975563883047,0.8414322250639387,0.3759648039212922,0.38235294117647056,60
qualification_r0_w60_b1024,22,2,G2,0.000125,lstm,R0,G2__qualification_r0_w60_b1024__lstm__r0__w60__fold_2__seed_42,42,0.8408542886668963,0.4449369438118332,0.5149570123647638,0.8414322250639387,0.37568793239394316,0.38235294117647056,60
qualification_r0_w60_b1024,23,2,G2,0.000125,lstm,R0,G2__qualification_r0_w60_b1024__lstm__r0__w60__fold_2__seed_42,42,0.8391319324836376,0.4394192087354637,0.5131201660064139,0.8422847399829497,0.37475398640193597,0.38288144603934077,60
qualification_r0_w60_b1024,24,2,G2,0.000125,lstm,R0,G2__qualification_r0_w60_b1024__lstm__r0__w60__fold_2__seed_42,42,0.8394764037202893,0.4409574970289875,0.5134586732708121,0.8431372549019608,0.3737098336067346,0.3834130436350783,60
qualification_r0_w60_b1024,25,2,G2,6.25e-05,lstm,R0,G2__qualification_r0_w60_b1024__lstm__r0__w60__fold_2__seed_42,42,0.8401653461935928,0.4435459362959558,0.5140926442780643,0.8431372549019608,0.37323435056138426,0.3834130436350783,60
qualification_r0_w60_b1024,26,2,G2,6.25e-05,lstm,R0,G2__qualification_r0_w60_b1024__lstm__r0__w60__fold_2__seed_42,42,0.8387874612469859,0.4421840198299534,0.5128605362184107,0.8431372549019608,0.3730948502856854,0.3834130436350783,60
qualification_r0_w60_b1024,27,2,G2,6.25e-05,lstm,R0,G2__qualification_r0_w60_b1024__lstm__r0__w60__fold_2__seed_42,42,0.8387874612469859,0.4391649777812051,0.512473720940715,0.8431372549019608,0.3727610033237314,0.3834130436350783,60
qualification_r0_w60_b1024,1,2,G2,0.001,tcn,R0,G2__qualification_r0_w60_b1024__tcn__r0__w60__fold_2__seed_42,42,0.19565966241818808,1.0921781707376683,0.11164754953911421,0.22847399829497017,0.9886941811211172,0.14799047887444353,60
qualification_r0_w60_b1024,2,2,G2,0.001,tcn,R0,G2__qualification_r0_w60_b1024__tcn__r0__w60__fold_2__seed_42,42,0.5952462969342059,0.9011307823177539,0.35510082141599425,0.9207161125319693,0.7142113359789511,0.3195739014647137,60
qualification_r0_w60_b1024,3,2,G2,0.001,tcn,R0,G2__qualification_r0_w60_b1024__tcn__r0__w60__fold_2__seed_42,42,0.7860833620392698,0.7185974690037845,0.2934104789456766,0.9207161125319693,0.44645627291407836,0.3195739014647137,60
qualification_r0_w60_b1024,4,2,G2,0.001,tcn,R0,G2__qualification_r0_w60_b1024__tcn__r0__w60__fold_2__seed_42,42,0.7860833620392698,0.6034832043849802,0.2934104789456766,0.9207161125319693,0.34665307309875504,0.3195739014647137,60
qualification_r0_w60_b1024,5,2,G2,0.001,tcn,R0,G2__qualification_r0_w60_b1024__tcn__r0__w60__fold_2__seed_42,42,0.7860833620392698,0.5098828602937678,0.2934104789456766,0.8772378516624041,0.36189903583114,0.38791986407513207,60
qualification_r0_w60_b1024,6,2,G2,0.001,tcn,R0,G2__qualification_r0_w60_b1024__tcn__r0__w60__fold_2__seed_42,42,0.8287977953840854,0.451850714958252,0.49059497976846494,0.8593350383631714,0.39644220080115505,0.38918070744472194,60
qualification_r0_w60_b1024,7,2,G2,0.001,tcn,R0,G2__qualification_r0_w60_b1024__tcn__r0__w60__fold_2__seed_42,42,0.836031691353772,0.43900118162005347,0.5086979015436475,0.8499573742540495,0.41712853917177173,0.3829811453054497,60
qualification_r0_w60_b1024,8,2,G2,0.001,tcn,R0,G2__qualification_r0_w60_b1024__tcn__r0__w60__fold_2__seed_42,42,0.8374095763003789,0.43632297996525266,0.5137925497899968,0.8456947996589941,0.42563141878608546,0.3826885545318633,60
qualification_r0_w60_b1024,9,2,G2,0.001,tcn,R0,G2__qualification_r0_w60_b1024__tcn__r0__w60__fold_2__seed_42,42,0.8387874612469859,0.43300986021007704,0.5159655501367676,0.8465473145780051,0.423957166616874,0.3855712745594156,60
qualification_r0_w60_b1024,10,2,G2,0.001,tcn,R0,G2__qualification_r0_w60_b1024__tcn__r0__w60__fold_2__seed_42,42,0.8391319324836376,0.4294105734736436,0.5157482178203813,0.8491048593350383,0.4134695002235923,0.3872247127922211,60
qualification_r0_w60_b1024,11,2,G2,0.0005,tcn,R0,G2__qualification_r0_w60_b1024__tcn__r0__w60__fold_2__seed_42,42,0.8408542886668963,0.4277462210997688,0.5172015235480861,0.8508098891730606,0.40537257590358927,0.38595878818651097,60
qualification_r0_w60_b1024,12,2,G2,0.0005,tcn,R0,G2__qualification_r0_w60_b1024__tcn__r0__w60__fold_2__seed_42,42,0.842576644850155,0.42521721470614693,0.518259058277048,0.855924978687127,0.3964643028945061,0.3868733364646939,60
qualification_r0_w60_b1024,13,2,G2,0.0005,tcn,R0,G2__qualification_r0_w60_b1024__tcn__r0__w60__fold_2__seed_42,42,0.8446434722700654,0.42288670738401224,0.5199578820283776,0.8593350383631714,0.389199453190871,0.38918070744472194,60
qualification_r0_w60_b1024,14,2,G2,0.0005,tcn,R0,G2__qualification_r0_w60_b1024__tcn__r0__w60__fold_2__seed_42,42,0.845332414743369,0.42086988910288387,0.5196875404868274,0.8593350383631714,0.38399049789602696,0.38918070744472194,60
qualification_r0_w60_b1024,15,2,G2,0.00025,tcn,R0,G2__qualification_r0_w60_b1024__tcn__r0__w60__fold_2__seed_42,42,0.8463658284533242,0.4191294516463383,0.5210394019827025,0.8593350383631714,0.3820137218949333,0.38918070744472194,60
qualification_r0_w60_b1024,16,2,G2,0.00025,tcn,R0,G2__qualification_r0_w60_b1024__tcn__r0__w60__fold_2__seed_42,42,0.8460213572166724,0.4184931099538018,0.5202846378673193,0.8593350383631714,0.3808433372854475,0.38918070744472194,60
qualification_r0_w60_b1024,17,2,G2,0.00025,tcn,R0,G2__qualification_r0_w60_b1024__tcn__r0__w60__fold_2__seed_42,42,0.845332414743369,0.41733226790906147,0.5195675255080728,0.8584825234441603,0.38037849712453126,0.3885978863693362,60
qualification_r0_w60_b1024,18,2,G2,0.00025,tcn,R0,G2__qualification_r0_w60_b1024__tcn__r0__w60__fold_2__seed_42,42,0.8470547709266276,0.41643024212608576,0.5214519448857448,0.8567774936061381,0.37983857231168594,0.387444263571378,60
qualification_r0_w60_b1024,19,2,G2,0.000125,tcn,R0,G2__qualification_r0_w60_b1024__tcn__r0__w60__fold_2__seed_42,42,0.8460213572166724,0.4161764935218504,0.5206529022827472,0.8567774936061381,0.3795198671653143,0.387444263571378,60
qualification_r0_w60_b1024,20,2,G2,0.000125,tcn,R0,G2__qualification_r0_w60_b1024__tcn__r0__w60__fold_2__seed_42,42,0.8460213572166724,0.4165439481699093,0.5206529022827472,0.8567774936061381,0.3787584891709525,0.387444263571378,60
qualification_r0_w60_b1024,1,3,G2,0.001,lstm,R0,G2__qualification_r0_w60_b1024__lstm__r0__w60__fold_3__seed_42,42,0.36413208118751894,1.070250525614667,0.24471030871750107,0.6498696785403997,1.0374818431305741,0.3397732426303855,60
qualification_r0_w60_b1024,2,3,G2,0.001,lstm,R0,G2__qualification_r0_w60_b1024__lstm__r0__w60__fold_3__seed_42,42,0.8073311117843078,1.004847461510629,0.5005127022493724,0.6750651607298002,0.9662504722303561,0.3454668014829794,60
qualification_r0_w60_b1024,3,3,G2,0.001,lstm,R0,G2__qualification_r0_w60_b1024__lstm__r0__w60__fold_3__seed_42,42,0.8267191760072705,0.9180246626417119,0.5086913013202735,0.6907037358818419,0.8636333528132567,0.34847747672175156,60
qualification_r0_w60_b1024,4,3,G2,0.001,lstm,R0,G2__qualification_r0_w60_b1024__lstm__r0__w60__fold_3__seed_42,42,0.8309603150560436,0.787074614062305,0.506071776952154,0.7341442224152911,0.7116955875003991,0.3667437067647952,60
qualification_r0_w60_b1024,5,3,G2,0.001,lstm,R0,G2__qualification_r0_w60_b1024__lstm__r0__w60__fold_3__seed_42,42,0.8379279006361708,0.6025377690376783,0.5086393856335767,0.7593397046046916,0.5927681354182788,0.37821425425323024,60
qualification_r0_w60_b1024,6,3,G2,0.001,lstm,R0,G2__qualification_r0_w60_b1024__lstm__r0__w60__fold_3__seed_42,42,0.8476219327476522,0.4779267494821505,0.5159444510532694,0.7810599478714162,0.5674913078028673,0.3858669803490225,60
qualification_r0_w60_b1024,7,3,G2,0.001,lstm,R0,G2__qualification_r0_w60_b1024__lstm__r0__w60__fold_3__seed_42,42,0.846410178733717,0.44945897804322077,0.5040941946020663,0.787141615986099,0.5569322519230905,0.3835237853394278,60
qualification_r0_w60_b1024,8,3,G2,0.001,lstm,R0,G2__qualification_r0_w60_b1024__lstm__r0__w60__fold_3__seed_42,42,0.8600424113904878,0.4349382076072751,0.5275475223646575,0.7775847089487402,0.5711306951338058,0.3892963175113844,60
qualification_r0_w60_b1024,9,3,G2,0.001,lstm,R0,G2__qualification_r0_w60_b1024__lstm__r0__w60__fold_3__seed_42,42,0.8682217509845501,0.4196955627273408,0.5392288930630765,0.7767158992180713,0.5559044914412353,0.38881486613725597,60
qualification_r0_w60_b1024,10,3,G2,0.001,lstm,R0,G2__qualification_r0_w60_b1024__lstm__r0__w60__fold_3__seed_42,42,0.8679188124810664,0.40757626679694064,0.5393811596221793,0.7767158992180713,0.5284794762562297,0.39010486505071346,60
qualification_r0_w60_b1024,11,3,G2,0.001,lstm,R0,G2__qualification_r0_w60_b1024__lstm__r0__w60__fold_3__seed_42,42,0.8694335049984853,0.4020146477930259,0.5404764813741763,0.7775847089487402,0.5268204708419397,0.39312777530650306,60
qualification_r0_w60_b1024,12,3,G2,0.001,lstm,R0,G2__qualification_r0_w60_b1024__lstm__r0__w60__fold_3__seed_42,42,0.8694335049984853,0.39960073572474875,0.5406657954933736,0.7775847089487402,0.5246598996953483,0.39058872182672144,60
qualification_r0_w60_b1024,13,3,G2,0.001,lstm,R0,G2__qualification_r0_w60_b1024__lstm__r0__w60__fold_3__seed_42,42,0.8679188124810664,0.4006280541889453,0.5396597492092692,0.7784535186794093,0.5318284816166093,0.3910740405170934,60
qualification_r0_w60_b1024,14,3,G2,0.001,lstm,R0,G2__qualification_r0_w60_b1024__lstm__r0__w60__fold_3__seed_42,42,0.8691305664950015,0.3994656857740731,0.5403483501678209,0.7801911381407471,0.5174913190039835,0.38538999829322407,60
qualification_r0_w60_b1024,15,3,G2,0.001,lstm,R0,G2__qualification_r0_w60_b1024__lstm__r0__w60__fold_3__seed_42,42,0.8697364435019691,0.3985907025985088,0.538902895471983,0.7819287576020851,0.5316956206236996,0.39172576193093595,60
qualification_r0_w60_b1024,16,3,G2,0.0005,lstm,R0,G2__qualification_r0_w60_b1024__lstm__r0__w60__fold_3__seed_42,42,0.8697364435019691,0.3976493041575298,0.5405047330864355,0.7810599478714162,0.5417183771354027,0.3950964464006144,60
qualification_r0_w60_b1024,17,3,G2,0.0005,lstm,R0,G2__qualification_r0_w60_b1024__lstm__r0__w60__fold_3__seed_42,42,0.8718570130263557,0.39574119303306643,0.5427715754704159,0.787141615986099,0.5320549382917991,0.3946919269499915,60
qualification_r0_w60_b1024,18,3,G2,0.0005,lstm,R0,G2__qualification_r0_w60_b1024__lstm__r0__w60__fold_3__seed_42,42,0.8718570130263557,0.3926948383247372,0.5419139281411722,0.788010425716768,0.5307724038147077,0.38833150556164814,60
qualification_r0_w60_b1024,19,3,G2,0.0005,lstm,R0,G2__qualification_r0_w60_b1024__lstm__r0__w60__fold_3__seed_42,42,0.8718570130263557,0.3977561063818482,0.5421302815160678,0.7862728062554301,0.5327948886062869,0.3873598369011213,60
qualification_r0_w60_b1024,20,3,G2,0.0005,lstm,R0,G2__qualification_r0_w60_b1024__lstm__r0__w60__fold_3__seed_42,42,0.8730687670402908,0.39445462861735686,0.5419827821377771,0.790616854908775,0.5249790748003563,0.38691530334504404,60
qualification_r0_w60_b1024,21,3,G2,0.00025,lstm,R0,G2__qualification_r0_w60_b1024__lstm__r0__w60__fold_3__seed_42,42,0.8733717055437746,0.39373729858966133,0.5430869450942192,0.7862728062554301,0.529301753570265,0.3873598369011213,60
qualification_r0_w60_b1024,22,3,G2,0.00025,lstm,R0,G2__qualification_r0_w60_b1024__lstm__r0__w60__fold_3__seed_42,42,0.8712511360193881,0.3943492114110558,0.5412810006286262,0.788010425716768,0.5282799590162149,0.39112751483572145,60
qualification_r0_w60_b1024,23,3,G2,0.00025,lstm,R0,G2__qualification_r0_w60_b1024__lstm__r0__w60__fold_3__seed_42,42,0.8727658285368071,0.39363561828401517,0.5430322789536141,0.787141615986099,0.5249116231730252,0.38784486413788005,60
qualification_r0_w60_b1024,24,3,G2,0.00025,lstm,R0,G2__qualification_r0_w60_b1024__lstm__r0__w60__fold_3__seed_42,42,0.874280521054226,0.39434217141816486,0.5437499298249554,0.788010425716768,0.5208180265308566,0.3854633639794342,60
qualification_r0_w60_b1024,25,3,G2,0.000125,lstm,R0,G2__qualification_r0_w60_b1024__lstm__r0__w60__fold_3__seed_42,42,0.8718570130263557,0.3958589584763864,0.5413000707140019,0.788010425716768,0.5215226083372491,0.3854633639794342,60
qualification_r0_w60_b1024,26,3,G2,0.000125,lstm,R0,G2__qualification_r0_w60_b1024__lstm__r0__w60__fold_3__seed_42,42,0.8736746440472584,0.3926165848654424,0.5427885795957664,0.788010425716768,0.5234712794306586,0.3854633639794342,60
qualification_r0_w60_b1024,1,3,G2,0.001,tcn,R0,G2__qualification_r0_w60_b1024__tcn__r0__w60__fold_3__seed_42,42,0.20811875189336565,1.0727576039408742,0.11927614853948827,0.5456125108601216,0.9090630277978349,0.3194444444444444,60
qualification_r0_w60_b1024,2,3,G2,0.001,tcn,R0,G2__qualification_r0_w60_b1024__tcn__r0__w60__fold_3__seed_42,42,0.7737049378976067,0.8211959846559275,0.43430404490008917,0.8566463944396178,0.5823620906816577,0.30759631882701605,60
qualification_r0_w60_b1024,3,3,G2,0.001,tcn,R0,G2__qualification_r0_w60_b1024__tcn__r0__w60__fold_3__seed_42,42,0.7843077855195395,0.6018996085318172,0.2930390492359932,0.8566463944396178,0.45449306727180677,0.30759631882701605,60
qualification_r0_w60_b1024,4,3,G2,0.001,tcn,R0,G2__qualification_r0_w60_b1024__tcn__r0__w60__fold_3__seed_42,42,0.8345955770978492,0.4507863099594544,0.4674394679701334,0.7775847089487402,0.5498949682241311,0.39437493627743714,60
qualification_r0_w60_b1024,5,3,G2,0.001,tcn,R0,G2__qualification_r0_w60_b1024__tcn__r0__w60__fold_3__seed_42,42,0.8664041199636474,0.4103944692709922,0.5387077331422158,0.7454387489139879,0.6275155587133172,0.38273655569529147,60
qualification_r0_w60_b1024,6,3,G2,0.001,tcn,R0,G2__qualification_r0_w60_b1024__tcn__r0__w60__fold_3__seed_42,42,0.8657982429566798,0.4064119639125097,0.5404920115076545,0.7636837532580365,0.6005717393732609,0.39255077392055554,60
qualification_r0_w60_b1024,7,3,G2,0.001,tcn,R0,G2__qualification_r0_w60_b1024__tcn__r0__w60__fold_3__seed_42,42,0.8661011814601636,0.39245830964262074,0.540441538364119,0.7715030408340573,0.5571225559214319,0.39575792572144836,60
qualification_r0_w60_b1024,8,3,G2,0.001,tcn,R0,G2__qualification_r0_w60_b1024__tcn__r0__w60__fold_3__seed_42,42,0.8697364435019691,0.38581888331170877,0.5432845169882338,0.7819287576020851,0.5293528201474406,0.40173702223932367,60
qualification_r0_w60_b1024,9,3,G2,0.001,tcn,R0,G2__qualification_r0_w60_b1024__tcn__r0__w60__fold_3__seed_42,42,0.8730687670402908,0.3832215248491142,0.5458942040385472,0.7836663770634231,0.520893364976428,0.3965889111349769,60
qualification_r0_w60_b1024,10,3,G2,0.001,tcn,R0,G2__qualification_r0_w60_b1024__tcn__r0__w60__fold_3__seed_42,42,0.8727658285368071,0.3819520578749864,0.5444234818301733,0.7862728062554301,0.5174403587933937,0.399364823760959,60
qualification_r0_w60_b1024,11,3,G2,0.001,tcn,R0,G2__qualification_r0_w60_b1024__tcn__r0__w60__fold_3__seed_42,42,0.8730687670402908,0.37626196264823397,0.545172353973073,0.7819287576020851,0.5176434562218697,0.40173702223932367,60
qualification_r0_w60_b1024,12,3,G2,0.001,tcn,R0,G2__qualification_r0_w60_b1024__tcn__r0__w60__fold_3__seed_42,42,0.8727658285368071,0.37348222428291217,0.5455844190876965,0.7801911381407471,0.5287866663741195,0.39709484809997225,60
qualification_r0_w60_b1024,13,3,G2,0.0005,tcn,R0,G2__qualification_r0_w60_b1024__tcn__r0__w60__fold_3__seed_42,42,0.8724628900333232,0.37208461927594794,0.5450813332468736,0.7793223284100782,0.532142102420589,0.39659757927086825,60
qualification_r0_w60_b1024,14,3,G2,0.0005,tcn,R0,G2__qualification_r0_w60_b1024__tcn__r0__w60__fold_3__seed_42,42,0.8721599515298395,0.3709861338860842,0.5448571187966856,0.7775847089487402,0.5307882194489008,0.39560751836966673,60
qualification_r0_w60_b1024,15,3,G2,0.0005,tcn,R0,G2__qualification_r0_w60_b1024__tcn__r0__w60__fold_3__seed_42,42,0.8724628900333232,0.3693381105271732,0.5453423201552494,0.7775847089487402,0.5290569632365122,0.39560751836966673,60
qualification_r0_w60_b1024,16,3,G2,0.0005,tcn,R0,G2__qualification_r0_w60_b1024__tcn__r0__w60__fold_3__seed_42,42,0.8721599515298395,0.3692587806181054,0.5449700398647483,0.7836663770634231,0.5277099204027166,0.3990991920233798,60
qualification_r0_w60_b1024,17,3,G2,0.00025,tcn,R0,G2__qualification_r0_w60_b1024__tcn__r0__w60__fold_3__seed_42,42,0.8715540745228718,0.3677748213642043,0.5440922780386206,0.7845351867940921,0.5273539182106171,0.39960417097450746,60
qualification_r0_w60_b1024,18,3,G2,0.00025,tcn,R0,G2__qualification_r0_w60_b1024__tcn__r0__w60__fold_3__seed_42,42,0.8718570130263557,0.36799077896846494,0.5445973266763097,0.7845351867940921,0.5284950927637848,0.39960417097450746,60
qualification_r0_w60_b1024,19,3,G2,0.00025,tcn,R0,G2__qualification_r0_w60_b1024__tcn__r0__w60__fold_3__seed_42,42,0.8730687670402908,0.36711962749040045,0.54545239989576,0.7845351867940921,0.5289853091451212,0.39960417097450746,60
qualification_r0_w60_b1024,20,3,G2,0.00025,tcn,R0,G2__qualification_r0_w60_b1024__tcn__r0__w60__fold_3__seed_42,42,0.8721599515298395,0.36756224836843804,0.5445763154353727,0.7845351867940921,0.5276378428775471,0.3983543906823333,60
qualification_r0_w60_b1024,21,3,G2,0.000125,tcn,R0,G2__qualification_r0_w60_b1024__tcn__r0__w60__fold_3__seed_42,42,0.8712511360193881,0.3661817136821296,0.5438312789292898,0.7836663770634231,0.5262360887797785,0.3978515636566055,60
qualification_r0_w60_b1024,22,3,G2,0.000125,tcn,R0,G2__qualification_r0_w60_b1024__tcn__r0__w60__fold_3__seed_42,42,0.8724628900333232,0.3669517405175397,0.5448186734913568,0.7845351867940921,0.5248301988394751,0.39960417097450746,60
qualification_r0_w60_b1024,23,3,G2,0.000125,tcn,R0,G2__qualification_r0_w60_b1024__tcn__r0__w60__fold_3__seed_42,42,0.8721599515298395,0.36694181956727734,0.5447079764776492,0.7810599478714162,0.5244879971940449,0.39759362879373183,60
qualification_r0_w60_b1024,1,4,G2,0.001,lstm,R0,G2__qualification_r0_w60_b1024__lstm__r0__w60__fold_4__seed_42,42,0.4012362268207471,1.0667408687137399,0.2688957556886981,0.6995555555555556,1.0369965287314522,0.3430863660528732,60
qualification_r0_w60_b1024,2,4,G2,0.001,lstm,R0,G2__qualification_r0_w60_b1024__lstm__r0__w60__fold_4__seed_42,42,0.8395592582639075,0.9977266853998118,0.5218686864633396,0.7271111111111112,0.9604075504938762,0.3501514092709061,60
qualification_r0_w60_b1024,3,4,G2,0.001,lstm,R0,G2__qualification_r0_w60_b1024__lstm__r0__w60__fold_4__seed_42,42,0.8570276807309863,0.9067588882784599,0.5315875144408435,0.7395555555555555,0.8493077262242635,0.35581483282018045,60
qualification_r0_w60_b1024,4,4,G2,0.001,lstm,R0,G2__qualification_r0_w60_b1024__lstm__r0__w60__fold_4__seed_42,42,0.8597151303413061,0.7650969615869386,0.5320618683498927,0.7457777777777778,0.6782187513245477,0.35597096831297576,60
qualification_r0_w60_b1024,5,4,G2,0.001,lstm,R0,G2__qualification_r0_w60_b1024__lstm__r0__w60__fold_4__seed_42,42,0.8591776404192422,0.5642077530288978,0.5304143312898963,0.7573333333333333,0.5229456373320686,0.36146254319686055,60
qualification_r0_w60_b1024,6,4,G2,0.001,lstm,R0,G2__qualification_r0_w60_b1024__lstm__r0__w60__fold_4__seed_42,42,0.8637463047567858,0.4325823574673582,0.532977806265031,0.7768888888888889,0.48211366078588697,0.37132325133366256,60
qualification_r0_w60_b1024,7,4,G2,0.001,lstm,R0,G2__qualification_r0_w60_b1024__lstm__r0__w60__fold_4__seed_42,42,0.8731523783929052,0.40947895685500657,0.5393878326603461,0.8337777777777777,0.46159174275398257,0.40308719816916544,60
qualification_r0_w60_b1024,8,4,G2,0.001,lstm,R0,G2__qualification_r0_w60_b1024__lstm__r0__w60__fold_4__seed_42,42,0.8833646869121204,0.40027284720705836,0.5474727200380888,0.8355555555555556,0.4460378016100989,0.4061546154120889,60
qualification_r0_w60_b1024,9,4,G2,0.001,lstm,R0,G2__qualification_r0_w60_b1024__lstm__r0__w60__fold_4__seed_42,42,0.8852459016393442,0.3824969245698048,0.55044174609392,0.8275555555555556,0.4508971078528298,0.40260116179940125,60
qualification_r0_w60_b1024,10,4,G2,0.001,lstm,R0,G2__qualification_r0_w60_b1024__lstm__r0__w60__fold_4__seed_42,42,0.8868583714055361,0.37223151152379347,0.5532329428372328,0.8266666666666667,0.46392502148946124,0.40378111405488504,60
qualification_r0_w60_b1024,11,4,G2,0.001,lstm,R0,G2__qualification_r0_w60_b1024__lstm__r0__w60__fold_4__seed_42,42,0.8879333512496641,0.36239476984497426,0.5551382942704626,0.8248888888888889,0.4612571079995897,0.4043426116346051,60
qualification_r0_w60_b1024,12,4,G2,0.001,lstm,R0,G2__qualification_r0_w60_b1024__lstm__r0__w60__fold_4__seed_42,42,0.889277076054824,0.3642626619489563,0.5562990165604065,0.8275555555555556,0.4397222772174411,0.4043686363469284,60
qualification_r0_w60_b1024,13,4,G2,0.0005,lstm,R0,G2__qualification_r0_w60_b1024__lstm__r0__w60__fold_4__seed_42,42,0.8879333512496641,0.360202560739407,0.5546535824394608,0.8275555555555556,0.4380017637676663,0.4043686363469284,60
qualification_r0_w60_b1024,14,4,G2,0.0005,lstm,R0,G2__qualification_r0_w60_b1024__lstm__r0__w60__fold_4__seed_42,42,0.888470841171728,0.3581930551356572,0.5552409558875001,0.8275555555555556,0.4463816188706292,0.4078205995041695,60
qualification_r0_w60_b1024,15,4,G2,0.0005,lstm,R0,G2__qualification_r0_w60_b1024__lstm__r0__w60__fold_4__seed_42,42,0.8876646062886321,0.36330155932560493,0.5541805386591615,0.8284444444444444,0.4520304370721181,0.41010814572109844,60
qualification_r0_w60_b1024,16,4,G2,0.0005,lstm,R0,G2__qualification_r0_w60_b1024__lstm__r0__w60__fold_4__seed_42,42,0.888470841171728,0.3599576533673688,0.5551207956961628,0.8284444444444444,0.45102392522494,0.41010814572109844,60
qualification_r0_w60_b1024,17,4,G2,0.0005,lstm,R0,G2__qualification_r0_w60_b1024__lstm__r0__w60__fold_4__seed_42,42,0.8898145659768879,0.3578904676953172,0.5567627990163201,0.8302222222222222,0.4456873642338647,0.41132077923765703,60
qualification_r0_w60_b1024,18,4,G2,0.0005,lstm,R0,G2__qualification_r0_w60_b1024__lstm__r0__w60__fold_4__seed_42,42,0.8873958613276001,0.35850531461097257,0.5540649162242733,0.832,0.4419845390319824,0.4142227767164412,60
qualification_r0_w60_b1024,19,4,G2,0.0005,lstm,R0,G2__qualification_r0_w60_b1024__lstm__r0__w60__fold_4__seed_42,42,0.889545821015856,0.354868427099191,0.5562923830930532,0.832,0.4406446115175883,0.4142227767164412,60
qualification_r0_w60_b1024,20,4,G2,0.0005,lstm,R0,G2__qualification_r0_w60_b1024__lstm__r0__w60__fold_4__seed_42,42,0.889545821015856,0.35680481690580057,0.5564160568814067,0.8337777777777777,0.43979576230049133,0.41546724233801063,60
qualification_r0_w60_b1024,21,4,G2,0.0005,lstm,R0,G2__qualification_r0_w60_b1024__lstm__r0__w60__fold_4__seed_42,42,0.8903520558989519,0.3526857704588945,0.5568756884124311,0.8328888888888889,0.4426737734741635,0.41484341484341486,60
qualification_r0_w60_b1024,22,4,G2,0.0005,lstm,R0,G2__qualification_r0_w60_b1024__lstm__r0__w60__fold_4__seed_42,42,0.8898145659768879,0.3523199557136765,0.5565298489513228,0.8382222222222222,0.4399984004232619,0.41863563167910994,60
qualification_r0_w60_b1024,23,4,G2,0.0005,lstm,R0,G2__qualification_r0_w60_b1024__lstm__r0__w60__fold_4__seed_42,42,0.8906208008599839,0.35095739747464927,0.5566292246872597,0.8444444444444444,0.43783056569099427,0.4214917016267064,60
qualification_r0_w60_b1024,24,4,G2,0.0005,lstm,R0,G2__qualification_r0_w60_b1024__lstm__r0__w60__fold_4__seed_42,42,0.8919645256651437,0.35246437701510025,0.5579463470064562,0.8471111111111111,0.4428368062178294,0.42694260802912715,60
qualification_r0_w60_b1024,25,4,G2,0.0005,lstm,R0,G2__qualification_r0_w60_b1024__lstm__r0__w60__fold_4__seed_42,42,0.8903520558989519,0.34748766877035464,0.5561530558123323,0.8426666666666667,0.4506134161154429,0.4235804336863338,60
qualification_r0_w60_b1024,26,4,G2,0.0005,lstm,R0,G2__qualification_r0_w60_b1024__lstm__r0__w60__fold_4__seed_42,42,0.8906208008599839,0.3483165660410022,0.5567567567567567,0.8462222222222222,0.4483820529248979,0.4228269637611677,60
qualification_r0_w60_b1024,27,4,G2,0.0005,lstm,R0,G2__qualification_r0_w60_b1024__lstm__r0__w60__fold_4__seed_42,42,0.8898145659768879,0.3487651353560286,0.5551900688824875,0.8524444444444444,0.441259088145362,0.424020424020424,60
qualification_r0_w60_b1024,28,4,G2,0.0005,lstm,R0,G2__qualification_r0_w60_b1024__lstm__r0__w60__fold_4__seed_42,42,0.8911582907820479,0.3486919807061429,0.5573700178963338,0.8382222222222222,0.45946866856680973,0.4203096810008129,60
qualification_r0_w60_b1024,29,4,G2,0.00025,lstm,R0,G2__qualification_r0_w60_b1024__lstm__r0__w60__fold_4__seed_42,42,0.8900833109379199,0.3476066086856757,0.5564018838405212,0.8364444444444444,0.46383488074938456,0.41902571454076676,60
qualification_r0_w60_b1024,30,4,G2,0.00025,lstm,R0,G2__qualification_r0_w60_b1024__lstm__r0__w60__fold_4__seed_42,42,0.8908895458210159,0.3428761405638551,0.557601494475242,0.8373333333333334,0.4617688530551063,0.4196660027819929,60
qualification_r0_w60_b1024,31,4,G2,0.00025,lstm,R0,G2__qualification_r0_w60_b1024__lstm__r0__w60__fold_4__seed_42,42,0.8908895458210159,0.3484914372185807,0.557731904317511,0.84,0.45694799717267354,0.4199267511186335,60
qualification_r0_w60_b1024,32,4,G2,0.00025,lstm,R0,G2__qualification_r0_w60_b1024__lstm__r0__w60__fold_4__seed_42,42,0.8908895458210159,0.3451183517672496,0.558340827879906,0.8373333333333334,0.4629888790713416,0.4196660027819929,60
qualification_r0_w60_b1024,33,4,G2,0.000125,lstm,R0,G2__qualification_r0_w60_b1024__lstm__r0__w60__fold_4__seed_42,42,0.8898145659768879,0.3476558948309631,0.5565349927678707,0.8382222222222222,0.46281759950849743,0.4203096810008129,60
qualification_r0_w60_b1024,34,4,G2,0.000125,lstm,R0,G2__qualification_r0_w60_b1024__lstm__r0__w60__fold_4__seed_42,42,0.8925020155872078,0.3422373052615371,0.5591344259501826,0.8364444444444444,0.4629752332104577,0.4173582611339109,60
qualification_r0_w60_b1024,35,4,G2,0.000125,lstm,R0,G2__qualification_r0_w60_b1024__lstm__r0__w60__fold_4__seed_42,42,0.8916957807041118,0.3423697607663331,0.5586748292159114,0.8382222222222222,0.46329771569040085,0.41863563167910994,60
qualification_r0_w60_b1024,36,4,G2,0.000125,lstm,R0,G2__qualification_r0_w60_b1024__lstm__r0__w60__fold_4__seed_42,42,0.8916957807041118,0.3442294299442324,0.5585560069608628,0.8391111111111111,0.46453808622890047,0.41927945108157116,60
qualification_r0_w60_b1024,37,4,G2,6.25e-05,lstm,R0,G2__qualification_r0_w60_b1024__lstm__r0__w60__fold_4__seed_42,42,0.8930395055092717,0.34165273685668046,0.559853287914025,0.8391111111111111,0.46513397969139947,0.41927945108157116,60
qualification_r0_w60_b1024,38,4,G2,6.25e-05,lstm,R0,G2__qualification_r0_w60_b1024__lstm__r0__w60__fold_4__seed_42,42,0.8906208008599839,0.34404940809879336,0.5573700226131543,0.8391111111111111,0.46667833087179394,0.42095679171988293,60
qualification_r0_w60_b1024,39,4,G2,6.25e-05,lstm,R0,G2__qualification_r0_w60_b1024__lstm__r0__w60__fold_4__seed_42,42,0.8922332706261757,0.34005557061907615,0.5588908676779542,0.8373333333333334,0.46798537895414566,0.4196660027819929,60
qualification_r0_w60_b1024,1,4,G2,0.001,tcn,R0,G2__qualification_r0_w60_b1024__tcn__r0__w60__fold_4__seed_42,42,0.20075248589088954,1.0621051532195096,0.11929227487269166,0.5608888888888889,0.912012584315406,0.2949527010206622,60
qualification_r0_w60_b1024,2,4,G2,0.001,tcn,R0,G2__qualification_r0_w60_b1024__tcn__r0__w60__fold_4__seed_42,42,0.8032786885245902,0.8061640252992691,0.4514337427804442,0.8995555555555556,0.5579428154627483,0.3157073779441585,60
qualification_r0_w60_b1024,3,4,G2,0.001,tcn,R0,G2__qualification_r0_w60_b1024__tcn__r0__w60__fold_4__seed_42,42,0.7968288094598226,0.5751418644175418,0.2956426363545717,0.8613333333333333,0.38589195415708755,0.40110738595956513,60
qualification_r0_w60_b1024,4,4,G2,0.001,tcn,R0,G2__qualification_r0_w60_b1024__tcn__r0__w60__fold_4__seed_42,42,0.8548777210427304,0.41290829999252726,0.494732239716354,0.8462222222222222,0.46443741949399314,0.43120758315104607,60
qualification_r0_w60_b1024,5,4,G2,0.001,tcn,R0,G2__qualification_r0_w60_b1024__tcn__r0__w60__fold_4__seed_42,42,0.8817522171459286,0.3699646542963563,0.5499760594594618,0.7751111111111111,0.5384758565690783,0.38508344028110186,60
qualification_r0_w60_b1024,6,4,G2,0.001,tcn,R0,G2__qualification_r0_w60_b1024__tcn__r0__w60__fold_4__seed_42,42,0.8790647675356087,0.36272086409335813,0.5499013736231015,0.7813333333333333,0.511342014948527,0.3886681615359621,60
qualification_r0_w60_b1024,7,4,G2,0.001,tcn,R0,G2__qualification_r0_w60_b1024__tcn__r0__w60__fold_4__seed_42,42,0.8844396667562483,0.3487782960247526,0.5538167320684916,0.8266666666666667,0.4739143076207903,0.41694146052469794,60
qualification_r0_w60_b1024,8,4,G2,0.001,tcn,R0,G2__qualification_r0_w60_b1024__tcn__r0__w60__fold_4__seed_42,42,0.88873958613276,0.34258188263635037,0.5561947308821756,0.8373333333333334,0.44591397998068066,0.4229287691527935,60
qualification_r0_w60_b1024,9,4,G2,0.0005,tcn,R0,G2__qualification_r0_w60_b1024__tcn__r0__w60__fold_4__seed_42,42,0.8900833109379199,0.34083696138599295,0.5571231287297609,0.84,0.437383288330502,0.4248885458183021,60
qualification_r0_w60_b1024,10,4,G2,0.0005,tcn,R0,G2__qualification_r0_w60_b1024__tcn__r0__w60__fold_4__seed_42,42,0.8898145659768879,0.33892318757750983,0.5570149628694735,0.8391111111111111,0.43476091906759473,0.4242318385503549,60
qualification_r0_w60_b1024,11,4,G2,0.0005,tcn,R0,G2__qualification_r0_w60_b1024__tcn__r0__w60__fold_4__seed_42,42,0.8898145659768879,0.3357168303257482,0.5570082834065367,0.8346666666666667,0.4368682600392236,0.4209994016714597,60
qualification_r0_w60_b1024,12,4,G2,0.0005,tcn,R0,G2__qualification_r0_w60_b1024__tcn__r0__w60__fold_4__seed_42,42,0.88873958613276,0.33219083523724674,0.5559558857773667,0.8328888888888889,0.44005209011501734,0.41972950861584085,60
qualification_r0_w60_b1024,13,4,G2,0.00025,tcn,R0,G2__qualification_r0_w60_b1024__tcn__r0__w60__fold_4__seed_42,42,0.8903520558989519,0.3303349354884792,0.5578219126338578,0.8328888888888889,0.441130797651079,0.41972950861584085,60
qualification_r0_w60_b1024,14,4,G2,0.00025,tcn,R0,G2__qualification_r0_w60_b1024__tcn__r0__w60__fold_4__seed_42,42,0.889277076054824,0.3299409145791183,0.5566558764039548,0.832,0.4423662934568193,0.41909934979798247,60
qualification_r0_w60_b1024,15,4,G2,0.00025,tcn,R0,G2__qualification_r0_w60_b1024__tcn__r0__w60__fold_4__seed_42,42,0.889545821015856,0.32873401499922256,0.5568860215848649,0.8311111111111111,0.44306138865152994,0.41847233176230625,60
qualification_r0_w60_b1024,16,4,G2,0.00025,tcn,R0,G2__qualification_r0_w60_b1024__tcn__r0__w60__fold_4__seed_42,42,0.88873958613276,0.32667305105253436,0.5561917177393844,0.8311111111111111,0.4427123271359338,0.41847233176230625,60
qualification_r0_w60_b1024,17,4,G2,0.000125,tcn,R0,G2__qualification_r0_w60_b1024__tcn__r0__w60__fold_4__seed_42,42,0.889277076054824,0.3271466169072812,0.5566539831511638,0.8311111111111111,0.4423304116990831,0.41847233176230625,60
qualification_r0_w60_b1024,18,4,G2,0.000125,tcn,R0,G2__qualification_r0_w60_b1024__tcn__r0__w60__fold_4__seed_42,42,0.889545821015856,0.3268332498684201,0.5572445859641711,0.8311111111111111,0.44171529195043774,0.41847233176230625,60
qualification_r0_w60_b1024,19,4,G2,0.000125,tcn,R0,G2__qualification_r0_w60_b1024__tcn__r0__w60__fold_4__seed_42,42,0.889008331093792,0.3254607789893203,0.5565403464049591,0.8311111111111111,0.44071665472454497,0.41847233176230625,60
qualification_r0_w150_b1024,1,1,G2,0.001,transformer,R0,G2__qualification_r0_w150_b1024__transformer__r0__w150__fold_1__seed_42,42,0.7783715812637535,0.7132980122351864,0.31401545172982415,0.8242424242424242,0.49860300955834325,0.3094942382805512,150
qualification_r0_w150_b1024,2,1,G2,0.001,transformer,R0,G2__qualification_r0_w150_b1024__transformer__r0__w150__fold_1__seed_42,42,0.8698522477208425,0.3893948185372675,0.4459737821798148,0.8649350649350649,0.4052165243016693,0.30919220055710306,150
qualification_r0_w150_b1024,3,1,G2,0.001,transformer,R0,G2__qualification_r0_w150_b1024__transformer__r0__w150__fold_1__seed_42,42,0.8817981766740018,0.3161690553772641,0.31239558970932174,0.8649350649350649,0.38760539811927003,0.30919220055710306,150
qualification_r0_w150_b1024,4,1,G2,0.001,transformer,R0,G2__qualification_r0_w150_b1024__transformer__r0__w150__fold_1__seed_42,42,0.8874567745991826,0.2984279712128662,0.3695839418791896,0.8597402597402597,0.3794567290967677,0.3792126495409441,150
qualification_r0_w150_b1024,5,1,G2,0.001,transformer,R0,G2__qualification_r0_w150_b1024__transformer__r0__w150__fold_1__seed_42,42,0.8912291732159698,0.2903022467855836,0.484043491057599,0.8571428571428571,0.37811593666221155,0.41041757118105576,150
qualification_r0_w150_b1024,6,1,G2,0.001,transformer,R0,G2__qualification_r0_w150_b1024__transformer__r0__w150__fold_1__seed_42,42,0.8912291732159698,0.2878305147894146,0.48990864286572905,0.8536796536796537,0.37767754140354337,0.39609204536740766,150
qualification_r0_w150_b1024,7,1,G2,0.001,transformer,R0,G2__qualification_r0_w150_b1024__transformer__r0__w150__fold_1__seed_42,42,0.8915435397673688,0.28574367248386157,0.48666589749893435,0.8597402597402597,0.3760398960926316,0.3792126495409441,150
qualification_r0_w150_b1024,8,1,G2,0.001,transformer,R0,G2__qualification_r0_w150_b1024__transformer__r0__w150__fold_1__seed_42,42,0.890600440113172,0.2841545805096139,0.4790841527905942,0.8597402597402597,0.3741063762794841,0.3792126495409441,150
qualification_r0_w150_b1024,9,1,G2,0.001,transformer,R0,G2__qualification_r0_w150_b1024__transformer__r0__w150__fold_1__seed_42,42,0.8915435397673688,0.2831122820546364,0.48002271066061225,0.8606060606060606,0.3731531705691185,0.3822478905924192,150
qualification_r0_w150_b1024,10,1,G2,0.0005,transformer,R0,G2__qualification_r0_w150_b1024__transformer__r0__w150__fold_1__seed_42,42,0.8912291732159698,0.2818248354200671,0.4831005186954056,0.8588744588744589,0.37419296174725414,0.3811905807979106,150
qualification_r0_w150_b1024,11,1,G2,0.0005,transformer,R0,G2__qualification_r0_w150_b1024__transformer__r0__w150__fold_1__seed_42,42,0.8924866394215656,0.2814237610025625,0.48483223586294,0.8588744588744589,0.3762361076100048,0.3811905807979106,150
qualification_r0_w150_b1024,12,1,G2,0.0005,transformer,R0,G2__qualification_r0_w150_b1024__transformer__r0__w150__fold_1__seed_42,42,0.8915435397673688,0.28073461610953865,0.4838870384567457,0.8554112554112554,0.3777364360499176,0.3791145181946056,150
qualification_r0_w150_b1024,13,1,G2,0.0005,transformer,R0,G2__qualification_r0_w150_b1024__transformer__r0__w150__fold_1__seed_42,42,0.8928010059729645,0.2801346838268159,0.4860859077952222,0.8528138528138528,0.3769683703844681,0.3775897173911434,150
qualification_r0_w150_b1024,14,1,G2,0.00025,transformer,R0,G2__qualification_r0_w150_b1024__transformer__r0__w150__fold_1__seed_42,42,0.8918579063187677,0.27981659482856547,0.48652381735009725,0.8493506493506493,0.376985412900582,0.3779537456008044,150
qualification_r0_w150_b1024,15,1,G2,0.00025,transformer,R0,G2__qualification_r0_w150_b1024__transformer__r0__w150__fold_1__seed_42,42,0.8928010059729645,0.27938674908413597,0.48792691998445914,0.8502164502164502,0.37763140755040303,0.3807770396174804,150
qualification_r0_w150_b1024,16,1,G2,0.00025,transformer,R0,G2__qualification_r0_w150_b1024__transformer__r0__w150__fold_1__seed_42,42,0.8928010059729645,0.2789354991215799,0.4883803776867756,0.8502164502164502,0.37880333619458334,0.3807770396174804,150
qualification_r0_w150_b1024,17,1,G2,0.00025,transformer,R0,G2__qualification_r0_w150_b1024__transformer__r0__w150__fold_1__seed_42,42,0.8940584721785602,0.2784810551857656,0.4905511623212931,0.8493506493506493,0.3807538452215525,0.3802673385241779,150
qualification_r0_w150_b1024,18,1,G2,0.000125,transformer,R0,G2__qualification_r0_w150_b1024__transformer__r0__w150__fold_1__seed_42,42,0.8934297390757623,0.27827223859954575,0.4890150875252339,0.8502164502164502,0.3817489032169957,0.3807770396174804,150
qualification_r0_w150_b1024,19,1,G2,0.000125,transformer,R0,G2__qualification_r0_w150_b1024__transformer__r0__w150__fold_1__seed_42,42,0.8931153725243635,0.27800553346609624,0.489148108872393,0.8502164502164502,0.3824950513063055,0.3807770396174804,150
qualification_r0_w150_b1024,20,1,G2,0.000125,transformer,R0,G2__qualification_r0_w150_b1024__transformer__r0__w150__fold_1__seed_42,42,0.8931153725243635,0.27827934264031196,0.4877878547593088,0.8493506493506493,0.38293229758868486,0.3779537456008044,150
qualification_r0_w150_b1024,1,2,G2,0.001,transformer,R0,G2__qualification_r0_w150_b1024__transformer__r0__w150__fold_2__seed_42,42,0.6851851851851852,0.8177810979422616,0.3419132964449266,0.8620689655172413,0.49870374099961645,0.3105107902499612,150
qualification_r0_w150_b1024,2,2,G2,0.001,transformer,R0,G2__qualification_r0_w150_b1024__transformer__r0__w150__fold_2__seed_42,42,0.7833682739343116,0.5363305864594018,0.4403861967677427,0.9008620689655172,0.37315316046106406,0.3699900156896305,150
qualification_r0_w150_b1024,3,2,G2,0.001,transformer,R0,G2__qualification_r0_w150_b1024__transformer__r0__w150__fold_2__seed_42,42,0.822501747030049,0.4478866393586125,0.47403958361067255,0.8870689655172413,0.3429383369355366,0.36910802823043004,150
qualification_r0_w150_b1024,4,2,G2,0.001,transformer,R0,G2__qualification_r0_w150_b1024__transformer__r0__w150__fold_2__seed_42,42,0.8361285814116003,0.42119269588458463,0.4986136383509107,0.875,0.34624155040445,0.37215000405184456,150
qualification_r0_w150_b1024,5,2,G2,0.001,transformer,R0,G2__qualification_r0_w150_b1024__transformer__r0__w150__fold_2__seed_42,42,0.8389238294898672,0.4141438392223302,0.5053284281123617,0.8637931034482759,0.3576837204653641,0.37154692286271235,150
qualification_r0_w150_b1024,6,2,G2,0.001,transformer,R0,G2__qualification_r0_w150_b1024__transformer__r0__w150__fold_2__seed_42,42,0.8410202655485675,0.411281859204121,0.5097907879407294,0.8612068965517241,0.36025035432700453,0.3757669884635522,150
qualification_r0_w150_b1024,7,2,G2,0.001,transformer,R0,G2__qualification_r0_w150_b1024__transformer__r0__w150__fold_2__seed_42,42,0.8406708595387841,0.40696793919589286,0.509735647144005,0.8612068965517241,0.35541326660534434,0.3757669884635522,150
qualification_r0_w150_b1024,8,2,G2,0.001,transformer,R0,G2__qualification_r0_w150_b1024__transformer__r0__w150__fold_2__seed_42,42,0.8410202655485675,0.4016859038862459,0.5097907879407294,0.8620689655172413,0.35289603985589124,0.3763001699215253,150
qualification_r0_w150_b1024,9,2,G2,0.001,transformer,R0,G2__qualification_r0_w150_b1024__transformer__r0__w150__fold_2__seed_42,42,0.8420684835779175,0.39666509584560833,0.5107213362493283,0.8620689655172413,0.35572638614424346,0.3763001699215253,150
qualification_r0_w150_b1024,10,2,G2,0.001,transformer,R0,G2__qualification_r0_w150_b1024__transformer__r0__w150__fold_2__seed_42,42,0.8427672955974843,0.39120956909648197,0.512106705457089,0.8525862068965517,0.36375210285186765,0.37062971254431504,150
qualification_r0_w150_b1024,11,2,G2,0.001,transformer,R0,G2__qualification_r0_w150_b1024__transformer__r0__w150__fold_2__seed_42,42,0.8469601677148847,0.3850943572991049,0.5181355008767268,0.8551724137931035,0.3734226617319831,0.396932937007382,150
qualification_r0_w150_b1024,12,2,G2,0.001,transformer,R0,G2__qualification_r0_w150_b1024__transformer__r0__w150__fold_2__seed_42,42,0.8490566037735849,0.3792330579354495,0.5224012486075762,0.8568965517241379,0.37617523012490106,0.40471738144360064,150
qualification_r0_w150_b1024,13,2,G2,0.001,transformer,R0,G2__qualification_r0_w150_b1024__transformer__r0__w150__fold_2__seed_42,42,0.8508036338225018,0.37159834447063655,0.524822254785836,0.8568965517241379,0.3739833965383727,0.4025623775464438,150
qualification_r0_w150_b1024,14,2,G2,0.001,transformer,R0,G2__qualification_r0_w150_b1024__transformer__r0__w150__fold_2__seed_42,42,0.8535988819007687,0.3654846921615214,0.5906032026721681,0.8568965517241379,0.377578564347892,0.40471738144360064,150
qualification_r0_w150_b1024,15,2,G2,0.001,transformer,R0,G2__qualification_r0_w150_b1024__transformer__r0__w150__fold_2__seed_42,42,0.8570929419986024,0.3613035149252723,0.6519670678542041,0.853448275862069,0.38355440641271654,0.4084289248762933,150
qualification_r0_w150_b1024,16,2,G2,0.001,transformer,R0,G2__qualification_r0_w150_b1024__transformer__r0__w150__fold_2__seed_42,42,0.8574423480083857,0.3565920818151918,0.6784717044400689,0.8525862068965517,0.38981819204215346,0.40780859121470475,150
qualification_r0_w150_b1024,17,2,G2,0.001,transformer,R0,G2__qualification_r0_w150_b1024__transformer__r0__w150__fold_2__seed_42,42,0.8598881900768693,0.3532905409504366,0.7117390697854504,0.8525862068965517,0.39119573143021813,0.41023773139910547,150
qualification_r0_w150_b1024,18,2,G2,0.001,transformer,R0,G2__qualification_r0_w150_b1024__transformer__r0__w150__fold_2__seed_42,42,0.8574423480083857,0.350596953487996,0.7102557128725272,0.8517241379310345,0.38699456514983344,0.4085327159996552,150
qualification_r0_w150_b1024,19,2,G2,0.001,transformer,R0,G2__qualification_r0_w150_b1024__transformer__r0__w150__fold_2__seed_42,42,0.8588399720475192,0.3470696325613684,0.7114805370580695,0.8525862068965517,0.38809378979534936,0.4071331319649436,150
qualification_r0_w150_b1024,20,2,G2,0.001,transformer,R0,G2__qualification_r0_w150_b1024__transformer__r0__w150__fold_2__seed_42,42,0.8588399720475192,0.34304662787106216,0.7133057915603289,0.8517241379310345,0.3901699324106348,0.4085327159996552,150
qualification_r0_w150_b1024,21,2,G2,0.001,transformer,R0,G2__qualification_r0_w150_b1024__transformer__r0__w150__fold_2__seed_42,42,0.8577917540181691,0.34047357016389473,0.7114238004989056,0.85,0.3899268586060097,0.40728727566448747,150
qualification_r0_w150_b1024,22,2,G2,0.0005,transformer,R0,G2__qualification_r0_w150_b1024__transformer__r0__w150__fold_2__seed_42,42,0.856743535988819,0.3379056521598315,0.7099835432834007,0.8491379310344828,0.3917657529485637,0.4046631584578522,150
qualification_r0_w150_b1024,23,2,G2,0.0005,transformer,R0,G2__qualification_r0_w150_b1024__transformer__r0__w150__fold_2__seed_42,42,0.8588399720475192,0.336264842169673,0.7183300841873885,0.8456896551724138,0.39403903597387774,0.4042378745420754,150
qualification_r0_w150_b1024,24,2,G2,0.0005,transformer,R0,G2__qualification_r0_w150_b1024__transformer__r0__w150__fold_2__seed_42,42,0.8581411600279525,0.3353888161485633,0.7209624268505769,0.8405172413793104,0.4012502610683441,0.40069276298089856,150
qualification_r0_w150_b1024,25,2,G2,0.0005,transformer,R0,G2__qualification_r0_w150_b1024__transformer__r0__w150__fold_2__seed_42,42,0.859538784067086,0.3331722120235718,0.725464405815325,0.8396551724137931,0.40495438370211373,0.4020308701847661,150
qualification_r0_w150_b1024,26,2,G2,0.00025,transformer,R0,G2__qualification_r0_w150_b1024__transformer__r0__w150__fold_2__seed_42,42,0.8574423480083857,0.3324647832383316,0.7168064879960436,0.8405172413793104,0.40295085208169346,0.4010995505215773,150
qualification_r0_w150_b1024,27,2,G2,0.00025,transformer,R0,G2__qualification_r0_w150_b1024__transformer__r0__w150__fold_2__seed_42,42,0.8591893780573026,0.33158662963130103,0.7251477460444185,0.8413793103448276,0.40235532614691505,0.40168555321450944,150
qualification_r0_w150_b1024,28,2,G2,0.00025,transformer,R0,G2__qualification_r0_w150_b1024__transformer__r0__w150__fold_2__seed_42,42,0.8609364081062194,0.3302524979925922,0.728374337570275,0.8413793103448276,0.40313286627161093,0.40209922079124477,150
qualification_r0_w150_b1024,29,2,G2,0.00025,transformer,R0,G2__qualification_r0_w150_b1024__transformer__r0__w150__fold_2__seed_42,42,0.860587002096436,0.3298324419434132,0.7285340578498416,0.8396551724137931,0.40454350154975366,0.3989635965324325,150
qualification_r0_w150_b1024,30,2,G2,0.000125,transformer,R0,G2__qualification_r0_w150_b1024__transformer__r0__w150__fold_2__seed_42,42,0.860587002096436,0.3291081501877783,0.7207220075659247,0.8396551724137931,0.40503622889518737,0.3989635965324325,150
qualification_r0_w150_b1024,1,3,G2,0.001,transformer,R0,G2__qualification_r0_w150_b1024__transformer__r0__w150__fold_3__seed_42,42,0.7129714811407544,0.7707640820578979,0.3455694157950375,0.808,0.5782246089378993,0.35869568145149344,150
qualification_r0_w150_b1024,2,3,G2,0.001,transformer,R0,G2__qualification_r0_w150_b1024__transformer__r0__w150__fold_3__seed_42,42,0.8656853725850966,0.45945609248294966,0.5469269273807847,0.8142222222222222,0.49584673368930815,0.38323634733056666,150
qualification_r0_w150_b1024,3,3,G2,0.001,transformer,R0,G2__qualification_r0_w150_b1024__transformer__r0__w150__fold_3__seed_42,42,0.8721251149954001,0.3854414101156564,0.5367168343685947,0.8,0.5087802194025781,0.39020915706836284,150
qualification_r0_w150_b1024,4,3,G2,0.001,transformer,R0,G2__qualification_r0_w150_b1024__transformer__r0__w150__fold_3__seed_42,42,0.8739650413983441,0.3711854893438877,0.541101825676502,0.7875555555555556,0.5323309464454651,0.38765198888309876,150
qualification_r0_w150_b1024,5,3,G2,0.001,transformer,R0,G2__qualification_r0_w150_b1024__transformer__r0__w150__fold_3__seed_42,42,0.8736583869978534,0.36892528064738606,0.5416382758109909,0.7866666666666666,0.5323600532677438,0.38571055381400204,150
qualification_r0_w150_b1024,6,3,G2,0.001,transformer,R0,G2__qualification_r0_w150_b1024__transformer__r0__w150__fold_3__seed_42,42,0.8742716957988347,0.36542975945510736,0.54196836515227,0.7893333333333333,0.5212301973369386,0.3857126313177269,150
qualification_r0_w150_b1024,7,3,G2,0.001,transformer,R0,G2__qualification_r0_w150_b1024__transformer__r0__w150__fold_3__seed_42,42,0.8745783501993254,0.3612106958440168,0.5414565956174339,0.7946666666666666,0.5066424967977736,0.3886957165051417,150
qualification_r0_w150_b1024,8,3,G2,0.0005,transformer,R0,G2__qualification_r0_w150_b1024__transformer__r0__w150__fold_3__seed_42,42,0.874885004599816,0.3568407312030991,0.5415597167021017,0.7902222222222223,0.5087030979163117,0.38620547034747865,150
qualification_r0_w150_b1024,9,3,G2,0.0005,transformer,R0,G2__qualification_r0_w150_b1024__transformer__r0__w150__fold_3__seed_42,42,0.8751916590003067,0.3528531386657786,0.5424290698294216,0.7857777777777778,0.5186513671974341,0.3866656730506495,150
qualification_r0_w150_b1024,10,3,G2,0.0005,transformer,R0,G2__qualification_r0_w150_b1024__transformer__r0__w150__fold_3__seed_42,42,0.8767249310027599,0.3488602861784894,0.5455527245781524,0.7822222222222223,0.5239701606267029,0.38612674588284346,150
qualification_r0_w150_b1024,11,3,G2,0.0005,transformer,R0,G2__qualification_r0_w150_b1024__transformer__r0__w150__fold_3__seed_42,42,0.8776448942042319,0.34468058471809826,0.5468628854695917,0.784,0.521478298717075,0.3856858889641019,150
qualification_r0_w150_b1024,12,3,G2,0.00025,transformer,R0,G2__qualification_r0_w150_b1024__transformer__r0__w150__fold_3__seed_42,42,0.8773382398037411,0.34105265283102054,0.5463346485219459,0.7857777777777778,0.5208528103695975,0.3866656730506495,150
qualification_r0_w150_b1024,13,3,G2,0.00025,transformer,R0,G2__qualification_r0_w150_b1024__transformer__r0__w150__fold_3__seed_42,42,0.8770315854032505,0.3379283570614522,0.5458042583646449,0.7857777777777778,0.5211963975694445,0.3866656730506495,150
qualification_r0_w150_b1024,14,3,G2,0.00025,transformer,R0,G2__qualification_r0_w150_b1024__transformer__r0__w150__fold_3__seed_42,42,0.8797914750076664,0.33565118081801437,0.5616545955563562,0.7857777777777778,0.5225966253942913,0.3866656730506495,150
qualification_r0_w150_b1024,15,3,G2,0.00025,transformer,R0,G2__qualification_r0_w150_b1024__transformer__r0__w150__fold_3__seed_42,42,0.8825513646120822,0.3334966928671562,0.6582163432531559,0.784,0.5249018826451567,0.38710598135456786,150
qualification_r0_w150_b1024,16,3,G2,0.000125,transformer,R0,G2__qualification_r0_w150_b1024__transformer__r0__w150__fold_3__seed_42,42,0.8831646734130635,0.331298210629288,0.6906883174687367,0.784,0.5241508790022797,0.38710598135456786,150
qualification_r0_w150_b1024,17,3,G2,0.000125,transformer,R0,G2__qualification_r0_w150_b1024__transformer__r0__w150__fold_3__seed_42,42,0.8831646734130635,0.33040732444155185,0.6945432064315303,0.7866666666666666,0.5218840331170294,0.38715800575409004,150
qualification_r0_w150_b1024,18,3,G2,0.000125,transformer,R0,G2__qualification_r0_w150_b1024__transformer__r0__w150__fold_3__seed_42,42,0.8837779822140448,0.32940797362909546,0.7021058254383612,0.7866666666666666,0.5212986652652423,0.38715800575409004,150
qualification_r0_w150_b1024,1,4,G2,0.001,transformer,R0,G2__qualification_r0_w150_b1024__transformer__r0__w150__fold_4__seed_42,42,0.7396144447461309,0.7155637062181768,0.3554570487593443,0.8398190045248869,0.49151318512890674,0.3712341566409753,150
qualification_r0_w150_b1024,2,4,G2,0.001,transformer,R0,G2__qualification_r0_w150_b1024__transformer__r0__w150__fold_4__seed_42,42,0.8685853923431984,0.42011594912328054,0.5440007135113332,0.865158371040724,0.3967439260013503,0.4189818837475881,150
qualification_r0_w150_b1024,3,4,G2,0.001,transformer,R0,G2__qualification_r0_w150_b1024__transformer__r0__w150__fold_4__seed_42,42,0.8881346728210697,0.34877615476023593,0.5497856340182619,0.8552036199095022,0.40292383285399475,0.42321963962359366,150
qualification_r0_w150_b1024,4,4,G2,0.001,transformer,R0,G2__qualification_r0_w150_b1024__transformer__r0__w150__fold_4__seed_42,42,0.8903068150963888,0.3322796584259968,0.5544121302510564,0.8452488687782805,0.42864976393151605,0.4228759811052292,150
qualification_r0_w150_b1024,5,4,G2,0.001,transformer,R0,G2__qualification_r0_w150_b1024__transformer__r0__w150__fold_4__seed_42,42,0.8881346728210697,0.329568681997221,0.553413145972039,0.8443438914027149,0.43637706329919634,0.4239014373716632,150
qualification_r0_w150_b1024,6,4,G2,0.001,transformer,R0,G2__qualification_r0_w150_b1024__transformer__r0__w150__fold_4__seed_42,42,0.8894922617431442,0.3245637989419652,0.5554645709925039,0.8443438914027149,0.4283377393068771,0.4239014373716632,150
qualification_r0_w150_b1024,7,4,G2,0.001,transformer,R0,G2__qualification_r0_w150_b1024__transformer__r0__w150__fold_4__seed_42,42,0.892207439587293,0.3189756304891479,0.5580944204808641,0.8443438914027149,0.4174985307643856,0.4222111938240971,150
qualification_r0_w150_b1024,8,4,G2,0.001,transformer,R0,G2__qualification_r0_w150_b1024__transformer__r0__w150__fold_4__seed_42,42,0.8924789573717078,0.3127255840952747,0.5588235511299654,0.8389140271493213,0.4222678343904504,0.4199681385169927,150
qualification_r0_w150_b1024,9,4,G2,0.001,transformer,R0,G2__qualification_r0_w150_b1024__transformer__r0__w150__fold_4__seed_42,42,0.8949226174314417,0.30643892026031727,0.5624766804004223,0.8352941176470589,0.4310351892159535,0.41741419914794525,150
qualification_r0_w150_b1024,10,4,G2,0.0005,transformer,R0,G2__qualification_r0_w150_b1024__transformer__r0__w150__fold_4__seed_42,42,0.8941080640781971,0.3004983101822001,0.5624282809857225,0.8334841628959276,0.43650261351156017,0.4177817471509302,150
qualification_r0_w150_b1024,11,4,G2,0.0005,transformer,R0,G2__qualification_r0_w150_b1024__transformer__r0__w150__fold_4__seed_42,42,0.8946510996470268,0.29716832627914797,0.5632359150518669,0.8334841628959276,0.43939045991293446,0.4177817471509302,150
qualification_r0_w150_b1024,12,4,G2,0.0005,transformer,R0,G2__qualification_r0_w150_b1024__transformer__r0__w150__fold_4__seed_42,42,0.896551724137931,0.29428810377241377,0.6292945059669065,0.8343891402714932,0.4388478276551579,0.4184120808402354,150
qualification_r0_w150_b1024,13,4,G2,0.0005,transformer,R0,G2__qualification_r0_w150_b1024__transformer__r0__w150__fold_4__seed_42,42,0.8987238664132501,0.29145250144355683,0.6841199051905114,0.8352941176470589,0.43910021153510426,0.419045591235043,150
qualification_r0_w150_b1024,14,4,G2,0.00025,transformer,R0,G2__qualification_r0_w150_b1024__transformer__r0__w150__fold_4__seed_42,42,0.8998099375509095,0.28868370845270586,0.690626718826786,0.8352941176470589,0.441281086260377,0.419045591235043,150
qualification_r0_w150_b1024,15,4,G2,0.00025,transformer,R0,G2__qualification_r0_w150_b1024__transformer__r0__w150__fold_4__seed_42,42,0.8989953841976649,0.2876998132705171,0.7043561634729496,0.8343891402714932,0.44206692084198085,0.4184120808402354,150
qualification_r0_w150_b1024,16,4,G2,0.00025,transformer,R0,G2__qualification_r0_w150_b1024__transformer__r0__w150__fold_4__seed_42,42,0.8992669019820798,0.28666235186501493,0.7089815731148873,0.8343891402714932,0.4418070663558951,0.4184120808402354,150
qualification_r0_w150_b1024,17,4,G2,0.00025,transformer,R0,G2__qualification_r0_w150_b1024__transformer__r0__w150__fold_4__seed_42,42,0.8995384197664947,0.2855213878758731,0.7177662780205024,0.8352941176470589,0.44093277212990895,0.419045591235043,150
qualification_r0_w150_b1024,18,4,G2,0.000125,transformer,R0,G2__qualification_r0_w150_b1024__transformer__r0__w150__fold_4__seed_42,42,0.9014390442573988,0.2844682488627904,0.7446823874947363,0.8352941176470589,0.4402928970653007,0.419045591235043,150
qualification_r1_w60_b1024,1,1,G3,0.001,lstm,R1,G3__qualification_r1_w60_b1024__lstm__r1__w60__fold_1__seed_42,42,0.21908893709327548,1.0795489879891271,0.14610829674659462,0.8338983050847457,1.0326304334705159,0.32566370625029845,60
qualification_r1_w60_b1024,2,1,G3,0.001,lstm,R1,G3__qualification_r1_w60_b1024__lstm__r1__w60__fold_1__seed_42,42,0.8277037496126434,1.0106405067783706,0.32465496205933303,0.8533898305084746,0.9556839239799371,0.30696540161560737,60
qualification_r1_w60_b1024,3,1,G3,0.001,lstm,R1,G3__qualification_r1_w60_b1024__lstm__r1__w60__fold_1__seed_42,42,0.8738766656337156,0.9230013606272728,0.3158882141622887,0.8593220338983051,0.8426538483571198,0.3081130355515041,60
qualification_r1_w60_b1024,4,1,G3,0.001,lstm,R1,G3__qualification_r1_w60_b1024__lstm__r1__w60__fold_1__seed_42,42,0.8769755190579486,0.7874053409308666,0.3114853337735953,0.8593220338983051,0.6601258382958881,0.3081130355515041,60
qualification_r1_w60_b1024,5,1,G3,0.001,lstm,R1,G3__qualification_r1_w60_b1024__lstm__r1__w60__fold_1__seed_42,42,0.8775952897427952,0.5772840119309569,0.3116025746822908,0.8593220338983051,0.49123514370392946,0.3081130355515041,60
qualification_r1_w60_b1024,6,1,G3,0.0005,lstm,R1,G3__qualification_r1_w60_b1024__lstm__r1__w60__fold_1__seed_42,42,0.8775952897427952,0.4485846897249514,0.3116025746822908,0.8593220338983051,0.49055206836280174,0.3081130355515041,60
qualification_r1_w60_b1024,7,1,G3,0.0005,lstm,R1,G3__qualification_r1_w60_b1024__lstm__r1__w60__fold_1__seed_42,42,0.8775952897427952,0.44356983942552586,0.3116025746822908,0.8593220338983051,0.493986330522319,0.3081130355515041,60
qualification_r1_w60_b1024,8,1,G3,0.0005,lstm,R1,G3__qualification_r1_w60_b1024__lstm__r1__w60__fold_1__seed_42,42,0.8775952897427952,0.4431637099256891,0.3116025746822908,0.8593220338983051,0.48313117557663027,0.3081130355515041,60
qualification_r1_w60_b1024,9,1,G3,0.0005,lstm,R1,G3__qualification_r1_w60_b1024__lstm__r1__w60__fold_1__seed_42,42,0.8775952897427952,0.43429321472697263,0.3116025746822908,0.8593220338983051,0.4657986912181822,0.3081130355515041,60
qualification_r1_w60_b1024,10,1,G3,0.00025,lstm,R1,G3__qualification_r1_w60_b1024__lstm__r1__w60__fold_1__seed_42,42,0.8775952897427952,0.42087482339389415,0.3116025746822908,0.8593220338983051,0.4578893108893249,0.3081130355515041,60
qualification_r1_w60_b1024,11,1,G3,0.00025,lstm,R1,G3__qualification_r1_w60_b1024__lstm__r1__w60__fold_1__seed_42,42,0.8775952897427952,0.4182540656502933,0.3116025746822908,0.8593220338983051,0.45141756759356644,0.3081130355515041,60
qualification_r1_w60_b1024,12,1,G3,0.00025,lstm,R1,G3__qualification_r1_w60_b1024__lstm__r1__w60__fold_1__seed_42,42,0.8775952897427952,0.4158270532478295,0.3116025746822908,0.8593220338983051,0.44633245905072,0.3081130355515041,60
qualification_r1_w60_b1024,13,1,G3,0.00025,lstm,R1,G3__qualification_r1_w60_b1024__lstm__r1__w60__fold_1__seed_42,42,0.8775952897427952,0.412877373533571,0.3116025746822908,0.8593220338983051,0.44274840299355783,0.3081130355515041,60
qualification_r1_w60_b1024,14,1,G3,0.000125,lstm,R1,G3__qualification_r1_w60_b1024__lstm__r1__w60__fold_1__seed_42,42,0.8775952897427952,0.40639565645410874,0.3116025746822908,0.8593220338983051,0.4412888856762547,0.3081130355515041,60
qualification_r1_w60_b1024,15,1,G3,0.000125,lstm,R1,G3__qualification_r1_w60_b1024__lstm__r1__w60__fold_1__seed_42,42,0.8775952897427952,0.4071268109592595,0.3116025746822908,0.8593220338983051,0.44003606231535897,0.3081130355515041,60
qualification_r1_w60_b1024,16,1,G3,0.000125,lstm,R1,G3__qualification_r1_w60_b1024__lstm__r1__w60__fold_1__seed_42,42,0.8775952897427952,0.40951623204953536,0.3116025746822908,0.8593220338983051,0.43900363824125066,0.3081130355515041,60
qualification_r1_w60_b1024,1,1,G3,0.001,tcn,R1,G3__qualification_r1_w60_b1024__tcn__r1__w60__fold_1__seed_42,42,0.13944840409048653,1.1270790150152998,0.08831547377975878,0.7025423728813559,0.9367456436157227,0.30383910871900505,60
qualification_r1_w60_b1024,2,1,G3,0.001,tcn,R1,G3__qualification_r1_w60_b1024__tcn__r1__w60__fold_1__seed_42,42,0.8552835450883173,0.8220751251936476,0.31308229078951555,0.8593220338983051,0.5959820227097656,0.3081130355515041,60
qualification_r1_w60_b1024,3,1,G3,0.001,tcn,R1,G3__qualification_r1_w60_b1024__tcn__r1__w60__fold_1__seed_42,42,0.8775952897427952,0.49690906716863326,0.3116025746822908,0.8593220338983051,0.551689580891092,0.3081130355515041,60
qualification_r1_w60_b1024,4,1,G3,0.001,tcn,R1,G3__qualification_r1_w60_b1024__tcn__r1__w60__fold_1__seed_42,42,0.8775952897427952,0.4949289940627766,0.3116025746822908,0.8593220338983051,0.5277029651706502,0.3081130355515041,60
qualification_r1_w60_b1024,5,1,G3,0.001,tcn,R1,G3__qualification_r1_w60_b1024__tcn__r1__w60__fold_1__seed_42,42,0.8775952897427952,0.4425636937106989,0.3116025746822908,0.8593220338983051,0.4493087771080308,0.3081130355515041,60
qualification_r1_w60_b1024,6,1,G3,0.001,tcn,R1,G3__qualification_r1_w60_b1024__tcn__r1__w60__fold_1__seed_42,42,0.8775952897427952,0.4039465379596754,0.3116025746822908,0.8593220338983051,0.44947768308348574,0.3081130355515041,60
qualification_r1_w60_b1024,7,1,G3,0.0005,tcn,R1,G3__qualification_r1_w60_b1024__tcn__r1__w60__fold_1__seed_42,42,0.8775952897427952,0.4069108156586048,0.3116025746822908,0.8593220338983051,0.4415694160986755,0.3081130355515041,60
qualification_r1_w60_b1024,8,1,G3,0.0005,tcn,R1,G3__qualification_r1_w60_b1024__tcn__r1__w60__fold_1__seed_42,42,0.8775952897427952,0.3958397724789512,0.3116025746822908,0.8593220338983051,0.43383264122372966,0.3081130355515041,60
qualification_r1_w60_b1024,9,1,G3,0.0005,tcn,R1,G3__qualification_r1_w60_b1024__tcn__r1__w60__fold_1__seed_42,42,0.8775952897427952,0.3867877901505493,0.3116025746822908,0.8593220338983051,0.43489341074127263,0.3081130355515041,60
qualification_r1_w60_b1024,10,1,G3,0.0005,tcn,R1,G3__qualification_r1_w60_b1024__tcn__r1__w60__fold_1__seed_42,42,0.8775952897427952,0.38645555283545263,0.3116025746822908,0.8593220338983051,0.4334756108411288,0.3081130355515041,60
qualification_r1_w60_b1024,11,1,G3,0.00025,tcn,R1,G3__qualification_r1_w60_b1024__tcn__r1__w60__fold_1__seed_42,42,0.8775952897427952,0.382553044130531,0.3116025746822908,0.8593220338983051,0.4308680654582331,0.3081130355515041,60
qualification_r1_w60_b1024,12,1,G3,0.00025,tcn,R1,G3__qualification_r1_w60_b1024__tcn__r1__w60__fold_1__seed_42,42,0.8775952897427952,0.3804611191684556,0.3116025746822908,0.8593220338983051,0.42827789743067857,0.3081130355515041,60
qualification_r1_w60_b1024,13,1,G3,0.00025,tcn,R1,G3__qualification_r1_w60_b1024__tcn__r1__w60__fold_1__seed_42,42,0.8775952897427952,0.3788494046236067,0.3116025746822908,0.8593220338983051,0.4270077979665692,0.3081130355515041,60
qualification_r1_w60_b1024,14,1,G3,0.00025,tcn,R1,G3__qualification_r1_w60_b1024__tcn__r1__w60__fold_1__seed_42,42,0.8775952897427952,0.37722805698367884,0.3116025746822908,0.8593220338983051,0.4260373395883431,0.3081130355515041,60
qualification_r1_w60_b1024,15,1,G3,0.000125,tcn,R1,G3__qualification_r1_w60_b1024__tcn__r1__w60__fold_1__seed_42,42,0.8775952897427952,0.3763142373767252,0.3116025746822908,0.8593220338983051,0.4255897385589147,0.3081130355515041,60
qualification_r1_w60_b1024,16,1,G3,0.000125,tcn,R1,G3__qualification_r1_w60_b1024__tcn__r1__w60__fold_1__seed_42,42,0.8775952897427952,0.3757054128253796,0.3116025746822908,0.8593220338983051,0.4251535713672638,0.3081130355515041,60
qualification_r1_w60_b1024,17,1,G3,0.000125,tcn,R1,G3__qualification_r1_w60_b1024__tcn__r1__w60__fold_1__seed_42,42,0.8775952897427952,0.3747470486559364,0.3116025746822908,0.8593220338983051,0.4247603862467459,0.3081130355515041,60
qualification_r1_w60_b1024,1,2,G3,0.001,lstm,R1,G3__qualification_r1_w60_b1024__lstm__r1__w60__fold_2__seed_42,42,0.2666207371684464,1.0791538869599577,0.17605256679472606,0.7468030690537084,1.0503791314561655,0.30547755065320625,60
qualification_r1_w60_b1024,2,2,G3,0.001,lstm,R1,G3__qualification_r1_w60_b1024__lstm__r1__w60__fold_2__seed_42,42,0.6755080950740613,1.036646314419593,0.34638161669685313,0.8431372549019608,0.9920085069976703,0.30595514307811295,60
qualification_r1_w60_b1024,3,2,G3,0.001,lstm,R1,G3__qualification_r1_w60_b1024__lstm__r1__w60__fold_2__seed_42,42,0.7705821563899414,0.9877542837751022,0.3287899580551873,0.9198635976129582,0.9186114646996175,0.3194197750148016,60
qualification_r1_w60_b1024,4,2,G3,0.001,lstm,R1,G3__qualification_r1_w60_b1024__lstm__r1__w60__fold_2__seed_42,42,0.7860833620392698,0.926269873376144,0.30153284421747434,0.9207161125319693,0.816068660775922,0.3195739014647137,60
qualification_r1_w60_b1024,5,2,G3,0.001,lstm,R1,G3__qualification_r1_w60_b1024__lstm__r1__w60__fold_2__seed_42,42,0.7860833620392698,0.8398649468735666,0.2934104789456766,0.9207161125319693,0.6640036001433091,0.3195739014647137,60
qualification_r1_w60_b1024,6,2,G3,0.001,lstm,R1,G3__qualification_r1_w60_b1024__lstm__r1__w60__fold_2__seed_42,42,0.7860833620392698,0.7257847535458262,0.2934104789456766,0.9207161125319693,0.4706367311168713,0.3195739014647137,60
qualification_r1_w60_b1024,7,2,G3,0.001,lstm,R1,G3__qualification_r1_w60_b1024__lstm__r1__w60__fold_2__seed_42,42,0.7860833620392698,0.6455593416085541,0.2934104789456766,0.9207161125319693,0.34967545767371105,0.3195739014647137,60
qualification_r1_w60_b1024,8,2,G3,0.001,lstm,R1,G3__qualification_r1_w60_b1024__lstm__r1__w60__fold_2__seed_42,42,0.7860833620392698,0.6446573014223201,0.2934104789456766,0.9207161125319693,0.32799054619372653,0.3195739014647137,60
qualification_r1_w60_b1024,9,2,G3,0.0005,lstm,R1,G3__qualification_r1_w60_b1024__lstm__r1__w60__fold_2__seed_42,42,0.7860833620392698,0.6433700412419431,0.2934104789456766,0.9207161125319693,0.3302256915549996,0.3195739014647137,60
qualification_r1_w60_b1024,10,2,G3,0.0005,lstm,R1,G3__qualification_r1_w60_b1024__lstm__r1__w60__fold_2__seed_42,42,0.7860833620392698,0.6317611987780506,0.2934104789456766,0.9207161125319693,0.3396281233122485,0.3195739014647137,60
qualification_r1_w60_b1024,11,2,G3,0.0005,lstm,R1,G3__qualification_r1_w60_b1024__lstm__r1__w60__fold_2__seed_42,42,0.7860833620392698,0.6141772529522879,0.2934104789456766,0.9207161125319693,0.35453079546859706,0.3195739014647137,60
qualification_r1_w60_b1024,12,2,G3,0.0005,lstm,R1,G3__qualification_r1_w60_b1024__lstm__r1__w60__fold_2__seed_42,42,0.7860833620392698,0.6025467987845694,0.2934104789456766,0.9207161125319693,0.3717988020115598,0.3195739014647137,60
qualification_r1_w60_b1024,13,2,G3,0.00025,lstm,R1,G3__qualification_r1_w60_b1024__lstm__r1__w60__fold_2__seed_42,42,0.7860833620392698,0.599858519766522,0.2934104789456766,0.9207161125319693,0.37976750661599157,0.3195739014647137,60
qualification_r1_w60_b1024,14,2,G3,0.00025,lstm,R1,G3__qualification_r1_w60_b1024__lstm__r1__w60__fold_2__seed_42,42,0.7860833620392698,0.5957871840979944,0.2934104789456766,0.9207161125319693,0.3859950705333744,0.3195739014647137,60
qualification_r1_w60_b1024,15,2,G3,0.00025,lstm,R1,G3__qualification_r1_w60_b1024__lstm__r1__w60__fold_2__seed_42,42,0.7860833620392698,0.5969782066353427,0.2934104789456766,0.9207161125319693,0.38993441319221733,0.3195739014647137,60
qualification_r1_w60_b1024,16,2,G3,0.00025,lstm,R1,G3__qualification_r1_w60_b1024__lstm__r1__w60__fold_2__seed_42,42,0.7860833620392698,0.5976063017799162,0.2934104789456766,0.9207161125319693,0.3921375063526661,0.3195739014647137,60
qualification_r1_w60_b1024,17,2,G3,0.000125,lstm,R1,G3__qualification_r1_w60_b1024__lstm__r1__w60__fold_2__seed_42,42,0.7860833620392698,0.5973994113271334,0.2934104789456766,0.9207161125319693,0.3924577192856731,0.3195739014647137,60
qualification_r1_w60_b1024,18,2,G3,0.000125,lstm,R1,G3__qualification_r1_w60_b1024__lstm__r1__w60__fold_2__seed_42,42,0.7860833620392698,0.595065776188128,0.2934104789456766,0.9207161125319693,0.3918323818552931,0.3195739014647137,60
qualification_r1_w60_b1024,1,2,G3,0.001,tcn,R1,G3__qualification_r1_w60_b1024__tcn__r1__w60__fold_2__seed_42,42,0.2018601446779194,1.1120125218748513,0.11767393448674425,0.2804774083546462,0.9924722280851919,0.17487799644970173,60
qualification_r1_w60_b1024,2,2,G3,0.001,tcn,R1,G3__qualification_r1_w60_b1024__tcn__r1__w60__fold_2__seed_42,42,0.5797450912848777,0.9233813546174483,0.31739005200825876,0.9207161125319693,0.7194796101414842,0.3195739014647137,60
qualification_r1_w60_b1024,3,2,G3,0.001,tcn,R1,G3__qualification_r1_w60_b1024__tcn__r1__w60__fold_2__seed_42,42,0.7860833620392698,0.7316354387717291,0.2934104789456766,0.9207161125319693,0.4420361387506064,0.3195739014647137,60
qualification_r1_w60_b1024,4,2,G3,0.001,tcn,R1,G3__qualification_r1_w60_b1024__tcn__r1__w60__fold_2__seed_42,42,0.7860833620392698,0.664395533879379,0.2934104789456766,0.9207161125319693,0.3548406542541629,0.3195739014647137,60
qualification_r1_w60_b1024,5,2,G3,0.001,tcn,R1,G3__qualification_r1_w60_b1024__tcn__r1__w60__fold_2__seed_42,42,0.7860833620392698,0.6575882406100051,0.2934104789456766,0.9207161125319693,0.365085481276191,0.3195739014647137,60
qualification_r1_w60_b1024,6,2,G3,0.001,tcn,R1,G3__qualification_r1_w60_b1024__tcn__r1__w60__fold_2__seed_42,42,0.7860833620392698,0.6056960114642664,0.2934104789456766,0.9207161125319693,0.4250248939637333,0.3195739014647137,60
qualification_r1_w60_b1024,7,2,G3,0.0005,tcn,R1,G3__qualification_r1_w60_b1024__tcn__r1__w60__fold_2__seed_42,42,0.7860833620392698,0.5930565280664637,0.2934104789456766,0.9207161125319693,0.4449472780270345,0.3195739014647137,60
qualification_r1_w60_b1024,8,2,G3,0.0005,tcn,R1,G3__qualification_r1_w60_b1024__tcn__r1__w60__fold_2__seed_42,42,0.7860833620392698,0.5916469520098416,0.2934104789456766,0.9207161125319693,0.4390109463929114,0.3195739014647137,60
qualification_r1_w60_b1024,9,2,G3,0.0005,tcn,R1,G3__qualification_r1_w60_b1024__tcn__r1__w60__fold_2__seed_42,42,0.7860833620392698,0.5848888032115249,0.2934104789456766,0.9207161125319693,0.4171630663944937,0.3195739014647137,60
qualification_r1_w60_b1024,10,2,G3,0.0005,tcn,R1,G3__qualification_r1_w60_b1024__tcn__r1__w60__fold_2__seed_42,42,0.7860833620392698,0.5767355271138038,0.2934104789456766,0.9207161125319693,0.39318340401921836,0.3195739014647137,60
qualification_r1_w60_b1024,11,2,G3,0.00025,tcn,R1,G3__qualification_r1_w60_b1024__tcn__r1__w60__fold_2__seed_42,42,0.7860833620392698,0.5728478424720751,0.2934104789456766,0.9207161125319693,0.3834132765565077,0.3195739014647137,60
qualification_r1_w60_b1024,12,2,G3,0.00025,tcn,R1,G3__qualification_r1_w60_b1024__tcn__r1__w60__fold_2__seed_42,42,0.7860833620392698,0.5713564226268449,0.2934104789456766,0.9207161125319693,0.37729261664376745,0.3195739014647137,60
qualification_r1_w60_b1024,13,2,G3,0.00025,tcn,R1,G3__qualification_r1_w60_b1024__tcn__r1__w60__fold_2__seed_42,42,0.7860833620392698,0.5699065689625019,0.2934104789456766,0.9207161125319693,0.3759602757086636,0.3195739014647137,60
qualification_r1_w60_b1024,14,2,G3,0.00025,tcn,R1,G3__qualification_r1_w60_b1024__tcn__r1__w60__fold_2__seed_42,42,0.7860833620392698,0.5669468288334575,0.2934104789456766,0.9207161125319693,0.3777600852907568,0.3195739014647137,60
qualification_r1_w60_b1024,15,2,G3,0.000125,tcn,R1,G3__qualification_r1_w60_b1024__tcn__r1__w60__fold_2__seed_42,42,0.7860833620392698,0.56554936477738,0.2934104789456766,0.9207161125319693,0.3790862591776803,0.3195739014647137,60
qualification_r1_w60_b1024,16,2,G3,0.000125,tcn,R1,G3__qualification_r1_w60_b1024__tcn__r1__w60__fold_2__seed_42,42,0.7860833620392698,0.5643613793256157,0.2934104789456766,0.9207161125319693,0.3810943047891594,0.3195739014647137,60
qualification_r1_w60_b1024,17,2,G3,0.000125,tcn,R1,G3__qualification_r1_w60_b1024__tcn__r1__w60__fold_2__seed_42,42,0.7860833620392698,0.5628889972819487,0.2934104789456766,0.9207161125319693,0.38333363997458597,0.3195739014647137,60
qualification_r1_w60_b1024,1,3,G3,0.001,lstm,R1,G3__qualification_r1_w60_b1024__lstm__r1__w60__fold_3__seed_42,42,0.29960617994547106,1.0758585782168093,0.20060469373843606,0.7428323197219809,1.0360959040196847,0.30024678300722724,60
qualification_r1_w60_b1024,2,3,G3,0.001,lstm,R1,G3__qualification_r1_w60_b1024__lstm__r1__w60__fold_3__seed_42,42,0.7343229324447137,1.0182649120349878,0.33172050311643275,0.8496959165942659,0.9593623574146698,0.30624706434945986,60
qualification_r1_w60_b1024,3,3,G3,0.001,lstm,R1,G3__qualification_r1_w60_b1024__lstm__r1__w60__fold_3__seed_42,42,0.7858224780369585,0.9424973001302426,0.31409788154603874,0.8540399652476107,0.8465057552430445,0.30709153389565763,60
qualification_r1_w60_b1024,4,3,G3,0.001,lstm,R1,G3__qualification_r1_w60_b1024__lstm__r1__w60__fold_3__seed_42,42,0.7867312935474099,0.8336315859956692,0.3014456142643834,0.8566463944396178,0.6656217332201145,0.30759631882701605,60
qualification_r1_w60_b1024,5,3,G3,0.001,lstm,R1,G3__qualification_r1_w60_b1024__lstm__r1__w60__fold_3__seed_42,42,0.7849136625265071,0.6866585262361277,0.29515878897672376,0.8566463944396178,0.5007840710733374,0.30759631882701605,60
qualification_r1_w60_b1024,6,3,G3,0.001,lstm,R1,G3__qualification_r1_w60_b1024__lstm__r1__w60__fold_3__seed_42,42,0.7843077855195395,0.6398576495864832,0.2930390492359932,0.8566463944396178,0.4741387521891776,0.30759631882701605,60
qualification_r1_w60_b1024,7,3,G3,0.001,lstm,R1,G3__qualification_r1_w60_b1024__lstm__r1__w60__fold_3__seed_42,42,0.7843077855195395,0.6301664111470497,0.2930390492359932,0.8566463944396178,0.4609752556715293,0.30759631882701605,60
qualification_r1_w60_b1024,8,3,G3,0.001,lstm,R1,G3__qualification_r1_w60_b1024__lstm__r1__w60__fold_3__seed_42,42,0.7843077855195395,0.6015506106158236,0.2930390492359932,0.8566463944396178,0.47000304949376814,0.30759631882701605,60
qualification_r1_w60_b1024,9,3,G3,0.0005,lstm,R1,G3__qualification_r1_w60_b1024__lstm__r1__w60__fold_3__seed_42,42,0.7849136625265071,0.5852469005248143,0.29515878897672376,0.8566463944396178,0.4795540192922647,0.30759631882701605,60
qualification_r1_w60_b1024,10,3,G3,0.0005,lstm,R1,G3__qualification_r1_w60_b1024__lstm__r1__w60__fold_3__seed_42,42,0.7867312935474099,0.587444906377749,0.3014456142643834,0.8566463944396178,0.48414825238319814,0.30759631882701605,60
qualification_r1_w60_b1024,11,3,G3,0.0005,lstm,R1,G3__qualification_r1_w60_b1024__lstm__r1__w60__fold_3__seed_42,42,0.787943047561345,0.5852272654258638,0.3055775901032436,0.8566463944396178,0.48252559759428354,0.30759631882701605,60
qualification_r1_w60_b1024,12,3,G3,0.0005,lstm,R1,G3__qualification_r1_w60_b1024__lstm__r1__w60__fold_3__seed_42,42,0.7888518630717964,0.583269038911084,0.30869608990382985,0.8566463944396178,0.476982057379392,0.30759631882701605,60
qualification_r1_w60_b1024,13,3,G3,0.00025,lstm,R1,G3__qualification_r1_w60_b1024__lstm__r1__w60__fold_3__seed_42,42,0.7891548015752802,0.5826945571204598,0.3097632446359797,0.8566463944396178,0.47337541608164146,0.30759631882701605,60
qualification_r1_w60_b1024,14,3,G3,0.00025,lstm,R1,G3__qualification_r1_w60_b1024__lstm__r1__w60__fold_3__seed_42,42,0.7903665555892154,0.5804269185430243,0.3137031620877786,0.8566463944396178,0.4700129129490989,0.30759631882701605,60
qualification_r1_w60_b1024,15,3,G3,0.00025,lstm,R1,G3__qualification_r1_w60_b1024__lstm__r1__w60__fold_3__seed_42,42,0.7891548015752802,0.5798774545064879,0.30981331060935735,0.8566463944396178,0.46728685287213345,0.30759631882701605,60
qualification_r1_w60_b1024,16,3,G3,0.00025,lstm,R1,G3__qualification_r1_w60_b1024__lstm__r1__w60__fold_3__seed_42,42,0.7900636170857316,0.580080622310026,0.3127474737815982,0.8566463944396178,0.46560120038837066,0.30759631882701605,60
qualification_r1_w60_b1024,17,3,G3,0.000125,lstm,R1,G3__qualification_r1_w60_b1024__lstm__r1__w60__fold_3__seed_42,42,0.7900636170857316,0.5793205009052804,0.3127474737815982,0.8566463944396178,0.46524612674187,0.30759631882701605,60
qualification_r1_w60_b1024,1,3,G3,0.001,tcn,R1,G3__qualification_r1_w60_b1024__tcn__r1__w60__fold_3__seed_42,42,0.22205392305362012,1.1007868130436018,0.13332832443049014,0.6038227628149435,0.9059740449427316,0.32351419730444025,60
qualification_r1_w60_b1024,2,3,G3,0.001,tcn,R1,G3__qualification_r1_w60_b1024__tcn__r1__w60__fold_3__seed_42,42,0.7352317479551651,0.8509899705549111,0.3337633718946018,0.8566463944396178,0.5869224400855892,0.30759631882701605,60
qualification_r1_w60_b1024,3,3,G3,0.001,tcn,R1,G3__qualification_r1_w60_b1024__tcn__r1__w60__fold_3__seed_42,42,0.7843077855195395,0.662242817268412,0.2930390492359932,0.8566463944396178,0.4825931556529319,0.30759631882701605,60
qualification_r1_w60_b1024,4,3,G3,0.001,tcn,R1,G3__qualification_r1_w60_b1024__tcn__r1__w60__fold_3__seed_42,42,0.7843077855195395,0.6439649190587804,0.2930390492359932,0.8566463944396178,0.4669672271332256,0.30759631882701605,60
qualification_r1_w60_b1024,5,3,G3,0.001,tcn,R1,G3__qualification_r1_w60_b1024__tcn__r1__w60__fold_3__seed_42,42,0.7843077855195395,0.5840787199980128,0.2930390492359932,0.8566463944396178,0.5157465391268842,0.30759631882701605,60
qualification_r1_w60_b1024,6,3,G3,0.0005,tcn,R1,G3__qualification_r1_w60_b1024__tcn__r1__w60__fold_3__seed_42,42,0.7843077855195395,0.5817073435358696,0.2930390492359932,0.8566463944396178,0.5106734631633262,0.30759631882701605,60
qualification_r1_w60_b1024,7,3,G3,0.0005,tcn,R1,G3__qualification_r1_w60_b1024__tcn__r1__w60__fold_3__seed_42,42,0.7843077855195395,0.5728847962803857,0.2930390492359932,0.8566463944396178,0.48149298531505774,0.30759631882701605,60
qualification_r1_w60_b1024,8,3,G3,0.0005,tcn,R1,G3__qualification_r1_w60_b1024__tcn__r1__w60__fold_3__seed_42,42,0.7843077855195395,0.5603762492198938,0.2930390492359932,0.8566463944396178,0.4633135493038842,0.30759631882701605,60
qualification_r1_w60_b1024,9,3,G3,0.0005,tcn,R1,G3__qualification_r1_w60_b1024__tcn__r1__w60__fold_3__seed_42,42,0.7843077855195395,0.5570955971304989,0.2930390492359932,0.8566463944396178,0.45834395702407216,0.30759631882701605,60
qualification_r1_w60_b1024,10,3,G3,0.00025,tcn,R1,G3__qualification_r1_w60_b1024__tcn__r1__w60__fold_3__seed_42,42,0.7843077855195395,0.5526909625049939,0.2930390492359932,0.8566463944396178,0.46099270216078475,0.30759631882701605,60
qualification_r1_w60_b1024,11,3,G3,0.00025,tcn,R1,G3__qualification_r1_w60_b1024__tcn__r1__w60__fold_3__seed_42,42,0.7846107240230233,0.5493117651950948,0.2941004434336696,0.8566463944396178,0.4668317151059284,0.30759631882701605,60
qualification_r1_w60_b1024,12,3,G3,0.00025,tcn,R1,G3__qualification_r1_w60_b1024__tcn__r1__w60__fold_3__seed_42,42,0.787943047561345,0.5446121139405027,0.3055775901032436,0.8566463944396178,0.4724528343391667,0.30759631882701605,60
qualification_r1_w60_b1024,13,3,G3,0.00025,tcn,R1,G3__qualification_r1_w60_b1024__tcn__r1__w60__fold_3__seed_42,42,0.789457740078764,0.5424115311120792,0.31067740423322465,0.8566463944396178,0.47382471897517153,0.30759631882701605,60
qualification_r1_w60_b1024,14,3,G3,0.000125,tcn,R1,G3__qualification_r1_w60_b1024__tcn__r1__w60__fold_3__seed_42,42,0.7897606785822479,0.5398607335463325,0.31168880899021334,0.8566463944396178,0.4727282874952908,0.30759631882701605,60
qualification_r1_w60_b1024,15,3,G3,0.000125,tcn,R1,G3__qualification_r1_w60_b1024__tcn__r1__w60__fold_3__seed_42,42,0.7897606785822479,0.536709419166417,0.31168880899021334,0.8566463944396178,0.47039593457139955,0.30759631882701605,60
qualification_r1_w60_b1024,16,3,G3,0.000125,tcn,R1,G3__qualification_r1_w60_b1024__tcn__r1__w60__fold_3__seed_42,42,0.7897606785822479,0.536100223926803,0.31168880899021334,0.8566463944396178,0.46813503434666337,0.30759631882701605,60
qualification_r1_w60_b1024,1,4,G3,0.001,lstm,R1,G3__qualification_r1_w60_b1024__lstm__r1__w60__fold_4__seed_42,42,0.3292125772641763,1.0731288204908178,0.22111446131981208,0.768,1.0366779531902737,0.3058357637866909,60
qualification_r1_w60_b1024,2,4,G3,0.001,lstm,R1,G3__qualification_r1_w60_b1024__lstm__r1__w60__fold_4__seed_42,42,0.7538296156947057,1.0131341273571273,0.34040037092257336,0.8906666666666667,0.9555043426089816,0.3140573577809121,60
qualification_r1_w60_b1024,3,4,G3,0.001,lstm,R1,G3__qualification_r1_w60_b1024__lstm__r1__w60__fold_4__seed_42,42,0.7968288094598226,0.9357168086271586,0.31877062470972634,0.8986666666666666,0.8358311624526977,0.3155430711610487,60
qualification_r1_w60_b1024,4,4,G3,0.001,lstm,R1,G3__qualification_r1_w60_b1024__lstm__r1__w60__fold_4__seed_42,42,0.7979037893039506,0.8195514677993971,0.30154427129053024,0.8995555555555556,0.6392806004418267,0.3157073779441585,60
qualification_r1_w60_b1024,5,4,G3,0.001,lstm,R1,G3__qualification_r1_w60_b1024__lstm__r1__w60__fold_4__seed_42,42,0.7968288094598226,0.6658341484312024,0.2956426363545717,0.8995555555555556,0.42884602896372476,0.3157073779441585,60
qualification_r1_w60_b1024,6,4,G3,0.001,lstm,R1,G3__qualification_r1_w60_b1024__lstm__r1__w60__fold_4__seed_42,42,0.7968288094598226,0.6203660369079557,0.2956426363545717,0.8995555555555556,0.38192057242658406,0.3157073779441585,60
qualification_r1_w60_b1024,7,4,G3,0.001,lstm,R1,G3__qualification_r1_w60_b1024__lstm__r1__w60__fold_4__seed_42,42,0.7968288094598226,0.6209145689388655,0.2956426363545717,0.8995555555555556,0.3798681099149916,0.3157073779441585,60
qualification_r1_w60_b1024,8,4,G3,0.001,lstm,R1,G3__qualification_r1_w60_b1024__lstm__r1__w60__fold_4__seed_42,42,0.7968288094598226,0.5863783574815529,0.2956426363545717,0.8995555555555556,0.4011553826597002,0.3157073779441585,60
qualification_r1_w60_b1024,9,4,G3,0.0005,lstm,R1,G3__qualification_r1_w60_b1024__lstm__r1__w60__fold_4__seed_42,42,0.7970975544208546,0.5717926469101633,0.2966544470051336,0.8995555555555556,0.4155437281926473,0.3157073779441585,60
qualification_r1_w60_b1024,10,4,G3,0.0005,lstm,R1,G3__qualification_r1_w60_b1024__lstm__r1__w60__fold_4__seed_42,42,0.7979037893039506,0.5722211877109863,0.2996731794329689,0.8995555555555556,0.42477213491333854,0.3157073779441585,60
qualification_r1_w60_b1024,11,4,G3,0.0005,lstm,R1,G3__qualification_r1_w60_b1024__lstm__r1__w60__fold_4__seed_42,42,0.7992475141091104,0.5691796322882544,0.30464945761616125,0.8995555555555556,0.4260966790517171,0.3157073779441585,60
qualification_r1_w60_b1024,12,4,G3,0.0005,lstm,R1,G3__qualification_r1_w60_b1024__lstm__r1__w60__fold_4__seed_42,42,0.8003224939532384,0.572267924432183,0.3085818828746072,0.8995555555555556,0.4212137573560079,0.3157073779441585,60
qualification_r1_w60_b1024,13,4,G3,0.00025,lstm,R1,G3__qualification_r1_w60_b1024__lstm__r1__w60__fold_4__seed_42,42,0.8008599838753023,0.567669911302568,0.3105321512567329,0.8995555555555556,0.4175261493788825,0.3157073779441585,60
qualification_r1_w60_b1024,14,4,G3,0.00025,lstm,R1,G3__qualification_r1_w60_b1024__lstm__r1__w60__fold_4__seed_42,42,0.8013974737973663,0.5648436604632834,0.31251636197583177,0.8995555555555556,0.4135010848840078,0.3157073779441585,60
qualification_r1_w60_b1024,15,4,G3,0.00025,lstm,R1,G3__qualification_r1_w60_b1024__lstm__r1__w60__fold_4__seed_42,42,0.8019349637194303,0.5694867595649797,0.31440125306323086,0.8995555555555556,0.41020431923866274,0.3157073779441585,60
qualification_r1_w60_b1024,16,4,G3,0.00025,lstm,R1,G3__qualification_r1_w60_b1024__lstm__r1__w60__fold_4__seed_42,42,0.8016662187583983,0.5666469478440586,0.31343787899643866,0.8995555555555556,0.4077414286136627,0.3157073779441585,60
qualification_r1_w60_b1024,17,4,G3,0.000125,lstm,R1,G3__qualification_r1_w60_b1024__lstm__r1__w60__fold_4__seed_42,42,0.8016662187583983,0.5643226022010399,0.31343787899643866,0.8995555555555556,0.4070709647072686,0.3157073779441585,60
qualification_r1_w60_b1024,1,4,G3,0.001,tcn,R1,G3__qualification_r1_w60_b1024__tcn__r1__w60__fold_4__seed_42,42,0.21983337812416018,1.0924818586899496,0.1376800998258755,0.6284444444444445,0.8977029066615635,0.3004030230785449,60
qualification_r1_w60_b1024,2,4,G3,0.001,tcn,R1,G3__qualification_r1_w60_b1024__tcn__r1__w60__fold_4__seed_42,42,0.764579414135985,0.8353487395272721,0.31012295875083334,0.8995555555555556,0.5440162751939561,0.3157073779441585,60
qualification_r1_w60_b1024,3,4,G3,0.001,tcn,R1,G3__qualification_r1_w60_b1024__tcn__r1__w60__fold_4__seed_42,42,0.7968288094598226,0.6502932268776774,0.2956426363545717,0.8995555555555556,0.41085275048679776,0.3157073779441585,60
qualification_r1_w60_b1024,4,4,G3,0.001,tcn,R1,G3__qualification_r1_w60_b1024__tcn__r1__w60__fold_4__seed_42,42,0.7968288094598226,0.6327999131681458,0.2956426363545717,0.8995555555555556,0.4061305063035753,0.3157073779441585,60
qualification_r1_w60_b1024,5,4,G3,0.001,tcn,R1,G3__qualification_r1_w60_b1024__tcn__r1__w60__fold_4__seed_42,42,0.7968288094598226,0.5758556104321468,0.2956426363545717,0.8995555555555556,0.473759331146876,0.3157073779441585,60
qualification_r1_w60_b1024,6,4,G3,0.001,tcn,R1,G3__qualification_r1_w60_b1024__tcn__r1__w60__fold_4__seed_42,42,0.7968288094598226,0.5685254211100287,0.2956426363545717,0.8995555555555556,0.4633225909868876,0.3157073779441585,60
qualification_r1_w60_b1024,7,4,G3,0.0005,tcn,R1,G3__qualification_r1_w60_b1024__tcn__r1__w60__fold_4__seed_42,42,0.7968288094598226,0.5515433145895724,0.2956426363545717,0.8995555555555556,0.4307905533313751,0.3157073779441585,60
qualification_r1_w60_b1024,8,4,G3,0.0005,tcn,R1,G3__qualification_r1_w60_b1024__tcn__r1__w60__fold_4__seed_42,42,0.7968288094598226,0.5421741165418966,0.2956426363545717,0.8995555555555556,0.4053674575487773,0.3157073779441585,60
qualification_r1_w60_b1024,9,4,G3,0.0005,tcn,R1,G3__qualification_r1_w60_b1024__tcn__r1__w60__fold_4__seed_42,42,0.7970975544208546,0.5406561509571676,0.2966544470051336,0.8995555555555556,0.39891739826732214,0.3157073779441585,60
qualification_r1_w60_b1024,10,4,G3,0.0005,tcn,R1,G3__qualification_r1_w60_b1024__tcn__r1__w60__fold_4__seed_42,42,0.8011287288363343,0.535610520913376,0.31150333923947116,0.8995555555555556,0.4070575356748369,0.3157073779441585,60
qualification_r1_w60_b1024,11,4,G3,0.00025,tcn,R1,G3__qualification_r1_w60_b1024__tcn__r1__w60__fold_4__seed_42,42,0.8016662187583983,0.5294235276538369,0.31343787899643866,0.8995555555555556,0.4132814948823717,0.3157073779441585,60
qualification_r1_w60_b1024,12,4,G3,0.00025,tcn,R1,G3__qualification_r1_w60_b1024__tcn__r1__w60__fold_4__seed_42,42,0.8016662187583983,0.5267420069276245,0.31343787899643866,0.8995555555555556,0.41601025422414145,0.3157073779441585,60
qualification_r1_w60_b1024,13,4,G3,0.00025,tcn,R1,G3__qualification_r1_w60_b1024__tcn__r1__w60__fold_4__seed_42,42,0.8016662187583983,0.5235536326903292,0.31343787899643866,0.8995555555555556,0.41444235666592916,0.3157073779441585,60
qualification_r1_w60_b1024,14,4,G3,0.00025,tcn,R1,G3__qualification_r1_w60_b1024__tcn__r1__w60__fold_4__seed_42,42,0.8016662187583983,0.5201658662914173,0.31343787899643866,0.8995555555555556,0.41007549476623534,0.3157073779441585,60
qualification_r1_w60_b1024,15,4,G3,0.000125,tcn,R1,G3__qualification_r1_w60_b1024__tcn__r1__w60__fold_4__seed_42,42,0.8016662187583983,0.5172023529392582,0.31343787899643866,0.8995555555555556,0.40785527986950343,0.3157073779441585,60
qualification_r1_w60_b1024,16,4,G3,0.000125,tcn,R1,G3__qualification_r1_w60_b1024__tcn__r1__w60__fold_4__seed_42,42,0.8016662187583983,0.5154635174496781,0.31343787899643866,0.8995555555555556,0.4052768287923601,0.3157073779441585,60
qualification_r1_w60_b1024,17,4,G3,0.000125,tcn,R1,G3__qualification_r1_w60_b1024__tcn__r1__w60__fold_4__seed_42,42,0.8022037086804622,0.5138097832085016,0.3153620446790442,0.8995555555555556,0.4039165865315331,0.3157073779441585,60
qualification_r2_w60_b1024,1,1,G3,0.001,lstm,R2,G3__qualification_r2_w60_b1024__lstm__r2__w60__fold_1__seed_42,42,0.36039665323830183,1.1039234112392906,0.23618063726875704,0.8593220338983051,1.0555308176299274,0.3081130355515041,60
qualification_r2_w60_b1024,2,1,G3,0.001,lstm,R2,G3__qualification_r2_w60_b1024__lstm__r2__w60__fold_1__seed_42,42,0.8642702200185931,1.0362077141310506,0.314093970452281,0.8593220338983051,0.984937347597995,0.3081130355515041,60
qualification_r2_w60_b1024,3,1,G3,0.001,lstm,R2,G3__qualification_r2_w60_b1024__lstm__r2__w60__fold_1__seed_42,42,0.8738766656337156,0.9568903795661371,0.31089796593352076,0.8593220338983051,0.8827723636465558,0.3081130355515041,60
qualification_r2_w60_b1024,4,1,G3,0.001,lstm,R2,G3__qualification_r2_w60_b1024__lstm__r2__w60__fold_1__seed_42,42,0.8775952897427952,0.8320106726369512,0.3116025746822908,0.8593220338983051,0.6963041697518301,0.3081130355515041,60
qualification_r2_w60_b1024,5,1,G3,0.001,lstm,R2,G3__qualification_r2_w60_b1024__lstm__r2__w60__fold_1__seed_42,42,0.8775952897427952,0.6044041995371241,0.3116025746822908,0.8593220338983051,0.4897258174621453,0.3081130355515041,60
qualification_r2_w60_b1024,6,1,G3,0.0005,lstm,R2,G3__qualification_r2_w60_b1024__lstm__r2__w60__fold_1__seed_42,42,0.8775952897427952,0.4406790482783635,0.3116025746822908,0.8593220338983051,0.4852980787218627,0.3081130355515041,60
qualification_r2_w60_b1024,7,1,G3,0.0005,lstm,R2,G3__qualification_r2_w60_b1024__lstm__r2__w60__fold_1__seed_42,42,0.8775952897427952,0.4315588217809321,0.3116025746822908,0.8593220338983051,0.49351998024572763,0.3081130355515041,60
qualification_r2_w60_b1024,8,1,G3,0.0005,lstm,R2,G3__qualification_r2_w60_b1024__lstm__r2__w60__fold_1__seed_42,42,0.8775952897427952,0.4329072324288383,0.3116025746822908,0.8593220338983051,0.48435694759680054,0.3081130355515041,60
qualification_r2_w60_b1024,9,1,G3,0.0005,lstm,R2,G3__qualification_r2_w60_b1024__lstm__r2__w60__fold_1__seed_42,42,0.8775952897427952,0.421550333028908,0.3116025746822908,0.8593220338983051,0.4635645460526822,0.3081130355515041,60
qualification_r2_w60_b1024,10,1,G3,0.00025,lstm,R2,G3__qualification_r2_w60_b1024__lstm__r2__w60__fold_1__seed_42,42,0.8775952897427952,0.4033697068247959,0.3116025746822908,0.8593220338983051,0.45396744073447537,0.3081130355515041,60
qualification_r2_w60_b1024,11,1,G3,0.00025,lstm,R2,G3__qualification_r2_w60_b1024__lstm__r2__w60__fold_1__seed_42,42,0.8775952897427952,0.39931506644397613,0.3116025746822908,0.8593220338983051,0.4463200968958564,0.3081130355515041,60
qualification_r2_w60_b1024,12,1,G3,0.00025,lstm,R2,G3__qualification_r2_w60_b1024__lstm__r2__w60__fold_1__seed_42,42,0.8775952897427952,0.38977404495197293,0.3116025746822908,0.8593220338983051,0.44037387588266597,0.3081130355515041,60
qualification_r2_w60_b1024,13,1,G3,0.00025,lstm,R2,G3__qualification_r2_w60_b1024__lstm__r2__w60__fold_1__seed_42,42,0.8775952897427952,0.3861249007416244,0.3116025746822908,0.8593220338983051,0.4360665540573961,0.3081130355515041,60
qualification_r2_w60_b1024,14,1,G3,0.000125,lstm,R2,G3__qualification_r2_w60_b1024__lstm__r2__w60__fold_1__seed_42,42,0.8775952897427952,0.3817463703834497,0.3116025746822908,0.8593220338983051,0.43412811720775346,0.3081130355515041,60
qualification_r2_w60_b1024,15,1,G3,0.000125,lstm,R2,G3__qualification_r2_w60_b1024__lstm__r2__w60__fold_1__seed_42,42,0.8775952897427952,0.37931421399116516,0.3116025746822908,0.8593220338983051,0.4323516323404797,0.3081130355515041,60
qualification_r2_w60_b1024,16,1,G3,0.000125,lstm,R2,G3__qualification_r2_w60_b1024__lstm__r2__w60__fold_1__seed_42,42,0.8775952897427952,0.3764397733382186,0.3116025746822908,0.8593220338983051,0.4309250649506763,0.3081130355515041,60
qualification_r2_w60_b1024,1,1,G3,0.001,tcn,R2,G3__qualification_r2_w60_b1024__tcn__r2__w60__fold_1__seed_42,42,0.5782460489618841,1.050269439285445,0.2819305205307393,0.8593220338983051,0.8552469582880957,0.3081130355515041,60
qualification_r2_w60_b1024,2,1,G3,0.001,tcn,R2,G3__qualification_r2_w60_b1024__tcn__r2__w60__fold_1__seed_42,42,0.8775952897427952,0.737132515022915,0.3116025746822908,0.8593220338983051,0.545580952753455,0.3081130355515041,60
qualification_r2_w60_b1024,3,1,G3,0.001,tcn,R2,G3__qualification_r2_w60_b1024__tcn__r2__w60__fold_1__seed_42,42,0.8775952897427952,0.4469635174080134,0.3116025746822908,0.8593220338983051,0.528169968623226,0.3081130355515041,60
qualification_r2_w60_b1024,4,1,G3,0.001,tcn,R2,G3__qualification_r2_w60_b1024__tcn__r2__w60__fold_1__seed_42,42,0.8775952897427952,0.451064017042864,0.3116025746822908,0.8593220338983051,0.48034780487670736,0.3081130355515041,60
qualification_r2_w60_b1024,5,1,G3,0.001,tcn,R2,G3__qualification_r2_w60_b1024__tcn__r2__w60__fold_1__seed_42,42,0.8775952897427952,0.3870471822040754,0.3116025746822908,0.8593220338983051,0.42342071497844436,0.3081130355515041,60
qualification_r2_w60_b1024,6,1,G3,0.0005,tcn,R2,G3__qualification_r2_w60_b1024__tcn__r2__w60__fold_1__seed_42,42,0.8775952897427952,0.35896072379014127,0.3116025746822908,0.8593220338983051,0.4220549756187504,0.3081130355515041,60
qualification_r2_w60_b1024,7,1,G3,0.0005,tcn,R2,G3__qualification_r2_w60_b1024__tcn__r2__w60__fold_1__seed_42,42,0.8775952897427952,0.35707224614117067,0.3116025746822908,0.8593220338983051,0.41591721960043504,0.3081130355515041,60
qualification_r2_w60_b1024,8,1,G3,0.0005,tcn,R2,G3__qualification_r2_w60_b1024__tcn__r2__w60__fold_1__seed_42,42,0.8775952897427952,0.34530046234051065,0.3116025746822908,0.8593220338983051,0.41240161980612805,0.3081130355515041,60
qualification_r2_w60_b1024,9,1,G3,0.0005,tcn,R2,G3__qualification_r2_w60_b1024__tcn__r2__w60__fold_1__seed_42,42,0.8775952897427952,0.3363252557724077,0.3116025746822908,0.8593220338983051,0.4138008507126469,0.3081130355515041,60
qualification_r2_w60_b1024,10,1,G3,0.00025,tcn,R2,G3__qualification_r2_w60_b1024__tcn__r2__w60__fold_1__seed_42,42,0.8775952897427952,0.33186720012879645,0.3116025746822908,0.8593220338983051,0.41258656210818534,0.3081130355515041,60
qualification_r2_w60_b1024,11,1,G3,0.00025,tcn,R2,G3__qualification_r2_w60_b1024__tcn__r2__w60__fold_1__seed_42,42,0.8775952897427952,0.3278148217691812,0.3116025746822908,0.8593220338983051,0.4100395081912057,0.3081130355515041,60
qualification_r2_w60_b1024,12,1,G3,0.00025,tcn,R2,G3__qualification_r2_w60_b1024__tcn__r2__w60__fold_1__seed_42,42,0.8775952897427952,0.32476350339086274,0.3116025746822908,0.8593220338983051,0.4073640726380429,0.3081130355515041,60
qualification_r2_w60_b1024,13,1,G3,0.00025,tcn,R2,G3__qualification_r2_w60_b1024__tcn__r2__w60__fold_1__seed_42,42,0.8775952897427952,0.3216704140054504,0.3116025746822908,0.8593220338983051,0.40604408297498346,0.3081130355515041,60
qualification_r2_w60_b1024,14,1,G3,0.000125,tcn,R2,G3__qualification_r2_w60_b1024__tcn__r2__w60__fold_1__seed_42,42,0.8775952897427952,0.3192968145590062,0.3116025746822908,0.8593220338983051,0.4054984910003209,0.3081130355515041,60
qualification_r2_w60_b1024,15,1,G3,0.000125,tcn,R2,G3__qualification_r2_w60_b1024__tcn__r2__w60__fold_1__seed_42,42,0.8775952897427952,0.3173772282632911,0.3116025746822908,0.8593220338983051,0.4050687119112176,0.3081130355515041,60
qualification_r2_w60_b1024,16,1,G3,0.000125,tcn,R2,G3__qualification_r2_w60_b1024__tcn__r2__w60__fold_1__seed_42,42,0.8775952897427952,0.31650385047246476,0.3116025746822908,0.8593220338983051,0.4048919681270244,0.3081130355515041,60
qualification_r2_w60_b1024,1,2,G3,0.001,lstm,R2,G3__qualification_r2_w60_b1024__lstm__r2__w60__fold_2__seed_42,42,0.3193248363761626,1.1059457501418994,0.24713255692682715,0.9207161125319693,1.0676933490406826,0.3195739014647137,60
qualification_r2_w60_b1024,2,2,G3,0.001,lstm,R2,G3__qualification_r2_w60_b1024__lstm__r2__w60__fold_2__seed_42,42,0.7495694109541853,1.0634841369096057,0.3344050443005711,0.9207161125319693,1.0130520548865212,0.3195739014647137,60
qualification_r2_w60_b1024,3,2,G3,0.001,lstm,R2,G3__qualification_r2_w60_b1024__lstm__r2__w60__fold_2__seed_42,42,0.7812607647261454,1.0190870232143527,0.2923999226455231,0.9207161125319693,0.9490114476877913,0.3195739014647137,60
qualification_r2_w60_b1024,4,2,G3,0.001,lstm,R2,G3__qualification_r2_w60_b1024__lstm__r2__w60__fold_2__seed_42,42,0.7853944195659662,0.9658653848425011,0.29326644800308704,0.9207161125319693,0.8605522015413868,0.3195739014647137,60
qualification_r2_w60_b1024,5,2,G3,0.001,lstm,R2,G3__qualification_r2_w60_b1024__lstm__r2__w60__fold_2__seed_42,42,0.7860833620392698,0.8884972821955758,0.2934104789456766,0.9207161125319693,0.7190205722615339,0.3195739014647137,60
qualification_r2_w60_b1024,6,2,G3,0.0005,lstm,R2,G3__qualification_r2_w60_b1024__lstm__r2__w60__fold_2__seed_42,42,0.7860833620392698,0.7888408957618375,0.2934104789456766,0.9207161125319693,0.6140802708936368,0.3195739014647137,60
qualification_r2_w60_b1024,7,2,G3,0.0005,lstm,R2,G3__qualification_r2_w60_b1024__lstm__r2__w60__fold_2__seed_42,42,0.7860833620392698,0.7124890572976295,0.2934104789456766,0.9207161125319693,0.4898724319176702,0.3195739014647137,60
qualification_r2_w60_b1024,8,2,G3,0.0005,lstm,R2,G3__qualification_r2_w60_b1024__lstm__r2__w60__fold_2__seed_42,42,0.7860833620392698,0.6443065835655125,0.2934104789456766,0.9207161125319693,0.39005721122255105,0.3195739014647137,60
qualification_r2_w60_b1024,9,2,G3,0.0005,lstm,R2,G3__qualification_r2_w60_b1024__lstm__r2__w60__fold_2__seed_42,42,0.7860833620392698,0.6134952881440515,0.2934104789456766,0.9207161125319693,0.3443273630466404,0.3195739014647137,60
qualification_r2_w60_b1024,10,2,G3,0.00025,lstm,R2,G3__qualification_r2_w60_b1024__lstm__r2__w60__fold_2__seed_42,42,0.7860833620392698,0.6152521953104777,0.2934104789456766,0.9207161125319693,0.3368659832999936,0.3195739014647137,60
qualification_r2_w60_b1024,11,2,G3,0.00025,lstm,R2,G3__qualification_r2_w60_b1024__lstm__r2__w60__fold_2__seed_42,42,0.7860833620392698,0.6123192808646972,0.2934104789456766,0.9207161125319693,0.33566307521029,0.3195739014647137,60
qualification_r2_w60_b1024,12,2,G3,0.00025,lstm,R2,G3__qualification_r2_w60_b1024__lstm__r2__w60__fold_2__seed_42,42,0.7860833620392698,0.6052900751910865,0.2934104789456766,0.9207161125319693,0.3387184766298263,0.3195739014647137,60
qualification_r2_w60_b1024,13,2,G3,0.00025,lstm,R2,G3__qualification_r2_w60_b1024__lstm__r2__w60__fold_2__seed_42,42,0.7860833620392698,0.5901337532885437,0.2934104789456766,0.9207161125319693,0.3453137074412186,0.3195739014647137,60
qualification_r2_w60_b1024,14,2,G3,0.000125,lstm,R2,G3__qualification_r2_w60_b1024__lstm__r2__w60__fold_2__seed_42,42,0.7860833620392698,0.5823861558068592,0.2934104789456766,0.9207161125319693,0.34946586623571924,0.3195739014647137,60
qualification_r2_w60_b1024,15,2,G3,0.000125,lstm,R2,G3__qualification_r2_w60_b1024__lstm__r2__w60__fold_2__seed_42,42,0.7860833620392698,0.5765142711614109,0.2934104789456766,0.9207161125319693,0.35360418592928217,0.3195739014647137,60
qualification_r2_w60_b1024,16,2,G3,0.000125,lstm,R2,G3__qualification_r2_w60_b1024__lstm__r2__w60__fold_2__seed_42,42,0.7860833620392698,0.5701830723431042,0.2934104789456766,0.9207161125319693,0.3574529903649471,0.3195739014647137,60
qualification_r2_w60_b1024,1,2,G3,0.001,tcn,R2,G3__qualification_r2_w60_b1024__tcn__r2__w60__fold_2__seed_42,42,0.486737857388908,1.0700342933802287,0.2856743591206868,0.9207161125319693,0.9091349376741883,0.3195739014647137,60
qualification_r2_w60_b1024,2,2,G3,0.001,tcn,R2,G3__qualification_r2_w60_b1024__tcn__r2__w60__fold_2__seed_42,42,0.7860833620392698,0.8759519695373309,0.2934104789456766,0.9207161125319693,0.662297059863628,0.3195739014647137,60
qualification_r2_w60_b1024,3,2,G3,0.001,tcn,R2,G3__qualification_r2_w60_b1024__tcn__r2__w60__fold_2__seed_42,42,0.7860833620392698,0.6884484501735859,0.2934104789456766,0.9207161125319693,0.4144730972918505,0.3195739014647137,60
qualification_r2_w60_b1024,4,2,G3,0.001,tcn,R2,G3__qualification_r2_w60_b1024__tcn__r2__w60__fold_2__seed_42,42,0.7860833620392698,0.611837663344174,0.2934104789456766,0.9207161125319693,0.344563437125567,0.3195739014647137,60
qualification_r2_w60_b1024,5,2,G3,0.001,tcn,R2,G3__qualification_r2_w60_b1024__tcn__r2__w60__fold_2__seed_42,42,0.7860833620392698,0.5954068094502225,0.2934104789456766,0.9207161125319693,0.3554153126320672,0.3195739014647137,60
qualification_r2_w60_b1024,6,2,G3,0.0005,tcn,R2,G3__qualification_r2_w60_b1024__tcn__r2__w60__fold_2__seed_42,42,0.7860833620392698,0.543250949371284,0.2934104789456766,0.9207161125319693,0.38166245851167124,0.3195739014647137,60
qualification_r2_w60_b1024,7,2,G3,0.0005,tcn,R2,G3__qualification_r2_w60_b1024__tcn__r2__w60__fold_2__seed_42,42,0.7860833620392698,0.5265634647534299,0.2934104789456766,0.9207161125319693,0.4065260896546558,0.3195739014647137,60
qualification_r2_w60_b1024,8,2,G3,0.0005,tcn,R2,G3__qualification_r2_w60_b1024__tcn__r2__w60__fold_2__seed_42,42,0.7860833620392698,0.5161473353566937,0.2934104789456766,0.9207161125319693,0.4037578109483483,0.3195739014647137,60
qualification_r2_w60_b1024,9,2,G3,0.0005,tcn,R2,G3__qualification_r2_w60_b1024__tcn__r2__w60__fold_2__seed_42,42,0.7860833620392698,0.5007330356201056,0.2934104789456766,0.9207161125319693,0.38039823008569407,0.3195739014647137,60
qualification_r2_w60_b1024,10,2,G3,0.00025,tcn,R2,G3__qualification_r2_w60_b1024__tcn__r2__w60__fold_2__seed_42,42,0.7860833620392698,0.48519463548157654,0.2934104789456766,0.9207161125319693,0.36844800941118905,0.3195739014647137,60
qualification_r2_w60_b1024,11,2,G3,0.00025,tcn,R2,G3__qualification_r2_w60_b1024__tcn__r2__w60__fold_2__seed_42,42,0.7860833620392698,0.47752256759725026,0.2934104789456766,0.9207161125319693,0.35985198996815027,0.3195739014647137,60
qualification_r2_w60_b1024,12,2,G3,0.00025,tcn,R2,G3__qualification_r2_w60_b1024__tcn__r2__w60__fold_2__seed_42,42,0.7860833620392698,0.47068869562507126,0.2934104789456766,0.9207161125319693,0.3562113449981044,0.3195739014647137,60
qualification_r2_w60_b1024,13,2,G3,0.00025,tcn,R2,G3__qualification_r2_w60_b1024__tcn__r2__w60__fold_2__seed_42,42,0.7860833620392698,0.4647323822938201,0.2934104789456766,0.9207161125319693,0.3575696240402345,0.3195739014647137,60
qualification_r2_w60_b1024,14,2,G3,0.000125,tcn,R2,G3__qualification_r2_w60_b1024__tcn__r2__w60__fold_2__seed_42,42,0.7860833620392698,0.45776801293281455,0.2934104789456766,0.9207161125319693,0.3599070678357883,0.3195739014647137,60
qualification_r2_w60_b1024,15,2,G3,0.000125,tcn,R2,G3__qualification_r2_w60_b1024__tcn__r2__w60__fold_2__seed_42,42,0.7860833620392698,0.4551270838712685,0.2934104789456766,0.9207161125319693,0.3629018231680123,0.3195739014647137,60
qualification_r2_w60_b1024,16,2,G3,0.000125,tcn,R2,G3__qualification_r2_w60_b1024__tcn__r2__w60__fold_2__seed_42,42,0.7860833620392698,0.4510956271286878,0.2934104789456766,0.9207161125319693,0.3663457032207333,0.3195739014647137,60
qualification_r2_w60_b1024,1,3,G3,0.001,lstm,R2,G3__qualification_r2_w60_b1024__lstm__r2__w60__fold_3__seed_42,42,0.3571644956073917,1.1021700040458442,0.2627337855477186,0.8566463944396178,1.053821663562367,0.30759631882701605,60
qualification_r2_w60_b1024,2,3,G3,0.001,lstm,R2,G3__qualification_r2_w60_b1024__lstm__r2__w60__fold_3__seed_42,42,0.7715843683732202,1.0459030197808614,0.2943887173996788,0.8566463944396178,0.9844903895173458,0.30759631882701605,60
qualification_r2_w60_b1024,3,3,G3,0.001,lstm,R2,G3__qualification_r2_w60_b1024__lstm__r2__w60__fold_3__seed_42,42,0.7824901544986368,0.9795827146950219,0.2926580557443916,0.8566463944396178,0.8855839507876014,0.30759631882701605,60
qualification_r2_w60_b1024,4,3,G3,0.001,lstm,R2,G3__qualification_r2_w60_b1024__lstm__r2__w60__fold_3__seed_42,42,0.7840048470160558,0.8785911829895555,0.2929756042338824,0.8566463944396178,0.7066980209379585,0.30759631882701605,60
qualification_r2_w60_b1024,5,3,G3,0.001,lstm,R2,G3__qualification_r2_w60_b1024__lstm__r2__w60__fold_3__seed_42,42,0.7843077855195395,0.7001984913903126,0.2930390492359932,0.8566463944396178,0.4991992783354843,0.30759631882701605,60
qualification_r2_w60_b1024,6,3,G3,0.0005,lstm,R2,G3__qualification_r2_w60_b1024__lstm__r2__w60__fold_3__seed_42,42,0.7843077855195395,0.6093083985535819,0.2930390492359932,0.8566463944396178,0.4801856871276809,0.30759631882701605,60
qualification_r2_w60_b1024,7,3,G3,0.0005,lstm,R2,G3__qualification_r2_w60_b1024__lstm__r2__w60__fold_3__seed_42,42,0.7843077855195395,0.6081281347875702,0.2930390492359932,0.8566463944396178,0.4704429702226438,0.30759631882701605,60
qualification_r2_w60_b1024,8,3,G3,0.0005,lstm,R2,G3__qualification_r2_w60_b1024__lstm__r2__w60__fold_3__seed_42,42,0.7843077855195395,0.5795877925087849,0.2930390492359932,0.8566463944396178,0.46682869177554404,0.30759631882701605,60
qualification_r2_w60_b1024,9,3,G3,0.0005,lstm,R2,G3__qualification_r2_w60_b1024__lstm__r2__w60__fold_3__seed_42,42,0.7843077855195395,0.5476382434711208,0.2930390492359932,0.8566463944396178,0.4730281885502962,0.30759631882701605,60
qualification_r2_w60_b1024,10,3,G3,0.00025,lstm,R2,G3__qualification_r2_w60_b1024__lstm__r2__w60__fold_3__seed_42,42,0.7843077855195395,0.5307120188407124,0.2930390492359932,0.8566463944396178,0.47225737416361024,0.30759631882701605,60
qualification_r2_w60_b1024,11,3,G3,0.00025,lstm,R2,G3__qualification_r2_w60_b1024__lstm__r2__w60__fold_3__seed_42,42,0.7843077855195395,0.5181193628191262,0.2930390492359932,0.8566463944396178,0.46574989141172995,0.30759631882701605,60
qualification_r2_w60_b1024,12,3,G3,0.00025,lstm,R2,G3__qualification_r2_w60_b1024__lstm__r2__w60__fold_3__seed_42,42,0.7843077855195395,0.49942039734701144,0.2930390492359932,0.8566463944396178,0.45958942449372503,0.30759631882701605,60
qualification_r2_w60_b1024,13,3,G3,0.00025,lstm,R2,G3__qualification_r2_w60_b1024__lstm__r2__w60__fold_3__seed_42,42,0.7843077855195395,0.4818650425852735,0.2930390492359932,0.8566463944396178,0.46033732968501484,0.30759631882701605,60
qualification_r2_w60_b1024,14,3,G3,0.000125,lstm,R2,G3__qualification_r2_w60_b1024__lstm__r2__w60__fold_3__seed_42,42,0.7843077855195395,0.46931421035385534,0.2930390492359932,0.8566463944396178,0.4628262492713982,0.30759631882701605,60
qualification_r2_w60_b1024,15,3,G3,0.000125,lstm,R2,G3__qualification_r2_w60_b1024__lstm__r2__w60__fold_3__seed_42,42,0.7843077855195395,0.46523313817021633,0.2930390492359932,0.8566463944396178,0.46591809636012665,0.30759631882701605,60
qualification_r2_w60_b1024,16,3,G3,0.000125,lstm,R2,G3__qualification_r2_w60_b1024__lstm__r2__w60__fold_3__seed_42,42,0.7843077855195395,0.4604388376287676,0.2930390492359932,0.8566463944396178,0.46936512438760025,0.30759631882701605,60
qualification_r2_w60_b1024,1,3,G3,0.001,tcn,R2,G3__qualification_r2_w60_b1024__tcn__r2__w60__fold_3__seed_42,42,0.511663132384126,1.0580634608733874,0.28233180982542966,0.8566463944396178,0.8467984683196716,0.30759631882701605,60
qualification_r2_w60_b1024,2,3,G3,0.001,tcn,R2,G3__qualification_r2_w60_b1024__tcn__r2__w60__fold_3__seed_42,42,0.7843077855195395,0.7996270369306112,0.2930390492359932,0.8566463944396178,0.5597122165817059,0.30759631882701605,60
qualification_r2_w60_b1024,3,3,G3,0.001,tcn,R2,G3__qualification_r2_w60_b1024__tcn__r2__w60__fold_3__seed_42,42,0.7843077855195395,0.606318470818532,0.2930390492359932,0.8566463944396178,0.4748796061729991,0.30759631882701605,60
qualification_r2_w60_b1024,4,3,G3,0.001,tcn,R2,G3__qualification_r2_w60_b1024__tcn__r2__w60__fold_3__seed_42,42,0.7843077855195395,0.570186213954439,0.2930390492359932,0.8566463944396178,0.4602021876881166,0.30759631882701605,60
qualification_r2_w60_b1024,5,3,G3,0.001,tcn,R2,G3__qualification_r2_w60_b1024__tcn__r2__w60__fold_3__seed_42,42,0.7843077855195395,0.5000872712393885,0.2930390492359932,0.8566463944396178,0.5005926409304193,0.30759631882701605,60
qualification_r2_w60_b1024,6,3,G3,0.0005,tcn,R2,G3__qualification_r2_w60_b1024__tcn__r2__w60__fold_3__seed_42,42,0.7843077855195395,0.48106107435346335,0.2930390492359932,0.8566463944396178,0.4786880724747009,0.30759631882701605,60
qualification_r2_w60_b1024,7,3,G3,0.0005,tcn,R2,G3__qualification_r2_w60_b1024__tcn__r2__w60__fold_3__seed_42,42,0.7843077855195395,0.452426683592168,0.2930390492359932,0.8566463944396178,0.4646032158573434,0.30759631882701605,60
qualification_r2_w60_b1024,8,3,G3,0.0005,tcn,R2,G3__qualification_r2_w60_b1024__tcn__r2__w60__fold_3__seed_42,42,0.7843077855195395,0.43750438123029567,0.2930390492359932,0.8566463944396178,0.4732778968304059,0.30759631882701605,60
qualification_r2_w60_b1024,9,3,G3,0.0005,tcn,R2,G3__qualification_r2_w60_b1024__tcn__r2__w60__fold_3__seed_42,42,0.7843077855195395,0.4210819600026415,0.2930390492359932,0.8566463944396178,0.48620091022666284,0.30759631882701605,60
qualification_r2_w60_b1024,10,3,G3,0.00025,tcn,R2,G3__qualification_r2_w60_b1024__tcn__r2__w60__fold_3__seed_42,42,0.7843077855195395,0.4058582727943757,0.2930390492359932,0.8566463944396178,0.49383611281885464,0.30759631882701605,60
qualification_r2_w60_b1024,11,3,G3,0.00025,tcn,R2,G3__qualification_r2_w60_b1024__tcn__r2__w60__fold_3__seed_42,42,0.7988488336867616,0.3998411241100615,0.34314427494769073,0.8140747176368376,0.5003496400565297,0.380451735034471,60
qualification_r2_w60_b1024,12,3,G3,0.00025,tcn,R2,G3__qualification_r2_w60_b1024__tcn__r2__w60__fold_3__seed_42,42,0.8461072402302333,0.3950640633228294,0.4712515712159333,0.8019113814074718,0.506130586671995,0.37899498875108634,60
qualification_r2_w60_b1024,13,3,G3,0.00025,tcn,R2,G3__qualification_r2_w60_b1024__tcn__r2__w60__fold_3__seed_42,42,0.8736746440472584,0.3888177379663335,0.5303401571513052,0.794092093831451,0.5119453654612385,0.3764288290596274,60
qualification_r2_w60_b1024,14,3,G3,0.00025,tcn,R2,G3__qualification_r2_w60_b1024__tcn__r2__w60__fold_3__seed_42,42,0.8827627991517721,0.38333311543360654,0.5459359480742596,0.7932232841007819,0.5176811311863279,0.3807784681826194,60
qualification_r2_w60_b1024,15,3,G3,0.00025,tcn,R2,G3__qualification_r2_w60_b1024__tcn__r2__w60__fold_3__seed_42,42,0.8842774916691911,0.3790732887306924,0.5489370518059044,0.788010425716768,0.5216462025685894,0.37795926683334474,60
qualification_r2_w60_b1024,16,3,G3,0.00025,tcn,R2,G3__qualification_r2_w60_b1024__tcn__r2__w60__fold_3__seed_42,42,0.8854892456831264,0.373808699849879,0.552274661297958,0.788879235447437,0.5240040643255571,0.3873919674631418,60
qualification_r2_w60_b1024,17,3,G3,0.00025,tcn,R2,G3__qualification_r2_w60_b1024__tcn__r2__w60__fold_3__seed_42,42,0.8854892456831264,0.3683196957437821,0.5528316770150709,0.7854039965247611,0.525179905090303,0.3854602581291729,60
qualification_r2_w60_b1024,18,3,G3,0.00025,tcn,R2,G3__qualification_r2_w60_b1024__tcn__r2__w60__fold_3__seed_42,42,0.8854892456831264,0.363298522490727,0.55350895166487,0.7836663770634231,0.5271333756522445,0.38868248158414626,60
qualification_r2_w60_b1024,19,3,G3,0.00025,tcn,R2,G3__qualification_r2_w60_b1024__tcn__r2__w60__fold_3__seed_42,42,0.8851863071796425,0.3591409177806875,0.5531253045585772,0.7845351867940921,0.5292154771804188,0.3918738142725106,60
qualification_r2_w60_b1024,20,3,G3,0.00025,tcn,R2,G3__qualification_r2_w60_b1024__tcn__r2__w60__fold_3__seed_42,42,0.8863980611935777,0.35561348608463905,0.554812214242994,0.7845351867940921,0.5319803802735075,0.3932017245291582,60
qualification_r2_w60_b1024,21,3,G3,0.00025,tcn,R2,G3__qualification_r2_w60_b1024__tcn__r2__w60__fold_3__seed_42,42,0.8860951226900939,0.35064041085475794,0.5550768710312167,0.7801911381407471,0.5346585827144098,0.3933332148969307,60
qualification_r2_w60_b1024,22,3,G3,0.00025,tcn,R2,G3__qualification_r2_w60_b1024__tcn__r2__w60__fold_3__seed_42,42,0.8860951226900939,0.34849058919081505,0.5553345628000715,0.7819287576020851,0.5393893371500418,0.3968506102802132,60
qualification_r2_w60_b1024,23,3,G3,0.00025,tcn,R2,G3__qualification_r2_w60_b1024__tcn__r2__w60__fold_3__seed_42,42,0.8851863071796425,0.3463176185526439,0.5549607483056466,0.7819287576020851,0.5453363943239795,0.3980939362650772,60
qualification_r2_w60_b1024,24,3,G3,0.00025,tcn,R2,G3__qualification_r2_w60_b1024__tcn__r2__w60__fold_3__seed_42,42,0.8854892456831264,0.3452213677862347,0.5550829819755781,0.7810599478714162,0.552906994142292,0.39635245311199907,60
qualification_r2_w60_b1024,25,3,G3,0.00025,tcn,R2,G3__qualification_r2_w60_b1024__tcn__r2__w60__fold_3__seed_42,42,0.8854892456831264,0.3426884348303648,0.5555890227576975,0.7784535186794093,0.5601320505970774,0.39610180755690155,60
qualification_r2_w60_b1024,26,3,G3,0.00025,tcn,R2,G3__qualification_r2_w60_b1024__tcn__r2__w60__fold_3__seed_42,42,0.8854892456831264,0.34219016378050826,0.5558393462229377,0.7758470894874022,0.5678894150966567,0.3958374041677682,60
qualification_r2_w60_b1024,27,3,G3,0.00025,tcn,R2,G3__qualification_r2_w60_b1024__tcn__r2__w60__fold_3__seed_42,42,0.8848833686761587,0.3416795930747587,0.5553368612443204,0.7758470894874022,0.5690352022130006,0.3946233300138073,60
qualification_r2_w60_b1024,28,3,G3,0.000125,tcn,R2,G3__qualification_r2_w60_b1024__tcn__r2__w60__fold_3__seed_42,42,0.8860951226900939,0.3397527056114488,0.5564671266358383,0.7810599478714162,0.5666554019075182,0.39759362879373183,60
qualification_r2_w60_b1024,29,3,G3,0.000125,tcn,R2,G3__qualification_r2_w60_b1024__tcn__r2__w60__fold_3__seed_42,42,0.8867009996970615,0.33884254820200216,0.5567256284048264,0.7810599478714162,0.5648082933484938,0.39635245311199907,60
qualification_r2_w60_b1024,30,3,G3,0.000125,tcn,R2,G3__qualification_r2_w60_b1024__tcn__r2__w60__fold_3__seed_42,42,0.8867009996970615,0.338422976608025,0.5567271799865526,0.7827975673327541,0.5623506069649415,0.39735030868756094,60
qualification_r2_w60_b1024,31,3,G3,0.000125,tcn,R2,G3__qualification_r2_w60_b1024__tcn__r2__w60__fold_3__seed_42,42,0.8863980611935777,0.3388861645553662,0.5562228292569448,0.7827975673327541,0.5594712690515792,0.39735030868756094,60
qualification_r2_w60_b1024,32,3,G3,6.25e-05,tcn,R2,G3__qualification_r2_w60_b1024__tcn__r2__w60__fold_3__seed_42,42,0.8860951226900939,0.33781421728041705,0.556219831831185,0.7827975673327541,0.5585731213295801,0.3985957855926896,60
qualification_r2_w60_b1024,33,3,G3,6.25e-05,tcn,R2,G3__qualification_r2_w60_b1024__tcn__r2__w60__fold_3__seed_42,42,0.8860951226900939,0.3373583036998805,0.556219831831185,0.7819287576020851,0.5583114163653939,0.3980939362650772,60
qualification_r2_w60_b1024,34,3,G3,6.25e-05,tcn,R2,G3__qualification_r2_w60_b1024__tcn__r2__w60__fold_3__seed_42,42,0.8863980611935777,0.3373439208426933,0.5564733783672686,0.7819287576020851,0.5586509534605268,0.3980939362650772,60
qualification_r2_w60_b1024,35,3,G3,6.25e-05,tcn,R2,G3__qualification_r2_w60_b1024__tcn__r2__w60__fold_3__seed_42,42,0.8860951226900939,0.3366087266384779,0.556219831831185,0.7819287576020851,0.5587324846396748,0.3980939362650772,60
qualification_r2_w60_b1024,36,3,G3,6.25e-05,tcn,R2,G3__qualification_r2_w60_b1024__tcn__r2__w60__fold_3__seed_42,42,0.8860951226900939,0.33721431545400865,0.5562191419904944,0.7819287576020851,0.5594574557528301,0.3980939362650772,60
qualification_r2_w60_b1024,37,3,G3,3.125e-05,tcn,R2,G3__qualification_r2_w60_b1024__tcn__r2__w60__fold_3__seed_42,42,0.8863980611935777,0.33616952881131235,0.5565980366982873,0.7819287576020851,0.5600852541670812,0.3980939362650772,60
qualification_r2_w60_b1024,1,4,G3,0.001,lstm,R2,G3__qualification_r2_w60_b1024__lstm__r2__w60__fold_4__seed_42,42,0.430798172534265,1.0967964756972557,0.3118904527207536,0.8835555555555555,1.0481362832387289,0.3127261286770489,60
qualification_r2_w60_b1024,2,4,G3,0.001,lstm,R2,G3__qualification_r2_w60_b1024__lstm__r2__w60__fold_4__seed_42,42,0.818597151303413,1.0356936099163405,0.4104178136814383,0.8995555555555556,0.9710507809850905,0.3157073779441585,60
qualification_r2_w60_b1024,3,4,G3,0.001,lstm,R2,G3__qualification_r2_w60_b1024__lstm__r2__w60__fold_4__seed_42,42,0.8140284869658694,0.9614735452182445,0.37705150526587944,0.8995555555555556,0.8587295993169148,0.3157073779441585,60
qualification_r2_w60_b1024,4,4,G3,0.001,lstm,R2,G3__qualification_r2_w60_b1024__lstm__r2__w60__fold_4__seed_42,42,0.8126847621607095,0.8424592894176359,0.37138676309391894,0.8995555555555556,0.6538934478759766,0.3157073779441585,60
qualification_r2_w60_b1024,5,4,G3,0.001,lstm,R2,G3__qualification_r2_w60_b1024__lstm__r2__w60__fold_4__seed_42,42,0.8145659768879333,0.6388751419120436,0.3743135202950694,0.8995555555555556,0.4167033413516151,0.3157073779441585,60
qualification_r2_w60_b1024,6,4,G3,0.001,lstm,R2,G3__qualification_r2_w60_b1024__lstm__r2__w60__fold_4__seed_42,42,0.8153722117710293,0.5423471921876181,0.38078404581094,0.8977777777777778,0.38551329215367636,0.3153786104605777,60
qualification_r2_w60_b1024,7,4,G3,0.0005,lstm,R2,G3__qualification_r2_w60_b1024__lstm__r2__w60__fold_4__seed_42,42,0.818597151303413,0.5564899459477235,0.39243408951563463,0.8942222222222223,0.38146153416898515,0.3147192241514156,60
qualification_r2_w60_b1024,8,4,G3,0.0005,lstm,R2,G3__qualification_r2_w60_b1024__lstm__r2__w60__fold_4__seed_42,42,0.8218220908357968,0.5320708934929511,0.40305877196703,0.8897777777777778,0.379736220214102,0.3138915020382565,60
qualification_r2_w60_b1024,9,4,G3,0.0005,lstm,R2,G3__qualification_r2_w60_b1024__lstm__r2__w60__fold_4__seed_42,42,0.8234345606019887,0.5023766704798706,0.41018562503298855,0.8853333333333333,0.38911604817708334,0.3130598774163131,60
qualification_r2_w60_b1024,10,4,G3,0.0005,lstm,R2,G3__qualification_r2_w60_b1024__lstm__r2__w60__fold_4__seed_42,42,0.8255845202902445,0.48280821442283695,0.41834255132347087,0.8808888888888889,0.4045987403392792,0.31780659283580986,60
qualification_r2_w60_b1024,11,4,G3,0.0005,lstm,R2,G3__qualification_r2_w60_b1024__lstm__r2__w60__fold_4__seed_42,42,0.8293469497446923,0.47392055324987836,0.42906029114354943,0.88,0.4127752830717299,0.33313997433598763,60
qualification_r2_w60_b1024,12,4,G3,0.0005,lstm,R2,G3__qualification_r2_w60_b1024__lstm__r2__w60__fold_4__seed_42,42,0.8320343993550121,0.4585687279284753,0.4389092508811479,0.8782222222222222,0.40514263153076174,0.34190068221481834,60
qualification_r2_w60_b1024,13,4,G3,0.0005,lstm,R2,G3__qualification_r2_w60_b1024__lstm__r2__w60__fold_4__seed_42,42,0.8341843590432679,0.4325742938447402,0.44670017766607445,0.8755555555555555,0.3946778426037894,0.35357932278317944,60
qualification_r2_w60_b1024,14,4,G3,0.0005,lstm,R2,G3__qualification_r2_w60_b1024__lstm__r2__w60__fold_4__seed_42,42,0.8366030636925558,0.4119631423645204,0.455628124496049,0.8764444444444445,0.39563387068112693,0.37331199658612046,60
qualification_r2_w60_b1024,15,4,G3,0.0005,lstm,R2,G3__qualification_r2_w60_b1024__lstm__r2__w60__fold_4__seed_42,42,0.8417092179521634,0.3992976199087678,0.46856999828576057,0.8728888888888889,0.4077696662876341,0.3905938218281933,60
qualification_r2_w60_b1024,16,4,G3,0.0005,lstm,R2,G3__qualification_r2_w60_b1024__lstm__r2__w60__fold_4__seed_42,42,0.8556839559258264,0.3822497485450313,0.4978308862090361,0.8568888888888889,0.4277912868393792,0.39542277392056474,60
qualification_r2_w60_b1024,17,4,G3,0.0005,lstm,R2,G3__qualification_r2_w60_b1024__lstm__r2__w60__fold_4__seed_42,42,0.8704649287825853,0.37042442277310134,0.5252387343758832,0.832,0.44114206200175815,0.4018982464610756,60
qualification_r2_w60_b1024,18,4,G3,0.0005,lstm,R2,G3__qualification_r2_w60_b1024__lstm__r2__w60__fold_4__seed_42,42,0.8806772373018006,0.3575811181793095,0.5447967006307618,0.8222222222222222,0.44900383930736115,0.39914356547216584,60
qualification_r2_w60_b1024,19,4,G3,0.0005,lstm,R2,G3__qualification_r2_w60_b1024__lstm__r2__w60__fold_4__seed_42,42,0.8860521365224402,0.34779481845688864,0.5534013913370717,0.8106666666666666,0.45978929275936553,0.396979006656426,60
qualification_r2_w60_b1024,20,4,G3,0.0005,lstm,R2,G3__qualification_r2_w60_b1024__lstm__r2__w60__fold_4__seed_42,42,0.8857833915614082,0.34366552267815276,0.554492043713296,0.8142222222222222,0.4670259880489773,0.3991839031940341,60
qualification_r2_w60_b1024,21,4,G3,0.0005,lstm,R2,G3__qualification_r2_w60_b1024__lstm__r2__w60__fold_4__seed_42,42,0.8855146466003763,0.3443107661685774,0.5542601583221806,0.8062222222222222,0.48050397396087646,0.3972551037913879,60
qualification_r2_w60_b1024,22,4,G3,0.00025,lstm,R2,G3__qualification_r2_w60_b1024__lstm__r2__w60__fold_4__seed_42,42,0.8847084117172803,0.3365468504415408,0.5548545408550468,0.7982222222222223,0.4821518002351125,0.3924860416025382,60
qualification_r2_w60_b1024,23,4,G3,0.00025,lstm,R2,G3__qualification_r2_w60_b1024__lstm__r2__w60__fold_4__seed_42,42,0.8836334318731524,0.3390061385815453,0.5535042188031365,0.8115555555555556,0.469005845785141,0.3989382907231909,60
qualification_r2_w60_b1024,24,4,G3,0.00025,lstm,R2,G3__qualification_r2_w60_b1024__lstm__r2__w60__fold_4__seed_42,42,0.8857833915614082,0.33615662408624725,0.5546109714325328,0.8142222222222222,0.46017894260088604,0.3991839031940341,60
qualification_r2_w60_b1024,25,4,G3,0.00025,lstm,R2,G3__qualification_r2_w60_b1024__lstm__r2__w60__fold_4__seed_42,42,0.8849771566783122,0.3342827975477656,0.5536896972450082,0.8115555555555556,0.4560540090401967,0.40053283614806673,60
qualification_r2_w60_b1024,26,4,G3,0.000125,lstm,R2,G3__qualification_r2_w60_b1024__lstm__r2__w60__fold_4__seed_42,42,0.8849771566783122,0.33506459372558123,0.5540395201903906,0.8124444444444444,0.458212213145362,0.40108725197064415,60
qualification_r2_w60_b1024,27,4,G3,0.000125,lstm,R2,G3__qualification_r2_w60_b1024__lstm__r2__w60__fold_4__seed_42,42,0.8863208814834722,0.33394411076495994,0.5552955175779161,0.8124444444444444,0.46143650918536716,0.40108725197064415,60
qualification_r2_w60_b1024,28,4,G3,0.000125,lstm,R2,G3__qualification_r2_w60_b1024__lstm__r2__w60__fold_4__seed_42,42,0.888202096210696,0.3335731294135258,0.5571232263688743,0.8124444444444444,0.4641075172689226,0.4026621996469613,60
qualification_r2_w60_b1024,29,4,G3,0.000125,lstm,R2,G3__qualification_r2_w60_b1024__lstm__r2__w60__fold_4__seed_42,42,0.8857833915614082,0.3337372023230821,0.5549561962201367,0.8106666666666666,0.46649252676963804,0.40154914396009317,60
qualification_r2_w60_b1024,30,4,G3,0.000125,lstm,R2,G3__qualification_r2_w60_b1024__lstm__r2__w60__fold_4__seed_42,42,0.8873958613276001,0.32890770236544314,0.5567801337509332,0.8088888888888889,0.46800946752230327,0.4004454601981194,60
qualification_r2_w60_b1024,31,4,G3,0.000125,lstm,R2,G3__qualification_r2_w60_b1024__lstm__r2__w60__fold_4__seed_42,42,0.8852459016393442,0.33071590381359356,0.5549635874988416,0.8088888888888889,0.468028116385142,0.4004454601981194,60
qualification_r2_w60_b1024,32,4,G3,0.000125,lstm,R2,G3__qualification_r2_w60_b1024__lstm__r2__w60__fold_4__seed_42,42,0.8847084117172803,0.3333007747593249,0.554280510018215,0.8088888888888889,0.46634691055615746,0.4004454601981194,60
qualification_r2_w60_b1024,1,4,G3,0.001,tcn,R2,G3__qualification_r2_w60_b1024__tcn__r2__w60__fold_4__seed_42,42,0.6060198871271164,1.033037778816054,0.3688235760986514,0.8995555555555556,0.8243717460632324,0.3157073779441585,60
qualification_r2_w60_b1024,2,4,G3,0.001,tcn,R2,G3__qualification_r2_w60_b1024__tcn__r2__w60__fold_4__seed_42,42,0.7997850040311744,0.7766558345175981,0.3075309554354177,0.8995555555555556,0.5057067597177294,0.3157073779441585,60
qualification_r2_w60_b1024,3,4,G3,0.001,tcn,R2,G3__qualification_r2_w60_b1024__tcn__r2__w60__fold_4__seed_42,42,0.7968288094598226,0.57875628101028,0.2956426363545717,0.8995555555555556,0.3897798931863573,0.3157073779441585,60
qualification_r2_w60_b1024,4,4,G3,0.001,tcn,R2,G3__qualification_r2_w60_b1024__tcn__r2__w60__fold_4__seed_42,42,0.8059661381349099,0.49542169122726676,0.3381308641056466,0.88,0.42657720171080693,0.33799732779097386,60
qualification_r2_w60_b1024,5,4,G3,0.001,tcn,R2,G3__qualification_r2_w60_b1024__tcn__r2__w60__fold_4__seed_42,42,0.8366030636925558,0.43797342860868493,0.45403283315630155,0.8755555555555555,0.44750472023752,0.38304104332601074,60
qualification_r2_w60_b1024,6,4,G3,0.001,tcn,R2,G3__qualification_r2_w60_b1024__tcn__r2__w60__fold_4__seed_42,42,0.8417092179521634,0.3924902887217494,0.46957526463944577,0.8737777777777778,0.43132579334576926,0.38817660017980105,60
qualification_r2_w60_b1024,7,4,G3,0.001,tcn,R2,G3__qualification_r2_w60_b1024__tcn__r2__w60__fold_4__seed_42,42,0.8578339156140823,0.3727905859120012,0.5038998826232869,0.7982222222222223,0.46477987901369733,0.3860176578941797,60
qualification_r2_w60_b1024,8,4,G3,0.001,tcn,R2,G3__qualification_r2_w60_b1024__tcn__r2__w60__fold_4__seed_42,42,0.876377317925289,0.3558739660344307,0.544923041030919,0.8186666666666667,0.46562148592207164,0.41000379207747506,60
qualification_r2_w60_b1024,9,4,G3,0.001,tcn,R2,G3__qualification_r2_w60_b1024__tcn__r2__w60__fold_4__seed_42,42,0.8868583714055361,0.34782856889419483,0.5531022296218389,0.8444444444444444,0.433032883644104,0.40657858278280906,60
qualification_r2_w60_b1024,10,4,G3,0.001,tcn,R2,G3__qualification_r2_w60_b1024__tcn__r2__w60__fold_4__seed_42,42,0.8860521365224402,0.34302914337232787,0.5503371890229017,0.8453333333333334,0.4275154287020365,0.41306008583690984,60
qualification_r2_w60_b1024,11,4,G3,0.001,tcn,R2,G3__qualification_r2_w60_b1024__tcn__r2__w60__fold_4__seed_42,42,0.88873958613276,0.3372665002073085,0.5544928240319021,0.8364444444444444,0.44114415266778734,0.42228232289084217,60
qualification_r2_w60_b1024,12,4,G3,0.001,tcn,R2,G3__qualification_r2_w60_b1024__tcn__r2__w60__fold_4__seed_42,42,0.88873958613276,0.33189587096827095,0.5558348634687471,0.84,0.4429631675084432,0.42160737812911725,60
qualification_r2_w60_b1024,13,4,G3,0.001,tcn,R2,G3__qualification_r2_w60_b1024__tcn__r2__w60__fold_4__seed_42,42,0.8900833109379199,0.3287608257322919,0.556884189116983,0.8391111111111111,0.44628129630618624,0.42260738071151577,60
qualification_r2_w60_b1024,14,4,G3,0.001,tcn,R2,G3__qualification_r2_w60_b1024__tcn__r2__w60__fold_4__seed_42,42,0.8908895458210159,0.3239682698739981,0.5581911766025344,0.8328888888888889,0.45335351575745475,0.42286308446712445,60
qualification_r2_w60_b1024,15,4,G3,0.001,tcn,R2,G3__qualification_r2_w60_b1024__tcn__r2__w60__fold_4__seed_42,42,0.8925020155872078,0.32228661452496893,0.5600547145762247,0.8417777777777777,0.43067802702056035,0.42123197089433,60
qualification_r2_w60_b1024,16,4,G3,0.001,tcn,R2,G3__qualification_r2_w60_b1024__tcn__r2__w60__fold_4__seed_42,42,0.8916957807041118,0.31995199586684525,0.5590290987906248,0.8373333333333334,0.4346982579231262,0.4229287691527935,60
qualification_r2_w60_b1024,17,4,G3,0.001,tcn,R2,G3__qualification_r2_w60_b1024__tcn__r2__w60__fold_4__seed_42,42,0.8935769954313356,0.31684960628734804,0.5615770271748696,0.8213333333333334,0.4552950123945872,0.4133128520225295,60
qualification_r2_w60_b1024,18,4,G3,0.001,tcn,R2,G3__qualification_r2_w60_b1024__tcn__r2__w60__fold_4__seed_42,42,0.8922332706261757,0.31490928178927935,0.5603927311489395,0.8275555555555556,0.45016928447617427,0.417556253270539,60
qualification_r2_w60_b1024,19,4,G3,0.001,tcn,R2,G3__qualification_r2_w60_b1024__tcn__r2__w60__fold_4__seed_42,42,0.8919645256651437,0.3130971653043054,0.5601754646532967,0.8186666666666667,0.4582070596483019,0.41153574340853494,60
qualification_r2_w60_b1024,20,4,G3,0.001,tcn,R2,G3__qualification_r2_w60_b1024__tcn__r2__w60__fold_4__seed_42,42,0.8916957807041118,0.3115996048675369,0.5601688672581852,0.8248888888888889,0.44423383190896776,0.4157206016307125,60
qualification_r2_w60_b1024,21,4,G3,0.0005,tcn,R2,G3__qualification_r2_w60_b1024__tcn__r2__w60__fold_4__seed_42,42,0.8935769954313356,0.3104866065987974,0.5616792882498407,0.8213333333333334,0.4512328673203786,0.4133128520225295,60
qualification_r2_w60_b1024,22,4,G3,0.0005,tcn,R2,G3__qualification_r2_w60_b1024__tcn__r2__w60__fold_4__seed_42,42,0.8919645256651437,0.30976087542927033,0.5602807992035624,0.816,0.45997390355004203,0.40978230808739285,60
qualification_r2_w60_b1024,23,4,G3,0.0005,tcn,R2,G3__qualification_r2_w60_b1024__tcn__r2__w60__fold_4__seed_42,42,0.8922332706261757,0.30919971669658924,0.5608449165009008,0.816,0.45917528364393445,0.40978230808739285,60
qualification_r2_w60_b1024,24,4,G3,0.0005,tcn,R2,G3__qualification_r2_w60_b1024__tcn__r2__w60__fold_4__seed_42,42,0.8919645256651437,0.30893277522057366,0.5602807992035624,0.8204444444444444,0.4529336581495073,0.41271780137292646,60
qualification_r2_w60_b1024,25,4,G3,0.00025,tcn,R2,G3__qualification_r2_w60_b1024__tcn__r2__w60__fold_4__seed_42,42,0.8938457403923676,0.3081713925603576,0.5622506509215409,0.8151111111111111,0.4570871851709154,0.4092029512278679,60
qualification_r2_w60_b1024,26,4,G3,0.00025,tcn,R2,G3__qualification_r2_w60_b1024__tcn__r2__w60__fold_4__seed_42,42,0.8919645256651437,0.30852855643063776,0.560507501172058,0.816,0.4564880848990546,0.40978230808739285,60
qualification_r1_w150_b1024,1,1,G3,0.001,transformer,R1,G3__qualification_r1_w150_b1024__transformer__r1__w150__fold_1__seed_42,42,0.7189563030493555,0.7877366892087013,0.28617159724855673,0.8649350649350649,0.5033501160867286,0.30919220055710306,150
qualification_r1_w150_b1024,2,1,G3,0.001,transformer,R1,G3__qualification_r1_w150_b1024__transformer__r1__w150__fold_1__seed_42,42,0.8817981766740018,0.446008945047312,0.31239558970932174,0.8649350649350649,0.4402097494958283,0.30919220055710306,150
qualification_r1_w150_b1024,3,1,G3,0.001,transformer,R1,G3__qualification_r1_w150_b1024__transformer__r1__w150__fold_1__seed_42,42,0.8817981766740018,0.4002270906910661,0.31239558970932174,0.8649350649350649,0.4230760980607111,0.30919220055710306,150
qualification_r1_w150_b1024,4,1,G3,0.001,transformer,R1,G3__qualification_r1_w150_b1024__transformer__r1__w150__fold_1__seed_42,42,0.8817981766740018,0.38874400047077695,0.31239558970932174,0.8649350649350649,0.4145494067565703,0.30919220055710306,150
qualification_r1_w150_b1024,5,1,G3,0.001,transformer,R1,G3__qualification_r1_w150_b1024__transformer__r1__w150__fold_1__seed_42,42,0.8817981766740018,0.38515050545292656,0.31239558970932174,0.8649350649350649,0.41171674114285095,0.30919220055710306,150
qualification_r1_w150_b1024,6,1,G3,0.0005,transformer,R1,G3__qualification_r1_w150_b1024__transformer__r1__w150__fold_1__seed_42,42,0.8817981766740018,0.3822953420141065,0.31239558970932174,0.8649350649350649,0.4131442251466053,0.30919220055710306,150
qualification_r1_w150_b1024,7,1,G3,0.0005,transformer,R1,G3__qualification_r1_w150_b1024__transformer__r1__w150__fold_1__seed_42,42,0.8817981766740018,0.38181523463891687,0.31239558970932174,0.8649350649350649,0.41480432799755235,0.30919220055710306,150
qualification_r1_w150_b1024,8,1,G3,0.0005,transformer,R1,G3__qualification_r1_w150_b1024__transformer__r1__w150__fold_1__seed_42,42,0.8817981766740018,0.3815566648930283,0.31239558970932174,0.8649350649350649,0.4133873614913973,0.30919220055710306,150
qualification_r1_w150_b1024,9,1,G3,0.0005,transformer,R1,G3__qualification_r1_w150_b1024__transformer__r1__w150__fold_1__seed_42,42,0.8817981766740018,0.38029530378341375,0.31239558970932174,0.8649350649350649,0.41065208744177056,0.30919220055710306,150
qualification_r1_w150_b1024,10,1,G3,0.00025,transformer,R1,G3__qualification_r1_w150_b1024__transformer__r1__w150__fold_1__seed_42,42,0.8817981766740018,0.37937526747289224,0.31239558970932174,0.8649350649350649,0.4098752766589582,0.30919220055710306,150
qualification_r1_w150_b1024,11,1,G3,0.00025,transformer,R1,G3__qualification_r1_w150_b1024__transformer__r1__w150__fold_1__seed_42,42,0.8817981766740018,0.37886054510779443,0.31239558970932174,0.8649350649350649,0.4098214284424142,0.30919220055710306,150
qualification_r1_w150_b1024,12,1,G3,0.00025,transformer,R1,G3__qualification_r1_w150_b1024__transformer__r1__w150__fold_1__seed_42,42,0.8817981766740018,0.37863536206703824,0.31239558970932174,0.8649350649350649,0.4097842263065891,0.30919220055710306,150
qualification_r1_w150_b1024,13,1,G3,0.00025,transformer,R1,G3__qualification_r1_w150_b1024__transformer__r1__w150__fold_1__seed_42,42,0.8817981766740018,0.37820328107347884,0.31239558970932174,0.8649350649350649,0.4094106167038798,0.30919220055710306,150
qualification_r1_w150_b1024,14,1,G3,0.000125,transformer,R1,G3__qualification_r1_w150_b1024__transformer__r1__w150__fold_1__seed_42,42,0.8817981766740018,0.3777758431993015,0.31239558970932174,0.8649350649350649,0.4092815718093476,0.30919220055710306,150
qualification_r1_w150_b1024,15,1,G3,0.000125,transformer,R1,G3__qualification_r1_w150_b1024__transformer__r1__w150__fold_1__seed_42,42,0.8817981766740018,0.37767100331356823,0.31239558970932174,0.8649350649350649,0.4093427120349108,0.30919220055710306,150
qualification_r1_w150_b1024,16,1,G3,0.000125,transformer,R1,G3__qualification_r1_w150_b1024__transformer__r1__w150__fold_1__seed_42,42,0.8817981766740018,0.3772425867877116,0.31239558970932174,0.8649350649350649,0.4097897750474674,0.30919220055710306,150
qualification_r1_w150_b1024,1,2,G3,0.001,transformer,R1,G3__qualification_r1_w150_b1024__transformer__r1__w150__fold_2__seed_42,42,0.6411600279524808,0.8998816131629117,0.3086743995755342,0.8982758620689655,0.5117513730608184,0.3154707841356343,150
qualification_r1_w150_b1024,2,2,G3,0.001,transformer,R1,G3__qualification_r1_w150_b1024__transformer__r1__w150__fold_2__seed_42,42,0.7879105520614954,0.6374147906326731,0.3154338422124601,0.9258620689655173,0.40546243663491877,0.3205013428827216,150
qualification_r1_w150_b1024,3,2,G3,0.001,transformer,R1,G3__qualification_r1_w150_b1024__transformer__r1__w150__fold_2__seed_42,42,0.7896575821104123,0.5868008189647869,0.29537748337971553,0.9258620689655173,0.38249722123146057,0.3205013428827216,150
qualification_r1_w150_b1024,4,2,G3,0.001,transformer,R1,G3__qualification_r1_w150_b1024__transformer__r1__w150__fold_2__seed_42,42,0.789308176100629,0.5743707176441083,0.29408318687756296,0.9258620689655173,0.3817184972351995,0.3205013428827216,150
qualification_r1_w150_b1024,5,2,G3,0.001,transformer,R1,G3__qualification_r1_w150_b1024__transformer__r1__w150__fold_2__seed_42,42,0.789308176100629,0.5699284207479343,0.29408318687756296,0.9258620689655173,0.381781215503298,0.3205013428827216,150
qualification_r1_w150_b1024,6,2,G3,0.001,transformer,R1,G3__qualification_r1_w150_b1024__transformer__r1__w150__fold_2__seed_42,42,0.789308176100629,0.5668476430958256,0.29408318687756296,0.9258620689655173,0.3688679669437737,0.3205013428827216,150
qualification_r1_w150_b1024,7,2,G3,0.0005,transformer,R1,G3__qualification_r1_w150_b1024__transformer__r1__w150__fold_2__seed_42,42,0.789308176100629,0.5633476739742804,0.29408318687756296,0.9258620689655173,0.3658076840228048,0.3205013428827216,150
qualification_r1_w150_b1024,8,2,G3,0.0005,transformer,R1,G3__qualification_r1_w150_b1024__transformer__r1__w150__fold_2__seed_42,42,0.789308176100629,0.5603787152605569,0.29408318687756296,0.9258620689655173,0.3666633865956602,0.3205013428827216,150
qualification_r1_w150_b1024,9,2,G3,0.0005,transformer,R1,G3__qualification_r1_w150_b1024__transformer__r1__w150__fold_2__seed_42,42,0.789308176100629,0.5561623836963182,0.29408318687756296,0.9258620689655173,0.3715450419434186,0.3205013428827216,150
qualification_r1_w150_b1024,10,2,G3,0.0005,transformer,R1,G3__qualification_r1_w150_b1024__transformer__r1__w150__fold_2__seed_42,42,0.789308176100629,0.550813732490433,0.29408318687756296,0.9258620689655173,0.37812863064223323,0.3205013428827216,150
qualification_r1_w150_b1024,11,2,G3,0.00025,transformer,R1,G3__qualification_r1_w150_b1024__transformer__r1__w150__fold_2__seed_42,42,0.789308176100629,0.5460100538825589,0.29408318687756296,0.9258620689655173,0.3801066432533593,0.3205013428827216,150
qualification_r1_w150_b1024,12,2,G3,0.00025,transformer,R1,G3__qualification_r1_w150_b1024__transformer__r1__w150__fold_2__seed_42,42,0.789308176100629,0.5425388849256424,0.29408318687756296,0.9258620689655173,0.38004960705494056,0.3205013428827216,150
qualification_r1_w150_b1024,13,2,G3,0.00025,transformer,R1,G3__qualification_r1_w150_b1024__transformer__r1__w150__fold_2__seed_42,42,0.7917540181691125,0.5382856716233313,0.3593005402743377,0.9258620689655173,0.37778099374524476,0.3205013428827216,150
qualification_r1_w150_b1024,14,2,G3,0.00025,transformer,R1,G3__qualification_r1_w150_b1024__transformer__r1__w150__fold_2__seed_42,42,0.7928022361984626,0.5344295386748243,0.38354746842322657,0.9258620689655173,0.37511675583905185,0.3205013428827216,150
qualification_r1_w150_b1024,15,2,G3,0.000125,transformer,R1,G3__qualification_r1_w150_b1024__transformer__r1__w150__fold_2__seed_42,42,0.7924528301886793,0.5315587971695315,0.3823050777629004,0.9258620689655173,0.3751070211673605,0.3205013428827216,150
qualification_r1_w150_b1024,16,2,G3,0.000125,transformer,R1,G3__qualification_r1_w150_b1024__transformer__r1__w150__fold_2__seed_42,42,0.7921034241788959,0.5295776262473261,0.38109303758158725,0.9258620689655173,0.3760327576563276,0.3205013428827216,150
qualification_r1_w150_b1024,17,2,G3,0.000125,transformer,R1,G3__qualification_r1_w150_b1024__transformer__r1__w150__fold_2__seed_42,42,0.7917540181691125,0.5284055498702638,0.3799101794403283,0.9258620689655173,0.37742109576175953,0.3205013428827216,150
qualification_r1_w150_b1024,1,3,G3,0.001,transformer,R1,G3__qualification_r1_w150_b1024__transformer__r1__w150__fold_3__seed_42,42,0.682919349892671,0.8768487593141373,0.32002222386688406,0.8373333333333334,0.5650725904570686,0.30382196419932267,150
qualification_r1_w150_b1024,2,3,G3,0.001,transformer,R1,G3__qualification_r1_w150_b1024__transformer__r1__w150__fold_3__seed_42,42,0.7853419196565471,0.6100768766422208,0.29725917443802,0.8613333333333333,0.48619205758306716,0.30850047755491883,150
qualification_r1_w150_b1024,3,3,G3,0.001,transformer,R1,G3__qualification_r1_w150_b1024__transformer__r1__w150__fold_3__seed_42,42,0.7874885004599816,0.575245922838607,0.29370389432149596,0.8613333333333333,0.46992187547683717,0.30850047755491883,150
qualification_r1_w150_b1024,4,3,G3,0.001,transformer,R1,G3__qualification_r1_w150_b1024__transformer__r1__w150__fold_3__seed_42,42,0.7874885004599816,0.5688483293017739,0.29370389432149596,0.8613333333333333,0.45784157967567446,0.30850047755491883,150
qualification_r1_w150_b1024,5,3,G3,0.001,transformer,R1,G3__qualification_r1_w150_b1024__transformer__r1__w150__fold_3__seed_42,42,0.7874885004599816,0.5639668654642453,0.29370389432149596,0.8613333333333333,0.4472045361598333,0.30850047755491883,150
qualification_r1_w150_b1024,6,3,G3,0.001,transformer,R1,G3__qualification_r1_w150_b1024__transformer__r1__w150__fold_3__seed_42,42,0.7874885004599816,0.5596424086954432,0.29370389432149596,0.8613333333333333,0.4479981554349263,0.30850047755491883,150
qualification_r1_w150_b1024,7,3,G3,0.0005,transformer,R1,G3__qualification_r1_w150_b1024__transformer__r1__w150__fold_3__seed_42,42,0.7874885004599816,0.5520472460018276,0.29370389432149596,0.8613333333333333,0.4489028319915136,0.30850047755491883,150
qualification_r1_w150_b1024,8,3,G3,0.0005,transformer,R1,G3__qualification_r1_w150_b1024__transformer__r1__w150__fold_3__seed_42,42,0.7874885004599816,0.5446266749270011,0.29370389432149596,0.8613333333333333,0.4502987195120917,0.30850047755491883,150
qualification_r1_w150_b1024,9,3,G3,0.0005,transformer,R1,G3__qualification_r1_w150_b1024__transformer__r1__w150__fold_3__seed_42,42,0.7896350812634161,0.5376815807779155,0.3745167951922355,0.8613333333333333,0.45602050801118216,0.30850047755491883,150
qualification_r1_w150_b1024,10,3,G3,0.0005,transformer,R1,G3__qualification_r1_w150_b1024__transformer__r1__w150__fold_3__seed_42,42,0.7933149340693039,0.5324961209417816,0.47561675272518644,0.8613333333333333,0.45956743666860794,0.30850047755491883,150
qualification_r1_w150_b1024,11,3,G3,0.00025,transformer,R1,G3__qualification_r1_w150_b1024__transformer__r1__w150__fold_3__seed_42,42,0.7933149340693039,0.5274329912585738,0.47983624119987756,0.8613333333333333,0.4565719395081202,0.30850047755491883,150
qualification_r1_w150_b1024,12,3,G3,0.00025,transformer,R1,G3__qualification_r1_w150_b1024__transformer__r1__w150__fold_3__seed_42,42,0.7930082796688133,0.5247848039205657,0.4772353945364318,0.8613333333333333,0.4532941084570355,0.30850047755491883,150
qualification_r1_w150_b1024,13,3,G3,0.00025,transformer,R1,G3__qualification_r1_w150_b1024__transformer__r1__w150__fold_3__seed_42,42,0.792394970867832,0.5224883010035751,0.47223657766293425,0.8613333333333333,0.4523655058277978,0.30850047755491883,150
qualification_r1_w150_b1024,14,3,G3,0.00025,transformer,R1,G3__qualification_r1_w150_b1024__transformer__r1__w150__fold_3__seed_42,42,0.7930082796688133,0.5201101373836549,0.4812403100775194,0.8613333333333333,0.4541610783735911,0.30850047755491883,150
qualification_r1_w150_b1024,15,3,G3,0.000125,transformer,R1,G3__qualification_r1_w150_b1024__transformer__r1__w150__fold_3__seed_42,42,0.7936215884697946,0.5186689709253525,0.49380936715074225,0.8613333333333333,0.4565273431274626,0.30850047755491883,150
qualification_r1_w150_b1024,16,3,G3,0.000125,transformer,R1,G3__qualification_r1_w150_b1024__transformer__r1__w150__fold_3__seed_42,42,0.7939282428702852,0.5180476149764027,0.4964936462451788,0.8613333333333333,0.4578576931026247,0.30850047755491883,150
qualification_r1_w150_b1024,17,3,G3,0.000125,transformer,R1,G3__qualification_r1_w150_b1024__transformer__r1__w150__fold_3__seed_42,42,0.7945415516712665,0.5160549969001987,0.5085160731489583,0.8613333333333333,0.45682752838399676,0.30850047755491883,150
qualification_r1_w150_b1024,1,4,G3,0.001,transformer,R1,G3__qualification_r1_w150_b1024__transformer__r1__w150__fold_4__seed_42,42,0.694542492533261,0.8352345465124867,0.3158553275958946,0.8796380090497737,0.5045977974369515,0.3119884448724121,150
qualification_r1_w150_b1024,2,4,G3,0.001,transformer,R1,G3__qualification_r1_w150_b1024__transformer__r1__w150__fold_4__seed_42,42,0.7979907683953299,0.5864999231326331,0.3025370737235144,0.9067873303167421,0.4265330041695504,0.3170384432842905,150
qualification_r1_w150_b1024,3,4,G3,0.001,transformer,R1,G3__qualification_r1_w150_b1024__transformer__r1__w150__fold_4__seed_42,42,0.799891392886234,0.5575125861873518,0.2962739478050988,0.9067873303167421,0.414278690820366,0.3170384432842905,150
qualification_r1_w150_b1024,4,4,G3,0.001,transformer,R1,G3__qualification_r1_w150_b1024__transformer__r1__w150__fold_4__seed_42,42,0.799891392886234,0.552133833831204,0.2962739478050988,0.9067873303167421,0.41283969787450936,0.3170384432842905,150
qualification_r1_w150_b1024,5,4,G3,0.001,transformer,R1,G3__qualification_r1_w150_b1024__transformer__r1__w150__fold_4__seed_42,42,0.799891392886234,0.5501961425824752,0.2962739478050988,0.9067873303167421,0.39958650699028603,0.3170384432842905,150
qualification_r1_w150_b1024,6,4,G3,0.001,transformer,R1,G3__qualification_r1_w150_b1024__transformer__r1__w150__fold_4__seed_42,42,0.799891392886234,0.5468432191529742,0.2962739478050988,0.9067873303167421,0.4046881631219009,0.3170384432842905,150
qualification_r1_w150_b1024,7,4,G3,0.0005,transformer,R1,G3__qualification_r1_w150_b1024__transformer__r1__w150__fold_4__seed_42,42,0.799891392886234,0.5431400558367845,0.2962739478050988,0.9067873303167421,0.4082778038482321,0.3170384432842905,150
qualification_r1_w150_b1024,8,4,G3,0.0005,transformer,R1,G3__qualification_r1_w150_b1024__transformer__r1__w150__fold_4__seed_42,42,0.799891392886234,0.5397355228767685,0.2962739478050988,0.9067873303167421,0.41065701351446265,0.3170384432842905,150
qualification_r1_w150_b1024,9,4,G3,0.0005,transformer,R1,G3__qualification_r1_w150_b1024__transformer__r1__w150__fold_4__seed_42,42,0.799891392886234,0.5352241591108645,0.2962739478050988,0.9067873303167421,0.4080627169814045,0.3170384432842905,150
qualification_r1_w150_b1024,10,4,G3,0.0005,transformer,R1,G3__qualification_r1_w150_b1024__transformer__r1__w150__fold_4__seed_42,42,0.799891392886234,0.5285209215046626,0.2962739478050988,0.9067873303167421,0.41520907754811764,0.3170384432842905,150
qualification_r1_w150_b1024,11,4,G3,0.00025,transformer,R1,G3__qualification_r1_w150_b1024__transformer__r1__w150__fold_4__seed_42,42,0.802335052945968,0.5212007087273278,0.37775781824120197,0.9067873303167421,0.41754255257041206,0.3170384432842905,150
qualification_r1_w150_b1024,12,4,G3,0.00025,transformer,R1,G3__qualification_r1_w150_b1024__transformer__r1__w150__fold_4__seed_42,42,0.8026065707303829,0.5174022900517661,0.3856104480367964,0.9067873303167421,0.41882213750576003,0.3170384432842905,150
qualification_r1_w150_b1024,13,4,G3,0.00025,transformer,R1,G3__qualification_r1_w150_b1024__transformer__r1__w150__fold_4__seed_42,42,0.8026065707303829,0.5134767882370153,0.39194858841224267,0.9067873303167421,0.4210006783990299,0.3170384432842905,150
qualification_r1_w150_b1024,14,4,G3,0.00025,transformer,R1,G3__qualification_r1_w150_b1024__transformer__r1__w150__fold_4__seed_42,42,0.8039641596524573,0.5099303060629237,0.4450389214168742,0.9004524886877828,0.42501452708136445,0.31587301587301586,150
qualification_r1_w150_b1024,15,4,G3,0.000125,transformer,R1,G3__qualification_r1_w150_b1024__transformer__r1__w150__fold_4__seed_42,42,0.8036926418680423,0.5085157701220164,0.44216006337527136,0.9004524886877828,0.42577141817338865,0.31587301587301586,150
qualification_r1_w150_b1024,16,4,G3,0.000125,transformer,R1,G3__qualification_r1_w150_b1024__transformer__r1__w150__fold_4__seed_42,42,0.8047787130057019,0.50759926600978,0.44882767393903683,0.8995475113122172,0.4269709097853613,0.3157058916944577,150
qualification_r1_w150_b1024,17,4,G3,0.000125,transformer,R1,G3__qualification_r1_w150_b1024__transformer__r1__w150__fold_4__seed_42,42,0.8055932663589465,0.5059981682913607,0.4613068413068413,0.8986425339366516,0.42710640238960407,0.3155386081982841,150
qualification_r2_w150_b1024,1,1,G3,0.001,transformer,R2,G3__qualification_r2_w150_b1024__transformer__r2__w150__fold_1__seed_42,42,0.8258409305249922,0.7423545848420116,0.3307084198110602,0.8649350649350649,0.5087668672268525,0.30919220055710306,150
qualification_r2_w150_b1024,2,1,G3,0.001,transformer,R2,G3__qualification_r2_w150_b1024__transformer__r2__w150__fold_1__seed_42,42,0.8663942156554543,0.4682654797356296,0.3094716748077031,0.8649350649350649,0.4338627269386729,0.30919220055710306,150
qualification_r2_w150_b1024,3,1,G3,0.001,transformer,R2,G3__qualification_r2_w150_b1024__transformer__r2__w150__fold_1__seed_42,42,0.8817981766740018,0.39791268628372856,0.31239558970932174,0.8649350649350649,0.41692327838310433,0.30919220055710306,150
qualification_r2_w150_b1024,4,1,G3,0.001,transformer,R2,G3__qualification_r2_w150_b1024__transformer__r2__w150__fold_1__seed_42,42,0.8817981766740018,0.3703442316822045,0.31239558970932174,0.8649350649350649,0.3952864483708427,0.30919220055710306,150
qualification_r2_w150_b1024,5,1,G3,0.001,transformer,R2,G3__qualification_r2_w150_b1024__transformer__r2__w150__fold_1__seed_42,42,0.8817981766740018,0.34558704123018075,0.31239558970932174,0.8649350649350649,0.3841950653177319,0.30919220055710306,150
qualification_r2_w150_b1024,6,1,G3,0.0005,transformer,R2,G3__qualification_r2_w150_b1024__transformer__r2__w150__fold_1__seed_42,42,0.8817981766740018,0.3306834686668142,0.31239558970932174,0.8649350649350649,0.37946803732351825,0.30919220055710306,150
qualification_r2_w150_b1024,7,1,G3,0.0005,transformer,R2,G3__qualification_r2_w150_b1024__transformer__r2__w150__fold_1__seed_42,42,0.8817981766740018,0.3175380288224219,0.31239558970932174,0.8649350649350649,0.37834208512203,0.30919220055710306,150
qualification_r2_w150_b1024,8,1,G3,0.0005,transformer,R2,G3__qualification_r2_w150_b1024__transformer__r2__w150__fold_1__seed_42,42,0.8817981766740018,0.3053531497482682,0.31239558970932174,0.8649350649350649,0.37720883888599677,0.30919220055710306,150
qualification_r2_w150_b1024,9,1,G3,0.0005,transformer,R2,G3__qualification_r2_w150_b1024__transformer__r2__w150__fold_1__seed_42,42,0.885884941842188,0.2918703955267631,0.35476487486997876,0.8614718614718615,0.37743799814156126,0.3802584530553879,150
qualification_r2_w150_b1024,10,1,G3,0.0005,transformer,R2,G3__qualification_r2_w150_b1024__transformer__r2__w150__fold_1__seed_42,42,0.9056900345803206,0.2829518941954523,0.49737947827119805,0.858008658008658,0.3840412616342693,0.4051500846496034,150
qualification_r2_w150_b1024,11,1,G3,0.0005,transformer,R2,G3__qualification_r2_w150_b1024__transformer__r2__w150__fold_1__seed_42,42,0.9082049669915121,0.2770635371068033,0.5065865280485163,0.8571428571428571,0.39334743135161215,0.4065424089520475,150
qualification_r2_w150_b1024,12,1,G3,0.0005,transformer,R2,G3__qualification_r2_w150_b1024__transformer__r2__w150__fold_1__seed_42,42,0.90883370009431,0.27392188646777627,0.5081631881631882,0.8554112554112554,0.3998162608771097,0.4092060039740078,150
qualification_r2_w150_b1024,13,1,G3,0.0005,transformer,R2,G3__qualification_r2_w150_b1024__transformer__r2__w150__fold_1__seed_42,42,0.9075762338887142,0.2714476118350846,0.5071730970296351,0.8536796536796537,0.3990215607277759,0.41530710700987533,150
qualification_r2_w150_b1024,14,1,G3,0.0005,transformer,R2,G3__qualification_r2_w150_b1024__transformer__r2__w150__fold_1__seed_42,42,0.9078906004401132,0.2676259302813765,0.5087970804413566,0.8484848484848485,0.39836129889343724,0.40993415968989283,150
qualification_r2_w150_b1024,15,1,G3,0.0005,transformer,R2,G3__qualification_r2_w150_b1024__transformer__r2__w150__fold_1__seed_42,42,0.9075762338887142,0.26515819424636256,0.5092790784448652,0.8484848484848485,0.39876336457925443,0.40814948568959264,150
qualification_r2_w150_b1024,16,1,G3,0.0005,transformer,R2,G3__qualification_r2_w150_b1024__transformer__r2__w150__fold_1__seed_42,42,0.9082049669915121,0.2633623822666271,0.508306480640351,0.8519480519480519,0.40089975333575045,0.4068233239391894,150
qualification_r2_w150_b1024,17,1,G3,0.0005,transformer,R2,G3__qualification_r2_w150_b1024__transformer__r2__w150__fold_1__seed_42,42,0.908519333542911,0.26075684182001563,0.5065056199171658,0.8476190476190476,0.4056522247466174,0.40575630745563257,150
qualification_r2_w150_b1024,18,1,G3,0.00025,transformer,R2,G3__qualification_r2_w150_b1024__transformer__r2__w150__fold_1__seed_42,42,0.9082049669915121,0.2590020188686421,0.5078804987061868,0.8476190476190476,0.40796248475452523,0.40575630745563257,150
qualification_r2_w150_b1024,19,1,G3,0.00025,transformer,R2,G3__qualification_r2_w150_b1024__transformer__r2__w150__fold_1__seed_42,42,0.90883370009431,0.2580483085102572,0.5089641615162313,0.845021645021645,0.40968077057625824,0.4003548648211106,150
qualification_r2_w150_b1024,20,1,G3,0.00025,transformer,R2,G3__qualification_r2_w150_b1024__transformer__r2__w150__fold_1__seed_42,42,0.9091480666457089,0.2569484862703004,0.5095569876991813,0.8415584415584415,0.411362975242334,0.39048561110914065,150
qualification_r2_w150_b1024,21,1,G3,0.00025,transformer,R2,G3__qualification_r2_w150_b1024__transformer__r2__w150__fold_1__seed_42,42,0.9097767997485068,0.25591922535232237,0.5111076685843915,0.8398268398268398,0.41260197594826353,0.39138351950785166,150
qualification_r2_w150_b1024,22,1,G3,0.000125,transformer,R2,G3__qualification_r2_w150_b1024__transformer__r2__w150__fold_1__seed_42,42,0.9110342659541025,0.25497484982894375,0.512884115415761,0.8389610389610389,0.41355673982983543,0.3908563994749863,150
qualification_r2_w150_b1024,23,1,G3,0.000125,transformer,R2,G3__qualification_r2_w150_b1024__transformer__r2__w150__fold_1__seed_42,42,0.9091480666457089,0.2545982915925665,0.509920481003323,0.8389610389610389,0.41368100387709483,0.38891228343795897,150
qualification_r2_w150_b1024,24,1,G3,0.000125,transformer,R2,G3__qualification_r2_w150_b1024__transformer__r2__w150__fold_1__seed_42,42,0.9091480666457089,0.2543006713558615,0.5092659861326995,0.8398268398268398,0.4133391939458393,0.38338924273744174,150
qualification_r2_w150_b1024,25,1,G3,0.000125,transformer,R2,G3__qualification_r2_w150_b1024__transformer__r2__w150__fold_1__seed_42,42,0.9104055328513047,0.25385963387438354,0.5122380044266146,0.8389610389610389,0.41383426484865543,0.3849272267046353,150
qualification_r2_w150_b1024,26,1,G3,6.25e-05,transformer,R2,G3__qualification_r2_w150_b1024__transformer__r2__w150__fold_1__seed_42,42,0.9097767997485068,0.25323609116316514,0.5106903713098973,0.8380952380952381,0.4141298758132117,0.38839307107009874,150
qualification_r2_w150_b1024,27,1,G3,6.25e-05,transformer,R2,G3__qualification_r2_w150_b1024__transformer__r2__w150__fold_1__seed_42,42,0.9100911662999057,0.25202685264775077,0.5115748002566212,0.8389610389610389,0.4146985341847201,0.3908563994749863,150
qualification_r2_w150_b1024,28,1,G3,6.25e-05,transformer,R2,G3__qualification_r2_w150_b1024__transformer__r2__w150__fold_1__seed_42,42,0.9107198994027036,0.2525803467943323,0.5131033884993758,0.8363636363636363,0.41585981405916667,0.3911882001948368,150
qualification_r2_w150_b1024,1,2,G3,0.001,transformer,R2,G3__qualification_r2_w150_b1024__transformer__r2__w150__fold_2__seed_42,42,0.7536687631027253,0.75217176649972,0.3036010232438226,0.9258620689655173,0.4603534552557715,0.3205013428827216,150
qualification_r2_w150_b1024,2,2,G3,0.001,transformer,R2,G3__qualification_r2_w150_b1024__transformer__r2__w150__fold_2__seed_42,42,0.7809224318658281,0.604379961950474,0.29232882087502454,0.9258620689655173,0.36677214451904955,0.3205013428827216,150
qualification_r2_w150_b1024,3,2,G3,0.001,transformer,R2,G3__qualification_r2_w150_b1024__transformer__r2__w150__fold_2__seed_42,42,0.789308176100629,0.5562315979760315,0.29408318687756296,0.9258620689655173,0.35372903819741874,0.3205013428827216,150
qualification_r2_w150_b1024,4,2,G3,0.001,transformer,R2,G3__qualification_r2_w150_b1024__transformer__r2__w150__fold_2__seed_42,42,0.789308176100629,0.5145606190320248,0.29408318687756296,0.9258620689655173,0.3779404742964383,0.3205013428827216,150
qualification_r2_w150_b1024,5,2,G3,0.001,transformer,R2,G3__qualification_r2_w150_b1024__transformer__r2__w150__fold_2__seed_42,42,0.8092243186582809,0.4847623065249392,0.3825434104979579,0.8905172413793103,0.39313385979882604,0.3589825137556535,150
qualification_r2_w150_b1024,6,2,G3,0.001,transformer,R2,G3__qualification_r2_w150_b1024__transformer__r2__w150__fold_2__seed_42,42,0.8511530398322851,0.452674981183226,0.5117549255551136,0.8931034482758621,0.35114219969716565,0.36484328579916814,150
qualification_r2_w150_b1024,7,2,G3,0.001,transformer,R2,G3__qualification_r2_w150_b1024__transformer__r2__w150__fold_2__seed_42,42,0.8542976939203354,0.416280654907893,0.5163078494539168,0.8922413793103449,0.32522112090012123,0.3684796009385671,150
qualification_r2_w150_b1024,8,2,G3,0.001,transformer,R2,G3__qualification_r2_w150_b1024__transformer__r2__w150__fold_2__seed_42,42,0.8570929419986024,0.394906443432442,0.5210275587070116,0.8810344827586207,0.34300279350116336,0.3760604327518826,150
qualification_r2_w150_b1024,9,2,G3,0.001,transformer,R2,G3__qualification_r2_w150_b1024__transformer__r2__w150__fold_2__seed_42,42,0.860587002096436,0.3837369921364041,0.5294744090539694,0.871551724137931,0.3726192601795854,0.39101406887332124,150
qualification_r2_w150_b1024,10,2,G3,0.001,transformer,R2,G3__qualification_r2_w150_b1024__transformer__r2__w150__fold_2__seed_42,42,0.8616352201257862,0.37665496711377744,0.531826417293869,0.8689655172413793,0.371934352455468,0.38359788359788355,150
qualification_r2_w150_b1024,11,2,G3,0.001,transformer,R2,G3__qualification_r2_w150_b1024__transformer__r2__w150__fold_2__seed_42,42,0.8616352201257862,0.36676351679196145,0.5305851538123161,0.8689655172413793,0.3679657502421017,0.38359788359788355,150
qualification_r2_w150_b1024,12,2,G3,0.001,transformer,R2,G3__qualification_r2_w150_b1024__transformer__r2__w150__fold_2__seed_42,42,0.8689727463312369,0.3559990040202977,0.5390714223355372,0.871551724137931,0.36550040327269456,0.3853561584395362,150
qualification_r2_w150_b1024,13,2,G3,0.001,transformer,R2,G3__qualification_r2_w150_b1024__transformer__r2__w150__fold_2__seed_42,42,0.872816212438854,0.3469355477060495,0.5434598465696341,0.8568965517241379,0.37682456939384856,0.3811830788134105,150
qualification_r2_w150_b1024,14,2,G3,0.0005,transformer,R2,G3__qualification_r2_w150_b1024__transformer__r2__w150__fold_2__seed_42,42,0.8738644304682041,0.3401361211332552,0.573489292116743,0.8517241379310345,0.38278878259247745,0.38295482295482297,150
qualification_r2_w150_b1024,15,2,G3,0.0005,transformer,R2,G3__qualification_r2_w150_b1024__transformer__r2__w150__fold_2__seed_42,42,0.8717679944095038,0.3375991069087609,0.5713961778951564,0.8508620689655172,0.3819107321829631,0.3824149572250171,150
qualification_r2_w150_b1024,16,2,G3,0.0005,transformer,R2,G3__qualification_r2_w150_b1024__transformer__r2__w150__fold_2__seed_42,42,0.8714185883997205,0.33413636657343637,0.5803842570985369,0.8543103448275862,0.37898101827193953,0.384594984323595,150
qualification_r2_w150_b1024,17,2,G3,0.0005,transformer,R2,G3__qualification_r2_w150_b1024__transformer__r2__w150__fold_2__seed_42,42,0.8759608665269043,0.3312293016810587,0.5942887193666949,0.8568965517241379,0.3782890587017454,0.38626711674016406,150
qualification_r2_w150_b1024,18,2,G3,0.00025,transformer,R2,G3__qualification_r2_w150_b1024__transformer__r2__w150__fold_2__seed_42,42,0.8784067085953878,0.32698892251667155,0.6295593882414817,0.8551724137931035,0.3784341352766958,0.38514873630060387,150
qualification_r2_w150_b1024,19,2,G3,0.00025,transformer,R2,G3__qualification_r2_w150_b1024__transformer__r2__w150__fold_2__seed_42,42,0.8815513626834381,0.325080567873249,0.6620133101279936,0.8560344827586207,0.38158169532644337,0.39057392346716274,150
qualification_r2_w150_b1024,20,2,G3,0.00025,transformer,R2,G3__qualification_r2_w150_b1024__transformer__r2__w150__fold_2__seed_42,42,0.8836477987421384,0.3232079936773272,0.6993616776890201,0.8543103448275862,0.38242312453944105,0.38742685329377746,150
qualification_r2_w150_b1024,21,2,G3,0.00025,transformer,R2,G3__qualification_r2_w150_b1024__transformer__r2__w150__fold_2__seed_42,42,0.883298392732355,0.32128862760685106,0.6874763377667331,0.8543103448275862,0.3800299016566112,0.38742685329377746,150
qualification_r2_w150_b1024,22,2,G3,0.000125,transformer,R2,G3__qualification_r2_w150_b1024__transformer__r2__w150__fold_2__seed_42,42,0.8878406708595388,0.31969112059938415,0.7260814957029414,0.8543103448275862,0.3790394361676841,0.38822005083169236,150
qualification_r2_w150_b1024,23,2,G3,0.000125,transformer,R2,G3__qualification_r2_w150_b1024__transformer__r2__w150__fold_2__seed_42,42,0.8864430468204053,0.3193064767692907,0.6951320885817301,0.8543103448275862,0.3775042961383688,0.38575412462786934,150
qualification_r2_w150_b1024,24,2,G3,0.000125,transformer,R2,G3__qualification_r2_w150_b1024__transformer__r2__w150__fold_2__seed_42,42,0.8888888888888888,0.31764443632108524,0.7391373190264957,0.853448275862069,0.38111955132977715,0.38765001935733645,150
qualification_r2_w150_b1024,1,3,G3,0.001,transformer,R2,G3__qualification_r2_w150_b1024__transformer__r2__w150__fold_3__seed_42,42,0.7605029132168046,0.7300299556479795,0.3070114926803736,0.8613333333333333,0.5058465708096822,0.30850047755491883,150
qualification_r2_w150_b1024,2,3,G3,0.001,transformer,R2,G3__qualification_r2_w150_b1024__transformer__r2__w150__fold_3__seed_42,42,0.7770622508432996,0.5645053438415047,0.2915156744319816,0.8613333333333333,0.46325846359464856,0.30850047755491883,150
qualification_r2_w150_b1024,3,3,G3,0.001,transformer,R2,G3__qualification_r2_w150_b1024__transformer__r2__w150__fold_3__seed_42,42,0.7887151180619442,0.49848866257993624,0.29803354637540586,0.8551111111111112,0.4805290795564651,0.37348299983731903,150
qualification_r2_w150_b1024,4,3,G3,0.001,transformer,R2,G3__qualification_r2_w150_b1024__transformer__r2__w150__fold_3__seed_42,42,0.8659920269855872,0.4487905678793683,0.5145081865975007,0.8213333333333334,0.47831993238131204,0.396355361699872,150
qualification_r2_w150_b1024,5,3,G3,0.001,transformer,R2,G3__qualification_r2_w150_b1024__transformer__r2__w150__fold_3__seed_42,42,0.8902177246243483,0.3892315980463955,0.5569905750597911,0.8177777777777778,0.4756817759606573,0.39418169402992514,150
qualification_r2_w150_b1024,6,3,G3,0.001,transformer,R2,G3__qualification_r2_w150_b1024__transformer__r2__w150__fold_3__seed_42,42,0.8911376878258203,0.35433408829084534,0.5582963857479478,0.8008888888888889,0.5311058755848143,0.39072050017814247,150
qualification_r2_w150_b1024,7,3,G3,0.001,transformer,R2,G3__qualification_r2_w150_b1024__transformer__r2__w150__fold_3__seed_42,42,0.8929776142287642,0.34377878603669115,0.5611662199753696,0.7982222222222223,0.5600879178444544,0.3891922262072047,150
qualification_r2_w150_b1024,8,3,G3,0.001,transformer,R2,G3__qualification_r2_w150_b1024__transformer__r2__w150__fold_3__seed_42,42,0.8923643054277829,0.3370216187890488,0.5599631436247515,0.7955555555555556,0.5645255535244942,0.39217510996072985,150
qualification_r2_w150_b1024,9,3,G3,0.0005,transformer,R2,G3__qualification_r2_w150_b1024__transformer__r2__w150__fold_3__seed_42,42,0.8911376878258203,0.3282179193824246,0.5587410531345038,0.792,0.560874565862947,0.3915939298246766,150
qualification_r2_w150_b1024,10,3,G3,0.0005,transformer,R2,G3__qualification_r2_w150_b1024__transformer__r2__w150__fold_3__seed_42,42,0.8923643054277829,0.3218602500730261,0.5603187454680256,0.7964444444444444,0.5365403374267949,0.3881828278707104,150
qualification_r2_w150_b1024,11,3,G3,0.0005,transformer,R2,G3__qualification_r2_w150_b1024__transformer__r2__w150__fold_3__seed_42,42,0.896657467034652,0.31728199537419643,0.5642263800305756,0.7982222222222223,0.5221857908798588,0.38764311500773596,150
qualification_r2_w150_b1024,12,3,G3,0.0005,transformer,R2,G3__qualification_r2_w150_b1024__transformer__r2__w150__fold_3__seed_42,42,0.896657467034652,0.3133307972483677,0.5647234940527514,0.7902222222222223,0.533777533683512,0.39200686072914737,150
qualification_r2_w150_b1024,13,3,G3,0.00025,transformer,R2,G3__qualification_r2_w150_b1024__transformer__r2__w150__fold_3__seed_42,42,0.89573750383318,0.3103627870142076,0.5645645972014672,0.7902222222222223,0.5393031685252985,0.39479677410711894,150
qualification_r2_w150_b1024,14,3,G3,0.00025,transformer,R2,G3__qualification_r2_w150_b1024__transformer__r2__w150__fold_3__seed_42,42,0.8960441582336707,0.30910538052423203,0.5649167651038283,0.7902222222222223,0.5388154295517339,0.39479677410711894,150
qualification_r2_w150_b1024,15,3,G3,0.00025,transformer,R2,G3__qualification_r2_w150_b1024__transformer__r2__w150__fold_3__seed_42,42,0.8954308494326894,0.30697258373814396,0.564508219217116,0.7875555555555556,0.5362000054087904,0.38908383203137237,150
qualification_r2_w150_b1024,16,3,G3,0.00025,transformer,R2,G3__qualification_r2_w150_b1024__transformer__r2__w150__fold_3__seed_42,42,0.896657467034652,0.304913738358061,0.5658574181582327,0.792,0.5253702800340123,0.3871963015837014,150
qualification_r2_w150_b1024,17,3,G3,0.000125,transformer,R2,G3__qualification_r2_w150_b1024__transformer__r2__w150__fold_3__seed_42,42,0.9000306654400491,0.3030944000227032,0.5812504123974902,0.7991111111111111,0.5204350043369664,0.3896997395449408,150
qualification_r2_w150_b1024,18,3,G3,0.000125,transformer,R2,G3__qualification_r2_w150_b1024__transformer__r2__w150__fold_3__seed_42,42,0.9012572830420117,0.3022323374421419,0.5700169431648718,0.7955555555555556,0.5244813910490936,0.3891991106974821,150
qualification_r2_w150_b1024,19,3,G3,0.000125,transformer,R2,G3__qualification_r2_w150_b1024__transformer__r2__w150__fold_3__seed_42,42,0.9012572830420117,0.3012921967706736,0.582452706778431,0.7928888888888889,0.5315174424416489,0.389182733889532,150
qualification_r2_w150_b1024,1,4,G3,0.001,transformer,R2,G3__qualification_r2_w150_b1024__transformer__r2__w150__fold_4__seed_42,42,0.8256855824056476,0.7437342772204171,0.4398595832612031,0.9067873303167421,0.48745183577904333,0.3170384432842905,150
qualification_r2_w150_b1024,2,4,G3,0.001,transformer,R2,G3__qualification_r2_w150_b1024__transformer__r2__w150__fold_4__seed_42,42,0.8161824599511268,0.5315172095160234,0.37442096491105553,0.9058823529411765,0.3815533533759786,0.3168724279835391,150
qualification_r2_w150_b1024,3,4,G3,0.001,transformer,R2,G3__qualification_r2_w150_b1024__transformer__r2__w150__fold_4__seed_42,42,0.8197121911485202,0.47383613746482783,0.38982748515658844,0.8941176470588236,0.37281035721571737,0.3146997929606625,150
qualification_r2_w150_b1024,4,4,G3,0.001,transformer,R2,G3__qualification_r2_w150_b1024__transformer__r2__w150__fold_4__seed_42,42,0.8322020092316047,0.42948560324046653,0.4334215405724422,0.8760180995475113,0.4078553629946385,0.3570664740693463,150
qualification_r2_w150_b1024,5,4,G3,0.001,transformer,R2,G3__qualification_r2_w150_b1024__transformer__r2__w150__fold_4__seed_42,42,0.8612544121639968,0.39746443639622414,0.5053446163591236,0.8769230769230769,0.4093622953104218,0.4120146846145289,150
qualification_r2_w150_b1024,6,4,G3,0.001,transformer,R2,G3__qualification_r2_w150_b1024__transformer__r2__w150__fold_4__seed_42,42,0.8797176215042085,0.3622711465842951,0.5402836309541773,0.8823529411764706,0.4004721797969007,0.4422941059461832,150
qualification_r2_w150_b1024,7,4,G3,0.001,transformer,R2,G3__qualification_r2_w150_b1024__transformer__r2__w150__fold_4__seed_42,42,0.8881346728210697,0.343023163256618,0.5528643043104547,0.860633484162896,0.42664797711965724,0.43300679787455104,150
qualification_r2_w150_b1024,8,4,G3,0.001,transformer,R2,G3__qualification_r2_w150_b1024__transformer__r2__w150__fold_4__seed_42,42,0.894379581862612,0.3308361320838053,0.5623644990150348,0.8389140271493213,0.4577299231182936,0.4232303987721944,150
qualification_r2_w150_b1024,9,4,G3,0.001,transformer,R2,G3__qualification_r2_w150_b1024__transformer__r2__w150__fold_4__seed_42,42,0.8957371707846864,0.3183192393959718,0.5642951674154076,0.8497737556561086,0.42591950387706584,0.42796617279393256,150
qualification_r2_w150_b1024,10,4,G3,0.001,transformer,R2,G3__qualification_r2_w150_b1024__transformer__r2__w150__fold_4__seed_42,42,0.8941080640781971,0.3054691652564811,0.5610798252995935,0.8470588235294118,0.41432515810248,0.42591674154435494,150
qualification_r2_w150_b1024,11,4,G3,0.0005,transformer,R2,G3__qualification_r2_w150_b1024__transformer__r2__w150__fold_4__seed_42,42,0.8968232419223459,0.2991631535725719,0.5640267043192269,0.8407239819004525,0.42357775697071626,0.421265243079183,150
qualification_r2_w150_b1024,12,4,G3,0.0005,transformer,R2,G3__qualification_r2_w150_b1024__transformer__r2__w150__fold_4__seed_42,42,0.8992669019820798,0.2958809604244714,0.5671494890572376,0.8343891402714932,0.42786169302949,0.4167838641340145,150
qualification_r2_w150_b1024,13,4,G3,0.0005,transformer,R2,G3__qualification_r2_w150_b1024__transformer__r2__w150__fold_4__seed_42,42,0.9014390442573988,0.29226303189596403,0.5696090097480635,0.8343891402714932,0.4326714153473194,0.4184120808402354,150
qualification_r2_w150_b1024,14,4,G3,0.0005,transformer,R2,G3__qualification_r2_w150_b1024__transformer__r2__w150__fold_4__seed_42,42,0.9019820798262286,0.288796303981418,0.5706624261867331,0.8343891402714932,0.4385164285677051,0.4184120808402354,150
qualification_r2_w150_b1024,15,4,G3,0.00025,transformer,R2,G3__qualification_r2_w150_b1024__transformer__r2__w150__fold_4__seed_42,42,0.903339668748303,0.2858434348141341,0.5718967406302078,0.8334841628959276,0.43991983706864835,0.41938178780284047,150
qualification_r2_w150_b1024,16,4,G3,0.00025,transformer,R2,G3__qualification_r2_w150_b1024__transformer__r2__w150__fold_4__seed_42,42,0.9027966331794732,0.28458734329647256,0.5711052436378035,0.8361990950226245,0.4389500955246153,0.42129146566320497,150
qualification_r2_w150_b1024,17,4,G3,0.00025,transformer,R2,G3__qualification_r2_w150_b1024__transformer__r2__w150__fold_4__seed_42,42,0.9041542221015476,0.28280564678158737,0.5725484379602293,0.8352941176470589,0.44019155374209806,0.42065170839731336,150
qualification_r2_w150_b1024,18,4,G3,0.00025,transformer,R2,G3__qualification_r2_w150_b1024__transformer__r2__w150__fold_4__seed_42,42,0.9044257398859625,0.2815634934937148,0.5730957888632078,0.8343891402714932,0.44169615280574265,0.4184120808402354,150
qualification_r2_w150_b1024,19,4,G3,0.000125,transformer,R2,G3__qualification_r2_w150_b1024__transformer__r2__w150__fold_4__seed_42,42,0.9041542221015476,0.2801552132892764,0.5729826410922189,0.8343891402714932,0.4440442107381864,0.4184120808402354,150
qualification_r2_w150_b1024,20,4,G3,0.000125,transformer,R2,G3__qualification_r2_w150_b1024__transformer__r2__w150__fold_4__seed_42,42,0.9044257398859625,0.27861279183647214,0.5732971270910899,0.8343891402714932,0.4453836149759422,0.4184120808402354,150
qualification_r2_w150_b1024,21,4,G3,0.000125,transformer,R2,G3__qualification_r2_w150_b1024__transformer__r2__w150__fold_4__seed_42,42,0.9046972576703775,0.27792231884625435,0.573539582047546,0.8343891402714932,0.4437444220570957,0.4184120808402354,150
