ablation,candidate_id,fingerprint,fold,model,parameters,selected_best,train_seconds,validation_balanced_accuracy,validation_macro_f1
facial_only,b785e498e470,22557198bb82e52567d7d8b5c27dbb58d1f51966b9e15e7c5eee66736912ed1e,1,svm,"{""C"": 0.1, ""class_weight"": ""balanced"", ""kernel"": ""linear""}",False,0.3230909999983851,0.6346640855187864,0.4113010781196437
facial_only,34c97e51572e,22557198bb82e52567d7d8b5c27dbb58d1f51966b9e15e7c5eee66736912ed1e,1,svm,"{""C"": 1.0, ""class_weight"": ""balanced"", ""kernel"": ""linear""}",False,0.44449600000007194,0.6497978912508827,0.41874890341973076
facial_only,c8da45025ca6,22557198bb82e52567d7d8b5c27dbb58d1f51966b9e15e7c5eee66736912ed1e,1,svm,"{""C"": 10.0, ""class_weight"": ""balanced"", ""kernel"": ""linear""}",True,1.9350732000002608,0.6541566221053401,0.42164633051846434
facial_only,3f2d5a9c37df,22557198bb82e52567d7d8b5c27dbb58d1f51966b9e15e7c5eee66736912ed1e,1,svm,"{""C"": 0.1, ""class_weight"": ""balanced"", ""gamma"": ""scale"", ""kernel"": ""rbf""}",False,0.5680717999985063,0.5456449217132978,0.3984699659360524
facial_only,a8f39ccb1454,22557198bb82e52567d7d8b5c27dbb58d1f51966b9e15e7c5eee66736912ed1e,1,svm,"{""C"": 0.1, ""class_weight"": ""balanced"", ""gamma"": 0.1, ""kernel"": ""rbf""}",False,0.5664729000000079,0.5456449217132978,0.3984699659360524
facial_only,9384a3bb8ca8,22557198bb82e52567d7d8b5c27dbb58d1f51966b9e15e7c5eee66736912ed1e,1,svm,"{""C"": 1.0, ""class_weight"": ""balanced"", ""gamma"": ""scale"", ""kernel"": ""rbf""}",False,0.4288906000001589,0.5818418681666545,0.4201193350131949
facial_only,4f4f2e972d2b,22557198bb82e52567d7d8b5c27dbb58d1f51966b9e15e7c5eee66736912ed1e,1,svm,"{""C"": 1.0, ""class_weight"": ""balanced"", ""gamma"": 0.1, ""kernel"": ""rbf""}",False,0.46552540000084264,0.5818418681666545,0.4201193350131949
facial_only,47b8cdda5535,22557198bb82e52567d7d8b5c27dbb58d1f51966b9e15e7c5eee66736912ed1e,1,svm,"{""C"": 10.0, ""class_weight"": ""balanced"", ""gamma"": ""scale"", ""kernel"": ""rbf""}",False,0.3660101000004943,0.40797964302237805,0.3997698656611231
facial_only,8b5eb616ca11,22557198bb82e52567d7d8b5c27dbb58d1f51966b9e15e7c5eee66736912ed1e,1,svm,"{""C"": 10.0, ""class_weight"": ""balanced"", ""gamma"": 0.1, ""kernel"": ""rbf""}",False,0.38298240000040096,0.40797964302237805,0.3997698656611231
facial_only,1f3f5b7a1f13,22557198bb82e52567d7d8b5c27dbb58d1f51966b9e15e7c5eee66736912ed1e,1,random_forest,"{""class_weight"": ""balanced_subsample"", ""max_depth"": null, ""max_features"": ""sqrt"", ""min_samples_leaf"": 1, ""n_estimators"": 200, ""n_jobs"": -1}",False,0.8214815000010276,0.40677429566318457,0.41938304722351544
facial_only,cfdf5414a6fe,22557198bb82e52567d7d8b5c27dbb58d1f51966b9e15e7c5eee66736912ed1e,1,random_forest,"{""class_weight"": ""balanced_subsample"", ""max_depth"": null, ""max_features"": 0.8, ""min_samples_leaf"": 1, ""n_estimators"": 200, ""n_jobs"": -1}",False,0.9887472000009438,0.4150899749190347,0.4268199493055791
facial_only,8fb923e5d748,22557198bb82e52567d7d8b5c27dbb58d1f51966b9e15e7c5eee66736912ed1e,1,random_forest,"{""class_weight"": ""balanced_subsample"", ""max_depth"": null, ""max_features"": ""sqrt"", ""min_samples_leaf"": 3, ""n_estimators"": 200, ""n_jobs"": -1}",False,0.828737199999523,0.4281052913531546,0.4330665841270251
facial_only,d5eb4fec9dc7,22557198bb82e52567d7d8b5c27dbb58d1f51966b9e15e7c5eee66736912ed1e,1,random_forest,"{""class_weight"": ""balanced_subsample"", ""max_depth"": null, ""max_features"": 0.8, ""min_samples_leaf"": 3, ""n_estimators"": 200, ""n_jobs"": -1}",False,0.8950471999996807,0.42991940000487006,0.4330572863264716
facial_only,30545db26cd1,22557198bb82e52567d7d8b5c27dbb58d1f51966b9e15e7c5eee66736912ed1e,1,random_forest,"{""class_weight"": ""balanced_subsample"", ""max_depth"": 8, ""max_features"": ""sqrt"", ""min_samples_leaf"": 1, ""n_estimators"": 200, ""n_jobs"": -1}",False,0.8434480000014446,0.42697299534906374,0.42132392448016187
facial_only,8ccc1d4ec9ea,22557198bb82e52567d7d8b5c27dbb58d1f51966b9e15e7c5eee66736912ed1e,1,random_forest,"{""class_weight"": ""balanced_subsample"", ""max_depth"": 8, ""max_features"": 0.8, ""min_samples_leaf"": 1, ""n_estimators"": 200, ""n_jobs"": -1}",False,0.8523998000000574,0.4175980714442253,0.42026859954910184
facial_only,869b859ae6d2,22557198bb82e52567d7d8b5c27dbb58d1f51966b9e15e7c5eee66736912ed1e,1,random_forest,"{""class_weight"": ""balanced_subsample"", ""max_depth"": 8, ""max_features"": ""sqrt"", ""min_samples_leaf"": 3, ""n_estimators"": 200, ""n_jobs"": -1}",False,0.7533841999993456,0.4258285241191224,0.41715115740483416
facial_only,ecbb6cbc4135,22557198bb82e52567d7d8b5c27dbb58d1f51966b9e15e7c5eee66736912ed1e,1,random_forest,"{""class_weight"": ""balanced_subsample"", ""max_depth"": 8, ""max_features"": 0.8, ""min_samples_leaf"": 3, ""n_estimators"": 200, ""n_jobs"": -1}",False,0.886200099999769,0.41488299607957724,0.4191680766845567
facial_only,32a1f06b6265,22557198bb82e52567d7d8b5c27dbb58d1f51966b9e15e7c5eee66736912ed1e,1,random_forest,"{""class_weight"": ""balanced_subsample"", ""max_depth"": 16, ""max_features"": ""sqrt"", ""min_samples_leaf"": 1, ""n_estimators"": 200, ""n_jobs"": -1}",False,0.7860041000003548,0.41500474833808165,0.4284092925139317
facial_only,f8a448b569de,22557198bb82e52567d7d8b5c27dbb58d1f51966b9e15e7c5eee66736912ed1e,1,random_forest,"{""class_weight"": ""balanced_subsample"", ""max_depth"": 16, ""max_features"": 0.8, ""min_samples_leaf"": 1, ""n_estimators"": 200, ""n_jobs"": -1}",False,0.8821547000006831,0.41994789003336014,0.4311888111888112
facial_only,3de1e394426b,22557198bb82e52567d7d8b5c27dbb58d1f51966b9e15e7c5eee66736912ed1e,1,random_forest,"{""class_weight"": ""balanced_subsample"", ""max_depth"": 16, ""max_features"": ""sqrt"", ""min_samples_leaf"": 3, ""n_estimators"": 200, ""n_jobs"": -1}",False,0.7665577999996458,0.4309055932987557,0.4344434862012987
facial_only,7ba850d0cd37,22557198bb82e52567d7d8b5c27dbb58d1f51966b9e15e7c5eee66736912ed1e,1,random_forest,"{""class_weight"": ""balanced_subsample"", ""max_depth"": 16, ""max_features"": 0.8, ""min_samples_leaf"": 3, ""n_estimators"": 200, ""n_jobs"": -1}",False,0.904302099999768,0.42991940000487006,0.4330572863264716
facial_only,4ef548874658,22557198bb82e52567d7d8b5c27dbb58d1f51966b9e15e7c5eee66736912ed1e,1,random_forest,"{""class_weight"": ""balanced_subsample"", ""max_depth"": null, ""max_features"": ""sqrt"", ""min_samples_leaf"": 1, ""n_estimators"": 500, ""n_jobs"": -1}",False,1.9661276999995607,0.40850317773394695,0.42104619299275786
facial_only,345dfc61311f,22557198bb82e52567d7d8b5c27dbb58d1f51966b9e15e7c5eee66736912ed1e,1,random_forest,"{""class_weight"": ""balanced_subsample"", ""max_depth"": null, ""max_features"": 0.8, ""min_samples_leaf"": 1, ""n_estimators"": 500, ""n_jobs"": -1}",False,2.2075684999999794,0.4085884043149,0.4200592433693136
facial_only,86c07b9f0b9c,22557198bb82e52567d7d8b5c27dbb58d1f51966b9e15e7c5eee66736912ed1e,1,random_forest,"{""class_weight"": ""balanced_subsample"", ""max_depth"": null, ""max_features"": ""sqrt"", ""min_samples_leaf"": 3, ""n_estimators"": 500, ""n_jobs"": -1}",True,1.9147953000010602,0.4301629045218789,0.4349844628885684
facial_only,54cd49168558,22557198bb82e52567d7d8b5c27dbb58d1f51966b9e15e7c5eee66736912ed1e,1,random_forest,"{""class_weight"": ""balanced_subsample"", ""max_depth"": null, ""max_features"": 0.8, ""min_samples_leaf"": 3, ""n_estimators"": 500, ""n_jobs"": -1}",False,2.1288437000002887,0.4278617868361458,0.43117678507593943
facial_only,7630867af438,22557198bb82e52567d7d8b5c27dbb58d1f51966b9e15e7c5eee66736912ed1e,1,random_forest,"{""class_weight"": ""balanced_subsample"", ""max_depth"": 8, ""max_features"": ""sqrt"", ""min_samples_leaf"": 1, ""n_estimators"": 500, ""n_jobs"": -1}",False,1.9037617000012688,0.4218715757177296,0.4187615028898916
facial_only,4643bba06fbb,22557198bb82e52567d7d8b5c27dbb58d1f51966b9e15e7c5eee66736912ed1e,1,random_forest,"{""class_weight"": ""balanced_subsample"", ""max_depth"": 8, ""max_features"": 0.8, ""min_samples_leaf"": 1, ""n_estimators"": 500, ""n_jobs"": -1}",False,2.114060600000812,0.41249665181289114,0.4177957357947349
facial_only,41e55919bdbe,22557198bb82e52567d7d8b5c27dbb58d1f51966b9e15e7c5eee66736912ed1e,1,random_forest,"{""class_weight"": ""balanced_subsample"", ""max_depth"": 8, ""max_features"": ""sqrt"", ""min_samples_leaf"": 3, ""n_estimators"": 500, ""n_jobs"": -1}",False,1.8492819999992207,0.42484233082523676,0.4169293710213489
facial_only,0f6d2ddde298,22557198bb82e52567d7d8b5c27dbb58d1f51966b9e15e7c5eee66736912ed1e,1,random_forest,"{""class_weight"": ""balanced_subsample"", ""max_depth"": 8, ""max_features"": 0.8, ""min_samples_leaf"": 3, ""n_estimators"": 500, ""n_jobs"": -1}",False,2.1192932999983896,0.4138968027856917,0.4184555550957199
facial_only,862912140178,22557198bb82e52567d7d8b5c27dbb58d1f51966b9e15e7c5eee66736912ed1e,1,random_forest,"{""class_weight"": ""balanced_subsample"", ""max_depth"": 16, ""max_features"": ""sqrt"", ""min_samples_leaf"": 1, ""n_estimators"": 500, ""n_jobs"": -1}",False,1.9100032999995165,0.41434728614215793,0.42713946346833537
facial_only,b488d33d0ae3,22557198bb82e52567d7d8b5c27dbb58d1f51966b9e15e7c5eee66736912ed1e,1,random_forest,"{""class_weight"": ""balanced_subsample"", ""max_depth"": 16, ""max_features"": 0.8, ""min_samples_leaf"": 1, ""n_estimators"": 500, ""n_jobs"": -1}",False,2.0813975000000937,0.40965982418973873,0.4204458655297984
facial_only,e0c6471ac708,22557198bb82e52567d7d8b5c27dbb58d1f51966b9e15e7c5eee66736912ed1e,1,random_forest,"{""class_weight"": ""balanced_subsample"", ""max_depth"": 16, ""max_features"": ""sqrt"", ""min_samples_leaf"": 3, ""n_estimators"": 500, ""n_jobs"": -1}",False,1.8887824999983422,0.42571894708646846,0.4305345086634382
facial_only,3e79b57ef9ff,22557198bb82e52567d7d8b5c27dbb58d1f51966b9e15e7c5eee66736912ed1e,1,random_forest,"{""class_weight"": ""balanced_subsample"", ""max_depth"": 16, ""max_features"": 0.8, ""min_samples_leaf"": 3, ""n_estimators"": 500, ""n_jobs"": -1}",False,2.0789747000017087,0.4268755935422602,0.4293961871054382
facial_only,52c4e858654b,22557198bb82e52567d7d8b5c27dbb58d1f51966b9e15e7c5eee66736912ed1e,1,xgboost,"{""colsample_bytree"": 0.8, ""early_stopping_rounds"": 30, ""eval_metric"": ""mlogloss"", ""learning_rate"": 0.03, ""max_depth"": 3, ""min_child_weight"": 1, ""n_estimators"": 300, ""n_jobs"": -1, ""objective"": ""multi:softprob"", ""subsample"": 0.8, ""tree_method"": ""hist""}",False,3.016835999998875,0.41131565490539845,0.3876588998046488
facial_only,e6044ea7216f,22557198bb82e52567d7d8b5c27dbb58d1f51966b9e15e7c5eee66736912ed1e,1,xgboost,"{""colsample_bytree"": 0.8, ""early_stopping_rounds"": 30, ""eval_metric"": ""mlogloss"", ""learning_rate"": 0.03, ""max_depth"": 3, ""min_child_weight"": 5, ""n_estimators"": 300, ""n_jobs"": -1, ""objective"": ""multi:softprob"", ""subsample"": 0.8, ""tree_method"": ""hist""}",False,2.690069599999333,0.4061411839189617,0.3839520024378709
facial_only,2ac28921e2fc,22557198bb82e52567d7d8b5c27dbb58d1f51966b9e15e7c5eee66736912ed1e,1,xgboost,"{""colsample_bytree"": 1.0, ""early_stopping_rounds"": 30, ""eval_metric"": ""mlogloss"", ""learning_rate"": 0.03, ""max_depth"": 3, ""min_child_weight"": 1, ""n_estimators"": 300, ""n_jobs"": -1, ""objective"": ""multi:softprob"", ""subsample"": 0.8, ""tree_method"": ""hist""}",False,2.6167638000006264,0.41551610782380016,0.38942346233922903
facial_only,7e5e4a0a8210,22557198bb82e52567d7d8b5c27dbb58d1f51966b9e15e7c5eee66736912ed1e,1,xgboost,"{""colsample_bytree"": 1.0, ""early_stopping_rounds"": 30, ""eval_metric"": ""mlogloss"", ""learning_rate"": 0.03, ""max_depth"": 3, ""min_child_weight"": 5, ""n_estimators"": 300, ""n_jobs"": -1, ""objective"": ""multi:softprob"", ""subsample"": 0.8, ""tree_method"": ""hist""}",False,0.8466881999993348,0.36418535563834703,0.37941842348702465
facial_only,61d28dd004ab,22557198bb82e52567d7d8b5c27dbb58d1f51966b9e15e7c5eee66736912ed1e,1,xgboost,"{""colsample_bytree"": 0.8, ""early_stopping_rounds"": 30, ""eval_metric"": ""mlogloss"", ""learning_rate"": 0.1, ""max_depth"": 3, ""min_child_weight"": 1, ""n_estimators"": 300, ""n_jobs"": -1, ""objective"": ""multi:softprob"", ""subsample"": 0.8, ""tree_method"": ""hist""}",False,2.7943791999987297,0.4288114544524801,0.40904078458009957
facial_only,273e82f898a0,22557198bb82e52567d7d8b5c27dbb58d1f51966b9e15e7c5eee66736912ed1e,1,xgboost,"{""colsample_bytree"": 0.8, ""early_stopping_rounds"": 30, ""eval_metric"": ""mlogloss"", ""learning_rate"": 0.1, ""max_depth"": 3, ""min_child_weight"": 5, ""n_estimators"": 300, ""n_jobs"": -1, ""objective"": ""multi:softprob"", ""subsample"": 0.8, ""tree_method"": ""hist""}",False,3.062814900000376,0.42478145469598455,0.4052147001159323
facial_only,5019e0e4e655,22557198bb82e52567d7d8b5c27dbb58d1f51966b9e15e7c5eee66736912ed1e,1,xgboost,"{""colsample_bytree"": 1.0, ""early_stopping_rounds"": 30, ""eval_metric"": ""mlogloss"", ""learning_rate"": 0.1, ""max_depth"": 3, ""min_child_weight"": 1, ""n_estimators"": 300, ""n_jobs"": -1, ""objective"": ""multi:softprob"", ""subsample"": 0.8, ""tree_method"": ""hist""}",False,2.648206099998788,0.42609637908783204,0.4071709332795807
facial_only,281f0bd12afc,22557198bb82e52567d7d8b5c27dbb58d1f51966b9e15e7c5eee66736912ed1e,1,xgboost,"{""colsample_bytree"": 1.0, ""early_stopping_rounds"": 30, ""eval_metric"": ""mlogloss"", ""learning_rate"": 0.1, ""max_depth"": 3, ""min_child_weight"": 5, ""n_estimators"": 300, ""n_jobs"": -1, ""objective"": ""multi:softprob"", ""subsample"": 0.8, ""tree_method"": ""hist""}",False,2.6614217000005738,0.41993571480750963,0.3973502944139698
facial_only,a4ed4de96c0f,22557198bb82e52567d7d8b5c27dbb58d1f51966b9e15e7c5eee66736912ed1e,1,xgboost,"{""colsample_bytree"": 0.8, ""early_stopping_rounds"": 30, ""eval_metric"": ""mlogloss"", ""learning_rate"": 0.03, ""max_depth"": 5, ""min_child_weight"": 1, ""n_estimators"": 300, ""n_jobs"": -1, ""objective"": ""multi:softprob"", ""subsample"": 0.8, ""tree_method"": ""hist""}",False,4.016616299999441,0.4266686147028027,0.40947562576942365
facial_only,578259f2bd22,22557198bb82e52567d7d8b5c27dbb58d1f51966b9e15e7c5eee66736912ed1e,1,xgboost,"{""colsample_bytree"": 0.8, ""early_stopping_rounds"": 30, ""eval_metric"": ""mlogloss"", ""learning_rate"": 0.03, ""max_depth"": 5, ""min_child_weight"": 5, ""n_estimators"": 300, ""n_jobs"": -1, ""objective"": ""multi:softprob"", ""subsample"": 0.8, ""tree_method"": ""hist""}",False,3.996183299999757,0.42388048798305206,0.4049078729068198
facial_only,664714dfeb71,22557198bb82e52567d7d8b5c27dbb58d1f51966b9e15e7c5eee66736912ed1e,1,xgboost,"{""colsample_bytree"": 1.0, ""early_stopping_rounds"": 30, ""eval_metric"": ""mlogloss"", ""learning_rate"": 0.03, ""max_depth"": 5, ""min_child_weight"": 1, ""n_estimators"": 300, ""n_jobs"": -1, ""objective"": ""multi:softprob"", ""subsample"": 0.8, ""tree_method"": ""hist""}",False,3.8439300999998522,0.4266686147028027,0.41039042420048166
facial_only,29b0784d382b,22557198bb82e52567d7d8b5c27dbb58d1f51966b9e15e7c5eee66736912ed1e,1,xgboost,"{""colsample_bytree"": 1.0, ""early_stopping_rounds"": 30, ""eval_metric"": ""mlogloss"", ""learning_rate"": 0.03, ""max_depth"": 5, ""min_child_weight"": 5, ""n_estimators"": 300, ""n_jobs"": -1, ""objective"": ""multi:softprob"", ""subsample"": 0.8, ""tree_method"": ""hist""}",False,3.773841400001402,0.4222368324932428,0.402193814480679
facial_only,9ff407e47a79,22557198bb82e52567d7d8b5c27dbb58d1f51966b9e15e7c5eee66736912ed1e,1,xgboost,"{""colsample_bytree"": 0.8, ""early_stopping_rounds"": 30, ""eval_metric"": ""mlogloss"", ""learning_rate"": 0.1, ""max_depth"": 5, ""min_child_weight"": 1, ""n_estimators"": 300, ""n_jobs"": -1, ""objective"": ""multi:softprob"", ""subsample"": 0.8, ""tree_method"": ""hist""}",True,2.310432899999796,0.4296150193586091,0.42094252009778677
facial_only,1640bb5d0aaa,22557198bb82e52567d7d8b5c27dbb58d1f51966b9e15e7c5eee66736912ed1e,1,xgboost,"{""colsample_bytree"": 0.8, ""early_stopping_rounds"": 30, ""eval_metric"": ""mlogloss"", ""learning_rate"": 0.1, ""max_depth"": 5, ""min_child_weight"": 5, ""n_estimators"": 300, ""n_jobs"": -1, ""objective"": ""multi:softprob"", ""subsample"": 0.8, ""tree_method"": ""hist""}",False,2.403762400001142,0.4274843548347822,0.4151248794082967
facial_only,3c0353feee8d,22557198bb82e52567d7d8b5c27dbb58d1f51966b9e15e7c5eee66736912ed1e,1,xgboost,"{""colsample_bytree"": 1.0, ""early_stopping_rounds"": 30, ""eval_metric"": ""mlogloss"", ""learning_rate"": 0.1, ""max_depth"": 5, ""min_child_weight"": 1, ""n_estimators"": 300, ""n_jobs"": -1, ""objective"": ""multi:softprob"", ""subsample"": 0.8, ""tree_method"": ""hist""}",False,1.959971399999631,0.42937151484160035,0.4189736294999453
facial_only,76a0a842fdc6,22557198bb82e52567d7d8b5c27dbb58d1f51966b9e15e7c5eee66736912ed1e,1,xgboost,"{""colsample_bytree"": 1.0, ""early_stopping_rounds"": 30, ""eval_metric"": ""mlogloss"", ""learning_rate"": 0.1, ""max_depth"": 5, ""min_child_weight"": 5, ""n_estimators"": 300, ""n_jobs"": -1, ""objective"": ""multi:softprob"", ""subsample"": 0.8, ""tree_method"": ""hist""}",False,2.2605139999996027,0.4288845058075827,0.4156544346701498
facial_only,fd8e21cae0de,22557198bb82e52567d7d8b5c27dbb58d1f51966b9e15e7c5eee66736912ed1e,1,xgboost,"{""colsample_bytree"": 0.8, ""early_stopping_rounds"": 30, ""eval_metric"": ""mlogloss"", ""learning_rate"": 0.03, ""max_depth"": 3, ""min_child_weight"": 1, ""n_estimators"": 600, ""n_jobs"": -1, ""objective"": ""multi:softprob"", ""subsample"": 0.8, ""tree_method"": ""hist""}",False,6.078520300001401,0.4226507901721577,0.4004040256531951
facial_only,3e267305ecbb,22557198bb82e52567d7d8b5c27dbb58d1f51966b9e15e7c5eee66736912ed1e,1,xgboost,"{""colsample_bytree"": 0.8, ""early_stopping_rounds"": 30, ""eval_metric"": ""mlogloss"", ""learning_rate"": 0.03, ""max_depth"": 3, ""min_child_weight"": 5, ""n_estimators"": 600, ""n_jobs"": -1, ""objective"": ""multi:softprob"", ""subsample"": 0.8, ""tree_method"": ""hist""}",False,6.312245899998743,0.4176345971217766,0.3952884629291269
facial_only,5ea046f1e5ea,22557198bb82e52567d7d8b5c27dbb58d1f51966b9e15e7c5eee66736912ed1e,1,xgboost,"{""colsample_bytree"": 1.0, ""early_stopping_rounds"": 30, ""eval_metric"": ""mlogloss"", ""learning_rate"": 0.03, ""max_depth"": 3, ""min_child_weight"": 1, ""n_estimators"": 600, ""n_jobs"": -1, ""objective"": ""multi:softprob"", ""subsample"": 0.8, ""tree_method"": ""hist""}",False,5.516913999999815,0.4202644459054716,0.3985047805645812
facial_only,233f3e858cb0,22557198bb82e52567d7d8b5c27dbb58d1f51966b9e15e7c5eee66736912ed1e,1,xgboost,"{""colsample_bytree"": 1.0, ""early_stopping_rounds"": 30, ""eval_metric"": ""mlogloss"", ""learning_rate"": 0.03, ""max_depth"": 3, ""min_child_weight"": 5, ""n_estimators"": 600, ""n_jobs"": -1, ""objective"": ""multi:softprob"", ""subsample"": 0.8, ""tree_method"": ""hist""}",False,0.9214173999989725,0.36418535563834703,0.37941842348702465
facial_only,89af4ef4dc00,22557198bb82e52567d7d8b5c27dbb58d1f51966b9e15e7c5eee66736912ed1e,1,xgboost,"{""colsample_bytree"": 0.8, ""early_stopping_rounds"": 30, ""eval_metric"": ""mlogloss"", ""learning_rate"": 0.1, ""max_depth"": 3, ""min_child_weight"": 1, ""n_estimators"": 600, ""n_jobs"": -1, ""objective"": ""multi:softprob"", ""subsample"": 0.8, ""tree_method"": ""hist""}",False,2.969000600000072,0.4288114544524801,0.40904078458009957
facial_only,850288ac9397,22557198bb82e52567d7d8b5c27dbb58d1f51966b9e15e7c5eee66736912ed1e,1,xgboost,"{""colsample_bytree"": 0.8, ""early_stopping_rounds"": 30, ""eval_metric"": ""mlogloss"", ""learning_rate"": 0.1, ""max_depth"": 3, ""min_child_weight"": 5, ""n_estimators"": 600, ""n_jobs"": -1, ""objective"": ""multi:softprob"", ""subsample"": 0.8, ""tree_method"": ""hist""}",False,3.3597317000003386,0.42478145469598455,0.4052147001159323
facial_only,8023133bca76,22557198bb82e52567d7d8b5c27dbb58d1f51966b9e15e7c5eee66736912ed1e,1,xgboost,"{""colsample_bytree"": 1.0, ""early_stopping_rounds"": 30, ""eval_metric"": ""mlogloss"", ""learning_rate"": 0.1, ""max_depth"": 3, ""min_child_weight"": 1, ""n_estimators"": 600, ""n_jobs"": -1, ""objective"": ""multi:softprob"", ""subsample"": 0.8, ""tree_method"": ""hist""}",False,2.645077699999092,0.42609637908783204,0.4071709332795807
facial_only,2a9e450625ff,22557198bb82e52567d7d8b5c27dbb58d1f51966b9e15e7c5eee66736912ed1e,1,xgboost,"{""colsample_bytree"": 1.0, ""early_stopping_rounds"": 30, ""eval_metric"": ""mlogloss"", ""learning_rate"": 0.1, ""max_depth"": 3, ""min_child_weight"": 5, ""n_estimators"": 600, ""n_jobs"": -1, ""objective"": ""multi:softprob"", ""subsample"": 0.8, ""tree_method"": ""hist""}",False,2.74719659999937,0.41993571480750963,0.3973502944139698
facial_only,b77fc0c4cd81,22557198bb82e52567d7d8b5c27dbb58d1f51966b9e15e7c5eee66736912ed1e,1,xgboost,"{""colsample_bytree"": 0.8, ""early_stopping_rounds"": 30, ""eval_metric"": ""mlogloss"", ""learning_rate"": 0.03, ""max_depth"": 5, ""min_child_weight"": 1, ""n_estimators"": 600, ""n_jobs"": -1, ""objective"": ""multi:softprob"", ""subsample"": 0.8, ""tree_method"": ""hist""}",False,5.560659200000373,0.42739912825382914,0.41501775748351094
facial_only,83b955aae125,22557198bb82e52567d7d8b5c27dbb58d1f51966b9e15e7c5eee66736912ed1e,1,xgboost,"{""colsample_bytree"": 0.8, ""early_stopping_rounds"": 30, ""eval_metric"": ""mlogloss"", ""learning_rate"": 0.03, ""max_depth"": 5, ""min_child_weight"": 5, ""n_estimators"": 600, ""n_jobs"": -1, ""objective"": ""multi:softprob"", ""subsample"": 0.8, ""tree_method"": ""hist""}",False,7.048914500001047,0.4278983125136971,0.41475144705481787
facial_only,7aa0faebcd59,22557198bb82e52567d7d8b5c27dbb58d1f51966b9e15e7c5eee66736912ed1e,1,xgboost,"{""colsample_bytree"": 1.0, ""early_stopping_rounds"": 30, ""eval_metric"": ""mlogloss"", ""learning_rate"": 0.03, ""max_depth"": 5, ""min_child_weight"": 1, ""n_estimators"": 600, ""n_jobs"": -1, ""objective"": ""multi:softprob"", ""subsample"": 0.8, ""tree_method"": ""hist""}",False,4.800271399999474,0.4288845058075827,0.4154761904761905
facial_only,900dbedc225b,22557198bb82e52567d7d8b5c27dbb58d1f51966b9e15e7c5eee66736912ed1e,1,xgboost,"{""colsample_bytree"": 1.0, ""early_stopping_rounds"": 30, ""eval_metric"": ""mlogloss"", ""learning_rate"": 0.03, ""max_depth"": 5, ""min_child_weight"": 5, ""n_estimators"": 600, ""n_jobs"": -1, ""objective"": ""multi:softprob"", ""subsample"": 0.8, ""tree_method"": ""hist""}",False,5.068109100000584,0.42000876616261235,0.40258100313223216
facial_only,84356dc6930b,22557198bb82e52567d7d8b5c27dbb58d1f51966b9e15e7c5eee66736912ed1e,1,xgboost,"{""colsample_bytree"": 0.8, ""early_stopping_rounds"": 30, ""eval_metric"": ""mlogloss"", ""learning_rate"": 0.1, ""max_depth"": 5, ""min_child_weight"": 1, ""n_estimators"": 600, ""n_jobs"": -1, ""objective"": ""multi:softprob"", ""subsample"": 0.8, ""tree_method"": ""hist""}",False,2.3116695000007894,0.4296150193586091,0.42094252009778677
facial_only,d6b94d7cc920,22557198bb82e52567d7d8b5c27dbb58d1f51966b9e15e7c5eee66736912ed1e,1,xgboost,"{""colsample_bytree"": 0.8, ""early_stopping_rounds"": 30, ""eval_metric"": ""mlogloss"", ""learning_rate"": 0.1, ""max_depth"": 5, ""min_child_weight"": 5, ""n_estimators"": 600, ""n_jobs"": -1, ""objective"": ""multi:softprob"", ""subsample"": 0.8, ""tree_method"": ""hist""}",False,2.5250410999997257,0.4274843548347822,0.4151248794082967
facial_only,ed5cff5b45cf,22557198bb82e52567d7d8b5c27dbb58d1f51966b9e15e7c5eee66736912ed1e,1,xgboost,"{""colsample_bytree"": 1.0, ""early_stopping_rounds"": 30, ""eval_metric"": ""mlogloss"", ""learning_rate"": 0.1, ""max_depth"": 5, ""min_child_weight"": 1, ""n_estimators"": 600, ""n_jobs"": -1, ""objective"": ""multi:softprob"", ""subsample"": 0.8, ""tree_method"": ""hist""}",False,2.0206064000012702,0.42937151484160035,0.4189736294999453
facial_only,94c26a8ef2c4,22557198bb82e52567d7d8b5c27dbb58d1f51966b9e15e7c5eee66736912ed1e,1,xgboost,"{""colsample_bytree"": 1.0, ""early_stopping_rounds"": 30, ""eval_metric"": ""mlogloss"", ""learning_rate"": 0.1, ""max_depth"": 5, ""min_child_weight"": 5, ""n_estimators"": 600, ""n_jobs"": -1, ""objective"": ""multi:softprob"", ""subsample"": 0.8, ""tree_method"": ""hist""}",False,2.1440917999989324,0.4288845058075827,0.4156544346701498
facial_only,b785e498e470,22557198bb82e52567d7d8b5c27dbb58d1f51966b9e15e7c5eee66736912ed1e,2,svm,"{""C"": 0.1, ""class_weight"": ""balanced"", ""kernel"": ""linear""}",False,0.218692699998428,0.3717845812789053,0.34518066604599834
facial_only,34c97e51572e,22557198bb82e52567d7d8b5c27dbb58d1f51966b9e15e7c5eee66736912ed1e,2,svm,"{""C"": 1.0, ""class_weight"": ""balanced"", ""kernel"": ""linear""}",False,0.3369199999997363,0.4250840882161832,0.3620078683327166
facial_only,c8da45025ca6,22557198bb82e52567d7d8b5c27dbb58d1f51966b9e15e7c5eee66736912ed1e,2,svm,"{""C"": 10.0, ""class_weight"": ""balanced"", ""kernel"": ""linear""}",False,1.534019000000626,0.4250840882161832,0.3617124946501551
facial_only,3f2d5a9c37df,22557198bb82e52567d7d8b5c27dbb58d1f51966b9e15e7c5eee66736912ed1e,2,svm,"{""C"": 0.1, ""class_weight"": ""balanced"", ""gamma"": ""scale"", ""kernel"": ""rbf""}",False,0.43137380000007397,0.38354450942170243,0.37242391840569145
facial_only,a8f39ccb1454,22557198bb82e52567d7d8b5c27dbb58d1f51966b9e15e7c5eee66736912ed1e,2,svm,"{""C"": 0.1, ""class_weight"": ""balanced"", ""gamma"": 0.1, ""kernel"": ""rbf""}",False,0.4366528999998991,0.38354450942170243,0.37242391840569145
facial_only,9384a3bb8ca8,22557198bb82e52567d7d8b5c27dbb58d1f51966b9e15e7c5eee66736912ed1e,2,svm,"{""C"": 1.0, ""class_weight"": ""balanced"", ""gamma"": ""scale"", ""kernel"": ""rbf""}",True,0.38400390000060725,0.45087910407827847,0.37551242447203287
facial_only,4f4f2e972d2b,22557198bb82e52567d7d8b5c27dbb58d1f51966b9e15e7c5eee66736912ed1e,2,svm,"{""C"": 1.0, ""class_weight"": ""balanced"", ""gamma"": 0.1, ""kernel"": ""rbf""}",False,0.38813999999911175,0.45087910407827847,0.37551242447203287
facial_only,47b8cdda5535,22557198bb82e52567d7d8b5c27dbb58d1f51966b9e15e7c5eee66736912ed1e,2,svm,"{""C"": 10.0, ""class_weight"": ""balanced"", ""gamma"": ""scale"", ""kernel"": ""rbf""}",False,0.4228075999999419,0.41307667316439245,0.3612290753847882
facial_only,8b5eb616ca11,22557198bb82e52567d7d8b5c27dbb58d1f51966b9e15e7c5eee66736912ed1e,2,svm,"{""C"": 10.0, ""class_weight"": ""balanced"", ""gamma"": 0.1, ""kernel"": ""rbf""}",False,0.3571009999996022,0.41307667316439245,0.3612290753847882
facial_only,1f3f5b7a1f13,22557198bb82e52567d7d8b5c27dbb58d1f51966b9e15e7c5eee66736912ed1e,2,random_forest,"{""class_weight"": ""balanced_subsample"", ""max_depth"": null, ""max_features"": ""sqrt"", ""min_samples_leaf"": 1, ""n_estimators"": 200, ""n_jobs"": -1}",False,0.7428280000003724,0.4296621182586095,0.4037814693013277
facial_only,cfdf5414a6fe,22557198bb82e52567d7d8b5c27dbb58d1f51966b9e15e7c5eee66736912ed1e,2,random_forest,"{""class_weight"": ""balanced_subsample"", ""max_depth"": null, ""max_features"": 0.8, ""min_samples_leaf"": 1, ""n_estimators"": 200, ""n_jobs"": -1}",False,0.7929639000012685,0.43473034437946717,0.4033294584041253
facial_only,8fb923e5d748,22557198bb82e52567d7d8b5c27dbb58d1f51966b9e15e7c5eee66736912ed1e,2,random_forest,"{""class_weight"": ""balanced_subsample"", ""max_depth"": null, ""max_features"": ""sqrt"", ""min_samples_leaf"": 3, ""n_estimators"": 200, ""n_jobs"": -1}",False,0.7306171000000177,0.4299220272904483,0.3850637856314472
facial_only,d5eb4fec9dc7,22557198bb82e52567d7d8b5c27dbb58d1f51966b9e15e7c5eee66736912ed1e,2,random_forest,"{""class_weight"": ""balanced_subsample"", ""max_depth"": null, ""max_features"": 0.8, ""min_samples_leaf"": 3, ""n_estimators"": 200, ""n_jobs"": -1}",False,0.8070305999990524,0.43430799220272903,0.38611036769059065
facial_only,30545db26cd1,22557198bb82e52567d7d8b5c27dbb58d1f51966b9e15e7c5eee66736912ed1e,2,random_forest,"{""class_weight"": ""balanced_subsample"", ""max_depth"": 8, ""max_features"": ""sqrt"", ""min_samples_leaf"": 1, ""n_estimators"": 200, ""n_jobs"": -1}",False,0.8065893000002688,0.45661143599740095,0.394453411801677
facial_only,8ccc1d4ec9ea,22557198bb82e52567d7d8b5c27dbb58d1f51966b9e15e7c5eee66736912ed1e,2,random_forest,"{""class_weight"": ""balanced_subsample"", ""max_depth"": 8, ""max_features"": 0.8, ""min_samples_leaf"": 1, ""n_estimators"": 200, ""n_jobs"": -1}",False,0.8636767000007239,0.45729369720597796,0.3909991621101005
facial_only,869b859ae6d2,22557198bb82e52567d7d8b5c27dbb58d1f51966b9e15e7c5eee66736912ed1e,2,random_forest,"{""class_weight"": ""balanced_subsample"", ""max_depth"": 8, ""max_features"": ""sqrt"", ""min_samples_leaf"": 3, ""n_estimators"": 200, ""n_jobs"": -1}",False,0.7099577999997564,0.4545159194282002,0.38578118177524706
facial_only,ecbb6cbc4135,22557198bb82e52567d7d8b5c27dbb58d1f51966b9e15e7c5eee66736912ed1e,2,random_forest,"{""class_weight"": ""balanced_subsample"", ""max_depth"": 8, ""max_features"": 0.8, ""min_samples_leaf"": 3, ""n_estimators"": 200, ""n_jobs"": -1}",False,0.7672113999997237,0.4604450942170241,0.39072470257782843
facial_only,32a1f06b6265,22557198bb82e52567d7d8b5c27dbb58d1f51966b9e15e7c5eee66736912ed1e,2,random_forest,"{""class_weight"": ""balanced_subsample"", ""max_depth"": 16, ""max_features"": ""sqrt"", ""min_samples_leaf"": 1, ""n_estimators"": 200, ""n_jobs"": -1}",False,0.724615499999345,0.4334307992202729,0.4054413844745819
facial_only,f8a448b569de,22557198bb82e52567d7d8b5c27dbb58d1f51966b9e15e7c5eee66736912ed1e,2,random_forest,"{""class_weight"": ""balanced_subsample"", ""max_depth"": 16, ""max_features"": 0.8, ""min_samples_leaf"": 1, ""n_estimators"": 200, ""n_jobs"": -1}",False,0.7993341999990662,0.44134178037686816,0.4044816696495169
facial_only,3de1e394426b,22557198bb82e52567d7d8b5c27dbb58d1f51966b9e15e7c5eee66736912ed1e,2,random_forest,"{""class_weight"": ""balanced_subsample"", ""max_depth"": 16, ""max_features"": ""sqrt"", ""min_samples_leaf"": 3, ""n_estimators"": 200, ""n_jobs"": -1}",False,0.7285874999997759,0.4311565951916829,0.3871618310767247
facial_only,7ba850d0cd37,22557198bb82e52567d7d8b5c27dbb58d1f51966b9e15e7c5eee66736912ed1e,2,random_forest,"{""class_weight"": ""balanced_subsample"", ""max_depth"": 16, ""max_features"": 0.8, ""min_samples_leaf"": 3, ""n_estimators"": 200, ""n_jobs"": -1}",False,0.8244488000000274,0.4333820662768031,0.3852377396066717
facial_only,4ef548874658,22557198bb82e52567d7d8b5c27dbb58d1f51966b9e15e7c5eee66736912ed1e,2,random_forest,"{""class_weight"": ""balanced_subsample"", ""max_depth"": null, ""max_features"": ""sqrt"", ""min_samples_leaf"": 1, ""n_estimators"": 500, ""n_jobs"": -1}",False,1.8261419000009482,0.42935347628330084,0.4031361685391337
facial_only,345dfc61311f,22557198bb82e52567d7d8b5c27dbb58d1f51966b9e15e7c5eee66736912ed1e,2,random_forest,"{""class_weight"": ""balanced_subsample"", ""max_depth"": null, ""max_features"": 0.8, ""min_samples_leaf"": 1, ""n_estimators"": 500, ""n_jobs"": -1}",True,1.9188900000008289,0.44381091617933727,0.4095926912828321
facial_only,86c07b9f0b9c,22557198bb82e52567d7d8b5c27dbb58d1f51966b9e15e7c5eee66736912ed1e,2,random_forest,"{""class_weight"": ""balanced_subsample"", ""max_depth"": null, ""max_features"": ""sqrt"", ""min_samples_leaf"": 3, ""n_estimators"": 500, ""n_jobs"": -1}",False,1.7961586000001262,0.4361598440545809,0.38960876225255153
facial_only,54cd49168558,22557198bb82e52567d7d8b5c27dbb58d1f51966b9e15e7c5eee66736912ed1e,2,random_forest,"{""class_weight"": ""balanced_subsample"", ""max_depth"": null, ""max_features"": 0.8, ""min_samples_leaf"": 3, ""n_estimators"": 500, ""n_jobs"": -1}",False,2.0532892999999603,0.4314652371669916,0.3869888578439585
facial_only,7630867af438,22557198bb82e52567d7d8b5c27dbb58d1f51966b9e15e7c5eee66736912ed1e,2,random_forest,"{""class_weight"": ""balanced_subsample"", ""max_depth"": 8, ""max_features"": ""sqrt"", ""min_samples_leaf"": 1, ""n_estimators"": 500, ""n_jobs"": -1}",False,1.8015797000007296,0.455685510071475,0.3928561952889944
facial_only,4643bba06fbb,22557198bb82e52567d7d8b5c27dbb58d1f51966b9e15e7c5eee66736912ed1e,2,random_forest,"{""class_weight"": ""balanced_subsample"", ""max_depth"": 8, ""max_features"": 0.8, ""min_samples_leaf"": 1, ""n_estimators"": 500, ""n_jobs"": -1}",False,2.3457416000001103,0.46229694606887595,0.39419522383645705
facial_only,41e55919bdbe,22557198bb82e52567d7d8b5c27dbb58d1f51966b9e15e7c5eee66736912ed1e,2,random_forest,"{""class_weight"": ""balanced_subsample"", ""max_depth"": 8, ""max_features"": ""sqrt"", ""min_samples_leaf"": 3, ""n_estimators"": 500, ""n_jobs"": -1}",False,2.0746343999999226,0.4607537361923327,0.3905787845816635
facial_only,0f6d2ddde298,22557198bb82e52567d7d8b5c27dbb58d1f51966b9e15e7c5eee66736912ed1e,2,random_forest,"{""class_weight"": ""balanced_subsample"", ""max_depth"": 8, ""max_features"": 0.8, ""min_samples_leaf"": 3, ""n_estimators"": 500, ""n_jobs"": -1}",False,2.040351700001338,0.4598278102664068,0.38970016232963256
facial_only,862912140178,22557198bb82e52567d7d8b5c27dbb58d1f51966b9e15e7c5eee66736912ed1e,2,random_forest,"{""class_weight"": ""balanced_subsample"", ""max_depth"": 16, ""max_features"": ""sqrt"", ""min_samples_leaf"": 1, ""n_estimators"": 500, ""n_jobs"": -1}",False,1.984846800000014,0.43658219623131905,0.40575187754572895
facial_only,b488d33d0ae3,22557198bb82e52567d7d8b5c27dbb58d1f51966b9e15e7c5eee66736912ed1e,2,random_forest,"{""class_weight"": ""balanced_subsample"", ""max_depth"": 16, ""max_features"": 0.8, ""min_samples_leaf"": 1, ""n_estimators"": 500, ""n_jobs"": -1}",False,2.0278508000010333,0.44134178037686816,0.4044816696495169
facial_only,e0c6471ac708,22557198bb82e52567d7d8b5c27dbb58d1f51966b9e15e7c5eee66736912ed1e,2,random_forest,"{""class_weight"": ""balanced_subsample"", ""max_depth"": 16, ""max_features"": ""sqrt"", ""min_samples_leaf"": 3, ""n_estimators"": 500, ""n_jobs"": -1}",False,1.9304028999995353,0.4361598440545809,0.38960876225255153
facial_only,3e79b57ef9ff,22557198bb82e52567d7d8b5c27dbb58d1f51966b9e15e7c5eee66736912ed1e,2,random_forest,"{""class_weight"": ""balanced_subsample"", ""max_depth"": 16, ""max_features"": 0.8, ""min_samples_leaf"": 3, ""n_estimators"": 500, ""n_jobs"": -1}",False,2.0655567000012525,0.4314652371669916,0.3869888578439585
facial_only,52c4e858654b,22557198bb82e52567d7d8b5c27dbb58d1f51966b9e15e7c5eee66736912ed1e,2,xgboost,"{""colsample_bytree"": 0.8, ""early_stopping_rounds"": 30, ""eval_metric"": ""mlogloss"", ""learning_rate"": 0.03, ""max_depth"": 3, ""min_child_weight"": 1, ""n_estimators"": 300, ""n_jobs"": -1, ""objective"": ""multi:softprob"", ""subsample"": 0.8, ""tree_method"": ""hist""}",False,3.2792294999999285,0.43685834957764785,0.37177343442375294
facial_only,e6044ea7216f,22557198bb82e52567d7d8b5c27dbb58d1f51966b9e15e7c5eee66736912ed1e,2,xgboost,"{""colsample_bytree"": 0.8, ""early_stopping_rounds"": 30, ""eval_metric"": ""mlogloss"", ""learning_rate"": 0.03, ""max_depth"": 3, ""min_child_weight"": 5, ""n_estimators"": 300, ""n_jobs"": -1, ""objective"": ""multi:softprob"", ""subsample"": 0.8, ""tree_method"": ""hist""}",False,2.9995825000005425,0.4353151397011046,0.3723710899967973
facial_only,2ac28921e2fc,22557198bb82e52567d7d8b5c27dbb58d1f51966b9e15e7c5eee66736912ed1e,2,xgboost,"{""colsample_bytree"": 1.0, ""early_stopping_rounds"": 30, ""eval_metric"": ""mlogloss"", ""learning_rate"": 0.03, ""max_depth"": 3, ""min_child_weight"": 1, ""n_estimators"": 300, ""n_jobs"": -1, ""objective"": ""multi:softprob"", ""subsample"": 0.8, ""tree_method"": ""hist""}",False,2.898773599999913,0.4409356725146199,0.3743143874425601
facial_only,7e5e4a0a8210,22557198bb82e52567d7d8b5c27dbb58d1f51966b9e15e7c5eee66736912ed1e,2,xgboost,"{""colsample_bytree"": 1.0, ""early_stopping_rounds"": 30, ""eval_metric"": ""mlogloss"", ""learning_rate"": 0.03, ""max_depth"": 3, ""min_child_weight"": 5, ""n_estimators"": 300, ""n_jobs"": -1, ""objective"": ""multi:softprob"", ""subsample"": 0.8, ""tree_method"": ""hist""}",False,2.851124799999525,0.43562378167641325,0.3719913825754439
facial_only,61d28dd004ab,22557198bb82e52567d7d8b5c27dbb58d1f51966b9e15e7c5eee66736912ed1e,2,xgboost,"{""colsample_bytree"": 0.8, ""early_stopping_rounds"": 30, ""eval_metric"": ""mlogloss"", ""learning_rate"": 0.1, ""max_depth"": 3, ""min_child_weight"": 1, ""n_estimators"": 300, ""n_jobs"": -1, ""objective"": ""multi:softprob"", ""subsample"": 0.8, ""tree_method"": ""hist""}",False,3.0923607000004267,0.44988628979857054,0.38026348099999835
facial_only,273e82f898a0,22557198bb82e52567d7d8b5c27dbb58d1f51966b9e15e7c5eee66736912ed1e,2,xgboost,"{""colsample_bytree"": 0.8, ""early_stopping_rounds"": 30, ""eval_metric"": ""mlogloss"", ""learning_rate"": 0.1, ""max_depth"": 3, ""min_child_weight"": 5, ""n_estimators"": 300, ""n_jobs"": -1, ""objective"": ""multi:softprob"", ""subsample"": 0.8, ""tree_method"": ""hist""}",False,2.994105199999467,0.44519168291098116,0.37847112791959936
facial_only,5019e0e4e655,22557198bb82e52567d7d8b5c27dbb58d1f51966b9e15e7c5eee66736912ed1e,2,xgboost,"{""colsample_bytree"": 1.0, ""early_stopping_rounds"": 30, ""eval_metric"": ""mlogloss"", ""learning_rate"": 0.1, ""max_depth"": 3, ""min_child_weight"": 1, ""n_estimators"": 300, ""n_jobs"": -1, ""objective"": ""multi:softprob"", ""subsample"": 0.8, ""tree_method"": ""hist""}",False,2.7072461000007024,0.4436484730344379,0.3762467532467532
facial_only,281f0bd12afc,22557198bb82e52567d7d8b5c27dbb58d1f51966b9e15e7c5eee66736912ed1e,2,xgboost,"{""colsample_bytree"": 1.0, ""early_stopping_rounds"": 30, ""eval_metric"": ""mlogloss"", ""learning_rate"": 0.1, ""max_depth"": 3, ""min_child_weight"": 5, ""n_estimators"": 300, ""n_jobs"": -1, ""objective"": ""multi:softprob"", ""subsample"": 0.8, ""tree_method"": ""hist""}",False,2.397064999999202,0.44803443794671866,0.3779836154636458
facial_only,a4ed4de96c0f,22557198bb82e52567d7d8b5c27dbb58d1f51966b9e15e7c5eee66736912ed1e,2,xgboost,"{""colsample_bytree"": 0.8, ""early_stopping_rounds"": 30, ""eval_metric"": ""mlogloss"", ""learning_rate"": 0.03, ""max_depth"": 5, ""min_child_weight"": 1, ""n_estimators"": 300, ""n_jobs"": -1, ""objective"": ""multi:softprob"", ""subsample"": 0.8, ""tree_method"": ""hist""}",False,4.131682800001727,0.4426575698505523,0.3807699206873611
facial_only,578259f2bd22,22557198bb82e52567d7d8b5c27dbb58d1f51966b9e15e7c5eee66736912ed1e,2,xgboost,"{""colsample_bytree"": 0.8, ""early_stopping_rounds"": 30, ""eval_metric"": ""mlogloss"", ""learning_rate"": 0.03, ""max_depth"": 5, ""min_child_weight"": 5, ""n_estimators"": 300, ""n_jobs"": -1, ""objective"": ""multi:softprob"", ""subsample"": 0.8, ""tree_method"": ""hist""}",False,4.739900599999601,0.44204028589993505,0.37949115983722964
facial_only,664714dfeb71,22557198bb82e52567d7d8b5c27dbb58d1f51966b9e15e7c5eee66736912ed1e,2,xgboost,"{""colsample_bytree"": 1.0, ""early_stopping_rounds"": 30, ""eval_metric"": ""mlogloss"", ""learning_rate"": 0.03, ""max_depth"": 5, ""min_child_weight"": 1, ""n_estimators"": 300, ""n_jobs"": -1, ""objective"": ""multi:softprob"", ""subsample"": 0.8, ""tree_method"": ""hist""}",False,4.482825499999308,0.4482781026640676,0.38506571087216246
facial_only,29b0784d382b,22557198bb82e52567d7d8b5c27dbb58d1f51966b9e15e7c5eee66736912ed1e,2,xgboost,"{""colsample_bytree"": 1.0, ""early_stopping_rounds"": 30, ""eval_metric"": ""mlogloss"", ""learning_rate"": 0.03, ""max_depth"": 5, ""min_child_weight"": 5, ""n_estimators"": 300, ""n_jobs"": -1, ""objective"": ""multi:softprob"", ""subsample"": 0.8, ""tree_method"": ""hist""}",False,4.002420400000119,0.44519168291098116,0.3792003932582719
facial_only,9ff407e47a79,22557198bb82e52567d7d8b5c27dbb58d1f51966b9e15e7c5eee66736912ed1e,2,xgboost,"{""colsample_bytree"": 0.8, ""early_stopping_rounds"": 30, ""eval_metric"": ""mlogloss"", ""learning_rate"": 0.1, ""max_depth"": 5, ""min_child_weight"": 1, ""n_estimators"": 300, ""n_jobs"": -1, ""objective"": ""multi:softprob"", ""subsample"": 0.8, ""tree_method"": ""hist""}",True,2.6291150000015477,0.4497563352826511,0.3897355445988346
facial_only,1640bb5d0aaa,22557198bb82e52567d7d8b5c27dbb58d1f51966b9e15e7c5eee66736912ed1e,2,xgboost,"{""colsample_bytree"": 0.8, ""early_stopping_rounds"": 30, ""eval_metric"": ""mlogloss"", ""learning_rate"": 0.1, ""max_depth"": 5, ""min_child_weight"": 5, ""n_estimators"": 300, ""n_jobs"": -1, ""objective"": ""multi:softprob"", ""subsample"": 0.8, ""tree_method"": ""hist""}",False,2.5500135000002047,0.4425925925925926,0.3826086756525829
facial_only,3c0353feee8d,22557198bb82e52567d7d8b5c27dbb58d1f51966b9e15e7c5eee66736912ed1e,2,xgboost,"{""colsample_bytree"": 1.0, ""early_stopping_rounds"": 30, ""eval_metric"": ""mlogloss"", ""learning_rate"": 0.1, ""max_depth"": 5, ""min_child_weight"": 1, ""n_estimators"": 300, ""n_jobs"": -1, ""objective"": ""multi:softprob"", ""subsample"": 0.8, ""tree_method"": ""hist""}",False,2.5889778999990085,0.44283625730994153,0.3873534285465104
facial_only,76a0a842fdc6,22557198bb82e52567d7d8b5c27dbb58d1f51966b9e15e7c5eee66736912ed1e,2,xgboost,"{""colsample_bytree"": 1.0, ""early_stopping_rounds"": 30, ""eval_metric"": ""mlogloss"", ""learning_rate"": 0.1, ""max_depth"": 5, ""min_child_weight"": 5, ""n_estimators"": 300, ""n_jobs"": -1, ""objective"": ""multi:softprob"", ""subsample"": 0.8, ""tree_method"": ""hist""}",False,2.4319170999988273,0.43882391163092915,0.3811073336571151
facial_only,fd8e21cae0de,22557198bb82e52567d7d8b5c27dbb58d1f51966b9e15e7c5eee66736912ed1e,2,xgboost,"{""colsample_bytree"": 0.8, ""early_stopping_rounds"": 30, ""eval_metric"": ""mlogloss"", ""learning_rate"": 0.03, ""max_depth"": 3, ""min_child_weight"": 1, ""n_estimators"": 600, ""n_jobs"": -1, ""objective"": ""multi:softprob"", ""subsample"": 0.8, ""tree_method"": ""hist""}",False,5.854893199999424,0.4452566601689409,0.3758588905647729
facial_only,3e267305ecbb,22557198bb82e52567d7d8b5c27dbb58d1f51966b9e15e7c5eee66736912ed1e,2,xgboost,"{""colsample_bytree"": 0.8, ""early_stopping_rounds"": 30, ""eval_metric"": ""mlogloss"", ""learning_rate"": 0.03, ""max_depth"": 3, ""min_child_weight"": 5, ""n_estimators"": 600, ""n_jobs"": -1, ""objective"": ""multi:softprob"", ""subsample"": 0.8, ""tree_method"": ""hist""}",False,5.881714900000588,0.4452566601689409,0.3761405845763705
facial_only,5ea046f1e5ea,22557198bb82e52567d7d8b5c27dbb58d1f51966b9e15e7c5eee66736912ed1e,2,xgboost,"{""colsample_bytree"": 1.0, ""early_stopping_rounds"": 30, ""eval_metric"": ""mlogloss"", ""learning_rate"": 0.03, ""max_depth"": 3, ""min_child_weight"": 1, ""n_estimators"": 600, ""n_jobs"": -1, ""objective"": ""multi:softprob"", ""subsample"": 0.8, ""tree_method"": ""hist""}",False,5.9290774000000965,0.4452566601689409,0.37627924569081966
facial_only,233f3e858cb0,22557198bb82e52567d7d8b5c27dbb58d1f51966b9e15e7c5eee66736912ed1e,2,xgboost,"{""colsample_bytree"": 1.0, ""early_stopping_rounds"": 30, ""eval_metric"": ""mlogloss"", ""learning_rate"": 0.03, ""max_depth"": 3, ""min_child_weight"": 5, ""n_estimators"": 600, ""n_jobs"": -1, ""objective"": ""multi:softprob"", ""subsample"": 0.8, ""tree_method"": ""hist""}",False,5.529440500000419,0.44649122807017544,0.37761118854398695
facial_only,89af4ef4dc00,22557198bb82e52567d7d8b5c27dbb58d1f51966b9e15e7c5eee66736912ed1e,2,xgboost,"{""colsample_bytree"": 0.8, ""early_stopping_rounds"": 30, ""eval_metric"": ""mlogloss"", ""learning_rate"": 0.1, ""max_depth"": 3, ""min_child_weight"": 1, ""n_estimators"": 600, ""n_jobs"": -1, ""objective"": ""multi:softprob"", ""subsample"": 0.8, ""tree_method"": ""hist""}",False,3.3808737999988807,0.44080571799870044,0.3759882632803344
facial_only,850288ac9397,22557198bb82e52567d7d8b5c27dbb58d1f51966b9e15e7c5eee66736912ed1e,2,xgboost,"{""colsample_bytree"": 0.8, ""early_stopping_rounds"": 30, ""eval_metric"": ""mlogloss"", ""learning_rate"": 0.1, ""max_depth"": 3, ""min_child_weight"": 5, ""n_estimators"": 600, ""n_jobs"": -1, ""objective"": ""multi:softprob"", ""subsample"": 0.8, ""tree_method"": ""hist""}",False,5.505954700000075,0.4469785575048733,0.3844534934737304
facial_only,8023133bca76,22557198bb82e52567d7d8b5c27dbb58d1f51966b9e15e7c5eee66736912ed1e,2,xgboost,"{""colsample_bytree"": 1.0, ""early_stopping_rounds"": 30, ""eval_metric"": ""mlogloss"", ""learning_rate"": 0.1, ""max_depth"": 3, ""min_child_weight"": 1, ""n_estimators"": 600, ""n_jobs"": -1, ""objective"": ""multi:softprob"", ""subsample"": 0.8, ""tree_method"": ""hist""}",False,2.846223000000464,0.4436484730344379,0.3762467532467532
facial_only,2a9e450625ff,22557198bb82e52567d7d8b5c27dbb58d1f51966b9e15e7c5eee66736912ed1e,2,xgboost,"{""colsample_bytree"": 1.0, ""early_stopping_rounds"": 30, ""eval_metric"": ""mlogloss"", ""learning_rate"": 0.1, ""max_depth"": 3, ""min_child_weight"": 5, ""n_estimators"": 600, ""n_jobs"": -1, ""objective"": ""multi:softprob"", ""subsample"": 0.8, ""tree_method"": ""hist""}",False,2.7463815999999497,0.44803443794671866,0.3779836154636458
facial_only,b77fc0c4cd81,22557198bb82e52567d7d8b5c27dbb58d1f51966b9e15e7c5eee66736912ed1e,2,xgboost,"{""colsample_bytree"": 0.8, ""early_stopping_rounds"": 30, ""eval_metric"": ""mlogloss"", ""learning_rate"": 0.03, ""max_depth"": 5, ""min_child_weight"": 1, ""n_estimators"": 600, ""n_jobs"": -1, ""objective"": ""multi:softprob"", ""subsample"": 0.8, ""tree_method"": ""hist""}",False,7.945833600000697,0.44629629629629636,0.3876797160543883
facial_only,83b955aae125,22557198bb82e52567d7d8b5c27dbb58d1f51966b9e15e7c5eee66736912ed1e,2,xgboost,"{""colsample_bytree"": 0.8, ""early_stopping_rounds"": 30, ""eval_metric"": ""mlogloss"", ""learning_rate"": 0.03, ""max_depth"": 5, ""min_child_weight"": 5, ""n_estimators"": 600, ""n_jobs"": -1, ""objective"": ""multi:softprob"", ""subsample"": 0.8, ""tree_method"": ""hist""}",False,7.01092779999999,0.44290123456790126,0.38310322156476
facial_only,7aa0faebcd59,22557198bb82e52567d7d8b5c27dbb58d1f51966b9e15e7c5eee66736912ed1e,2,xgboost,"{""colsample_bytree"": 1.0, ""early_stopping_rounds"": 30, ""eval_metric"": ""mlogloss"", ""learning_rate"": 0.03, ""max_depth"": 5, ""min_child_weight"": 1, ""n_estimators"": 600, ""n_jobs"": -1, ""objective"": ""multi:softprob"", ""subsample"": 0.8, ""tree_method"": ""hist""}",False,6.426953599999251,0.4459876543209876,0.38782931072899923
facial_only,900dbedc225b,22557198bb82e52567d7d8b5c27dbb58d1f51966b9e15e7c5eee66736912ed1e,2,xgboost,"{""colsample_bytree"": 1.0, ""early_stopping_rounds"": 30, ""eval_metric"": ""mlogloss"", ""learning_rate"": 0.03, ""max_depth"": 5, ""min_child_weight"": 5, ""n_estimators"": 600, ""n_jobs"": -1, ""objective"": ""multi:softprob"", ""subsample"": 0.8, ""tree_method"": ""hist""}",False,6.785683199999767,0.45105588044184536,0.3869069844137594
facial_only,84356dc6930b,22557198bb82e52567d7d8b5c27dbb58d1f51966b9e15e7c5eee66736912ed1e,2,xgboost,"{""colsample_bytree"": 0.8, ""early_stopping_rounds"": 30, ""eval_metric"": ""mlogloss"", ""learning_rate"": 0.1, ""max_depth"": 5, ""min_child_weight"": 1, ""n_estimators"": 600, ""n_jobs"": -1, ""objective"": ""multi:softprob"", ""subsample"": 0.8, ""tree_method"": ""hist""}",False,2.925052599999617,0.4497563352826511,0.3897355445988346
facial_only,d6b94d7cc920,22557198bb82e52567d7d8b5c27dbb58d1f51966b9e15e7c5eee66736912ed1e,2,xgboost,"{""colsample_bytree"": 0.8, ""early_stopping_rounds"": 30, ""eval_metric"": ""mlogloss"", ""learning_rate"": 0.1, ""max_depth"": 5, ""min_child_weight"": 5, ""n_estimators"": 600, ""n_jobs"": -1, ""objective"": ""multi:softprob"", ""subsample"": 0.8, ""tree_method"": ""hist""}",False,3.048095199999807,0.4425925925925926,0.3826086756525829
facial_only,ed5cff5b45cf,22557198bb82e52567d7d8b5c27dbb58d1f51966b9e15e7c5eee66736912ed1e,2,xgboost,"{""colsample_bytree"": 1.0, ""early_stopping_rounds"": 30, ""eval_metric"": ""mlogloss"", ""learning_rate"": 0.1, ""max_depth"": 5, ""min_child_weight"": 1, ""n_estimators"": 600, ""n_jobs"": -1, ""objective"": ""multi:softprob"", ""subsample"": 0.8, ""tree_method"": ""hist""}",False,2.9038937000004807,0.44283625730994153,0.3873534285465104
facial_only,94c26a8ef2c4,22557198bb82e52567d7d8b5c27dbb58d1f51966b9e15e7c5eee66736912ed1e,2,xgboost,"{""colsample_bytree"": 1.0, ""early_stopping_rounds"": 30, ""eval_metric"": ""mlogloss"", ""learning_rate"": 0.1, ""max_depth"": 5, ""min_child_weight"": 5, ""n_estimators"": 600, ""n_jobs"": -1, ""objective"": ""multi:softprob"", ""subsample"": 0.8, ""tree_method"": ""hist""}",False,2.680341799999951,0.43882391163092915,0.3811073336571151
facial_only,b785e498e470,22557198bb82e52567d7d8b5c27dbb58d1f51966b9e15e7c5eee66736912ed1e,3,svm,"{""C"": 0.1, ""class_weight"": ""balanced"", ""kernel"": ""linear""}",False,0.2542900999997073,0.40133803067506496,0.3884331740507392
facial_only,34c97e51572e,22557198bb82e52567d7d8b5c27dbb58d1f51966b9e15e7c5eee66736912ed1e,3,svm,"{""C"": 1.0, ""class_weight"": ""balanced"", ""kernel"": ""linear""}",False,0.40751020000061544,0.40099996441407776,0.3879375210271143
facial_only,c8da45025ca6,22557198bb82e52567d7d8b5c27dbb58d1f51966b9e15e7c5eee66736912ed1e,3,svm,"{""C"": 10.0, ""class_weight"": ""balanced"", ""kernel"": ""linear""}",False,2.1637083000005077,0.40099996441407776,0.3879375210271143
facial_only,3f2d5a9c37df,22557198bb82e52567d7d8b5c27dbb58d1f51966b9e15e7c5eee66736912ed1e,3,svm,"{""C"": 0.1, ""class_weight"": ""balanced"", ""gamma"": ""scale"", ""kernel"": ""rbf""}",True,0.46242530000017723,0.40860200704601257,0.3964160623550885
facial_only,a8f39ccb1454,22557198bb82e52567d7d8b5c27dbb58d1f51966b9e15e7c5eee66736912ed1e,3,svm,"{""C"": 0.1, ""class_weight"": ""balanced"", ""gamma"": 0.1, ""kernel"": ""rbf""}",False,0.4596095000015339,0.40860200704601257,0.3964160623550885
facial_only,9384a3bb8ca8,22557198bb82e52567d7d8b5c27dbb58d1f51966b9e15e7c5eee66736912ed1e,3,svm,"{""C"": 1.0, ""class_weight"": ""balanced"", ""gamma"": ""scale"", ""kernel"": ""rbf""}",False,0.4697571999986394,0.40049731326287324,0.3847351854884195
facial_only,4f4f2e972d2b,22557198bb82e52567d7d8b5c27dbb58d1f51966b9e15e7c5eee66736912ed1e,3,svm,"{""C"": 1.0, ""class_weight"": ""balanced"", ""gamma"": 0.1, ""kernel"": ""rbf""}",False,0.4045037999985652,0.40049731326287324,0.3847351854884195
facial_only,47b8cdda5535,22557198bb82e52567d7d8b5c27dbb58d1f51966b9e15e7c5eee66736912ed1e,3,svm,"{""C"": 10.0, ""class_weight"": ""balanced"", ""gamma"": ""scale"", ""kernel"": ""rbf""}",False,0.3717533999988518,0.4052302409166934,0.386682339770501
facial_only,8b5eb616ca11,22557198bb82e52567d7d8b5c27dbb58d1f51966b9e15e7c5eee66736912ed1e,3,svm,"{""C"": 10.0, ""class_weight"": ""balanced"", ""gamma"": 0.1, ""kernel"": ""rbf""}",False,0.41582259999995586,0.4052302409166934,0.386682339770501
facial_only,1f3f5b7a1f13,22557198bb82e52567d7d8b5c27dbb58d1f51966b9e15e7c5eee66736912ed1e,3,random_forest,"{""class_weight"": ""balanced_subsample"", ""max_depth"": null, ""max_features"": ""sqrt"", ""min_samples_leaf"": 1, ""n_estimators"": 200, ""n_jobs"": -1}",True,0.9576485999987199,0.40934041493185297,0.40777170613236186
facial_only,cfdf5414a6fe,22557198bb82e52567d7d8b5c27dbb58d1f51966b9e15e7c5eee66736912ed1e,3,random_forest,"{""class_weight"": ""balanced_subsample"", ""max_depth"": null, ""max_features"": 0.8, ""min_samples_leaf"": 1, ""n_estimators"": 200, ""n_jobs"": -1}",False,1.1089818999989802,0.4027614675634319,0.4011111995824154
facial_only,8fb923e5d748,22557198bb82e52567d7d8b5c27dbb58d1f51966b9e15e7c5eee66736912ed1e,3,random_forest,"{""class_weight"": ""balanced_subsample"", ""max_depth"": null, ""max_features"": ""sqrt"", ""min_samples_leaf"": 3, ""n_estimators"": 200, ""n_jobs"": -1}",False,0.7965837000010652,0.40594195936087685,0.3969342670794385
facial_only,d5eb4fec9dc7,22557198bb82e52567d7d8b5c27dbb58d1f51966b9e15e7c5eee66736912ed1e,3,random_forest,"{""class_weight"": ""balanced_subsample"", ""max_depth"": null, ""max_features"": 0.8, ""min_samples_leaf"": 3, ""n_estimators"": 200, ""n_jobs"": -1}",False,0.9652012000005925,0.40746770577559516,0.4010991058122206
facial_only,30545db26cd1,22557198bb82e52567d7d8b5c27dbb58d1f51966b9e15e7c5eee66736912ed1e,3,random_forest,"{""class_weight"": ""balanced_subsample"", ""max_depth"": 8, ""max_features"": ""sqrt"", ""min_samples_leaf"": 1, ""n_estimators"": 200, ""n_jobs"": -1}",False,0.7843307999992248,0.4111686416853493,0.40128638850603515
facial_only,8ccc1d4ec9ea,22557198bb82e52567d7d8b5c27dbb58d1f51966b9e15e7c5eee66736912ed1e,3,random_forest,"{""class_weight"": ""balanced_subsample"", ""max_depth"": 8, ""max_features"": 0.8, ""min_samples_leaf"": 1, ""n_estimators"": 200, ""n_jobs"": -1}",False,0.8859164999994391,0.4050923454681328,0.3952445135648868
facial_only,869b859ae6d2,22557198bb82e52567d7d8b5c27dbb58d1f51966b9e15e7c5eee66736912ed1e,3,random_forest,"{""class_weight"": ""balanced_subsample"", ""max_depth"": 8, ""max_features"": ""sqrt"", ""min_samples_leaf"": 3, ""n_estimators"": 200, ""n_jobs"": -1}",False,0.8044454999999289,0.40761449770470803,0.3944222575304295
facial_only,ecbb6cbc4135,22557198bb82e52567d7d8b5c27dbb58d1f51966b9e15e7c5eee66736912ed1e,3,random_forest,"{""class_weight"": ""balanced_subsample"", ""max_depth"": 8, ""max_features"": 0.8, ""min_samples_leaf"": 3, ""n_estimators"": 200, ""n_jobs"": -1}",False,0.9951376999997592,0.4054304117291199,0.39574604965581406
facial_only,32a1f06b6265,22557198bb82e52567d7d8b5c27dbb58d1f51966b9e15e7c5eee66736912ed1e,3,random_forest,"{""class_weight"": ""balanced_subsample"", ""max_depth"": 16, ""max_features"": ""sqrt"", ""min_samples_leaf"": 1, ""n_estimators"": 200, ""n_jobs"": -1}",False,0.7915045000008831,0.4083262161488915,0.40612388791447973
facial_only,f8a448b569de,22557198bb82e52567d7d8b5c27dbb58d1f51966b9e15e7c5eee66736912ed1e,3,random_forest,"{""class_weight"": ""balanced_subsample"", ""max_depth"": 16, ""max_features"": 0.8, ""min_samples_leaf"": 1, ""n_estimators"": 200, ""n_jobs"": -1}",False,0.9338857000002463,0.4027614675634319,0.40145860274378425
facial_only,3de1e394426b,22557198bb82e52567d7d8b5c27dbb58d1f51966b9e15e7c5eee66736912ed1e,3,random_forest,"{""class_weight"": ""balanced_subsample"", ""max_depth"": 16, ""max_features"": ""sqrt"", ""min_samples_leaf"": 3, ""n_estimators"": 200, ""n_jobs"": -1}",False,0.8167770999989443,0.4056038930998897,0.3964292710619635
facial_only,7ba850d0cd37,22557198bb82e52567d7d8b5c27dbb58d1f51966b9e15e7c5eee66736912ed1e,3,random_forest,"{""class_weight"": ""balanced_subsample"", ""max_depth"": 16, ""max_features"": 0.8, ""min_samples_leaf"": 3, ""n_estimators"": 200, ""n_jobs"": -1}",False,0.9069054999999935,0.40780577203658236,0.40162252653673386
facial_only,4ef548874658,22557198bb82e52567d7d8b5c27dbb58d1f51966b9e15e7c5eee66736912ed1e,3,random_forest,"{""class_weight"": ""balanced_subsample"", ""max_depth"": null, ""max_features"": ""sqrt"", ""min_samples_leaf"": 1, ""n_estimators"": 500, ""n_jobs"": -1}",False,1.9801810999997542,0.40934041493185297,0.40777170613236186
facial_only,345dfc61311f,22557198bb82e52567d7d8b5c27dbb58d1f51966b9e15e7c5eee66736912ed1e,3,random_forest,"{""class_weight"": ""balanced_subsample"", ""max_depth"": null, ""max_features"": 0.8, ""min_samples_leaf"": 1, ""n_estimators"": 500, ""n_jobs"": -1}",False,2.233941100001175,0.40242340130244475,0.4009241064315683
facial_only,86c07b9f0b9c,22557198bb82e52567d7d8b5c27dbb58d1f51966b9e15e7c5eee66736912ed1e,3,random_forest,"{""class_weight"": ""balanced_subsample"", ""max_depth"": null, ""max_features"": ""sqrt"", ""min_samples_leaf"": 3, ""n_estimators"": 500, ""n_jobs"": -1}",False,1.9541844000013953,0.4051012419486851,0.39748473729845735
facial_only,54cd49168558,22557198bb82e52567d7d8b5c27dbb58d1f51966b9e15e7c5eee66736912ed1e,3,random_forest,"{""class_weight"": ""balanced_subsample"", ""max_depth"": null, ""max_features"": 0.8, ""min_samples_leaf"": 3, ""n_estimators"": 500, ""n_jobs"": -1}",False,2.164407199999914,0.4059508558414291,0.4002951213725751
facial_only,7630867af438,22557198bb82e52567d7d8b5c27dbb58d1f51966b9e15e7c5eee66736912ed1e,3,random_forest,"{""class_weight"": ""balanced_subsample"", ""max_depth"": 8, ""max_features"": ""sqrt"", ""min_samples_leaf"": 1, ""n_estimators"": 500, ""n_jobs"": -1}",False,1.796169799999916,0.4152254368171951,0.407603955530987
facial_only,4643bba06fbb,22557198bb82e52567d7d8b5c27dbb58d1f51966b9e15e7c5eee66736912ed1e,3,random_forest,"{""class_weight"": ""balanced_subsample"", ""max_depth"": 8, ""max_features"": 0.8, ""min_samples_leaf"": 1, ""n_estimators"": 500, ""n_jobs"": -1}",False,2.103376000000935,0.40594195936087685,0.39771082533397656
facial_only,41e55919bdbe,22557198bb82e52567d7d8b5c27dbb58d1f51966b9e15e7c5eee66736912ed1e,3,random_forest,"{""class_weight"": ""balanced_subsample"", ""max_depth"": 8, ""max_features"": ""sqrt"", ""min_samples_leaf"": 3, ""n_estimators"": 500, ""n_jobs"": -1}",False,1.8243552000003547,0.4079525639656952,0.3949167455694871
facial_only,0f6d2ddde298,22557198bb82e52567d7d8b5c27dbb58d1f51966b9e15e7c5eee66736912ed1e,3,random_forest,"{""class_weight"": ""balanced_subsample"", ""max_depth"": 8, ""max_features"": 0.8, ""min_samples_leaf"": 3, ""n_estimators"": 500, ""n_jobs"": -1}",False,1.9712727999994968,0.4013825130778264,0.39241685811873556
facial_only,862912140178,22557198bb82e52567d7d8b5c27dbb58d1f51966b9e15e7c5eee66736912ed1e,3,random_forest,"{""class_weight"": ""balanced_subsample"", ""max_depth"": 16, ""max_features"": ""sqrt"", ""min_samples_leaf"": 1, ""n_estimators"": 500, ""n_jobs"": -1}",False,1.880229499998677,0.4064712999537383,0.40470473743368546
facial_only,b488d33d0ae3,22557198bb82e52567d7d8b5c27dbb58d1f51966b9e15e7c5eee66736912ed1e,3,random_forest,"{""class_weight"": ""balanced_subsample"", ""max_depth"": 16, ""max_features"": 0.8, ""min_samples_leaf"": 1, ""n_estimators"": 500, ""n_jobs"": -1}",False,2.178775600001245,0.4039402512366108,0.40184148543419257
facial_only,e0c6471ac708,22557198bb82e52567d7d8b5c27dbb58d1f51966b9e15e7c5eee66736912ed1e,3,random_forest,"{""class_weight"": ""balanced_subsample"", ""max_depth"": 16, ""max_features"": ""sqrt"", ""min_samples_leaf"": 3, ""n_estimators"": 500, ""n_jobs"": -1}",False,2.2707621000008658,0.4051012419486851,0.39748473729845735
facial_only,3e79b57ef9ff,22557198bb82e52567d7d8b5c27dbb58d1f51966b9e15e7c5eee66736912ed1e,3,random_forest,"{""class_weight"": ""balanced_subsample"", ""max_depth"": 16, ""max_features"": 0.8, ""min_samples_leaf"": 3, ""n_estimators"": 500, ""n_jobs"": -1}",False,2.4775383999985934,0.4059508558414291,0.4002951213725751
facial_only,52c4e858654b,22557198bb82e52567d7d8b5c27dbb58d1f51966b9e15e7c5eee66736912ed1e,3,xgboost,"{""colsample_bytree"": 0.8, ""early_stopping_rounds"": 30, ""eval_metric"": ""mlogloss"", ""learning_rate"": 0.03, ""max_depth"": 3, ""min_child_weight"": 1, ""n_estimators"": 300, ""n_jobs"": -1, ""objective"": ""multi:softprob"", ""subsample"": 0.8, ""tree_method"": ""hist""}",False,1.6538834999992105,0.40960730934842177,0.38839054223669606
facial_only,e6044ea7216f,22557198bb82e52567d7d8b5c27dbb58d1f51966b9e15e7c5eee66736912ed1e,3,xgboost,"{""colsample_bytree"": 0.8, ""early_stopping_rounds"": 30, ""eval_metric"": ""mlogloss"", ""learning_rate"": 0.03, ""max_depth"": 3, ""min_child_weight"": 5, ""n_estimators"": 300, ""n_jobs"": -1, ""objective"": ""multi:softprob"", ""subsample"": 0.8, ""tree_method"": ""hist""}",False,1.1704906999984814,0.4035310131312053,0.38455957664731993
facial_only,2ac28921e2fc,22557198bb82e52567d7d8b5c27dbb58d1f51966b9e15e7c5eee66736912ed1e,3,xgboost,"{""colsample_bytree"": 1.0, ""early_stopping_rounds"": 30, ""eval_metric"": ""mlogloss"", ""learning_rate"": 0.03, ""max_depth"": 3, ""min_child_weight"": 1, ""n_estimators"": 300, ""n_jobs"": -1, ""objective"": ""multi:softprob"", ""subsample"": 0.8, ""tree_method"": ""hist""}",False,1.1871909999990748,0.407916978043486,0.3851195912380478
facial_only,7e5e4a0a8210,22557198bb82e52567d7d8b5c27dbb58d1f51966b9e15e7c5eee66736912ed1e,3,xgboost,"{""colsample_bytree"": 1.0, ""early_stopping_rounds"": 30, ""eval_metric"": ""mlogloss"", ""learning_rate"": 0.03, ""max_depth"": 3, ""min_child_weight"": 5, ""n_estimators"": 300, ""n_jobs"": -1, ""objective"": ""multi:softprob"", ""subsample"": 0.8, ""tree_method"": ""hist""}",False,1.2899589000007836,0.39813084943596316,0.3802229413879899
facial_only,61d28dd004ab,22557198bb82e52567d7d8b5c27dbb58d1f51966b9e15e7c5eee66736912ed1e,3,xgboost,"{""colsample_bytree"": 0.8, ""early_stopping_rounds"": 30, ""eval_metric"": ""mlogloss"", ""learning_rate"": 0.1, ""max_depth"": 3, ""min_child_weight"": 1, ""n_estimators"": 300, ""n_jobs"": -1, ""objective"": ""multi:softprob"", ""subsample"": 0.8, ""tree_method"": ""hist""}",True,0.6485892000000604,0.407916978043486,0.3885831975242347
facial_only,273e82f898a0,22557198bb82e52567d7d8b5c27dbb58d1f51966b9e15e7c5eee66736912ed1e,3,xgboost,"{""colsample_bytree"": 0.8, ""early_stopping_rounds"": 30, ""eval_metric"": ""mlogloss"", ""learning_rate"": 0.1, ""max_depth"": 3, ""min_child_weight"": 5, ""n_estimators"": 300, ""n_jobs"": -1, ""objective"": ""multi:softprob"", ""subsample"": 0.8, ""tree_method"": ""hist""}",False,0.5872337000000698,0.39914504821892455,0.38554627325512497
facial_only,5019e0e4e655,22557198bb82e52567d7d8b5c27dbb58d1f51966b9e15e7c5eee66736912ed1e,3,xgboost,"{""colsample_bytree"": 1.0, ""early_stopping_rounds"": 30, ""eval_metric"": ""mlogloss"", ""learning_rate"": 0.1, ""max_depth"": 3, ""min_child_weight"": 1, ""n_estimators"": 300, ""n_jobs"": -1, ""objective"": ""multi:softprob"", ""subsample"": 0.8, ""tree_method"": ""hist""}",False,0.529123599999366,0.3998211807408989,0.38249485331960886
facial_only,281f0bd12afc,22557198bb82e52567d7d8b5c27dbb58d1f51966b9e15e7c5eee66736912ed1e,3,xgboost,"{""colsample_bytree"": 1.0, ""early_stopping_rounds"": 30, ""eval_metric"": ""mlogloss"", ""learning_rate"": 0.1, ""max_depth"": 3, ""min_child_weight"": 5, ""n_estimators"": 300, ""n_jobs"": -1, ""objective"": ""multi:softprob"", ""subsample"": 0.8, ""tree_method"": ""hist""}",False,0.5593257000000449,0.39796626454574574,0.3810028452269005
facial_only,a4ed4de96c0f,22557198bb82e52567d7d8b5c27dbb58d1f51966b9e15e7c5eee66736912ed1e,3,xgboost,"{""colsample_bytree"": 0.8, ""early_stopping_rounds"": 30, ""eval_metric"": ""mlogloss"", ""learning_rate"": 0.03, ""max_depth"": 5, ""min_child_weight"": 1, ""n_estimators"": 300, ""n_jobs"": -1, ""objective"": ""multi:softprob"", ""subsample"": 0.8, ""tree_method"": ""hist""}",False,1.8810845000007248,0.4037133909825273,0.38590746959222466
facial_only,578259f2bd22,22557198bb82e52567d7d8b5c27dbb58d1f51966b9e15e7c5eee66736912ed1e,3,xgboost,"{""colsample_bytree"": 0.8, ""early_stopping_rounds"": 30, ""eval_metric"": ""mlogloss"", ""learning_rate"": 0.03, ""max_depth"": 5, ""min_child_weight"": 5, ""n_estimators"": 300, ""n_jobs"": -1, ""objective"": ""multi:softprob"", ""subsample"": 0.8, ""tree_method"": ""hist""}",False,1.7430898000002344,0.3991628411800292,0.3843284905833369
facial_only,664714dfeb71,22557198bb82e52567d7d8b5c27dbb58d1f51966b9e15e7c5eee66736912ed1e,3,xgboost,"{""colsample_bytree"": 1.0, ""early_stopping_rounds"": 30, ""eval_metric"": ""mlogloss"", ""learning_rate"": 0.03, ""max_depth"": 5, ""min_child_weight"": 1, ""n_estimators"": 300, ""n_jobs"": -1, ""objective"": ""multi:softprob"", ""subsample"": 0.8, ""tree_method"": ""hist""}",False,1.9999401999994006,0.4023611259385787,0.38336176261549393
facial_only,29b0784d382b,22557198bb82e52567d7d8b5c27dbb58d1f51966b9e15e7c5eee66736912ed1e,3,xgboost,"{""colsample_bytree"": 1.0, ""early_stopping_rounds"": 30, ""eval_metric"": ""mlogloss"", ""learning_rate"": 0.03, ""max_depth"": 5, ""min_child_weight"": 5, ""n_estimators"": 300, ""n_jobs"": -1, ""objective"": ""multi:softprob"", ""subsample"": 0.8, ""tree_method"": ""hist""}",False,1.8153134000003774,0.39848670865805486,0.38338690103395984
facial_only,9ff407e47a79,22557198bb82e52567d7d8b5c27dbb58d1f51966b9e15e7c5eee66736912ed1e,3,xgboost,"{""colsample_bytree"": 0.8, ""early_stopping_rounds"": 30, ""eval_metric"": ""mlogloss"", ""learning_rate"": 0.1, ""max_depth"": 5, ""min_child_weight"": 1, ""n_estimators"": 300, ""n_jobs"": -1, ""objective"": ""multi:softprob"", ""subsample"": 0.8, ""tree_method"": ""hist""}",False,0.9761651000007987,0.40388687235329707,0.38736410829434087
facial_only,1640bb5d0aaa,22557198bb82e52567d7d8b5c27dbb58d1f51966b9e15e7c5eee66736912ed1e,3,xgboost,"{""colsample_bytree"": 0.8, ""early_stopping_rounds"": 30, ""eval_metric"": ""mlogloss"", ""learning_rate"": 0.1, ""max_depth"": 5, ""min_child_weight"": 5, ""n_estimators"": 300, ""n_jobs"": -1, ""objective"": ""multi:softprob"", ""subsample"": 0.8, ""tree_method"": ""hist""}",False,1.0475846999997884,0.4016938898971567,0.38739592625631875
facial_only,3c0353feee8d,22557198bb82e52567d7d8b5c27dbb58d1f51966b9e15e7c5eee66736912ed1e,3,xgboost,"{""colsample_bytree"": 1.0, ""early_stopping_rounds"": 30, ""eval_metric"": ""mlogloss"", ""learning_rate"": 0.1, ""max_depth"": 5, ""min_child_weight"": 1, ""n_estimators"": 300, ""n_jobs"": -1, ""objective"": ""multi:softprob"", ""subsample"": 0.8, ""tree_method"": ""hist""}",False,1.0204634000001533,0.40742322337283365,0.3875555555555556
facial_only,76a0a842fdc6,22557198bb82e52567d7d8b5c27dbb58d1f51966b9e15e7c5eee66736912ed1e,3,xgboost,"{""colsample_bytree"": 1.0, ""early_stopping_rounds"": 30, ""eval_metric"": ""mlogloss"", ""learning_rate"": 0.1, ""max_depth"": 5, ""min_child_weight"": 5, ""n_estimators"": 300, ""n_jobs"": -1, ""objective"": ""multi:softprob"", ""subsample"": 0.8, ""tree_method"": ""hist""}",False,0.7297741000002134,0.3984956051386071,0.3861362039083794
facial_only,fd8e21cae0de,22557198bb82e52567d7d8b5c27dbb58d1f51966b9e15e7c5eee66736912ed1e,3,xgboost,"{""colsample_bytree"": 0.8, ""early_stopping_rounds"": 30, ""eval_metric"": ""mlogloss"", ""learning_rate"": 0.03, ""max_depth"": 3, ""min_child_weight"": 1, ""n_estimators"": 600, ""n_jobs"": -1, ""objective"": ""multi:softprob"", ""subsample"": 0.8, ""tree_method"": ""hist""}",False,1.4551986000005854,0.40960730934842177,0.38839054223669606
facial_only,3e267305ecbb,22557198bb82e52567d7d8b5c27dbb58d1f51966b9e15e7c5eee66736912ed1e,3,xgboost,"{""colsample_bytree"": 0.8, ""early_stopping_rounds"": 30, ""eval_metric"": ""mlogloss"", ""learning_rate"": 0.03, ""max_depth"": 3, ""min_child_weight"": 5, ""n_estimators"": 600, ""n_jobs"": -1, ""objective"": ""multi:softprob"", ""subsample"": 0.8, ""tree_method"": ""hist""}",False,1.2752462999997078,0.4035310131312053,0.38455957664731993
facial_only,5ea046f1e5ea,22557198bb82e52567d7d8b5c27dbb58d1f51966b9e15e7c5eee66736912ed1e,3,xgboost,"{""colsample_bytree"": 1.0, ""early_stopping_rounds"": 30, ""eval_metric"": ""mlogloss"", ""learning_rate"": 0.03, ""max_depth"": 3, ""min_child_weight"": 1, ""n_estimators"": 600, ""n_jobs"": -1, ""objective"": ""multi:softprob"", ""subsample"": 0.8, ""tree_method"": ""hist""}",False,1.3433018999985507,0.407916978043486,0.3851195912380478
facial_only,233f3e858cb0,22557198bb82e52567d7d8b5c27dbb58d1f51966b9e15e7c5eee66736912ed1e,3,xgboost,"{""colsample_bytree"": 1.0, ""early_stopping_rounds"": 30, ""eval_metric"": ""mlogloss"", ""learning_rate"": 0.03, ""max_depth"": 3, ""min_child_weight"": 5, ""n_estimators"": 600, ""n_jobs"": -1, ""objective"": ""multi:softprob"", ""subsample"": 0.8, ""tree_method"": ""hist""}",False,1.3723971999988862,0.39813084943596316,0.3802229413879899
facial_only,89af4ef4dc00,22557198bb82e52567d7d8b5c27dbb58d1f51966b9e15e7c5eee66736912ed1e,3,xgboost,"{""colsample_bytree"": 0.8, ""early_stopping_rounds"": 30, ""eval_metric"": ""mlogloss"", ""learning_rate"": 0.1, ""max_depth"": 3, ""min_child_weight"": 1, ""n_estimators"": 600, ""n_jobs"": -1, ""objective"": ""multi:softprob"", ""subsample"": 0.8, ""tree_method"": ""hist""}",False,0.6915690999994695,0.407916978043486,0.3885831975242347
facial_only,850288ac9397,22557198bb82e52567d7d8b5c27dbb58d1f51966b9e15e7c5eee66736912ed1e,3,xgboost,"{""colsample_bytree"": 0.8, ""early_stopping_rounds"": 30, ""eval_metric"": ""mlogloss"", ""learning_rate"": 0.1, ""max_depth"": 3, ""min_child_weight"": 5, ""n_estimators"": 600, ""n_jobs"": -1, ""objective"": ""multi:softprob"", ""subsample"": 0.8, ""tree_method"": ""hist""}",False,0.626222200000484,0.39914504821892455,0.38554627325512497
facial_only,8023133bca76,22557198bb82e52567d7d8b5c27dbb58d1f51966b9e15e7c5eee66736912ed1e,3,xgboost,"{""colsample_bytree"": 1.0, ""early_stopping_rounds"": 30, ""eval_metric"": ""mlogloss"", ""learning_rate"": 0.1, ""max_depth"": 3, ""min_child_weight"": 1, ""n_estimators"": 600, ""n_jobs"": -1, ""objective"": ""multi:softprob"", ""subsample"": 0.8, ""tree_method"": ""hist""}",False,0.5579292999991594,0.3998211807408989,0.38249485331960886
facial_only,2a9e450625ff,22557198bb82e52567d7d8b5c27dbb58d1f51966b9e15e7c5eee66736912ed1e,3,xgboost,"{""colsample_bytree"": 1.0, ""early_stopping_rounds"": 30, ""eval_metric"": ""mlogloss"", ""learning_rate"": 0.1, ""max_depth"": 3, ""min_child_weight"": 5, ""n_estimators"": 600, ""n_jobs"": -1, ""objective"": ""multi:softprob"", ""subsample"": 0.8, ""tree_method"": ""hist""}",False,0.519526500000211,0.39796626454574574,0.3810028452269005
facial_only,b77fc0c4cd81,22557198bb82e52567d7d8b5c27dbb58d1f51966b9e15e7c5eee66736912ed1e,3,xgboost,"{""colsample_bytree"": 0.8, ""early_stopping_rounds"": 30, ""eval_metric"": ""mlogloss"", ""learning_rate"": 0.03, ""max_depth"": 5, ""min_child_weight"": 1, ""n_estimators"": 600, ""n_jobs"": -1, ""objective"": ""multi:softprob"", ""subsample"": 0.8, ""tree_method"": ""hist""}",False,1.7844609000003402,0.4037133909825273,0.38590746959222466
facial_only,83b955aae125,22557198bb82e52567d7d8b5c27dbb58d1f51966b9e15e7c5eee66736912ed1e,3,xgboost,"{""colsample_bytree"": 0.8, ""early_stopping_rounds"": 30, ""eval_metric"": ""mlogloss"", ""learning_rate"": 0.03, ""max_depth"": 5, ""min_child_weight"": 5, ""n_estimators"": 600, ""n_jobs"": -1, ""objective"": ""multi:softprob"", ""subsample"": 0.8, ""tree_method"": ""hist""}",False,1.7235325999990891,0.3991628411800292,0.3843284905833369
facial_only,7aa0faebcd59,22557198bb82e52567d7d8b5c27dbb58d1f51966b9e15e7c5eee66736912ed1e,3,xgboost,"{""colsample_bytree"": 1.0, ""early_stopping_rounds"": 30, ""eval_metric"": ""mlogloss"", ""learning_rate"": 0.03, ""max_depth"": 5, ""min_child_weight"": 1, ""n_estimators"": 600, ""n_jobs"": -1, ""objective"": ""multi:softprob"", ""subsample"": 0.8, ""tree_method"": ""hist""}",False,1.9783153000007587,0.4023611259385787,0.38336176261549393
facial_only,900dbedc225b,22557198bb82e52567d7d8b5c27dbb58d1f51966b9e15e7c5eee66736912ed1e,3,xgboost,"{""colsample_bytree"": 1.0, ""early_stopping_rounds"": 30, ""eval_metric"": ""mlogloss"", ""learning_rate"": 0.03, ""max_depth"": 5, ""min_child_weight"": 5, ""n_estimators"": 600, ""n_jobs"": -1, ""objective"": ""multi:softprob"", ""subsample"": 0.8, ""tree_method"": ""hist""}",False,1.6756115000007412,0.39848670865805486,0.38338690103395984
facial_only,84356dc6930b,22557198bb82e52567d7d8b5c27dbb58d1f51966b9e15e7c5eee66736912ed1e,3,xgboost,"{""colsample_bytree"": 0.8, ""early_stopping_rounds"": 30, ""eval_metric"": ""mlogloss"", ""learning_rate"": 0.1, ""max_depth"": 5, ""min_child_weight"": 1, ""n_estimators"": 600, ""n_jobs"": -1, ""objective"": ""multi:softprob"", ""subsample"": 0.8, ""tree_method"": ""hist""}",False,0.9465405999999348,0.40388687235329707,0.38736410829434087
facial_only,d6b94d7cc920,22557198bb82e52567d7d8b5c27dbb58d1f51966b9e15e7c5eee66736912ed1e,3,xgboost,"{""colsample_bytree"": 0.8, ""early_stopping_rounds"": 30, ""eval_metric"": ""mlogloss"", ""learning_rate"": 0.1, ""max_depth"": 5, ""min_child_weight"": 5, ""n_estimators"": 600, ""n_jobs"": -1, ""objective"": ""multi:softprob"", ""subsample"": 0.8, ""tree_method"": ""hist""}",False,0.874497099999644,0.4016938898971567,0.38739592625631875
facial_only,ed5cff5b45cf,22557198bb82e52567d7d8b5c27dbb58d1f51966b9e15e7c5eee66736912ed1e,3,xgboost,"{""colsample_bytree"": 1.0, ""early_stopping_rounds"": 30, ""eval_metric"": ""mlogloss"", ""learning_rate"": 0.1, ""max_depth"": 5, ""min_child_weight"": 1, ""n_estimators"": 600, ""n_jobs"": -1, ""objective"": ""multi:softprob"", ""subsample"": 0.8, ""tree_method"": ""hist""}",False,0.9578142999998818,0.40742322337283365,0.3875555555555556
facial_only,94c26a8ef2c4,22557198bb82e52567d7d8b5c27dbb58d1f51966b9e15e7c5eee66736912ed1e,3,xgboost,"{""colsample_bytree"": 1.0, ""early_stopping_rounds"": 30, ""eval_metric"": ""mlogloss"", ""learning_rate"": 0.1, ""max_depth"": 5, ""min_child_weight"": 5, ""n_estimators"": 600, ""n_jobs"": -1, ""objective"": ""multi:softprob"", ""subsample"": 0.8, ""tree_method"": ""hist""}",False,0.7691513999998278,0.3984956051386071,0.3861362039083794
facial_only,b785e498e470,22557198bb82e52567d7d8b5c27dbb58d1f51966b9e15e7c5eee66736912ed1e,4,svm,"{""C"": 0.1, ""class_weight"": ""balanced"", ""kernel"": ""linear""}",False,0.275980399999753,0.4531883735048697,0.3869889005775243
facial_only,34c97e51572e,22557198bb82e52567d7d8b5c27dbb58d1f51966b9e15e7c5eee66736912ed1e,4,svm,"{""C"": 1.0, ""class_weight"": ""balanced"", ""kernel"": ""linear""}",False,0.4668936999987636,0.45384713503319646,0.38753232077273897
facial_only,c8da45025ca6,22557198bb82e52567d7d8b5c27dbb58d1f51966b9e15e7c5eee66736912ed1e,4,svm,"{""C"": 10.0, ""class_weight"": ""balanced"", ""kernel"": ""linear""}",False,1.907950200000414,0.453517754269033,0.38703202413452686
facial_only,3f2d5a9c37df,22557198bb82e52567d7d8b5c27dbb58d1f51966b9e15e7c5eee66736912ed1e,4,svm,"{""C"": 0.1, ""class_weight"": ""balanced"", ""gamma"": ""scale"", ""kernel"": ""rbf""}",True,0.5061499000003096,0.43313570487483527,0.4019873462931782
facial_only,a8f39ccb1454,22557198bb82e52567d7d8b5c27dbb58d1f51966b9e15e7c5eee66736912ed1e,4,svm,"{""C"": 0.1, ""class_weight"": ""balanced"", ""gamma"": 0.1, ""kernel"": ""rbf""}",False,0.5263910999983636,0.43313570487483527,0.4019873462931782
facial_only,9384a3bb8ca8,22557198bb82e52567d7d8b5c27dbb58d1f51966b9e15e7c5eee66736912ed1e,4,svm,"{""C"": 1.0, ""class_weight"": ""balanced"", ""gamma"": ""scale"", ""kernel"": ""rbf""}",False,0.4230154999986553,0.4384937934330517,0.38526976253922274
facial_only,4f4f2e972d2b,22557198bb82e52567d7d8b5c27dbb58d1f51966b9e15e7c5eee66736912ed1e,4,svm,"{""C"": 1.0, ""class_weight"": ""balanced"", ""gamma"": 0.1, ""kernel"": ""rbf""}",False,0.42371579999962705,0.4384937934330517,0.38526976253922274
facial_only,47b8cdda5535,22557198bb82e52567d7d8b5c27dbb58d1f51966b9e15e7c5eee66736912ed1e,4,svm,"{""C"": 10.0, ""class_weight"": ""balanced"", ""gamma"": ""scale"", ""kernel"": ""rbf""}",False,0.36671670000032464,0.424187527448397,0.3896938043003053
facial_only,8b5eb616ca11,22557198bb82e52567d7d8b5c27dbb58d1f51966b9e15e7c5eee66736912ed1e,4,svm,"{""C"": 10.0, ""class_weight"": ""balanced"", ""gamma"": 0.1, ""kernel"": ""rbf""}",False,0.3660421000004135,0.424187527448397,0.3896938043003053
facial_only,1f3f5b7a1f13,22557198bb82e52567d7d8b5c27dbb58d1f51966b9e15e7c5eee66736912ed1e,4,random_forest,"{""class_weight"": ""balanced_subsample"", ""max_depth"": null, ""max_features"": ""sqrt"", ""min_samples_leaf"": 1, ""n_estimators"": 200, ""n_jobs"": -1}",False,0.7832438000004913,0.45104578392621875,0.42115732368896924
facial_only,cfdf5414a6fe,22557198bb82e52567d7d8b5c27dbb58d1f51966b9e15e7c5eee66736912ed1e,4,random_forest,"{""class_weight"": ""balanced_subsample"", ""max_depth"": null, ""max_features"": 0.8, ""min_samples_leaf"": 1, ""n_estimators"": 200, ""n_jobs"": -1}",False,0.9237714999999298,0.4517045454545454,0.4224785027819929
facial_only,8fb923e5d748,22557198bb82e52567d7d8b5c27dbb58d1f51966b9e15e7c5eee66736912ed1e,4,random_forest,"{""class_weight"": ""balanced_subsample"", ""max_depth"": null, ""max_features"": ""sqrt"", ""min_samples_leaf"": 3, ""n_estimators"": 200, ""n_jobs"": -1}",False,0.8215593000004446,0.4525691699604743,0.4119537526944934
facial_only,d5eb4fec9dc7,22557198bb82e52567d7d8b5c27dbb58d1f51966b9e15e7c5eee66736912ed1e,4,random_forest,"{""class_weight"": ""balanced_subsample"", ""max_depth"": null, ""max_features"": 0.8, ""min_samples_leaf"": 3, ""n_estimators"": 200, ""n_jobs"": -1}",False,0.9211864999997488,0.45768829600351335,0.418272793850013
facial_only,30545db26cd1,22557198bb82e52567d7d8b5c27dbb58d1f51966b9e15e7c5eee66736912ed1e,4,random_forest,"{""class_weight"": ""balanced_subsample"", ""max_depth"": 8, ""max_features"": ""sqrt"", ""min_samples_leaf"": 1, ""n_estimators"": 200, ""n_jobs"": -1}",False,0.7847722999995312,0.45523166447079494,0.41003742836325285
facial_only,8ccc1d4ec9ea,22557198bb82e52567d7d8b5c27dbb58d1f51966b9e15e7c5eee66736912ed1e,4,random_forest,"{""class_weight"": ""balanced_subsample"", ""max_depth"": 8, ""max_features"": 0.8, ""min_samples_leaf"": 1, ""n_estimators"": 200, ""n_jobs"": -1}",False,0.8556850000004488,0.456219806763285,0.4130253169154771
facial_only,869b859ae6d2,22557198bb82e52567d7d8b5c27dbb58d1f51966b9e15e7c5eee66736912ed1e,4,random_forest,"{""class_weight"": ""balanced_subsample"", ""max_depth"": 8, ""max_features"": ""sqrt"", ""min_samples_leaf"": 3, ""n_estimators"": 200, ""n_jobs"": -1}",False,0.7581626000010147,0.45358476064997805,0.4080571386120751
facial_only,ecbb6cbc4135,22557198bb82e52567d7d8b5c27dbb58d1f51966b9e15e7c5eee66736912ed1e,4,random_forest,"{""class_weight"": ""balanced_subsample"", ""max_depth"": 8, ""max_features"": 0.8, ""min_samples_leaf"": 3, ""n_estimators"": 200, ""n_jobs"": -1}",False,0.909115300000849,0.45457290294246816,0.41044490692274954
facial_only,32a1f06b6265,22557198bb82e52567d7d8b5c27dbb58d1f51966b9e15e7c5eee66736912ed1e,4,random_forest,"{""class_weight"": ""balanced_subsample"", ""max_depth"": 16, ""max_features"": ""sqrt"", ""min_samples_leaf"": 1, ""n_estimators"": 200, ""n_jobs"": -1}",False,0.7811842999999499,0.4513751646903821,0.42087127212985337
facial_only,f8a448b569de,22557198bb82e52567d7d8b5c27dbb58d1f51966b9e15e7c5eee66736912ed1e,4,random_forest,"{""class_weight"": ""balanced_subsample"", ""max_depth"": 16, ""max_features"": 0.8, ""min_samples_leaf"": 1, ""n_estimators"": 200, ""n_jobs"": -1}",False,0.9170701999992161,0.45071640316205536,0.4205021004280949
facial_only,3de1e394426b,22557198bb82e52567d7d8b5c27dbb58d1f51966b9e15e7c5eee66736912ed1e,4,random_forest,"{""class_weight"": ""balanced_subsample"", ""max_depth"": 16, ""max_features"": ""sqrt"", ""min_samples_leaf"": 3, ""n_estimators"": 200, ""n_jobs"": -1}",False,0.7789874999998574,0.4528985507246377,0.4125530954289558
facial_only,7ba850d0cd37,22557198bb82e52567d7d8b5c27dbb58d1f51966b9e15e7c5eee66736912ed1e,4,random_forest,"{""class_weight"": ""balanced_subsample"", ""max_depth"": 16, ""max_features"": 0.8, ""min_samples_leaf"": 3, ""n_estimators"": 200, ""n_jobs"": -1}",False,0.86732259999917,0.45768829600351335,0.418272793850013
facial_only,4ef548874658,22557198bb82e52567d7d8b5c27dbb58d1f51966b9e15e7c5eee66736912ed1e,4,random_forest,"{""class_weight"": ""balanced_subsample"", ""max_depth"": null, ""max_features"": ""sqrt"", ""min_samples_leaf"": 1, ""n_estimators"": 500, ""n_jobs"": -1}",False,1.9332083999997849,0.45236330698287225,0.42284655549941047
facial_only,345dfc61311f,22557198bb82e52567d7d8b5c27dbb58d1f51966b9e15e7c5eee66736912ed1e,4,random_forest,"{""class_weight"": ""balanced_subsample"", ""max_depth"": null, ""max_features"": 0.8, ""min_samples_leaf"": 1, ""n_estimators"": 500, ""n_jobs"": -1}",False,2.206670800000211,0.4551767676767677,0.4238437001594897
facial_only,86c07b9f0b9c,22557198bb82e52567d7d8b5c27dbb58d1f51966b9e15e7c5eee66736912ed1e,4,random_forest,"{""class_weight"": ""balanced_subsample"", ""max_depth"": null, ""max_features"": ""sqrt"", ""min_samples_leaf"": 3, ""n_estimators"": 500, ""n_jobs"": -1}",False,1.9441576000008354,0.4528985507246377,0.4125530954289558
facial_only,54cd49168558,22557198bb82e52567d7d8b5c27dbb58d1f51966b9e15e7c5eee66736912ed1e,4,random_forest,"{""class_weight"": ""balanced_subsample"", ""max_depth"": null, ""max_features"": 0.8, ""min_samples_leaf"": 3, ""n_estimators"": 500, ""n_jobs"": -1}",False,2.1277626999999484,0.45388669301712775,0.41506093960468843
facial_only,7630867af438,22557198bb82e52567d7d8b5c27dbb58d1f51966b9e15e7c5eee66736912ed1e,4,random_forest,"{""class_weight"": ""balanced_subsample"", ""max_depth"": 8, ""max_features"": ""sqrt"", ""min_samples_leaf"": 1, ""n_estimators"": 500, ""n_jobs"": -1}",False,1.8741048000010778,0.456219806763285,0.41140650633654996
facial_only,4643bba06fbb,22557198bb82e52567d7d8b5c27dbb58d1f51966b9e15e7c5eee66736912ed1e,4,random_forest,"{""class_weight"": ""balanced_subsample"", ""max_depth"": 8, ""max_features"": 0.8, ""min_samples_leaf"": 1, ""n_estimators"": 500, ""n_jobs"": -1}",False,2.0755788999995275,0.45720794905577516,0.4148441365660564
facial_only,41e55919bdbe,22557198bb82e52567d7d8b5c27dbb58d1f51966b9e15e7c5eee66736912ed1e,4,random_forest,"{""class_weight"": ""balanced_subsample"", ""max_depth"": 8, ""max_features"": ""sqrt"", ""min_samples_leaf"": 3, ""n_estimators"": 500, ""n_jobs"": -1}",False,1.87830539999959,0.45193785682916116,0.4048198354767698
facial_only,0f6d2ddde298,22557198bb82e52567d7d8b5c27dbb58d1f51966b9e15e7c5eee66736912ed1e,4,random_forest,"{""class_weight"": ""balanced_subsample"", ""max_depth"": 8, ""max_features"": 0.8, ""min_samples_leaf"": 3, ""n_estimators"": 500, ""n_jobs"": -1}",False,2.054381200001444,0.4542435221783048,0.4098542628997028
facial_only,862912140178,22557198bb82e52567d7d8b5c27dbb58d1f51966b9e15e7c5eee66736912ed1e,4,random_forest,"{""class_weight"": ""balanced_subsample"", ""max_depth"": 16, ""max_features"": ""sqrt"", ""min_samples_leaf"": 1, ""n_estimators"": 500, ""n_jobs"": -1}",False,2.0758858999997756,0.4520339262187088,0.422184534527881
facial_only,b488d33d0ae3,22557198bb82e52567d7d8b5c27dbb58d1f51966b9e15e7c5eee66736912ed1e,4,random_forest,"{""class_weight"": ""balanced_subsample"", ""max_depth"": 16, ""max_features"": 0.8, ""min_samples_leaf"": 1, ""n_estimators"": 500, ""n_jobs"": -1}",True,2.1968125000003056,0.45550614844093107,0.4254823807115158
facial_only,e0c6471ac708,22557198bb82e52567d7d8b5c27dbb58d1f51966b9e15e7c5eee66736912ed1e,4,random_forest,"{""class_weight"": ""balanced_subsample"", ""max_depth"": 16, ""max_features"": ""sqrt"", ""min_samples_leaf"": 3, ""n_estimators"": 500, ""n_jobs"": -1}",False,1.9917237999998179,0.4525691699604743,0.4119537526944934
facial_only,3e79b57ef9ff,22557198bb82e52567d7d8b5c27dbb58d1f51966b9e15e7c5eee66736912ed1e,4,random_forest,"{""class_weight"": ""balanced_subsample"", ""max_depth"": 16, ""max_features"": 0.8, ""min_samples_leaf"": 3, ""n_estimators"": 500, ""n_jobs"": -1}",False,2.203738500000327,0.45388669301712775,0.41506093960468843
facial_only,52c4e858654b,22557198bb82e52567d7d8b5c27dbb58d1f51966b9e15e7c5eee66736912ed1e,4,xgboost,"{""colsample_bytree"": 0.8, ""early_stopping_rounds"": 30, ""eval_metric"": ""mlogloss"", ""learning_rate"": 0.03, ""max_depth"": 3, ""min_child_weight"": 1, ""n_estimators"": 300, ""n_jobs"": -1, ""objective"": ""multi:softprob"", ""subsample"": 0.8, ""tree_method"": ""hist""}",False,1.416594400001486,0.473998294970162,0.418060642988553
facial_only,e6044ea7216f,22557198bb82e52567d7d8b5c27dbb58d1f51966b9e15e7c5eee66736912ed1e,4,xgboost,"{""colsample_bytree"": 0.8, ""early_stopping_rounds"": 30, ""eval_metric"": ""mlogloss"", ""learning_rate"": 0.03, ""max_depth"": 3, ""min_child_weight"": 5, ""n_estimators"": 300, ""n_jobs"": -1, ""objective"": ""multi:softprob"", ""subsample"": 0.8, ""tree_method"": ""hist""}",False,1.4812567999997555,0.46525598052132583,0.4069005117755618
facial_only,2ac28921e2fc,22557198bb82e52567d7d8b5c27dbb58d1f51966b9e15e7c5eee66736912ed1e,4,xgboost,"{""colsample_bytree"": 1.0, ""early_stopping_rounds"": 30, ""eval_metric"": ""mlogloss"", ""learning_rate"": 0.03, ""max_depth"": 3, ""min_child_weight"": 1, ""n_estimators"": 300, ""n_jobs"": -1, ""objective"": ""multi:softprob"", ""subsample"": 0.8, ""tree_method"": ""hist""}",False,1.3808325999998488,0.4723513911493451,0.415488559991189
facial_only,7e5e4a0a8210,22557198bb82e52567d7d8b5c27dbb58d1f51966b9e15e7c5eee66736912ed1e,4,xgboost,"{""colsample_bytree"": 1.0, ""early_stopping_rounds"": 30, ""eval_metric"": ""mlogloss"", ""learning_rate"": 0.03, ""max_depth"": 3, ""min_child_weight"": 5, ""n_estimators"": 300, ""n_jobs"": -1, ""objective"": ""multi:softprob"", ""subsample"": 0.8, ""tree_method"": ""hist""}",False,1.5103192999995372,0.46145437753494023,0.40533342312151416
facial_only,61d28dd004ab,22557198bb82e52567d7d8b5c27dbb58d1f51966b9e15e7c5eee66736912ed1e,4,xgboost,"{""colsample_bytree"": 0.8, ""early_stopping_rounds"": 30, ""eval_metric"": ""mlogloss"", ""learning_rate"": 0.1, ""max_depth"": 3, ""min_child_weight"": 1, ""n_estimators"": 300, ""n_jobs"": -1, ""objective"": ""multi:softprob"", ""subsample"": 0.8, ""tree_method"": ""hist""}",False,0.6450650000006135,0.4452323748998941,0.40438650841056023
facial_only,273e82f898a0,22557198bb82e52567d7d8b5c27dbb58d1f51966b9e15e7c5eee66736912ed1e,4,xgboost,"{""colsample_bytree"": 0.8, ""early_stopping_rounds"": 30, ""eval_metric"": ""mlogloss"", ""learning_rate"": 0.1, ""max_depth"": 3, ""min_child_weight"": 5, ""n_estimators"": 300, ""n_jobs"": -1, ""objective"": ""multi:softprob"", ""subsample"": 0.8, ""tree_method"": ""hist""}",False,0.6471356000001833,0.43618812808390817,0.3872770922462516
facial_only,5019e0e4e655,22557198bb82e52567d7d8b5c27dbb58d1f51966b9e15e7c5eee66736912ed1e,4,xgboost,"{""colsample_bytree"": 1.0, ""early_stopping_rounds"": 30, ""eval_metric"": ""mlogloss"", ""learning_rate"": 0.1, ""max_depth"": 3, ""min_child_weight"": 1, ""n_estimators"": 300, ""n_jobs"": -1, ""objective"": ""multi:softprob"", ""subsample"": 0.8, ""tree_method"": ""hist""}",True,0.5757479000003514,0.47333953344183527,0.4183378192469413
facial_only,281f0bd12afc,22557198bb82e52567d7d8b5c27dbb58d1f51966b9e15e7c5eee66736912ed1e,4,xgboost,"{""colsample_bytree"": 1.0, ""early_stopping_rounds"": 30, ""eval_metric"": ""mlogloss"", ""learning_rate"": 0.1, ""max_depth"": 3, ""min_child_weight"": 5, ""n_estimators"": 300, ""n_jobs"": -1, ""objective"": ""multi:softprob"", ""subsample"": 0.8, ""tree_method"": ""hist""}",False,0.5936106999997719,0.46806944121522126,0.41121126854933615
facial_only,a4ed4de96c0f,22557198bb82e52567d7d8b5c27dbb58d1f51966b9e15e7c5eee66736912ed1e,4,xgboost,"{""colsample_bytree"": 0.8, ""early_stopping_rounds"": 30, ""eval_metric"": ""mlogloss"", ""learning_rate"": 0.03, ""max_depth"": 5, ""min_child_weight"": 1, ""n_estimators"": 300, ""n_jobs"": -1, ""objective"": ""multi:softprob"", ""subsample"": 0.8, ""tree_method"": ""hist""}",False,2.762745400001222,0.43987428634167763,0.4024441388458125
facial_only,578259f2bd22,22557198bb82e52567d7d8b5c27dbb58d1f51966b9e15e7c5eee66736912ed1e,4,xgboost,"{""colsample_bytree"": 0.8, ""early_stopping_rounds"": 30, ""eval_metric"": ""mlogloss"", ""learning_rate"": 0.03, ""max_depth"": 5, ""min_child_weight"": 5, ""n_estimators"": 300, ""n_jobs"": -1, ""objective"": ""multi:softprob"", ""subsample"": 0.8, ""tree_method"": ""hist""}",False,2.032767900000181,0.4308300395256917,0.3909182807288199
facial_only,664714dfeb71,22557198bb82e52567d7d8b5c27dbb58d1f51966b9e15e7c5eee66736912ed1e,4,xgboost,"{""colsample_bytree"": 1.0, ""early_stopping_rounds"": 30, ""eval_metric"": ""mlogloss"", ""learning_rate"": 0.03, ""max_depth"": 5, ""min_child_weight"": 1, ""n_estimators"": 300, ""n_jobs"": -1, ""objective"": ""multi:softprob"", ""subsample"": 0.8, ""tree_method"": ""hist""}",False,2.463074299999789,0.4372392402283707,0.40125804707848056
facial_only,29b0784d382b,22557198bb82e52567d7d8b5c27dbb58d1f51966b9e15e7c5eee66736912ed1e,4,xgboost,"{""colsample_bytree"": 1.0, ""early_stopping_rounds"": 30, ""eval_metric"": ""mlogloss"", ""learning_rate"": 0.03, ""max_depth"": 5, ""min_child_weight"": 5, ""n_estimators"": 300, ""n_jobs"": -1, ""objective"": ""multi:softprob"", ""subsample"": 0.8, ""tree_method"": ""hist""}",False,1.8577998000000662,0.4305006587615283,0.3910643759524508
facial_only,9ff407e47a79,22557198bb82e52567d7d8b5c27dbb58d1f51966b9e15e7c5eee66736912ed1e,4,xgboost,"{""colsample_bytree"": 0.8, ""early_stopping_rounds"": 30, ""eval_metric"": ""mlogloss"", ""learning_rate"": 0.1, ""max_depth"": 5, ""min_child_weight"": 1, ""n_estimators"": 300, ""n_jobs"": -1, ""objective"": ""multi:softprob"", ""subsample"": 0.8, ""tree_method"": ""hist""}",False,1.5818992000004073,0.44894598155467724,0.40791574573957995
facial_only,1640bb5d0aaa,22557198bb82e52567d7d8b5c27dbb58d1f51966b9e15e7c5eee66736912ed1e,4,xgboost,"{""colsample_bytree"": 0.8, ""early_stopping_rounds"": 30, ""eval_metric"": ""mlogloss"", ""learning_rate"": 0.1, ""max_depth"": 5, ""min_child_weight"": 5, ""n_estimators"": 300, ""n_jobs"": -1, ""objective"": ""multi:softprob"", ""subsample"": 0.8, ""tree_method"": ""hist""}",False,0.9743008999994345,0.4332866710584102,0.3940812842014652
facial_only,3c0353feee8d,22557198bb82e52567d7d8b5c27dbb58d1f51966b9e15e7c5eee66736912ed1e,4,xgboost,"{""colsample_bytree"": 1.0, ""early_stopping_rounds"": 30, ""eval_metric"": ""mlogloss"", ""learning_rate"": 0.1, ""max_depth"": 5, ""min_child_weight"": 1, ""n_estimators"": 300, ""n_jobs"": -1, ""objective"": ""multi:softprob"", ""subsample"": 0.8, ""tree_method"": ""hist""}",False,1.7927213000002666,0.44696969696969696,0.4073946710566429
facial_only,76a0a842fdc6,22557198bb82e52567d7d8b5c27dbb58d1f51966b9e15e7c5eee66736912ed1e,4,xgboost,"{""colsample_bytree"": 1.0, ""early_stopping_rounds"": 30, ""eval_metric"": ""mlogloss"", ""learning_rate"": 0.1, ""max_depth"": 5, ""min_child_weight"": 5, ""n_estimators"": 300, ""n_jobs"": -1, ""objective"": ""multi:softprob"", ""subsample"": 0.8, ""tree_method"": ""hist""}",False,1.737272700000176,0.4425367808519982,0.39743206807149
facial_only,fd8e21cae0de,22557198bb82e52567d7d8b5c27dbb58d1f51966b9e15e7c5eee66736912ed1e,4,xgboost,"{""colsample_bytree"": 0.8, ""early_stopping_rounds"": 30, ""eval_metric"": ""mlogloss"", ""learning_rate"": 0.03, ""max_depth"": 3, ""min_child_weight"": 1, ""n_estimators"": 600, ""n_jobs"": -1, ""objective"": ""multi:softprob"", ""subsample"": 0.8, ""tree_method"": ""hist""}",False,1.5592491999996128,0.473998294970162,0.418060642988553
facial_only,3e267305ecbb,22557198bb82e52567d7d8b5c27dbb58d1f51966b9e15e7c5eee66736912ed1e,4,xgboost,"{""colsample_bytree"": 0.8, ""early_stopping_rounds"": 30, ""eval_metric"": ""mlogloss"", ""learning_rate"": 0.03, ""max_depth"": 3, ""min_child_weight"": 5, ""n_estimators"": 600, ""n_jobs"": -1, ""objective"": ""multi:softprob"", ""subsample"": 0.8, ""tree_method"": ""hist""}",False,1.6325448000006872,0.46525598052132583,0.4069005117755618
facial_only,5ea046f1e5ea,22557198bb82e52567d7d8b5c27dbb58d1f51966b9e15e7c5eee66736912ed1e,4,xgboost,"{""colsample_bytree"": 1.0, ""early_stopping_rounds"": 30, ""eval_metric"": ""mlogloss"", ""learning_rate"": 0.03, ""max_depth"": 3, ""min_child_weight"": 1, ""n_estimators"": 600, ""n_jobs"": -1, ""objective"": ""multi:softprob"", ""subsample"": 0.8, ""tree_method"": ""hist""}",False,1.3591952999995556,0.4723513911493451,0.415488559991189
facial_only,233f3e858cb0,22557198bb82e52567d7d8b5c27dbb58d1f51966b9e15e7c5eee66736912ed1e,4,xgboost,"{""colsample_bytree"": 1.0, ""early_stopping_rounds"": 30, ""eval_metric"": ""mlogloss"", ""learning_rate"": 0.03, ""max_depth"": 3, ""min_child_weight"": 5, ""n_estimators"": 600, ""n_jobs"": -1, ""objective"": ""multi:softprob"", ""subsample"": 0.8, ""tree_method"": ""hist""}",False,1.4515325000011217,0.46145437753494023,0.40533342312151416
facial_only,89af4ef4dc00,22557198bb82e52567d7d8b5c27dbb58d1f51966b9e15e7c5eee66736912ed1e,4,xgboost,"{""colsample_bytree"": 0.8, ""early_stopping_rounds"": 30, ""eval_metric"": ""mlogloss"", ""learning_rate"": 0.1, ""max_depth"": 3, ""min_child_weight"": 1, ""n_estimators"": 600, ""n_jobs"": -1, ""objective"": ""multi:softprob"", ""subsample"": 0.8, ""tree_method"": ""hist""}",False,0.6424901999998838,0.4452323748998941,0.40438650841056023
facial_only,850288ac9397,22557198bb82e52567d7d8b5c27dbb58d1f51966b9e15e7c5eee66736912ed1e,4,xgboost,"{""colsample_bytree"": 0.8, ""early_stopping_rounds"": 30, ""eval_metric"": ""mlogloss"", ""learning_rate"": 0.1, ""max_depth"": 3, ""min_child_weight"": 5, ""n_estimators"": 600, ""n_jobs"": -1, ""objective"": ""multi:softprob"", ""subsample"": 0.8, ""tree_method"": ""hist""}",False,0.5943942000012612,0.43618812808390817,0.3872770922462516
facial_only,8023133bca76,22557198bb82e52567d7d8b5c27dbb58d1f51966b9e15e7c5eee66736912ed1e,4,xgboost,"{""colsample_bytree"": 1.0, ""early_stopping_rounds"": 30, ""eval_metric"": ""mlogloss"", ""learning_rate"": 0.1, ""max_depth"": 3, ""min_child_weight"": 1, ""n_estimators"": 600, ""n_jobs"": -1, ""objective"": ""multi:softprob"", ""subsample"": 0.8, ""tree_method"": ""hist""}",False,0.4825404000002891,0.47333953344183527,0.4183378192469413
facial_only,2a9e450625ff,22557198bb82e52567d7d8b5c27dbb58d1f51966b9e15e7c5eee66736912ed1e,4,xgboost,"{""colsample_bytree"": 1.0, ""early_stopping_rounds"": 30, ""eval_metric"": ""mlogloss"", ""learning_rate"": 0.1, ""max_depth"": 3, ""min_child_weight"": 5, ""n_estimators"": 600, ""n_jobs"": -1, ""objective"": ""multi:softprob"", ""subsample"": 0.8, ""tree_method"": ""hist""}",False,0.4906879999998637,0.46806944121522126,0.41121126854933615
facial_only,b77fc0c4cd81,22557198bb82e52567d7d8b5c27dbb58d1f51966b9e15e7c5eee66736912ed1e,4,xgboost,"{""colsample_bytree"": 0.8, ""early_stopping_rounds"": 30, ""eval_metric"": ""mlogloss"", ""learning_rate"": 0.03, ""max_depth"": 5, ""min_child_weight"": 1, ""n_estimators"": 600, ""n_jobs"": -1, ""objective"": ""multi:softprob"", ""subsample"": 0.8, ""tree_method"": ""hist""}",False,2.74661500000002,0.43987428634167763,0.4024441388458125
facial_only,83b955aae125,22557198bb82e52567d7d8b5c27dbb58d1f51966b9e15e7c5eee66736912ed1e,4,xgboost,"{""colsample_bytree"": 0.8, ""early_stopping_rounds"": 30, ""eval_metric"": ""mlogloss"", ""learning_rate"": 0.03, ""max_depth"": 5, ""min_child_weight"": 5, ""n_estimators"": 600, ""n_jobs"": -1, ""objective"": ""multi:softprob"", ""subsample"": 0.8, ""tree_method"": ""hist""}",False,2.065829000001031,0.4308300395256917,0.3909182807288199
facial_only,7aa0faebcd59,22557198bb82e52567d7d8b5c27dbb58d1f51966b9e15e7c5eee66736912ed1e,4,xgboost,"{""colsample_bytree"": 1.0, ""early_stopping_rounds"": 30, ""eval_metric"": ""mlogloss"", ""learning_rate"": 0.03, ""max_depth"": 5, ""min_child_weight"": 1, ""n_estimators"": 600, ""n_jobs"": -1, ""objective"": ""multi:softprob"", ""subsample"": 0.8, ""tree_method"": ""hist""}",False,2.502351600000111,0.4372392402283707,0.40125804707848056
facial_only,900dbedc225b,22557198bb82e52567d7d8b5c27dbb58d1f51966b9e15e7c5eee66736912ed1e,4,xgboost,"{""colsample_bytree"": 1.0, ""early_stopping_rounds"": 30, ""eval_metric"": ""mlogloss"", ""learning_rate"": 0.03, ""max_depth"": 5, ""min_child_weight"": 5, ""n_estimators"": 600, ""n_jobs"": -1, ""objective"": ""multi:softprob"", ""subsample"": 0.8, ""tree_method"": ""hist""}",False,1.9831240000003163,0.4305006587615283,0.3910643759524508
facial_only,84356dc6930b,22557198bb82e52567d7d8b5c27dbb58d1f51966b9e15e7c5eee66736912ed1e,4,xgboost,"{""colsample_bytree"": 0.8, ""early_stopping_rounds"": 30, ""eval_metric"": ""mlogloss"", ""learning_rate"": 0.1, ""max_depth"": 5, ""min_child_weight"": 1, ""n_estimators"": 600, ""n_jobs"": -1, ""objective"": ""multi:softprob"", ""subsample"": 0.8, ""tree_method"": ""hist""}",False,1.7300260000010894,0.44894598155467724,0.40791574573957995
facial_only,d6b94d7cc920,22557198bb82e52567d7d8b5c27dbb58d1f51966b9e15e7c5eee66736912ed1e,4,xgboost,"{""colsample_bytree"": 0.8, ""early_stopping_rounds"": 30, ""eval_metric"": ""mlogloss"", ""learning_rate"": 0.1, ""max_depth"": 5, ""min_child_weight"": 5, ""n_estimators"": 600, ""n_jobs"": -1, ""objective"": ""multi:softprob"", ""subsample"": 0.8, ""tree_method"": ""hist""}",False,1.1140144000000873,0.4332866710584102,0.3940812842014652
facial_only,ed5cff5b45cf,22557198bb82e52567d7d8b5c27dbb58d1f51966b9e15e7c5eee66736912ed1e,4,xgboost,"{""colsample_bytree"": 1.0, ""early_stopping_rounds"": 30, ""eval_metric"": ""mlogloss"", ""learning_rate"": 0.1, ""max_depth"": 5, ""min_child_weight"": 1, ""n_estimators"": 600, ""n_jobs"": -1, ""objective"": ""multi:softprob"", ""subsample"": 0.8, ""tree_method"": ""hist""}",False,1.7193327000004501,0.44696969696969696,0.4073946710566429
facial_only,94c26a8ef2c4,22557198bb82e52567d7d8b5c27dbb58d1f51966b9e15e7c5eee66736912ed1e,4,xgboost,"{""colsample_bytree"": 1.0, ""early_stopping_rounds"": 30, ""eval_metric"": ""mlogloss"", ""learning_rate"": 0.1, ""max_depth"": 5, ""min_child_weight"": 5, ""n_estimators"": 600, ""n_jobs"": -1, ""objective"": ""multi:softprob"", ""subsample"": 0.8, ""tree_method"": ""hist""}",False,1.652555200000279,0.4425367808519982,0.39743206807149
facial_plus_missingness,b785e498e470,22557198bb82e52567d7d8b5c27dbb58d1f51966b9e15e7c5eee66736912ed1e,1,svm,"{""C"": 0.1, ""class_weight"": ""balanced"", ""kernel"": ""linear""}",False,0.33826029999909224,0.6191893734628777,0.39852267458288204
facial_plus_missingness,34c97e51572e,22557198bb82e52567d7d8b5c27dbb58d1f51966b9e15e7c5eee66736912ed1e,1,svm,"{""C"": 1.0, ""class_weight"": ""balanced"", ""kernel"": ""linear""}",False,0.4676392000001215,0.6446112450385955,0.41624427042674
facial_plus_missingness,c8da45025ca6,22557198bb82e52567d7d8b5c27dbb58d1f51966b9e15e7c5eee66736912ed1e,1,svm,"{""C"": 10.0, ""class_weight"": ""balanced"", ""kernel"": ""linear""}",True,1.8906924000002618,0.6670745367326564,0.4322863610639502
facial_plus_missingness,3f2d5a9c37df,22557198bb82e52567d7d8b5c27dbb58d1f51966b9e15e7c5eee66736912ed1e,1,svm,"{""C"": 0.1, ""class_weight"": ""balanced"", ""gamma"": ""scale"", ""kernel"": ""rbf""}",False,0.6742733999999473,0.6367216986875107,0.4123732453581504
facial_plus_missingness,a8f39ccb1454,22557198bb82e52567d7d8b5c27dbb58d1f51966b9e15e7c5eee66736912ed1e,1,svm,"{""C"": 0.1, ""class_weight"": ""balanced"", ""gamma"": 0.1, ""kernel"": ""rbf""}",False,0.6725170999998227,0.5703362797379891,0.4114216093257464
facial_plus_missingness,9384a3bb8ca8,22557198bb82e52567d7d8b5c27dbb58d1f51966b9e15e7c5eee66736912ed1e,1,svm,"{""C"": 1.0, ""class_weight"": ""balanced"", ""gamma"": ""scale"", ""kernel"": ""rbf""}",False,0.47052980000080424,0.5897435897435898,0.42518835922156756
facial_plus_missingness,4f4f2e972d2b,22557198bb82e52567d7d8b5c27dbb58d1f51966b9e15e7c5eee66736912ed1e,1,svm,"{""C"": 1.0, ""class_weight"": ""balanced"", ""gamma"": 0.1, ""kernel"": ""rbf""}",False,0.4884339000000182,0.5787128351230916,0.4194784841512405
facial_plus_missingness,47b8cdda5535,22557198bb82e52567d7d8b5c27dbb58d1f51966b9e15e7c5eee66736912ed1e,1,svm,"{""C"": 10.0, ""class_weight"": ""balanced"", ""gamma"": ""scale"", ""kernel"": ""rbf""}",False,0.4216208000016195,0.40230598777607324,0.39440989443629776
facial_plus_missingness,8b5eb616ca11,22557198bb82e52567d7d8b5c27dbb58d1f51966b9e15e7c5eee66736912ed1e,1,svm,"{""C"": 10.0, ""class_weight"": ""balanced"", ""gamma"": 0.1, ""kernel"": ""rbf""}",False,0.3998993999994127,0.4017215769352522,0.3951646619186277
facial_plus_missingness,1f3f5b7a1f13,22557198bb82e52567d7d8b5c27dbb58d1f51966b9e15e7c5eee66736912ed1e,1,random_forest,"{""class_weight"": ""balanced_subsample"", ""max_depth"": null, ""max_features"": ""sqrt"", ""min_samples_leaf"": 1, ""n_estimators"": 200, ""n_jobs"": -1}",True,0.8143266999995831,0.41607616821292037,0.42870813397129187
facial_plus_missingness,cfdf5414a6fe,22557198bb82e52567d7d8b5c27dbb58d1f51966b9e15e7c5eee66736912ed1e,1,random_forest,"{""class_weight"": ""balanced_subsample"", ""max_depth"": null, ""max_features"": 0.8, ""min_samples_leaf"": 1, ""n_estimators"": 200, ""n_jobs"": -1}",False,0.9800522999994428,0.4127036306523486,0.4240221967701158
facial_plus_missingness,8fb923e5d748,22557198bb82e52567d7d8b5c27dbb58d1f51966b9e15e7c5eee66736912ed1e,1,random_forest,"{""class_weight"": ""balanced_subsample"", ""max_depth"": null, ""max_features"": ""sqrt"", ""min_samples_leaf"": 3, ""n_estimators"": 200, ""n_jobs"": -1}",False,0.8025773999997909,0.41568656098570633,0.41638635320935763
facial_plus_missingness,d5eb4fec9dc7,22557198bb82e52567d7d8b5c27dbb58d1f51966b9e15e7c5eee66736912ed1e,1,random_forest,"{""class_weight"": ""balanced_subsample"", ""max_depth"": null, ""max_features"": 0.8, ""min_samples_leaf"": 3, ""n_estimators"": 200, ""n_jobs"": -1}",False,0.9047668000002886,0.4254754425694596,0.4282828282828282
facial_plus_missingness,30545db26cd1,22557198bb82e52567d7d8b5c27dbb58d1f51966b9e15e7c5eee66736912ed1e,1,random_forest,"{""class_weight"": ""balanced_subsample"", ""max_depth"": 8, ""max_features"": ""sqrt"", ""min_samples_leaf"": 1, ""n_estimators"": 200, ""n_jobs"": -1}",False,0.8429785999996966,0.43133172620352106,0.4260112958674351
facial_plus_missingness,8ccc1d4ec9ea,22557198bb82e52567d7d8b5c27dbb58d1f51966b9e15e7c5eee66736912ed1e,1,random_forest,"{""class_weight"": ""balanced_subsample"", ""max_depth"": 8, ""max_features"": 0.8, ""min_samples_leaf"": 1, ""n_estimators"": 200, ""n_jobs"": -1}",False,0.8873586999998224,0.41315411400881485,0.4170341196112847
facial_plus_missingness,869b859ae6d2,22557198bb82e52567d7d8b5c27dbb58d1f51966b9e15e7c5eee66736912ed1e,1,random_forest,"{""class_weight"": ""balanced_subsample"", ""max_depth"": 8, ""max_features"": ""sqrt"", ""min_samples_leaf"": 3, ""n_estimators"": 200, ""n_jobs"": -1}",False,0.8033300999995845,0.43125867484841846,0.4210329265577884
facial_plus_missingness,ecbb6cbc4135,22557198bb82e52567d7d8b5c27dbb58d1f51966b9e15e7c5eee66736912ed1e,1,random_forest,"{""class_weight"": ""balanced_subsample"", ""max_depth"": 8, ""max_features"": 0.8, ""min_samples_leaf"": 3, ""n_estimators"": 200, ""n_jobs"": -1}",False,1.0123050000001967,0.4105242652251199,0.41152703505644683
facial_plus_missingness,32a1f06b6265,22557198bb82e52567d7d8b5c27dbb58d1f51966b9e15e7c5eee66736912ed1e,1,random_forest,"{""class_weight"": ""balanced_subsample"", ""max_depth"": 16, ""max_features"": ""sqrt"", ""min_samples_leaf"": 1, ""n_estimators"": 200, ""n_jobs"": -1}",False,0.8107243000013113,0.41467601724011977,0.4277727012063266
facial_plus_missingness,f8a448b569de,22557198bb82e52567d7d8b5c27dbb58d1f51966b9e15e7c5eee66736912ed1e,1,random_forest,"{""class_weight"": ""balanced_subsample"", ""max_depth"": 16, ""max_features"": 0.8, ""min_samples_leaf"": 1, ""n_estimators"": 200, ""n_jobs"": -1}",False,0.9991079999999783,0.4131175883312636,0.42312874055305577
facial_plus_missingness,3de1e394426b,22557198bb82e52567d7d8b5c27dbb58d1f51966b9e15e7c5eee66736912ed1e,1,random_forest,"{""class_weight"": ""balanced_subsample"", ""max_depth"": 16, ""max_features"": ""sqrt"", ""min_samples_leaf"": 3, ""n_estimators"": 200, ""n_jobs"": -1}",False,0.7936699000001681,0.41807290525239243,0.41880990735768814
facial_plus_missingness,7ba850d0cd37,22557198bb82e52567d7d8b5c27dbb58d1f51966b9e15e7c5eee66736912ed1e,1,random_forest,"{""class_weight"": ""balanced_subsample"", ""max_depth"": 16, ""max_features"": 0.8, ""min_samples_leaf"": 3, ""n_estimators"": 200, ""n_jobs"": -1}",False,0.9040166999984649,0.42374656049869724,0.4269734172077922
facial_plus_missingness,4ef548874658,22557198bb82e52567d7d8b5c27dbb58d1f51966b9e15e7c5eee66736912ed1e,1,random_forest,"{""class_weight"": ""balanced_subsample"", ""max_depth"": null, ""max_features"": ""sqrt"", ""min_samples_leaf"": 1, ""n_estimators"": 500, ""n_jobs"": -1}",False,1.9672152000002825,0.41467601724011977,0.4277727012063266
facial_plus_missingness,345dfc61311f,22557198bb82e52567d7d8b5c27dbb58d1f51966b9e15e7c5eee66736912ed1e,1,random_forest,"{""class_weight"": ""balanced_subsample"", ""max_depth"": null, ""max_features"": 0.8, ""min_samples_leaf"": 1, ""n_estimators"": 500, ""n_jobs"": -1}",False,2.2001932000002853,0.4127036306523486,0.4240221967701158
facial_plus_missingness,86c07b9f0b9c,22557198bb82e52567d7d8b5c27dbb58d1f51966b9e15e7c5eee66736912ed1e,1,random_forest,"{""class_weight"": ""balanced_subsample"", ""max_depth"": null, ""max_features"": ""sqrt"", ""min_samples_leaf"": 3, ""n_estimators"": 500, ""n_jobs"": -1}",False,2.081460999999763,0.4177441741544306,0.41825496855713706
facial_plus_missingness,54cd49168558,22557198bb82e52567d7d8b5c27dbb58d1f51966b9e15e7c5eee66736912ed1e,1,random_forest,"{""class_weight"": ""balanced_subsample"", ""max_depth"": null, ""max_features"": 0.8, ""min_samples_leaf"": 3, ""n_estimators"": 500, ""n_jobs"": -1}",False,2.2825774000011734,0.4251467114714978,0.42851483477210445
facial_plus_missingness,7630867af438,22557198bb82e52567d7d8b5c27dbb58d1f51966b9e15e7c5eee66736912ed1e,1,random_forest,"{""class_weight"": ""balanced_subsample"", ""max_depth"": 8, ""max_features"": ""sqrt"", ""min_samples_leaf"": 1, ""n_estimators"": 500, ""n_jobs"": -1}",False,1.8941546999994898,0.4262303065721869,0.4214255994363363
facial_plus_missingness,4643bba06fbb,22557198bb82e52567d7d8b5c27dbb58d1f51966b9e15e7c5eee66736912ed1e,1,random_forest,"{""class_weight"": ""balanced_subsample"", ""max_depth"": 8, ""max_features"": 0.8, ""min_samples_leaf"": 1, ""n_estimators"": 500, ""n_jobs"": -1}",False,2.1247535000002244,0.4104390386441668,0.4152280342101335
facial_plus_missingness,41e55919bdbe,22557198bb82e52567d7d8b5c27dbb58d1f51966b9e15e7c5eee66736912ed1e,1,random_forest,"{""class_weight"": ""balanced_subsample"", ""max_depth"": 8, ""max_features"": ""sqrt"", ""min_samples_leaf"": 3, ""n_estimators"": 500, ""n_jobs"": -1}",False,1.9823553000005631,0.4292010616796942,0.420585226110088
facial_plus_missingness,0f6d2ddde298,22557198bb82e52567d7d8b5c27dbb58d1f51966b9e15e7c5eee66736912ed1e,1,random_forest,"{""class_weight"": ""balanced_subsample"", ""max_depth"": 8, ""max_features"": 0.8, ""min_samples_leaf"": 3, ""n_estimators"": 500, ""n_jobs"": -1}",False,2.0434284999992087,0.4054228455937858,0.4091742070519231
facial_plus_missingness,862912140178,22557198bb82e52567d7d8b5c27dbb58d1f51966b9e15e7c5eee66736912ed1e,1,random_forest,"{""class_weight"": ""balanced_subsample"", ""max_depth"": 16, ""max_features"": ""sqrt"", ""min_samples_leaf"": 1, ""n_estimators"": 500, ""n_jobs"": -1}",False,2.0416610000011133,0.41434728614215793,0.42713946346833537
facial_plus_missingness,b488d33d0ae3,22557198bb82e52567d7d8b5c27dbb58d1f51966b9e15e7c5eee66736912ed1e,1,random_forest,"{""class_weight"": ""balanced_subsample"", ""max_depth"": 16, ""max_features"": 0.8, ""min_samples_leaf"": 1, ""n_estimators"": 500, ""n_jobs"": -1}",False,2.3640730999995867,0.41171743735846295,0.4226237271969649
facial_plus_missingness,e0c6471ac708,22557198bb82e52567d7d8b5c27dbb58d1f51966b9e15e7c5eee66736912ed1e,1,random_forest,"{""class_weight"": ""balanced_subsample"", ""max_depth"": 16, ""max_features"": ""sqrt"", ""min_samples_leaf"": 3, ""n_estimators"": 500, ""n_jobs"": -1}",False,1.981172300000253,0.41807290525239243,0.41880990735768814
facial_plus_missingness,3e79b57ef9ff,22557198bb82e52567d7d8b5c27dbb58d1f51966b9e15e7c5eee66736912ed1e,1,random_forest,"{""class_weight"": ""balanced_subsample"", ""max_depth"": 16, ""max_features"": 0.8, ""min_samples_leaf"": 3, ""n_estimators"": 500, ""n_jobs"": -1}",False,2.128157299999657,0.4244892492755741,0.42733848201502633
facial_plus_missingness,52c4e858654b,22557198bb82e52567d7d8b5c27dbb58d1f51966b9e15e7c5eee66736912ed1e,1,xgboost,"{""colsample_bytree"": 0.8, ""early_stopping_rounds"": 30, ""eval_metric"": ""mlogloss"", ""learning_rate"": 0.03, ""max_depth"": 3, ""min_child_weight"": 1, ""n_estimators"": 300, ""n_jobs"": -1, ""objective"": ""multi:softprob"", ""subsample"": 0.8, ""tree_method"": ""hist""}",False,2.7276695999989897,0.4140307302700465,0.390052085429257
facial_plus_missingness,e6044ea7216f,22557198bb82e52567d7d8b5c27dbb58d1f51966b9e15e7c5eee66736912ed1e,1,xgboost,"{""colsample_bytree"": 0.8, ""early_stopping_rounds"": 30, ""eval_metric"": ""mlogloss"", ""learning_rate"": 0.03, ""max_depth"": 3, ""min_child_weight"": 5, ""n_estimators"": 300, ""n_jobs"": -1, ""objective"": ""multi:softprob"", ""subsample"": 0.8, ""tree_method"": ""hist""}",False,3.0180620000010094,0.41231402342513457,0.38656278949686396
facial_plus_missingness,2ac28921e2fc,22557198bb82e52567d7d8b5c27dbb58d1f51966b9e15e7c5eee66736912ed1e,1,xgboost,"{""colsample_bytree"": 1.0, ""early_stopping_rounds"": 30, ""eval_metric"": ""mlogloss"", ""learning_rate"": 0.03, ""max_depth"": 3, ""min_child_weight"": 1, ""n_estimators"": 300, ""n_jobs"": -1, ""objective"": ""multi:softprob"", ""subsample"": 0.8, ""tree_method"": ""hist""}",False,2.867210399999749,0.41288625904010523,0.38710923263543245
facial_plus_missingness,7e5e4a0a8210,22557198bb82e52567d7d8b5c27dbb58d1f51966b9e15e7c5eee66736912ed1e,1,xgboost,"{""colsample_bytree"": 1.0, ""early_stopping_rounds"": 30, ""eval_metric"": ""mlogloss"", ""learning_rate"": 0.03, ""max_depth"": 3, ""min_child_weight"": 5, ""n_estimators"": 300, ""n_jobs"": -1, ""objective"": ""multi:softprob"", ""subsample"": 0.8, ""tree_method"": ""hist""}",False,2.774290600000313,0.41371417439793506,0.3874503759749661
facial_plus_missingness,61d28dd004ab,22557198bb82e52567d7d8b5c27dbb58d1f51966b9e15e7c5eee66736912ed1e,1,xgboost,"{""colsample_bytree"": 0.8, ""early_stopping_rounds"": 30, ""eval_metric"": ""mlogloss"", ""learning_rate"": 0.1, ""max_depth"": 3, ""min_child_weight"": 1, ""n_estimators"": 300, ""n_jobs"": -1, ""objective"": ""multi:softprob"", ""subsample"": 0.8, ""tree_method"": ""hist""}",False,2.856282900000224,0.4305403365232425,0.4104666438773937
facial_plus_missingness,273e82f898a0,22557198bb82e52567d7d8b5c27dbb58d1f51966b9e15e7c5eee66736912ed1e,1,xgboost,"{""colsample_bytree"": 0.8, ""early_stopping_rounds"": 30, ""eval_metric"": ""mlogloss"", ""learning_rate"": 0.1, ""max_depth"": 3, ""min_child_weight"": 5, ""n_estimators"": 300, ""n_jobs"": -1, ""objective"": ""multi:softprob"", ""subsample"": 0.8, ""tree_method"": ""hist""}",False,3.020735300000524,0.42239511042929845,0.4034034422733819
facial_plus_missingness,5019e0e4e655,22557198bb82e52567d7d8b5c27dbb58d1f51966b9e15e7c5eee66736912ed1e,1,xgboost,"{""colsample_bytree"": 1.0, ""early_stopping_rounds"": 30, ""eval_metric"": ""mlogloss"", ""learning_rate"": 0.1, ""max_depth"": 3, ""min_child_weight"": 1, ""n_estimators"": 300, ""n_jobs"": -1, ""objective"": ""multi:softprob"", ""subsample"": 0.8, ""tree_method"": ""hist""}",False,2.762562500000058,0.43341368982394624,0.4165412948744553
facial_plus_missingness,281f0bd12afc,22557198bb82e52567d7d8b5c27dbb58d1f51966b9e15e7c5eee66736912ed1e,1,xgboost,"{""colsample_bytree"": 1.0, ""early_stopping_rounds"": 30, ""eval_metric"": ""mlogloss"", ""learning_rate"": 0.1, ""max_depth"": 3, ""min_child_weight"": 5, ""n_estimators"": 300, ""n_jobs"": -1, ""objective"": ""multi:softprob"", ""subsample"": 0.8, ""tree_method"": ""hist""}",False,2.541288700000223,0.4240509411449582,0.40072489980002346
facial_plus_missingness,a4ed4de96c0f,22557198bb82e52567d7d8b5c27dbb58d1f51966b9e15e7c5eee66736912ed1e,1,xgboost,"{""colsample_bytree"": 0.8, ""early_stopping_rounds"": 30, ""eval_metric"": ""mlogloss"", ""learning_rate"": 0.03, ""max_depth"": 5, ""min_child_weight"": 1, ""n_estimators"": 300, ""n_jobs"": -1, ""objective"": ""multi:softprob"", ""subsample"": 0.8, ""tree_method"": ""hist""}",False,4.166869200000292,0.42559719482796404,0.40915002362238545
facial_plus_missingness,578259f2bd22,22557198bb82e52567d7d8b5c27dbb58d1f51966b9e15e7c5eee66736912ed1e,1,xgboost,"{""colsample_bytree"": 0.8, ""early_stopping_rounds"": 30, ""eval_metric"": ""mlogloss"", ""learning_rate"": 0.03, ""max_depth"": 5, ""min_child_weight"": 5, ""n_estimators"": 300, ""n_jobs"": -1, ""objective"": ""multi:softprob"", ""subsample"": 0.8, ""tree_method"": ""hist""}",False,4.1396179999992455,0.4265955633477001,0.40603540603540605
facial_plus_missingness,664714dfeb71,22557198bb82e52567d7d8b5c27dbb58d1f51966b9e15e7c5eee66736912ed1e,1,xgboost,"{""colsample_bytree"": 1.0, ""early_stopping_rounds"": 30, ""eval_metric"": ""mlogloss"", ""learning_rate"": 0.03, ""max_depth"": 5, ""min_child_weight"": 1, ""n_estimators"": 300, ""n_jobs"": -1, ""objective"": ""multi:softprob"", ""subsample"": 0.8, ""tree_method"": ""hist""}",False,3.911015199999383,0.425511968247011,0.4112383687148588
facial_plus_missingness,29b0784d382b,22557198bb82e52567d7d8b5c27dbb58d1f51966b9e15e7c5eee66736912ed1e,1,xgboost,"{""colsample_bytree"": 1.0, ""early_stopping_rounds"": 30, ""eval_metric"": ""mlogloss"", ""learning_rate"": 0.03, ""max_depth"": 5, ""min_child_weight"": 5, ""n_estimators"": 300, ""n_jobs"": -1, ""objective"": ""multi:softprob"", ""subsample"": 0.8, ""tree_method"": ""hist""}",False,3.910355799998797,0.4265955633477001,0.40603540603540605
facial_plus_missingness,9ff407e47a79,22557198bb82e52567d7d8b5c27dbb58d1f51966b9e15e7c5eee66736912ed1e,1,xgboost,"{""colsample_bytree"": 0.8, ""early_stopping_rounds"": 30, ""eval_metric"": ""mlogloss"", ""learning_rate"": 0.1, ""max_depth"": 5, ""min_child_weight"": 1, ""n_estimators"": 300, ""n_jobs"": -1, ""objective"": ""multi:softprob"", ""subsample"": 0.8, ""tree_method"": ""hist""}",False,2.2543921999986196,0.4214697932646651,0.41251592198640225
facial_plus_missingness,1640bb5d0aaa,22557198bb82e52567d7d8b5c27dbb58d1f51966b9e15e7c5eee66736912ed1e,1,xgboost,"{""colsample_bytree"": 0.8, ""early_stopping_rounds"": 30, ""eval_metric"": ""mlogloss"", ""learning_rate"": 0.1, ""max_depth"": 5, ""min_child_weight"": 5, ""n_estimators"": 300, ""n_jobs"": -1, ""objective"": ""multi:softprob"", ""subsample"": 0.8, ""tree_method"": ""hist""}",False,2.49501379999856,0.42978547252051524,0.41778572996390934
facial_plus_missingness,3c0353feee8d,22557198bb82e52567d7d8b5c27dbb58d1f51966b9e15e7c5eee66736912ed1e,1,xgboost,"{""colsample_bytree"": 1.0, ""early_stopping_rounds"": 30, ""eval_metric"": ""mlogloss"", ""learning_rate"": 0.1, ""max_depth"": 5, ""min_child_weight"": 1, ""n_estimators"": 300, ""n_jobs"": -1, ""objective"": ""multi:softprob"", ""subsample"": 0.8, ""tree_method"": ""hist""}",False,1.7971045000012964,0.4305281612973921,0.4177492076246596
facial_plus_missingness,76a0a842fdc6,22557198bb82e52567d7d8b5c27dbb58d1f51966b9e15e7c5eee66736912ed1e,1,xgboost,"{""colsample_bytree"": 1.0, ""early_stopping_rounds"": 30, ""eval_metric"": ""mlogloss"", ""learning_rate"": 0.1, ""max_depth"": 5, ""min_child_weight"": 5, ""n_estimators"": 300, ""n_jobs"": -1, ""objective"": ""multi:softprob"", ""subsample"": 0.8, ""tree_method"": ""hist""}",False,2.264935900000637,0.4318430856892395,0.4190315043106921
facial_plus_missingness,fd8e21cae0de,22557198bb82e52567d7d8b5c27dbb58d1f51966b9e15e7c5eee66736912ed1e,1,xgboost,"{""colsample_bytree"": 0.8, ""early_stopping_rounds"": 30, ""eval_metric"": ""mlogloss"", ""learning_rate"": 0.03, ""max_depth"": 3, ""min_child_weight"": 1, ""n_estimators"": 600, ""n_jobs"": -1, ""objective"": ""multi:softprob"", ""subsample"": 0.8, ""tree_method"": ""hist""}",False,6.571694399999615,0.42429444566196706,0.40208626786014606
facial_plus_missingness,3e267305ecbb,22557198bb82e52567d7d8b5c27dbb58d1f51966b9e15e7c5eee66736912ed1e,1,xgboost,"{""colsample_bytree"": 0.8, ""early_stopping_rounds"": 30, ""eval_metric"": ""mlogloss"", ""learning_rate"": 0.03, ""max_depth"": 3, ""min_child_weight"": 5, ""n_estimators"": 600, ""n_jobs"": -1, ""objective"": ""multi:softprob"", ""subsample"": 0.8, ""tree_method"": ""hist""}",False,5.847821999999724,0.422492512236102,0.39747286218428135
facial_plus_missingness,5ea046f1e5ea,22557198bb82e52567d7d8b5c27dbb58d1f51966b9e15e7c5eee66736912ed1e,1,xgboost,"{""colsample_bytree"": 1.0, ""early_stopping_rounds"": 30, ""eval_metric"": ""mlogloss"", ""learning_rate"": 0.03, ""max_depth"": 3, ""min_child_weight"": 1, ""n_estimators"": 600, ""n_jobs"": -1, ""objective"": ""multi:softprob"", ""subsample"": 0.8, ""tree_method"": ""hist""}",False,5.562868299999536,0.4226507901721577,0.4002562356070189
facial_plus_missingness,233f3e858cb0,22557198bb82e52567d7d8b5c27dbb58d1f51966b9e15e7c5eee66736912ed1e,1,xgboost,"{""colsample_bytree"": 1.0, ""early_stopping_rounds"": 30, ""eval_metric"": ""mlogloss"", ""learning_rate"": 0.03, ""max_depth"": 3, ""min_child_weight"": 5, ""n_estimators"": 600, ""n_jobs"": -1, ""objective"": ""multi:softprob"", ""subsample"": 0.8, ""tree_method"": ""hist""}",False,5.577136699999755,0.4241361677259113,0.40010074104018334
facial_plus_missingness,89af4ef4dc00,22557198bb82e52567d7d8b5c27dbb58d1f51966b9e15e7c5eee66736912ed1e,1,xgboost,"{""colsample_bytree"": 0.8, ""early_stopping_rounds"": 30, ""eval_metric"": ""mlogloss"", ""learning_rate"": 0.1, ""max_depth"": 3, ""min_child_weight"": 1, ""n_estimators"": 600, ""n_jobs"": -1, ""objective"": ""multi:softprob"", ""subsample"": 0.8, ""tree_method"": ""hist""}",False,3.9261377999991964,0.4305403365232425,0.4104666438773937
facial_plus_missingness,850288ac9397,22557198bb82e52567d7d8b5c27dbb58d1f51966b9e15e7c5eee66736912ed1e,1,xgboost,"{""colsample_bytree"": 0.8, ""early_stopping_rounds"": 30, ""eval_metric"": ""mlogloss"", ""learning_rate"": 0.1, ""max_depth"": 3, ""min_child_weight"": 5, ""n_estimators"": 600, ""n_jobs"": -1, ""objective"": ""multi:softprob"", ""subsample"": 0.8, ""tree_method"": ""hist""}",False,3.812416900000244,0.4251101857939465,0.40555940883706293
facial_plus_missingness,8023133bca76,22557198bb82e52567d7d8b5c27dbb58d1f51966b9e15e7c5eee66736912ed1e,1,xgboost,"{""colsample_bytree"": 1.0, ""early_stopping_rounds"": 30, ""eval_metric"": ""mlogloss"", ""learning_rate"": 0.1, ""max_depth"": 3, ""min_child_weight"": 1, ""n_estimators"": 600, ""n_jobs"": -1, ""objective"": ""multi:softprob"", ""subsample"": 0.8, ""tree_method"": ""hist""}",False,3.1640057999993587,0.43341368982394624,0.4165412948744553
facial_plus_missingness,2a9e450625ff,22557198bb82e52567d7d8b5c27dbb58d1f51966b9e15e7c5eee66736912ed1e,1,xgboost,"{""colsample_bytree"": 1.0, ""early_stopping_rounds"": 30, ""eval_metric"": ""mlogloss"", ""learning_rate"": 0.1, ""max_depth"": 3, ""min_child_weight"": 5, ""n_estimators"": 600, ""n_jobs"": -1, ""objective"": ""multi:softprob"", ""subsample"": 0.8, ""tree_method"": ""hist""}",False,2.4837931000001845,0.4240509411449582,0.40072489980002346
facial_plus_missingness,b77fc0c4cd81,22557198bb82e52567d7d8b5c27dbb58d1f51966b9e15e7c5eee66736912ed1e,1,xgboost,"{""colsample_bytree"": 0.8, ""early_stopping_rounds"": 30, ""eval_metric"": ""mlogloss"", ""learning_rate"": 0.03, ""max_depth"": 5, ""min_child_weight"": 1, ""n_estimators"": 600, ""n_jobs"": -1, ""objective"": ""multi:softprob"", ""subsample"": 0.8, ""tree_method"": ""hist""}",False,5.9755242000010185,0.4279713638687998,0.417590539541759
facial_plus_missingness,83b955aae125,22557198bb82e52567d7d8b5c27dbb58d1f51966b9e15e7c5eee66736912ed1e,1,xgboost,"{""colsample_bytree"": 0.8, ""early_stopping_rounds"": 30, ""eval_metric"": ""mlogloss"", ""learning_rate"": 0.03, ""max_depth"": 5, ""min_child_weight"": 5, ""n_estimators"": 600, ""n_jobs"": -1, ""objective"": ""multi:softprob"", ""subsample"": 0.8, ""tree_method"": ""hist""}",False,6.75634319999881,0.42781308593274403,0.4153162805231909
facial_plus_missingness,7aa0faebcd59,22557198bb82e52567d7d8b5c27dbb58d1f51966b9e15e7c5eee66736912ed1e,1,xgboost,"{""colsample_bytree"": 1.0, ""early_stopping_rounds"": 30, ""eval_metric"": ""mlogloss"", ""learning_rate"": 0.03, ""max_depth"": 5, ""min_child_weight"": 1, ""n_estimators"": 600, ""n_jobs"": -1, ""objective"": ""multi:softprob"", ""subsample"": 0.8, ""tree_method"": ""hist""}",False,4.846613499999876,0.43011420361847713,0.41812396774506944
facial_plus_missingness,900dbedc225b,22557198bb82e52567d7d8b5c27dbb58d1f51966b9e15e7c5eee66736912ed1e,1,xgboost,"{""colsample_bytree"": 1.0, ""early_stopping_rounds"": 30, ""eval_metric"": ""mlogloss"", ""learning_rate"": 0.03, ""max_depth"": 5, ""min_child_weight"": 5, ""n_estimators"": 600, ""n_jobs"": -1, ""objective"": ""multi:softprob"", ""subsample"": 0.8, ""tree_method"": ""hist""}",True,6.859502999999677,0.4335719677600019,0.42109472155729516
facial_plus_missingness,84356dc6930b,22557198bb82e52567d7d8b5c27dbb58d1f51966b9e15e7c5eee66736912ed1e,1,xgboost,"{""colsample_bytree"": 0.8, ""early_stopping_rounds"": 30, ""eval_metric"": ""mlogloss"", ""learning_rate"": 0.1, ""max_depth"": 5, ""min_child_weight"": 1, ""n_estimators"": 600, ""n_jobs"": -1, ""objective"": ""multi:softprob"", ""subsample"": 0.8, ""tree_method"": ""hist""}",False,2.0341067999997904,0.4214697932646651,0.41251592198640225
facial_plus_missingness,d6b94d7cc920,22557198bb82e52567d7d8b5c27dbb58d1f51966b9e15e7c5eee66736912ed1e,1,xgboost,"{""colsample_bytree"": 0.8, ""early_stopping_rounds"": 30, ""eval_metric"": ""mlogloss"", ""learning_rate"": 0.1, ""max_depth"": 5, ""min_child_weight"": 5, ""n_estimators"": 600, ""n_jobs"": -1, ""objective"": ""multi:softprob"", ""subsample"": 0.8, ""tree_method"": ""hist""}",False,2.3329660999988846,0.42978547252051524,0.41778572996390934
facial_plus_missingness,ed5cff5b45cf,22557198bb82e52567d7d8b5c27dbb58d1f51966b9e15e7c5eee66736912ed1e,1,xgboost,"{""colsample_bytree"": 1.0, ""early_stopping_rounds"": 30, ""eval_metric"": ""mlogloss"", ""learning_rate"": 0.1, ""max_depth"": 5, ""min_child_weight"": 1, ""n_estimators"": 600, ""n_jobs"": -1, ""objective"": ""multi:softprob"", ""subsample"": 0.8, ""tree_method"": ""hist""}",False,1.9907800000000861,0.4305281612973921,0.4177492076246596
facial_plus_missingness,94c26a8ef2c4,22557198bb82e52567d7d8b5c27dbb58d1f51966b9e15e7c5eee66736912ed1e,1,xgboost,"{""colsample_bytree"": 1.0, ""early_stopping_rounds"": 30, ""eval_metric"": ""mlogloss"", ""learning_rate"": 0.1, ""max_depth"": 5, ""min_child_weight"": 5, ""n_estimators"": 600, ""n_jobs"": -1, ""objective"": ""multi:softprob"", ""subsample"": 0.8, ""tree_method"": ""hist""}",False,2.0827028999992763,0.4318430856892395,0.4190315043106921
facial_plus_missingness,b785e498e470,22557198bb82e52567d7d8b5c27dbb58d1f51966b9e15e7c5eee66736912ed1e,2,svm,"{""C"": 0.1, ""class_weight"": ""balanced"", ""kernel"": ""linear""}",False,0.24037780000071507,0.3501949317738791,0.3440999899845054
facial_plus_missingness,34c97e51572e,22557198bb82e52567d7d8b5c27dbb58d1f51966b9e15e7c5eee66736912ed1e,2,svm,"{""C"": 1.0, ""class_weight"": ""balanced"", ""kernel"": ""linear""}",False,0.3502919999991718,0.41816401024347366,0.3583967420818482
facial_plus_missingness,c8da45025ca6,22557198bb82e52567d7d8b5c27dbb58d1f51966b9e15e7c5eee66736912ed1e,2,svm,"{""C"": 10.0, ""class_weight"": ""balanced"", ""kernel"": ""linear""}",False,1.559833700001036,0.39883327600045865,0.3445649160015765
facial_plus_missingness,3f2d5a9c37df,22557198bb82e52567d7d8b5c27dbb58d1f51966b9e15e7c5eee66736912ed1e,2,svm,"{""C"": 0.1, ""class_weight"": ""balanced"", ""gamma"": ""scale"", ""kernel"": ""rbf""}",False,0.46222649999981513,0.3741552956465237,0.36329322413871984
facial_plus_missingness,a8f39ccb1454,22557198bb82e52567d7d8b5c27dbb58d1f51966b9e15e7c5eee66736912ed1e,2,svm,"{""C"": 0.1, ""class_weight"": ""balanced"", ""gamma"": 0.1, ""kernel"": ""rbf""}",False,0.46555139999873063,0.39800194931773875,0.3727637708120372
facial_plus_missingness,9384a3bb8ca8,22557198bb82e52567d7d8b5c27dbb58d1f51966b9e15e7c5eee66736912ed1e,2,svm,"{""C"": 1.0, ""class_weight"": ""balanced"", ""gamma"": ""scale"", ""kernel"": ""rbf""}",False,0.40571339999951306,0.4612592210373428,0.37641464478673786
facial_plus_missingness,4f4f2e972d2b,22557198bb82e52567d7d8b5c27dbb58d1f51966b9e15e7c5eee66736912ed1e,2,svm,"{""C"": 1.0, ""class_weight"": ""balanced"", ""gamma"": 0.1, ""kernel"": ""rbf""}",True,0.41146779999871796,0.46842296372740133,0.3831436555648726
facial_plus_missingness,47b8cdda5535,22557198bb82e52567d7d8b5c27dbb58d1f51966b9e15e7c5eee66736912ed1e,2,svm,"{""C"": 10.0, ""class_weight"": ""balanced"", ""gamma"": ""scale"", ""kernel"": ""rbf""}",False,0.3735758999991958,0.4140675763482781,0.36280727164048715
facial_plus_missingness,8b5eb616ca11,22557198bb82e52567d7d8b5c27dbb58d1f51966b9e15e7c5eee66736912ed1e,2,svm,"{""C"": 10.0, ""class_weight"": ""balanced"", ""gamma"": 0.1, ""kernel"": ""rbf""}",False,0.3610149999985879,0.420240415854451,0.3664117289494933
facial_plus_missingness,1f3f5b7a1f13,22557198bb82e52567d7d8b5c27dbb58d1f51966b9e15e7c5eee66736912ed1e,2,random_forest,"{""class_weight"": ""balanced_subsample"", ""max_depth"": null, ""max_features"": ""sqrt"", ""min_samples_leaf"": 1, ""n_estimators"": 200, ""n_jobs"": -1}",False,0.7372596000004705,0.41588693957115014,0.3934901960784314
facial_plus_missingness,cfdf5414a6fe,22557198bb82e52567d7d8b5c27dbb58d1f51966b9e15e7c5eee66736912ed1e,2,random_forest,"{""class_weight"": ""balanced_subsample"", ""max_depth"": null, ""max_features"": 0.8, ""min_samples_leaf"": 1, ""n_estimators"": 200, ""n_jobs"": -1}",True,0.859969999999521,0.4391163092917479,0.4061466952497345
facial_plus_missingness,8fb923e5d748,22557198bb82e52567d7d8b5c27dbb58d1f51966b9e15e7c5eee66736912ed1e,2,random_forest,"{""class_weight"": ""balanced_subsample"", ""max_depth"": null, ""max_features"": ""sqrt"", ""min_samples_leaf"": 3, ""n_estimators"": 200, ""n_jobs"": -1}",False,0.7363271000012901,0.4352339181286549,0.3887203190625052
facial_plus_missingness,d5eb4fec9dc7,22557198bb82e52567d7d8b5c27dbb58d1f51966b9e15e7c5eee66736912ed1e,2,random_forest,"{""class_weight"": ""balanced_subsample"", ""max_depth"": null, ""max_features"": 0.8, ""min_samples_leaf"": 3, ""n_estimators"": 200, ""n_jobs"": -1}",False,0.7977926000003208,0.43084795321637426,0.38663343722352966
facial_plus_missingness,30545db26cd1,22557198bb82e52567d7d8b5c27dbb58d1f51966b9e15e7c5eee66736912ed1e,2,random_forest,"{""class_weight"": ""balanced_subsample"", ""max_depth"": 8, ""max_features"": ""sqrt"", ""min_samples_leaf"": 1, ""n_estimators"": 200, ""n_jobs"": -1}",False,0.7629550000001473,0.44221897335932425,0.3859943096896054
facial_plus_missingness,8ccc1d4ec9ea,22557198bb82e52567d7d8b5c27dbb58d1f51966b9e15e7c5eee66736912ed1e,2,random_forest,"{""class_weight"": ""balanced_subsample"", ""max_depth"": 8, ""max_features"": 0.8, ""min_samples_leaf"": 1, ""n_estimators"": 200, ""n_jobs"": -1}",False,0.8771510999995371,0.45321637426900585,0.3910536106284672
facial_plus_missingness,869b859ae6d2,22557198bb82e52567d7d8b5c27dbb58d1f51966b9e15e7c5eee66736912ed1e,2,random_forest,"{""class_weight"": ""balanced_subsample"", ""max_depth"": 8, ""max_features"": ""sqrt"", ""min_samples_leaf"": 3, ""n_estimators"": 200, ""n_jobs"": -1}",False,0.8147377999994205,0.4566764132553606,0.3906328989880648
facial_plus_missingness,ecbb6cbc4135,22557198bb82e52567d7d8b5c27dbb58d1f51966b9e15e7c5eee66736912ed1e,2,random_forest,"{""class_weight"": ""balanced_subsample"", ""max_depth"": 8, ""max_features"": 0.8, ""min_samples_leaf"": 3, ""n_estimators"": 200, ""n_jobs"": -1}",False,0.8103817999999592,0.4545159194282002,0.3873678199598234
facial_plus_missingness,32a1f06b6265,22557198bb82e52567d7d8b5c27dbb58d1f51966b9e15e7c5eee66736912ed1e,2,random_forest,"{""class_weight"": ""balanced_subsample"", ""max_depth"": 16, ""max_features"": ""sqrt"", ""min_samples_leaf"": 1, ""n_estimators"": 200, ""n_jobs"": -1}",False,0.7912722999990365,0.4334307992202729,0.4059243362759921
facial_plus_missingness,f8a448b569de,22557198bb82e52567d7d8b5c27dbb58d1f51966b9e15e7c5eee66736912ed1e,2,random_forest,"{""class_weight"": ""balanced_subsample"", ""max_depth"": 16, ""max_features"": 0.8, ""min_samples_leaf"": 1, ""n_estimators"": 200, ""n_jobs"": -1}",False,0.8219052000004012,0.43757309941520467,0.40299240706503414
facial_plus_missingness,3de1e394426b,22557198bb82e52567d7d8b5c27dbb58d1f51966b9e15e7c5eee66736912ed1e,2,random_forest,"{""class_weight"": ""balanced_subsample"", ""max_depth"": 16, ""max_features"": ""sqrt"", ""min_samples_leaf"": 3, ""n_estimators"": 200, ""n_jobs"": -1}",False,0.7651065999998536,0.4355425601039636,0.3885454086018638
facial_plus_missingness,7ba850d0cd37,22557198bb82e52567d7d8b5c27dbb58d1f51966b9e15e7c5eee66736912ed1e,2,random_forest,"{""class_weight"": ""balanced_subsample"", ""max_depth"": 16, ""max_features"": 0.8, ""min_samples_leaf"": 3, ""n_estimators"": 200, ""n_jobs"": -1}",False,0.8293208999984927,0.4314652371669916,0.3876928691081387
facial_plus_missingness,4ef548874658,22557198bb82e52567d7d8b5c27dbb58d1f51966b9e15e7c5eee66736912ed1e,2,random_forest,"{""class_weight"": ""balanced_subsample"", ""max_depth"": null, ""max_features"": ""sqrt"", ""min_samples_leaf"": 1, ""n_estimators"": 500, ""n_jobs"": -1}",False,1.8594769999999698,0.416812865497076,0.39576620121732903
facial_plus_missingness,345dfc61311f,22557198bb82e52567d7d8b5c27dbb58d1f51966b9e15e7c5eee66736912ed1e,2,random_forest,"{""class_weight"": ""balanced_subsample"", ""max_depth"": null, ""max_features"": 0.8, ""min_samples_leaf"": 1, ""n_estimators"": 500, ""n_jobs"": -1}",False,2.195432399999845,0.43096166341780373,0.40173574235895204
facial_plus_missingness,86c07b9f0b9c,22557198bb82e52567d7d8b5c27dbb58d1f51966b9e15e7c5eee66736912ed1e,2,random_forest,"{""class_weight"": ""balanced_subsample"", ""max_depth"": null, ""max_features"": ""sqrt"", ""min_samples_leaf"": 3, ""n_estimators"": 500, ""n_jobs"": -1}",False,1.931287199999133,0.4346166341780377,0.3880114549634784
facial_plus_missingness,54cd49168558,22557198bb82e52567d7d8b5c27dbb58d1f51966b9e15e7c5eee66736912ed1e,2,random_forest,"{""class_weight"": ""balanced_subsample"", ""max_depth"": null, ""max_features"": 0.8, ""min_samples_leaf"": 3, ""n_estimators"": 500, ""n_jobs"": -1}",False,2.0579295000006823,0.4361598440545809,0.39105952176782716
facial_plus_missingness,7630867af438,22557198bb82e52567d7d8b5c27dbb58d1f51966b9e15e7c5eee66736912ed1e,2,random_forest,"{""class_weight"": ""balanced_subsample"", ""max_depth"": 8, ""max_features"": ""sqrt"", ""min_samples_leaf"": 1, ""n_estimators"": 500, ""n_jobs"": -1}",False,1.8460140000006504,0.4466049382716049,0.3885723409376333
facial_plus_missingness,4643bba06fbb,22557198bb82e52567d7d8b5c27dbb58d1f51966b9e15e7c5eee66736912ed1e,2,random_forest,"{""class_weight"": ""balanced_subsample"", ""max_depth"": 8, ""max_features"": 0.8, ""min_samples_leaf"": 1, ""n_estimators"": 500, ""n_jobs"": -1}",False,1.9564011999991635,0.45729369720597796,0.3930616660401765
facial_plus_missingness,41e55919bdbe,22557198bb82e52567d7d8b5c27dbb58d1f51966b9e15e7c5eee66736912ed1e,2,random_forest,"{""class_weight"": ""balanced_subsample"", ""max_depth"": 8, ""max_features"": ""sqrt"", ""min_samples_leaf"": 3, ""n_estimators"": 500, ""n_jobs"": -1}",False,1.7694917999997415,0.45198180636777124,0.38862640128037446
facial_plus_missingness,0f6d2ddde298,22557198bb82e52567d7d8b5c27dbb58d1f51966b9e15e7c5eee66736912ed1e,2,random_forest,"{""class_weight"": ""balanced_subsample"", ""max_depth"": 8, ""max_features"": 0.8, ""min_samples_leaf"": 3, ""n_estimators"": 500, ""n_jobs"": -1}",False,2.1127858999989257,0.4554418453541261,0.38857077762114284
facial_plus_missingness,862912140178,22557198bb82e52567d7d8b5c27dbb58d1f51966b9e15e7c5eee66736912ed1e,2,random_forest,"{""class_weight"": ""balanced_subsample"", ""max_depth"": 16, ""max_features"": ""sqrt"", ""min_samples_leaf"": 1, ""n_estimators"": 500, ""n_jobs"": -1}",False,1.96758200000113,0.4243502274204029,0.3993523763309413
facial_plus_missingness,b488d33d0ae3,22557198bb82e52567d7d8b5c27dbb58d1f51966b9e15e7c5eee66736912ed1e,2,random_forest,"{""class_weight"": ""balanced_subsample"", ""max_depth"": 16, ""max_features"": 0.8, ""min_samples_leaf"": 1, ""n_estimators"": 500, ""n_jobs"": -1}",False,2.144611600000644,0.43757309941520467,0.4025455608220336
facial_plus_missingness,e0c6471ac708,22557198bb82e52567d7d8b5c27dbb58d1f51966b9e15e7c5eee66736912ed1e,2,random_forest,"{""class_weight"": ""balanced_subsample"", ""max_depth"": 16, ""max_features"": ""sqrt"", ""min_samples_leaf"": 3, ""n_estimators"": 500, ""n_jobs"": -1}",False,2.002553000000262,0.43492527615334636,0.38783965563626577
facial_plus_missingness,3e79b57ef9ff,22557198bb82e52567d7d8b5c27dbb58d1f51966b9e15e7c5eee66736912ed1e,2,random_forest,"{""class_weight"": ""balanced_subsample"", ""max_depth"": 16, ""max_features"": 0.8, ""min_samples_leaf"": 3, ""n_estimators"": 500, ""n_jobs"": -1}",False,2.1989427999997133,0.4364684860298895,0.39160685064575224
facial_plus_missingness,52c4e858654b,22557198bb82e52567d7d8b5c27dbb58d1f51966b9e15e7c5eee66736912ed1e,2,xgboost,"{""colsample_bytree"": 0.8, ""early_stopping_rounds"": 30, ""eval_metric"": ""mlogloss"", ""learning_rate"": 0.03, ""max_depth"": 3, ""min_child_weight"": 1, ""n_estimators"": 300, ""n_jobs"": -1, ""objective"": ""multi:softprob"", ""subsample"": 0.8, ""tree_method"": ""hist""}",False,3.099421099999745,0.4359324236517219,0.37319473551848437
facial_plus_missingness,e6044ea7216f,22557198bb82e52567d7d8b5c27dbb58d1f51966b9e15e7c5eee66736912ed1e,2,xgboost,"{""colsample_bytree"": 0.8, ""early_stopping_rounds"": 30, ""eval_metric"": ""mlogloss"", ""learning_rate"": 0.03, ""max_depth"": 3, ""min_child_weight"": 5, ""n_estimators"": 300, ""n_jobs"": -1, ""objective"": ""multi:softprob"", ""subsample"": 0.8, ""tree_method"": ""hist""}",False,3.054724100000385,0.4268518518518518,0.369145558932793
facial_plus_missingness,2ac28921e2fc,22557198bb82e52567d7d8b5c27dbb58d1f51966b9e15e7c5eee66736912ed1e,2,xgboost,"{""colsample_bytree"": 1.0, ""early_stopping_rounds"": 30, ""eval_metric"": ""mlogloss"", ""learning_rate"": 0.03, ""max_depth"": 3, ""min_child_weight"": 1, ""n_estimators"": 300, ""n_jobs"": -1, ""objective"": ""multi:softprob"", ""subsample"": 0.8, ""tree_method"": ""hist""}",False,2.7308984999999666,0.4353151397011046,0.37251631904193966
facial_plus_missingness,7e5e4a0a8210,22557198bb82e52567d7d8b5c27dbb58d1f51966b9e15e7c5eee66736912ed1e,2,xgboost,"{""colsample_bytree"": 1.0, ""early_stopping_rounds"": 30, ""eval_metric"": ""mlogloss"", ""learning_rate"": 0.03, ""max_depth"": 3, ""min_child_weight"": 5, ""n_estimators"": 300, ""n_jobs"": -1, ""objective"": ""multi:softprob"", ""subsample"": 0.8, ""tree_method"": ""hist""}",False,2.878179999999702,0.4312378167641326,0.3712241506180614
facial_plus_missingness,61d28dd004ab,22557198bb82e52567d7d8b5c27dbb58d1f51966b9e15e7c5eee66736912ed1e,2,xgboost,"{""colsample_bytree"": 0.8, ""early_stopping_rounds"": 30, ""eval_metric"": ""mlogloss"", ""learning_rate"": 0.1, ""max_depth"": 3, ""min_child_weight"": 1, ""n_estimators"": 300, ""n_jobs"": -1, ""objective"": ""multi:softprob"", ""subsample"": 0.8, ""tree_method"": ""hist""}",False,3.0673162000002776,0.44896036387264465,0.3798488060259338
facial_plus_missingness,273e82f898a0,22557198bb82e52567d7d8b5c27dbb58d1f51966b9e15e7c5eee66736912ed1e,2,xgboost,"{""colsample_bytree"": 0.8, ""early_stopping_rounds"": 30, ""eval_metric"": ""mlogloss"", ""learning_rate"": 0.1, ""max_depth"": 3, ""min_child_weight"": 5, ""n_estimators"": 300, ""n_jobs"": -1, ""objective"": ""multi:softprob"", ""subsample"": 0.8, ""tree_method"": ""hist""}",False,3.0240271000002394,0.4458089668615985,0.3798704534130543
facial_plus_missingness,5019e0e4e655,22557198bb82e52567d7d8b5c27dbb58d1f51966b9e15e7c5eee66736912ed1e,2,xgboost,"{""colsample_bytree"": 1.0, ""early_stopping_rounds"": 30, ""eval_metric"": ""mlogloss"", ""learning_rate"": 0.1, ""max_depth"": 3, ""min_child_weight"": 1, ""n_estimators"": 300, ""n_jobs"": -1, ""objective"": ""multi:softprob"", ""subsample"": 0.8, ""tree_method"": ""hist""}",False,2.6942873999996664,0.4392625081221572,0.374767807353154
facial_plus_missingness,281f0bd12afc,22557198bb82e52567d7d8b5c27dbb58d1f51966b9e15e7c5eee66736912ed1e,2,xgboost,"{""colsample_bytree"": 1.0, ""early_stopping_rounds"": 30, ""eval_metric"": ""mlogloss"", ""learning_rate"": 0.1, ""max_depth"": 3, ""min_child_weight"": 5, ""n_estimators"": 300, ""n_jobs"": -1, ""objective"": ""multi:softprob"", ""subsample"": 0.8, ""tree_method"": ""hist""}",False,2.7874377999996796,0.447043534762833,0.3815155812503732
facial_plus_missingness,a4ed4de96c0f,22557198bb82e52567d7d8b5c27dbb58d1f51966b9e15e7c5eee66736912ed1e,2,xgboost,"{""colsample_bytree"": 0.8, ""early_stopping_rounds"": 30, ""eval_metric"": ""mlogloss"", ""learning_rate"": 0.03, ""max_depth"": 5, ""min_child_weight"": 1, ""n_estimators"": 300, ""n_jobs"": -1, ""objective"": ""multi:softprob"", ""subsample"": 0.8, ""tree_method"": ""hist""}",False,4.125730400000975,0.4479694606887589,0.38455952507762853
facial_plus_missingness,578259f2bd22,22557198bb82e52567d7d8b5c27dbb58d1f51966b9e15e7c5eee66736912ed1e,2,xgboost,"{""colsample_bytree"": 0.8, ""early_stopping_rounds"": 30, ""eval_metric"": ""mlogloss"", ""learning_rate"": 0.03, ""max_depth"": 5, ""min_child_weight"": 5, ""n_estimators"": 300, ""n_jobs"": -1, ""objective"": ""multi:softprob"", ""subsample"": 0.8, ""tree_method"": ""hist""}",False,4.121694999999818,0.4455003248862898,0.3811897640412097
facial_plus_missingness,664714dfeb71,22557198bb82e52567d7d8b5c27dbb58d1f51966b9e15e7c5eee66736912ed1e,2,xgboost,"{""colsample_bytree"": 1.0, ""early_stopping_rounds"": 30, ""eval_metric"": ""mlogloss"", ""learning_rate"": 0.03, ""max_depth"": 5, ""min_child_weight"": 1, ""n_estimators"": 300, ""n_jobs"": -1, ""objective"": ""multi:softprob"", ""subsample"": 0.8, ""tree_method"": ""hist""}",False,3.96628469999996,0.44327485380116965,0.382865396768078
facial_plus_missingness,29b0784d382b,22557198bb82e52567d7d8b5c27dbb58d1f51966b9e15e7c5eee66736912ed1e,2,xgboost,"{""colsample_bytree"": 1.0, ""early_stopping_rounds"": 30, ""eval_metric"": ""mlogloss"", ""learning_rate"": 0.03, ""max_depth"": 5, ""min_child_weight"": 5, ""n_estimators"": 300, ""n_jobs"": -1, ""objective"": ""multi:softprob"", ""subsample"": 0.8, ""tree_method"": ""hist""}",False,3.800090300001102,0.4411143599740091,0.3796904896788182
facial_plus_missingness,9ff407e47a79,22557198bb82e52567d7d8b5c27dbb58d1f51966b9e15e7c5eee66736912ed1e,2,xgboost,"{""colsample_bytree"": 0.8, ""early_stopping_rounds"": 30, ""eval_metric"": ""mlogloss"", ""learning_rate"": 0.1, ""max_depth"": 5, ""min_child_weight"": 1, ""n_estimators"": 300, ""n_jobs"": -1, ""objective"": ""multi:softprob"", ""subsample"": 0.8, ""tree_method"": ""hist""}",False,2.353856799998539,0.44382716049382714,0.3855649617311599
facial_plus_missingness,1640bb5d0aaa,22557198bb82e52567d7d8b5c27dbb58d1f51966b9e15e7c5eee66736912ed1e,2,xgboost,"{""colsample_bytree"": 0.8, ""early_stopping_rounds"": 30, ""eval_metric"": ""mlogloss"", ""learning_rate"": 0.1, ""max_depth"": 5, ""min_child_weight"": 5, ""n_estimators"": 300, ""n_jobs"": -1, ""objective"": ""multi:softprob"", ""subsample"": 0.8, ""tree_method"": ""hist""}",False,2.638568200000009,0.4435185185185186,0.38556333662759606
facial_plus_missingness,3c0353feee8d,22557198bb82e52567d7d8b5c27dbb58d1f51966b9e15e7c5eee66736912ed1e,2,xgboost,"{""colsample_bytree"": 1.0, ""early_stopping_rounds"": 30, ""eval_metric"": ""mlogloss"", ""learning_rate"": 0.1, ""max_depth"": 5, ""min_child_weight"": 1, ""n_estimators"": 300, ""n_jobs"": -1, ""objective"": ""multi:softprob"", ""subsample"": 0.8, ""tree_method"": ""hist""}",False,2.2818021999992197,0.4397498375568551,0.3850115797018452
facial_plus_missingness,76a0a842fdc6,22557198bb82e52567d7d8b5c27dbb58d1f51966b9e15e7c5eee66736912ed1e,2,xgboost,"{""colsample_bytree"": 1.0, ""early_stopping_rounds"": 30, ""eval_metric"": ""mlogloss"", ""learning_rate"": 0.1, ""max_depth"": 5, ""min_child_weight"": 5, ""n_estimators"": 300, ""n_jobs"": -1, ""objective"": ""multi:softprob"", ""subsample"": 0.8, ""tree_method"": ""hist""}",False,2.3600478999996994,0.44290123456790126,0.3843685438265236
facial_plus_missingness,fd8e21cae0de,22557198bb82e52567d7d8b5c27dbb58d1f51966b9e15e7c5eee66736912ed1e,2,xgboost,"{""colsample_bytree"": 0.8, ""early_stopping_rounds"": 30, ""eval_metric"": ""mlogloss"", ""learning_rate"": 0.03, ""max_depth"": 3, ""min_child_weight"": 1, ""n_estimators"": 600, ""n_jobs"": -1, ""objective"": ""multi:softprob"", ""subsample"": 0.8, ""tree_method"": ""hist""}",False,6.053255200000422,0.44649122807017544,0.3795192666606855
facial_plus_missingness,3e267305ecbb,22557198bb82e52567d7d8b5c27dbb58d1f51966b9e15e7c5eee66736912ed1e,2,xgboost,"{""colsample_bytree"": 0.8, ""early_stopping_rounds"": 30, ""eval_metric"": ""mlogloss"", ""learning_rate"": 0.03, ""max_depth"": 3, ""min_child_weight"": 5, ""n_estimators"": 600, ""n_jobs"": -1, ""objective"": ""multi:softprob"", ""subsample"": 0.8, ""tree_method"": ""hist""}",False,6.064131999999518,0.44902534113060427,0.3781937432017793
facial_plus_missingness,5ea046f1e5ea,22557198bb82e52567d7d8b5c27dbb58d1f51966b9e15e7c5eee66736912ed1e,2,xgboost,"{""colsample_bytree"": 1.0, ""early_stopping_rounds"": 30, ""eval_metric"": ""mlogloss"", ""learning_rate"": 0.03, ""max_depth"": 3, ""min_child_weight"": 1, ""n_estimators"": 600, ""n_jobs"": -1, ""objective"": ""multi:softprob"", ""subsample"": 0.8, ""tree_method"": ""hist""}",False,5.456298900000547,0.4471085120207927,0.3791574376823823
facial_plus_missingness,233f3e858cb0,22557198bb82e52567d7d8b5c27dbb58d1f51966b9e15e7c5eee66736912ed1e,2,xgboost,"{""colsample_bytree"": 1.0, ""early_stopping_rounds"": 30, ""eval_metric"": ""mlogloss"", ""learning_rate"": 0.03, ""max_depth"": 3, ""min_child_weight"": 5, ""n_estimators"": 600, ""n_jobs"": -1, ""objective"": ""multi:softprob"", ""subsample"": 0.8, ""tree_method"": ""hist""}",False,5.7129666000000725,0.4458739441195581,0.37810476880198385
facial_plus_missingness,89af4ef4dc00,22557198bb82e52567d7d8b5c27dbb58d1f51966b9e15e7c5eee66736912ed1e,2,xgboost,"{""colsample_bytree"": 0.8, ""early_stopping_rounds"": 30, ""eval_metric"": ""mlogloss"", ""learning_rate"": 0.1, ""max_depth"": 3, ""min_child_weight"": 1, ""n_estimators"": 600, ""n_jobs"": -1, ""objective"": ""multi:softprob"", ""subsample"": 0.8, ""tree_method"": ""hist""}",False,3.2263230999997177,0.44896036387264465,0.3798488060259338
facial_plus_missingness,850288ac9397,22557198bb82e52567d7d8b5c27dbb58d1f51966b9e15e7c5eee66736912ed1e,2,xgboost,"{""colsample_bytree"": 0.8, ""early_stopping_rounds"": 30, ""eval_metric"": ""mlogloss"", ""learning_rate"": 0.1, ""max_depth"": 3, ""min_child_weight"": 5, ""n_estimators"": 600, ""n_jobs"": -1, ""objective"": ""multi:softprob"", ""subsample"": 0.8, ""tree_method"": ""hist""}",False,3.7543820000009873,0.4488953866146848,0.38416835890365686
facial_plus_missingness,8023133bca76,22557198bb82e52567d7d8b5c27dbb58d1f51966b9e15e7c5eee66736912ed1e,2,xgboost,"{""colsample_bytree"": 1.0, ""early_stopping_rounds"": 30, ""eval_metric"": ""mlogloss"", ""learning_rate"": 0.1, ""max_depth"": 3, ""min_child_weight"": 1, ""n_estimators"": 600, ""n_jobs"": -1, ""objective"": ""multi:softprob"", ""subsample"": 0.8, ""tree_method"": ""hist""}",False,2.7858257999996567,0.4392625081221572,0.374767807353154
facial_plus_missingness,2a9e450625ff,22557198bb82e52567d7d8b5c27dbb58d1f51966b9e15e7c5eee66736912ed1e,2,xgboost,"{""colsample_bytree"": 1.0, ""early_stopping_rounds"": 30, ""eval_metric"": ""mlogloss"", ""learning_rate"": 0.1, ""max_depth"": 3, ""min_child_weight"": 5, ""n_estimators"": 600, ""n_jobs"": -1, ""objective"": ""multi:softprob"", ""subsample"": 0.8, ""tree_method"": ""hist""}",False,3.2814906999992672,0.4476608187134503,0.38249682150765785
facial_plus_missingness,b77fc0c4cd81,22557198bb82e52567d7d8b5c27dbb58d1f51966b9e15e7c5eee66736912ed1e,2,xgboost,"{""colsample_bytree"": 0.8, ""early_stopping_rounds"": 30, ""eval_metric"": ""mlogloss"", ""learning_rate"": 0.03, ""max_depth"": 5, ""min_child_weight"": 1, ""n_estimators"": 600, ""n_jobs"": -1, ""objective"": ""multi:softprob"", ""subsample"": 0.8, ""tree_method"": ""hist""}",False,6.619697000000087,0.4485217673814165,0.3888103224461563
facial_plus_missingness,83b955aae125,22557198bb82e52567d7d8b5c27dbb58d1f51966b9e15e7c5eee66736912ed1e,2,xgboost,"{""colsample_bytree"": 0.8, ""early_stopping_rounds"": 30, ""eval_metric"": ""mlogloss"", ""learning_rate"": 0.03, ""max_depth"": 5, ""min_child_weight"": 5, ""n_estimators"": 600, ""n_jobs"": -1, ""objective"": ""multi:softprob"", ""subsample"": 0.8, ""tree_method"": ""hist""}",False,7.533180299999003,0.446361273554256,0.3856804331531632
facial_plus_missingness,7aa0faebcd59,22557198bb82e52567d7d8b5c27dbb58d1f51966b9e15e7c5eee66736912ed1e,2,xgboost,"{""colsample_bytree"": 1.0, ""early_stopping_rounds"": 30, ""eval_metric"": ""mlogloss"", ""learning_rate"": 0.03, ""max_depth"": 5, ""min_child_weight"": 1, ""n_estimators"": 600, ""n_jobs"": -1, ""objective"": ""multi:softprob"", ""subsample"": 0.8, ""tree_method"": ""hist""}",True,6.581161699999939,0.4500649772579597,0.3910980199639993
facial_plus_missingness,900dbedc225b,22557198bb82e52567d7d8b5c27dbb58d1f51966b9e15e7c5eee66736912ed1e,2,xgboost,"{""colsample_bytree"": 1.0, ""early_stopping_rounds"": 30, ""eval_metric"": ""mlogloss"", ""learning_rate"": 0.03, ""max_depth"": 5, ""min_child_weight"": 5, ""n_estimators"": 600, ""n_jobs"": -1, ""objective"": ""multi:softprob"", ""subsample"": 0.8, ""tree_method"": ""hist""}",False,7.820144400000572,0.4485217673814165,0.3884726864177949
facial_plus_missingness,84356dc6930b,22557198bb82e52567d7d8b5c27dbb58d1f51966b9e15e7c5eee66736912ed1e,2,xgboost,"{""colsample_bytree"": 0.8, ""early_stopping_rounds"": 30, ""eval_metric"": ""mlogloss"", ""learning_rate"": 0.1, ""max_depth"": 5, ""min_child_weight"": 1, ""n_estimators"": 600, ""n_jobs"": -1, ""objective"": ""multi:softprob"", ""subsample"": 0.8, ""tree_method"": ""hist""}",False,2.4473940000007133,0.44382716049382714,0.3855649617311599
facial_plus_missingness,d6b94d7cc920,22557198bb82e52567d7d8b5c27dbb58d1f51966b9e15e7c5eee66736912ed1e,2,xgboost,"{""colsample_bytree"": 0.8, ""early_stopping_rounds"": 30, ""eval_metric"": ""mlogloss"", ""learning_rate"": 0.1, ""max_depth"": 5, ""min_child_weight"": 5, ""n_estimators"": 600, ""n_jobs"": -1, ""objective"": ""multi:softprob"", ""subsample"": 0.8, ""tree_method"": ""hist""}",False,2.6430430000000342,0.4435185185185186,0.38556333662759606
facial_plus_missingness,ed5cff5b45cf,22557198bb82e52567d7d8b5c27dbb58d1f51966b9e15e7c5eee66736912ed1e,2,xgboost,"{""colsample_bytree"": 1.0, ""early_stopping_rounds"": 30, ""eval_metric"": ""mlogloss"", ""learning_rate"": 0.1, ""max_depth"": 5, ""min_child_weight"": 1, ""n_estimators"": 600, ""n_jobs"": -1, ""objective"": ""multi:softprob"", ""subsample"": 0.8, ""tree_method"": ""hist""}",False,2.399789099999907,0.4397498375568551,0.3850115797018452
facial_plus_missingness,94c26a8ef2c4,22557198bb82e52567d7d8b5c27dbb58d1f51966b9e15e7c5eee66736912ed1e,2,xgboost,"{""colsample_bytree"": 1.0, ""early_stopping_rounds"": 30, ""eval_metric"": ""mlogloss"", ""learning_rate"": 0.1, ""max_depth"": 5, ""min_child_weight"": 5, ""n_estimators"": 600, ""n_jobs"": -1, ""objective"": ""multi:softprob"", ""subsample"": 0.8, ""tree_method"": ""hist""}",False,2.490886600000522,0.44290123456790126,0.3843685438265236
facial_plus_missingness,b785e498e470,22557198bb82e52567d7d8b5c27dbb58d1f51966b9e15e7c5eee66736912ed1e,3,svm,"{""C"": 0.1, ""class_weight"": ""balanced"", ""kernel"": ""linear""}",False,0.275779200001125,0.40032383189210347,0.3870999751462476
facial_plus_missingness,34c97e51572e,22557198bb82e52567d7d8b5c27dbb58d1f51966b9e15e7c5eee66736912ed1e,3,svm,"{""C"": 1.0, ""class_weight"": ""balanced"", ""kernel"": ""linear""}",False,0.4884251999992557,0.3979573680651934,0.3857528235781367
facial_plus_missingness,c8da45025ca6,22557198bb82e52567d7d8b5c27dbb58d1f51966b9e15e7c5eee66736912ed1e,3,svm,"{""C"": 10.0, ""class_weight"": ""balanced"", ""kernel"": ""linear""}",True,2.472232800000711,0.4251152436403851,0.39684250695200096
facial_plus_missingness,3f2d5a9c37df,22557198bb82e52567d7d8b5c27dbb58d1f51966b9e15e7c5eee66736912ed1e,3,svm,"{""C"": 0.1, ""class_weight"": ""balanced"", ""gamma"": ""scale"", ""kernel"": ""rbf""}",False,0.4851835999998002,0.4048832781751539,0.38844027353411903
facial_plus_missingness,a8f39ccb1454,22557198bb82e52567d7d8b5c27dbb58d1f51966b9e15e7c5eee66736912ed1e,3,svm,"{""C"": 0.1, ""class_weight"": ""balanced"", ""gamma"": 0.1, ""kernel"": ""rbf""}",False,0.537335200000598,0.4048832781751539,0.38899856687432366
facial_plus_missingness,9384a3bb8ca8,22557198bb82e52567d7d8b5c27dbb58d1f51966b9e15e7c5eee66736912ed1e,3,svm,"{""C"": 1.0, ""class_weight"": ""balanced"", ""gamma"": ""scale"", ""kernel"": ""rbf""}",False,0.4287233000013657,0.3989804633287071,0.3859342210336694
facial_plus_missingness,4f4f2e972d2b,22557198bb82e52567d7d8b5c27dbb58d1f51966b9e15e7c5eee66736912ed1e,3,svm,"{""C"": 1.0, ""class_weight"": ""balanced"", ""gamma"": 0.1, ""kernel"": ""rbf""}",False,0.4259741000005306,0.3978016796555283,0.38480554298248665
facial_plus_missingness,47b8cdda5535,22557198bb82e52567d7d8b5c27dbb58d1f51966b9e15e7c5eee66736912ed1e,3,svm,"{""C"": 10.0, ""class_weight"": ""balanced"", ""gamma"": ""scale"", ""kernel"": ""rbf""}",False,0.41089170000122976,0.3956264901604925,0.38363787347936706
facial_plus_missingness,8b5eb616ca11,22557198bb82e52567d7d8b5c27dbb58d1f51966b9e15e7c5eee66736912ed1e,3,svm,"{""C"": 10.0, ""class_weight"": ""balanced"", ""gamma"": 0.1, ""kernel"": ""rbf""}",False,0.39554929999940214,0.4008620689655172,0.3890899504557555
facial_plus_missingness,1f3f5b7a1f13,22557198bb82e52567d7d8b5c27dbb58d1f51966b9e15e7c5eee66736912ed1e,3,random_forest,"{""class_weight"": ""balanced_subsample"", ""max_depth"": null, ""max_features"": ""sqrt"", ""min_samples_leaf"": 1, ""n_estimators"": 200, ""n_jobs"": -1}",False,0.778929899999639,0.40495445001957225,0.4034534494662489
facial_plus_missingness,cfdf5414a6fe,22557198bb82e52567d7d8b5c27dbb58d1f51966b9e15e7c5eee66736912ed1e,3,random_forest,"{""class_weight"": ""balanced_subsample"", ""max_depth"": null, ""max_features"": 0.8, ""min_samples_leaf"": 1, ""n_estimators"": 200, ""n_jobs"": -1}",False,1.030831500000204,0.39803743639016403,0.3972455167363269
facial_plus_missingness,8fb923e5d748,22557198bb82e52567d7d8b5c27dbb58d1f51966b9e15e7c5eee66736912ed1e,3,random_forest,"{""class_weight"": ""balanced_subsample"", ""max_depth"": null, ""max_features"": ""sqrt"", ""min_samples_leaf"": 3, ""n_estimators"": 200, ""n_jobs"": -1}",False,0.8562106000008498,0.41100405679513186,0.401982694401467
facial_plus_missingness,d5eb4fec9dc7,22557198bb82e52567d7d8b5c27dbb58d1f51966b9e15e7c5eee66736912ed1e,3,random_forest,"{""class_weight"": ""balanced_subsample"", ""max_depth"": null, ""max_features"": 0.8, ""min_samples_leaf"": 3, ""n_estimators"": 200, ""n_jobs"": -1}",False,0.9302653000013379,0.40628892210241624,0.4009675782823132
facial_plus_missingness,30545db26cd1,22557198bb82e52567d7d8b5c27dbb58d1f51966b9e15e7c5eee66736912ed1e,3,random_forest,"{""class_weight"": ""balanced_subsample"", ""max_depth"": 8, ""max_features"": ""sqrt"", ""min_samples_leaf"": 1, ""n_estimators"": 200, ""n_jobs"": -1}",False,0.8099179000000731,0.4089756592292089,0.39999999999999997
facial_plus_missingness,8ccc1d4ec9ea,22557198bb82e52567d7d8b5c27dbb58d1f51966b9e15e7c5eee66736912ed1e,3,random_forest,"{""class_weight"": ""balanced_subsample"", ""max_depth"": 8, ""max_features"": 0.8, ""min_samples_leaf"": 1, ""n_estimators"": 200, ""n_jobs"": -1}",False,0.9207526000009238,0.406280025621864,0.39885926920026843
facial_plus_missingness,869b859ae6d2,22557198bb82e52567d7d8b5c27dbb58d1f51966b9e15e7c5eee66736912ed1e,3,random_forest,"{""class_weight"": ""balanced_subsample"", ""max_depth"": 8, ""max_features"": ""sqrt"", ""min_samples_leaf"": 3, ""n_estimators"": 200, ""n_jobs"": -1}",False,0.7565821000007418,0.4104836126828227,0.3978535594081412
facial_plus_missingness,ecbb6cbc4135,22557198bb82e52567d7d8b5c27dbb58d1f51966b9e15e7c5eee66736912ed1e,3,random_forest,"{""class_weight"": ""balanced_subsample"", ""max_depth"": 8, ""max_features"": 0.8, ""min_samples_leaf"": 3, ""n_estimators"": 200, ""n_jobs"": -1}",False,0.8485752000015054,0.40559499661933734,0.3947870966481852
facial_plus_missingness,32a1f06b6265,22557198bb82e52567d7d8b5c27dbb58d1f51966b9e15e7c5eee66736912ed1e,3,random_forest,"{""class_weight"": ""balanced_subsample"", ""max_depth"": 16, ""max_features"": ""sqrt"", ""min_samples_leaf"": 1, ""n_estimators"": 200, ""n_jobs"": -1}",False,0.75098749999961,0.40377566634639334,0.4030748573346761
facial_plus_missingness,f8a448b569de,22557198bb82e52567d7d8b5c27dbb58d1f51966b9e15e7c5eee66736912ed1e,3,random_forest,"{""class_weight"": ""balanced_subsample"", ""max_depth"": 16, ""max_features"": 0.8, ""min_samples_leaf"": 1, ""n_estimators"": 200, ""n_jobs"": -1}",False,0.8909039000009216,0.3998923525853173,0.3983947633968878
facial_plus_missingness,3de1e394426b,22557198bb82e52567d7d8b5c27dbb58d1f51966b9e15e7c5eee66736912ed1e,3,random_forest,"{""class_weight"": ""balanced_subsample"", ""max_depth"": 16, ""max_features"": ""sqrt"", ""min_samples_leaf"": 3, ""n_estimators"": 200, ""n_jobs"": -1}",False,0.7851336000003357,0.4081349418170172,0.39949547070290103
facial_plus_missingness,7ba850d0cd37,22557198bb82e52567d7d8b5c27dbb58d1f51966b9e15e7c5eee66736912ed1e,3,random_forest,"{""class_weight"": ""balanced_subsample"", ""max_depth"": 16, ""max_features"": 0.8, ""min_samples_leaf"": 3, ""n_estimators"": 200, ""n_jobs"": -1}",False,0.8757337000006373,0.40662698836340344,0.40182786740387283
facial_plus_missingness,4ef548874658,22557198bb82e52567d7d8b5c27dbb58d1f51966b9e15e7c5eee66736912ed1e,3,random_forest,"{""class_weight"": ""balanced_subsample"", ""max_depth"": null, ""max_features"": ""sqrt"", ""min_samples_leaf"": 1, ""n_estimators"": 500, ""n_jobs"": -1}",False,1.8561339000007138,0.4088377637806484,0.4081906680093991
facial_plus_missingness,345dfc61311f,22557198bb82e52567d7d8b5c27dbb58d1f51966b9e15e7c5eee66736912ed1e,3,random_forest,"{""class_weight"": ""balanced_subsample"", ""max_depth"": null, ""max_features"": 0.8, ""min_samples_leaf"": 1, ""n_estimators"": 500, ""n_jobs"": -1}",False,2.1461701999996876,0.39837550265115124,0.3977721802406941
facial_plus_missingness,86c07b9f0b9c,22557198bb82e52567d7d8b5c27dbb58d1f51966b9e15e7c5eee66736912ed1e,3,random_forest,"{""class_weight"": ""balanced_subsample"", ""max_depth"": null, ""max_features"": ""sqrt"", ""min_samples_leaf"": 3, ""n_estimators"": 500, ""n_jobs"": -1}",False,2.0200326000012865,0.40982527312195294,0.40208351468891096
facial_plus_missingness,54cd49168558,22557198bb82e52567d7d8b5c27dbb58d1f51966b9e15e7c5eee66736912ed1e,3,random_forest,"{""class_weight"": ""balanced_subsample"", ""max_depth"": null, ""max_features"": 0.8, ""min_samples_leaf"": 3, ""n_estimators"": 500, ""n_jobs"": -1}",False,2.4003506999997626,0.4081438382975695,0.4022974868765585
facial_plus_missingness,7630867af438,22557198bb82e52567d7d8b5c27dbb58d1f51966b9e15e7c5eee66736912ed1e,3,random_forest,"{""class_weight"": ""balanced_subsample"", ""max_depth"": 8, ""max_features"": ""sqrt"", ""min_samples_leaf"": 1, ""n_estimators"": 500, ""n_jobs"": -1}",False,1.8522121999994852,0.41167129283655385,0.40091991341991334
facial_plus_missingness,4643bba06fbb,22557198bb82e52567d7d8b5c27dbb58d1f51966b9e15e7c5eee66736912ed1e,3,random_forest,"{""class_weight"": ""balanced_subsample"", ""max_depth"": 8, ""max_features"": 0.8, ""min_samples_leaf"": 1, ""n_estimators"": 500, ""n_jobs"": -1}",False,2.2172339000007923,0.40729422440482543,0.40041173443129185
facial_plus_missingness,41e55919bdbe,22557198bb82e52567d7d8b5c27dbb58d1f51966b9e15e7c5eee66736912ed1e,3,random_forest,"{""class_weight"": ""balanced_subsample"", ""max_depth"": 8, ""max_features"": ""sqrt"", ""min_samples_leaf"": 3, ""n_estimators"": 500, ""n_jobs"": -1}",False,1.9176543000012316,0.4089667627486566,0.3971657587465714
facial_plus_missingness,0f6d2ddde298,22557198bb82e52567d7d8b5c27dbb58d1f51966b9e15e7c5eee66736912ed1e,3,random_forest,"{""class_weight"": ""balanced_subsample"", ""max_depth"": 8, ""max_features"": 0.8, ""min_samples_leaf"": 3, ""n_estimators"": 500, ""n_jobs"": -1}",False,2.0975015000003623,0.40441621294615854,0.3945482080752795
facial_plus_missingness,862912140178,22557198bb82e52567d7d8b5c27dbb58d1f51966b9e15e7c5eee66736912ed1e,3,random_forest,"{""class_weight"": ""balanced_subsample"", ""max_depth"": 16, ""max_features"": ""sqrt"", ""min_samples_leaf"": 1, ""n_estimators"": 500, ""n_jobs"": -1}",True,2.3257515000004787,0.40917583004163555,0.40874827964825994
facial_plus_missingness,b488d33d0ae3,22557198bb82e52567d7d8b5c27dbb58d1f51966b9e15e7c5eee66736912ed1e,3,random_forest,"{""class_weight"": ""balanced_subsample"", ""max_depth"": 16, ""max_features"": 0.8, ""min_samples_leaf"": 1, ""n_estimators"": 500, ""n_jobs"": -1}",False,2.5409266999995452,0.40056848510729154,0.399796377665845
facial_plus_missingness,e0c6471ac708,22557198bb82e52567d7d8b5c27dbb58d1f51966b9e15e7c5eee66736912ed1e,3,random_forest,"{""class_weight"": ""balanced_subsample"", ""max_depth"": 16, ""max_features"": ""sqrt"", ""min_samples_leaf"": 3, ""n_estimators"": 500, ""n_jobs"": -1}",False,2.058453699999518,0.4116801893171062,0.40335319658540514
facial_plus_missingness,3e79b57ef9ff,22557198bb82e52567d7d8b5c27dbb58d1f51966b9e15e7c5eee66736912ed1e,3,random_forest,"{""class_weight"": ""balanced_subsample"", ""max_depth"": 16, ""max_features"": 0.8, ""min_samples_leaf"": 3, ""n_estimators"": 500, ""n_jobs"": -1}",False,2.214632499999425,0.40628892210241624,0.4009675782823132
facial_plus_missingness,52c4e858654b,22557198bb82e52567d7d8b5c27dbb58d1f51966b9e15e7c5eee66736912ed1e,3,xgboost,"{""colsample_bytree"": 0.8, ""early_stopping_rounds"": 30, ""eval_metric"": ""mlogloss"", ""learning_rate"": 0.03, ""max_depth"": 3, ""min_child_weight"": 1, ""n_estimators"": 300, ""n_jobs"": -1, ""objective"": ""multi:softprob"", ""subsample"": 0.8, ""tree_method"": ""hist""}",False,1.7246001999992586,0.4050478630653713,0.38356577275600023
facial_plus_missingness,e6044ea7216f,22557198bb82e52567d7d8b5c27dbb58d1f51966b9e15e7c5eee66736912ed1e,3,xgboost,"{""colsample_bytree"": 0.8, ""early_stopping_rounds"": 30, ""eval_metric"": ""mlogloss"", ""learning_rate"": 0.03, ""max_depth"": 3, ""min_child_weight"": 5, ""n_estimators"": 300, ""n_jobs"": -1, ""objective"": ""multi:softprob"", ""subsample"": 0.8, ""tree_method"": ""hist""}",False,1.2759470000000874,0.40099996441407776,0.3810046958228203
facial_plus_missingness,2ac28921e2fc,22557198bb82e52567d7d8b5c27dbb58d1f51966b9e15e7c5eee66736912ed1e,3,xgboost,"{""colsample_bytree"": 1.0, ""early_stopping_rounds"": 30, ""eval_metric"": ""mlogloss"", ""learning_rate"": 0.03, ""max_depth"": 3, ""min_child_weight"": 1, ""n_estimators"": 300, ""n_jobs"": -1, ""objective"": ""multi:softprob"", ""subsample"": 0.8, ""tree_method"": ""hist""}",False,1.256670100001429,0.40201416319703925,0.3815298173567406
facial_plus_missingness,7e5e4a0a8210,22557198bb82e52567d7d8b5c27dbb58d1f51966b9e15e7c5eee66736912ed1e,3,xgboost,"{""colsample_bytree"": 1.0, ""early_stopping_rounds"": 30, ""eval_metric"": ""mlogloss"", ""learning_rate"": 0.03, ""max_depth"": 3, ""min_child_weight"": 5, ""n_estimators"": 300, ""n_jobs"": -1, ""objective"": ""multi:softprob"", ""subsample"": 0.8, ""tree_method"": ""hist""}",False,1.4130060999996203,0.39408295078466954,0.3774903026154417
facial_plus_missingness,61d28dd004ab,22557198bb82e52567d7d8b5c27dbb58d1f51966b9e15e7c5eee66736912ed1e,3,xgboost,"{""colsample_bytree"": 0.8, ""early_stopping_rounds"": 30, ""eval_metric"": ""mlogloss"", ""learning_rate"": 0.1, ""max_depth"": 3, ""min_child_weight"": 1, ""n_estimators"": 300, ""n_jobs"": -1, ""objective"": ""multi:softprob"", ""subsample"": 0.8, ""tree_method"": ""hist""}",False,0.5867787000006501,0.40960730934842177,0.39046106925008967
facial_plus_missingness,273e82f898a0,22557198bb82e52567d7d8b5c27dbb58d1f51966b9e15e7c5eee66736912ed1e,3,xgboost,"{""colsample_bytree"": 0.8, ""early_stopping_rounds"": 30, ""eval_metric"": ""mlogloss"", ""learning_rate"": 0.1, ""max_depth"": 3, ""min_child_weight"": 5, ""n_estimators"": 300, ""n_jobs"": -1, ""objective"": ""multi:softprob"", ""subsample"": 0.8, ""tree_method"": ""hist""}",False,0.5683740000004036,0.40319294687021817,0.38584324889894644
facial_plus_missingness,5019e0e4e655,22557198bb82e52567d7d8b5c27dbb58d1f51966b9e15e7c5eee66736912ed1e,3,xgboost,"{""colsample_bytree"": 1.0, ""early_stopping_rounds"": 30, ""eval_metric"": ""mlogloss"", ""learning_rate"": 0.1, ""max_depth"": 3, ""min_child_weight"": 1, ""n_estimators"": 300, ""n_jobs"": -1, ""objective"": ""multi:softprob"", ""subsample"": 0.8, ""tree_method"": ""hist""}",False,0.5179991999993945,0.4062355432191025,0.38630224058477675
facial_plus_missingness,281f0bd12afc,22557198bb82e52567d7d8b5c27dbb58d1f51966b9e15e7c5eee66736912ed1e,3,xgboost,"{""colsample_bytree"": 1.0, ""early_stopping_rounds"": 30, ""eval_metric"": ""mlogloss"", ""learning_rate"": 0.1, ""max_depth"": 3, ""min_child_weight"": 5, ""n_estimators"": 300, ""n_jobs"": -1, ""objective"": ""multi:softprob"", ""subsample"": 0.8, ""tree_method"": ""hist""}",False,0.5455895000013697,0.39408295078466954,0.3770430241806204
facial_plus_missingness,a4ed4de96c0f,22557198bb82e52567d7d8b5c27dbb58d1f51966b9e15e7c5eee66736912ed1e,3,xgboost,"{""colsample_bytree"": 0.8, ""early_stopping_rounds"": 30, ""eval_metric"": ""mlogloss"", ""learning_rate"": 0.03, ""max_depth"": 5, ""min_child_weight"": 1, ""n_estimators"": 300, ""n_jobs"": -1, ""objective"": ""multi:softprob"", ""subsample"": 0.8, ""tree_method"": ""hist""}",False,1.8778927999992447,0.40202305967759155,0.3838241366919979
facial_plus_missingness,578259f2bd22,22557198bb82e52567d7d8b5c27dbb58d1f51966b9e15e7c5eee66736912ed1e,3,xgboost,"{""colsample_bytree"": 0.8, ""early_stopping_rounds"": 30, ""eval_metric"": ""mlogloss"", ""learning_rate"": 0.03, ""max_depth"": 5, ""min_child_weight"": 5, ""n_estimators"": 300, ""n_jobs"": -1, ""objective"": ""multi:softprob"", ""subsample"": 0.8, ""tree_method"": ""hist""}",False,1.7874458000005689,0.39832212376783743,0.3847368612292015
facial_plus_missingness,664714dfeb71,22557198bb82e52567d7d8b5c27dbb58d1f51966b9e15e7c5eee66736912ed1e,3,xgboost,"{""colsample_bytree"": 1.0, ""early_stopping_rounds"": 30, ""eval_metric"": ""mlogloss"", ""learning_rate"": 0.03, ""max_depth"": 5, ""min_child_weight"": 1, ""n_estimators"": 300, ""n_jobs"": -1, ""objective"": ""multi:softprob"", ""subsample"": 0.8, ""tree_method"": ""hist""}",False,1.8967473000011523,0.4026991921995659,0.3844979850656756
facial_plus_missingness,29b0784d382b,22557198bb82e52567d7d8b5c27dbb58d1f51966b9e15e7c5eee66736912ed1e,3,xgboost,"{""colsample_bytree"": 1.0, ""early_stopping_rounds"": 30, ""eval_metric"": ""mlogloss"", ""learning_rate"": 0.03, ""max_depth"": 5, ""min_child_weight"": 5, ""n_estimators"": 300, ""n_jobs"": -1, ""objective"": ""multi:softprob"", ""subsample"": 0.8, ""tree_method"": ""hist""}",False,1.7841659000005166,0.39983897370200344,0.3852748179084701
facial_plus_missingness,9ff407e47a79,22557198bb82e52567d7d8b5c27dbb58d1f51966b9e15e7c5eee66736912ed1e,3,xgboost,"{""colsample_bytree"": 0.8, ""early_stopping_rounds"": 30, ""eval_metric"": ""mlogloss"", ""learning_rate"": 0.1, ""max_depth"": 5, ""min_child_weight"": 1, ""n_estimators"": 300, ""n_jobs"": -1, ""objective"": ""multi:softprob"", ""subsample"": 0.8, ""tree_method"": ""hist""}",True,0.8366442000005918,0.40978968719974374,0.391445678673447
facial_plus_missingness,1640bb5d0aaa,22557198bb82e52567d7d8b5c27dbb58d1f51966b9e15e7c5eee66736912ed1e,3,xgboost,"{""colsample_bytree"": 0.8, ""early_stopping_rounds"": 30, ""eval_metric"": ""mlogloss"", ""learning_rate"": 0.1, ""max_depth"": 5, ""min_child_weight"": 5, ""n_estimators"": 300, ""n_jobs"": -1, ""objective"": ""multi:softprob"", ""subsample"": 0.8, ""tree_method"": ""hist""}",False,0.9245991000007052,0.40237002241913106,0.3875265591801025
facial_plus_missingness,3c0353feee8d,22557198bb82e52567d7d8b5c27dbb58d1f51966b9e15e7c5eee66736912ed1e,3,xgboost,"{""colsample_bytree"": 1.0, ""early_stopping_rounds"": 30, ""eval_metric"": ""mlogloss"", ""learning_rate"": 0.1, ""max_depth"": 5, ""min_child_weight"": 1, ""n_estimators"": 300, ""n_jobs"": -1, ""objective"": ""multi:softprob"", ""subsample"": 0.8, ""tree_method"": ""hist""}",False,0.8547858000001725,0.4050656560264759,0.3879524419375642
facial_plus_missingness,76a0a842fdc6,22557198bb82e52567d7d8b5c27dbb58d1f51966b9e15e7c5eee66736912ed1e,3,xgboost,"{""colsample_bytree"": 1.0, ""early_stopping_rounds"": 30, ""eval_metric"": ""mlogloss"", ""learning_rate"": 0.1, ""max_depth"": 5, ""min_child_weight"": 5, ""n_estimators"": 300, ""n_jobs"": -1, ""objective"": ""multi:softprob"", ""subsample"": 0.8, ""tree_method"": ""hist""}",False,0.978946299999734,0.4015293050069393,0.3883707476754194
facial_plus_missingness,fd8e21cae0de,22557198bb82e52567d7d8b5c27dbb58d1f51966b9e15e7c5eee66736912ed1e,3,xgboost,"{""colsample_bytree"": 0.8, ""early_stopping_rounds"": 30, ""eval_metric"": ""mlogloss"", ""learning_rate"": 0.03, ""max_depth"": 3, ""min_child_weight"": 1, ""n_estimators"": 600, ""n_jobs"": -1, ""objective"": ""multi:softprob"", ""subsample"": 0.8, ""tree_method"": ""hist""}",False,1.2420841999992263,0.4050478630653713,0.38356577275600023
facial_plus_missingness,3e267305ecbb,22557198bb82e52567d7d8b5c27dbb58d1f51966b9e15e7c5eee66736912ed1e,3,xgboost,"{""colsample_bytree"": 0.8, ""early_stopping_rounds"": 30, ""eval_metric"": ""mlogloss"", ""learning_rate"": 0.03, ""max_depth"": 3, ""min_child_weight"": 5, ""n_estimators"": 600, ""n_jobs"": -1, ""objective"": ""multi:softprob"", ""subsample"": 0.8, ""tree_method"": ""hist""}",False,1.2307229000016378,0.40099996441407776,0.3810046958228203
facial_plus_missingness,5ea046f1e5ea,22557198bb82e52567d7d8b5c27dbb58d1f51966b9e15e7c5eee66736912ed1e,3,xgboost,"{""colsample_bytree"": 1.0, ""early_stopping_rounds"": 30, ""eval_metric"": ""mlogloss"", ""learning_rate"": 0.03, ""max_depth"": 3, ""min_child_weight"": 1, ""n_estimators"": 600, ""n_jobs"": -1, ""objective"": ""multi:softprob"", ""subsample"": 0.8, ""tree_method"": ""hist""}",False,1.2704508999995596,0.40201416319703925,0.3815298173567406
facial_plus_missingness,233f3e858cb0,22557198bb82e52567d7d8b5c27dbb58d1f51966b9e15e7c5eee66736912ed1e,3,xgboost,"{""colsample_bytree"": 1.0, ""early_stopping_rounds"": 30, ""eval_metric"": ""mlogloss"", ""learning_rate"": 0.03, ""max_depth"": 3, ""min_child_weight"": 5, ""n_estimators"": 600, ""n_jobs"": -1, ""objective"": ""multi:softprob"", ""subsample"": 0.8, ""tree_method"": ""hist""}",False,1.4275735999999597,0.39408295078466954,0.3774903026154417
facial_plus_missingness,89af4ef4dc00,22557198bb82e52567d7d8b5c27dbb58d1f51966b9e15e7c5eee66736912ed1e,3,xgboost,"{""colsample_bytree"": 0.8, ""early_stopping_rounds"": 30, ""eval_metric"": ""mlogloss"", ""learning_rate"": 0.1, ""max_depth"": 3, ""min_child_weight"": 1, ""n_estimators"": 600, ""n_jobs"": -1, ""objective"": ""multi:softprob"", ""subsample"": 0.8, ""tree_method"": ""hist""}",False,0.5546039000000746,0.40960730934842177,0.39046106925008967
facial_plus_missingness,850288ac9397,22557198bb82e52567d7d8b5c27dbb58d1f51966b9e15e7c5eee66736912ed1e,3,xgboost,"{""colsample_bytree"": 0.8, ""early_stopping_rounds"": 30, ""eval_metric"": ""mlogloss"", ""learning_rate"": 0.1, ""max_depth"": 3, ""min_child_weight"": 5, ""n_estimators"": 600, ""n_jobs"": -1, ""objective"": ""multi:softprob"", ""subsample"": 0.8, ""tree_method"": ""hist""}",False,0.5584457000004477,0.40319294687021817,0.38584324889894644
facial_plus_missingness,8023133bca76,22557198bb82e52567d7d8b5c27dbb58d1f51966b9e15e7c5eee66736912ed1e,3,xgboost,"{""colsample_bytree"": 1.0, ""early_stopping_rounds"": 30, ""eval_metric"": ""mlogloss"", ""learning_rate"": 0.1, ""max_depth"": 3, ""min_child_weight"": 1, ""n_estimators"": 600, ""n_jobs"": -1, ""objective"": ""multi:softprob"", ""subsample"": 0.8, ""tree_method"": ""hist""}",False,0.5391615000007732,0.4062355432191025,0.38630224058477675
facial_plus_missingness,2a9e450625ff,22557198bb82e52567d7d8b5c27dbb58d1f51966b9e15e7c5eee66736912ed1e,3,xgboost,"{""colsample_bytree"": 1.0, ""early_stopping_rounds"": 30, ""eval_metric"": ""mlogloss"", ""learning_rate"": 0.1, ""max_depth"": 3, ""min_child_weight"": 5, ""n_estimators"": 600, ""n_jobs"": -1, ""objective"": ""multi:softprob"", ""subsample"": 0.8, ""tree_method"": ""hist""}",False,0.6007872999998654,0.39408295078466954,0.3770430241806204
facial_plus_missingness,b77fc0c4cd81,22557198bb82e52567d7d8b5c27dbb58d1f51966b9e15e7c5eee66736912ed1e,3,xgboost,"{""colsample_bytree"": 0.8, ""early_stopping_rounds"": 30, ""eval_metric"": ""mlogloss"", ""learning_rate"": 0.03, ""max_depth"": 5, ""min_child_weight"": 1, ""n_estimators"": 600, ""n_jobs"": -1, ""objective"": ""multi:softprob"", ""subsample"": 0.8, ""tree_method"": ""hist""}",False,1.862596900000426,0.40202305967759155,0.3838241366919979
facial_plus_missingness,83b955aae125,22557198bb82e52567d7d8b5c27dbb58d1f51966b9e15e7c5eee66736912ed1e,3,xgboost,"{""colsample_bytree"": 0.8, ""early_stopping_rounds"": 30, ""eval_metric"": ""mlogloss"", ""learning_rate"": 0.03, ""max_depth"": 5, ""min_child_weight"": 5, ""n_estimators"": 600, ""n_jobs"": -1, ""objective"": ""multi:softprob"", ""subsample"": 0.8, ""tree_method"": ""hist""}",False,1.6089970999983052,0.39832212376783743,0.3847368612292015
facial_plus_missingness,7aa0faebcd59,22557198bb82e52567d7d8b5c27dbb58d1f51966b9e15e7c5eee66736912ed1e,3,xgboost,"{""colsample_bytree"": 1.0, ""early_stopping_rounds"": 30, ""eval_metric"": ""mlogloss"", ""learning_rate"": 0.03, ""max_depth"": 5, ""min_child_weight"": 1, ""n_estimators"": 600, ""n_jobs"": -1, ""objective"": ""multi:softprob"", ""subsample"": 0.8, ""tree_method"": ""hist""}",False,1.9464862999993784,0.4026991921995659,0.3844979850656756
facial_plus_missingness,900dbedc225b,22557198bb82e52567d7d8b5c27dbb58d1f51966b9e15e7c5eee66736912ed1e,3,xgboost,"{""colsample_bytree"": 1.0, ""early_stopping_rounds"": 30, ""eval_metric"": ""mlogloss"", ""learning_rate"": 0.03, ""max_depth"": 5, ""min_child_weight"": 5, ""n_estimators"": 600, ""n_jobs"": -1, ""objective"": ""multi:softprob"", ""subsample"": 0.8, ""tree_method"": ""hist""}",False,1.6975946000002295,0.39983897370200344,0.3852748179084701
facial_plus_missingness,84356dc6930b,22557198bb82e52567d7d8b5c27dbb58d1f51966b9e15e7c5eee66736912ed1e,3,xgboost,"{""colsample_bytree"": 0.8, ""early_stopping_rounds"": 30, ""eval_metric"": ""mlogloss"", ""learning_rate"": 0.1, ""max_depth"": 5, ""min_child_weight"": 1, ""n_estimators"": 600, ""n_jobs"": -1, ""objective"": ""multi:softprob"", ""subsample"": 0.8, ""tree_method"": ""hist""}",False,0.8558556000007229,0.40978968719974374,0.391445678673447
facial_plus_missingness,d6b94d7cc920,22557198bb82e52567d7d8b5c27dbb58d1f51966b9e15e7c5eee66736912ed1e,3,xgboost,"{""colsample_bytree"": 0.8, ""early_stopping_rounds"": 30, ""eval_metric"": ""mlogloss"", ""learning_rate"": 0.1, ""max_depth"": 5, ""min_child_weight"": 5, ""n_estimators"": 600, ""n_jobs"": -1, ""objective"": ""multi:softprob"", ""subsample"": 0.8, ""tree_method"": ""hist""}",False,0.9068868000013026,0.40237002241913106,0.3875265591801025
facial_plus_missingness,ed5cff5b45cf,22557198bb82e52567d7d8b5c27dbb58d1f51966b9e15e7c5eee66736912ed1e,3,xgboost,"{""colsample_bytree"": 1.0, ""early_stopping_rounds"": 30, ""eval_metric"": ""mlogloss"", ""learning_rate"": 0.1, ""max_depth"": 5, ""min_child_weight"": 1, ""n_estimators"": 600, ""n_jobs"": -1, ""objective"": ""multi:softprob"", ""subsample"": 0.8, ""tree_method"": ""hist""}",False,0.882867599999372,0.4050656560264759,0.3879524419375642
facial_plus_missingness,94c26a8ef2c4,22557198bb82e52567d7d8b5c27dbb58d1f51966b9e15e7c5eee66736912ed1e,3,xgboost,"{""colsample_bytree"": 1.0, ""early_stopping_rounds"": 30, ""eval_metric"": ""mlogloss"", ""learning_rate"": 0.1, ""max_depth"": 5, ""min_child_weight"": 5, ""n_estimators"": 600, ""n_jobs"": -1, ""objective"": ""multi:softprob"", ""subsample"": 0.8, ""tree_method"": ""hist""}",False,0.7945586000005278,0.4015293050069393,0.3883707476754194
facial_plus_missingness,b785e498e470,22557198bb82e52567d7d8b5c27dbb58d1f51966b9e15e7c5eee66736912ed1e,4,svm,"{""C"": 0.1, ""class_weight"": ""balanced"", ""kernel"": ""linear""}",False,0.31441520000043965,0.4551646580898499,0.389017408673042
facial_plus_missingness,34c97e51572e,22557198bb82e52567d7d8b5c27dbb58d1f51966b9e15e7c5eee66736912ed1e,4,svm,"{""C"": 1.0, ""class_weight"": ""balanced"", ""kernel"": ""linear""}",False,0.5358875000001717,0.453517754269033,0.38829746965130746
facial_plus_missingness,c8da45025ca6,22557198bb82e52567d7d8b5c27dbb58d1f51966b9e15e7c5eee66736912ed1e,4,svm,"{""C"": 10.0, ""class_weight"": ""balanced"", ""kernel"": ""linear""}",False,2.3074293000008765,0.44890642357074584,0.38360274163146496
facial_plus_missingness,3f2d5a9c37df,22557198bb82e52567d7d8b5c27dbb58d1f51966b9e15e7c5eee66736912ed1e,4,svm,"{""C"": 0.1, ""class_weight"": ""balanced"", ""gamma"": ""scale"", ""kernel"": ""rbf""}",False,0.5645222000002832,0.4199055775142732,0.40337779010547886
facial_plus_missingness,a8f39ccb1454,22557198bb82e52567d7d8b5c27dbb58d1f51966b9e15e7c5eee66736912ed1e,4,svm,"{""C"": 0.1, ""class_weight"": ""balanced"", ""gamma"": 0.1, ""kernel"": ""rbf""}",False,0.5598581000012928,0.4257109134826526,0.3945335576040619
facial_plus_missingness,9384a3bb8ca8,22557198bb82e52567d7d8b5c27dbb58d1f51966b9e15e7c5eee66736912ed1e,4,svm,"{""C"": 1.0, ""class_weight"": ""balanced"", ""gamma"": ""scale"", ""kernel"": ""rbf""}",False,0.493202100000417,0.4437913340566793,0.3859717325389122
facial_plus_missingness,4f4f2e972d2b,22557198bb82e52567d7d8b5c27dbb58d1f51966b9e15e7c5eee66736912ed1e,4,svm,"{""C"": 1.0, ""class_weight"": ""balanced"", ""gamma"": 0.1, ""kernel"": ""rbf""}",False,0.47573759999977483,0.4474145224624764,0.39095759205263153
facial_plus_missingness,47b8cdda5535,22557198bb82e52567d7d8b5c27dbb58d1f51966b9e15e7c5eee66736912ed1e,4,svm,"{""C"": 10.0, ""class_weight"": ""balanced"", ""gamma"": ""scale"", ""kernel"": ""rbf""}",True,0.40641189999951166,0.45415310392931874,0.4034454078458843
facial_plus_missingness,8b5eb616ca11,22557198bb82e52567d7d8b5c27dbb58d1f51966b9e15e7c5eee66736912ed1e,4,svm,"{""C"": 10.0, ""class_weight"": ""balanced"", ""gamma"": 0.1, ""kernel"": ""rbf""}",False,0.41476540000076056,0.41888998682476947,0.38550420168067223
facial_plus_missingness,1f3f5b7a1f13,22557198bb82e52567d7d8b5c27dbb58d1f51966b9e15e7c5eee66736912ed1e,4,random_forest,"{""class_weight"": ""balanced_subsample"", ""max_depth"": null, ""max_features"": ""sqrt"", ""min_samples_leaf"": 1, ""n_estimators"": 200, ""n_jobs"": -1}",False,0.8284751999999571,0.4485617039964866,0.4193755548800251
facial_plus_missingness,cfdf5414a6fe,22557198bb82e52567d7d8b5c27dbb58d1f51966b9e15e7c5eee66736912ed1e,4,random_forest,"{""class_weight"": ""balanced_subsample"", ""max_depth"": null, ""max_features"": 0.8, ""min_samples_leaf"": 1, ""n_estimators"": 200, ""n_jobs"": -1}",False,0.9588007000002108,0.4520339262187088,0.4236303641127674
facial_plus_missingness,8fb923e5d748,22557198bb82e52567d7d8b5c27dbb58d1f51966b9e15e7c5eee66736912ed1e,4,random_forest,"{""class_weight"": ""balanced_subsample"", ""max_depth"": null, ""max_features"": ""sqrt"", ""min_samples_leaf"": 3, ""n_estimators"": 200, ""n_jobs"": -1}",False,0.8493216999995639,0.4532279314888011,0.4127426169663348
facial_plus_missingness,d5eb4fec9dc7,22557198bb82e52567d7d8b5c27dbb58d1f51966b9e15e7c5eee66736912ed1e,4,random_forest,"{""class_weight"": ""balanced_subsample"", ""max_depth"": null, ""max_features"": 0.8, ""min_samples_leaf"": 3, ""n_estimators"": 200, ""n_jobs"": -1}",False,0.9586607000001095,0.4545454545454546,0.4173219373219373
facial_plus_missingness,30545db26cd1,22557198bb82e52567d7d8b5c27dbb58d1f51966b9e15e7c5eee66736912ed1e,4,random_forest,"{""class_weight"": ""balanced_subsample"", ""max_depth"": 8, ""max_features"": ""sqrt"", ""min_samples_leaf"": 1, ""n_estimators"": 200, ""n_jobs"": -1}",False,0.8036269000003813,0.45687856829161183,0.41356192688999616
facial_plus_missingness,8ccc1d4ec9ea,22557198bb82e52567d7d8b5c27dbb58d1f51966b9e15e7c5eee66736912ed1e,4,random_forest,"{""class_weight"": ""balanced_subsample"", ""max_depth"": 8, ""max_features"": 0.8, ""min_samples_leaf"": 1, ""n_estimators"": 200, ""n_jobs"": -1}",False,0.9302777000011702,0.45589042599912166,0.4124244476393622
facial_plus_missingness,869b859ae6d2,22557198bb82e52567d7d8b5c27dbb58d1f51966b9e15e7c5eee66736912ed1e,4,random_forest,"{""class_weight"": ""balanced_subsample"", ""max_depth"": 8, ""max_features"": ""sqrt"", ""min_samples_leaf"": 3, ""n_estimators"": 200, ""n_jobs"": -1}",False,0.8919069999992644,0.44945377689942906,0.40465152815491184
facial_plus_missingness,ecbb6cbc4135,22557198bb82e52567d7d8b5c27dbb58d1f51966b9e15e7c5eee66736912ed1e,4,random_forest,"{""class_weight"": ""balanced_subsample"", ""max_depth"": 8, ""max_features"": 0.8, ""min_samples_leaf"": 3, ""n_estimators"": 200, ""n_jobs"": -1}",False,1.124761999999464,0.45391414141414144,0.40926615194656435
facial_plus_missingness,32a1f06b6265,22557198bb82e52567d7d8b5c27dbb58d1f51966b9e15e7c5eee66736912ed1e,4,random_forest,"{""class_weight"": ""balanced_subsample"", ""max_depth"": 16, ""max_features"": ""sqrt"", ""min_samples_leaf"": 1, ""n_estimators"": 200, ""n_jobs"": -1}",False,0.9322492999999668,0.4513751646903821,0.42087127212985337
facial_plus_missingness,f8a448b569de,22557198bb82e52567d7d8b5c27dbb58d1f51966b9e15e7c5eee66736912ed1e,4,random_forest,"{""class_weight"": ""balanced_subsample"", ""max_depth"": 16, ""max_features"": 0.8, ""min_samples_leaf"": 1, ""n_estimators"": 200, ""n_jobs"": -1}",False,0.9458661000007851,0.4520339262187088,0.4236303641127674
facial_plus_missingness,3de1e394426b,22557198bb82e52567d7d8b5c27dbb58d1f51966b9e15e7c5eee66736912ed1e,4,random_forest,"{""class_weight"": ""balanced_subsample"", ""max_depth"": 16, ""max_features"": ""sqrt"", ""min_samples_leaf"": 3, ""n_estimators"": 200, ""n_jobs"": -1}",False,0.8409513999995397,0.45223978919631097,0.4105523315553341
facial_plus_missingness,7ba850d0cd37,22557198bb82e52567d7d8b5c27dbb58d1f51966b9e15e7c5eee66736912ed1e,4,random_forest,"{""class_weight"": ""balanced_subsample"", ""max_depth"": 16, ""max_features"": 0.8, ""min_samples_leaf"": 3, ""n_estimators"": 200, ""n_jobs"": -1}",False,0.9389170999984344,0.45768829600351335,0.41886600636147686
facial_plus_missingness,4ef548874658,22557198bb82e52567d7d8b5c27dbb58d1f51966b9e15e7c5eee66736912ed1e,4,random_forest,"{""class_weight"": ""balanced_subsample"", ""max_depth"": null, ""max_features"": ""sqrt"", ""min_samples_leaf"": 1, ""n_estimators"": 500, ""n_jobs"": -1}",False,2.019672399999763,0.4551767676767677,0.4233664870838514
facial_plus_missingness,345dfc61311f,22557198bb82e52567d7d8b5c27dbb58d1f51966b9e15e7c5eee66736912ed1e,4,random_forest,"{""class_weight"": ""balanced_subsample"", ""max_depth"": null, ""max_features"": 0.8, ""min_samples_leaf"": 1, ""n_estimators"": 500, ""n_jobs"": -1}",False,2.3938528999988193,0.45236330698287225,0.42381429743489435
facial_plus_missingness,86c07b9f0b9c,22557198bb82e52567d7d8b5c27dbb58d1f51966b9e15e7c5eee66736912ed1e,4,random_forest,"{""class_weight"": ""balanced_subsample"", ""max_depth"": null, ""max_features"": ""sqrt"", ""min_samples_leaf"": 3, ""n_estimators"": 500, ""n_jobs"": -1}",False,2.1402550999991945,0.4553826306543698,0.4124646556999562
facial_plus_missingness,54cd49168558,22557198bb82e52567d7d8b5c27dbb58d1f51966b9e15e7c5eee66736912ed1e,4,random_forest,"{""class_weight"": ""balanced_subsample"", ""max_depth"": null, ""max_features"": 0.8, ""min_samples_leaf"": 3, ""n_estimators"": 500, ""n_jobs"": -1}",False,2.319668600001023,0.45520421607378125,0.41858331294347934
facial_plus_missingness,7630867af438,22557198bb82e52567d7d8b5c27dbb58d1f51966b9e15e7c5eee66736912ed1e,4,random_forest,"{""class_weight"": ""balanced_subsample"", ""max_depth"": 8, ""max_features"": ""sqrt"", ""min_samples_leaf"": 1, ""n_estimators"": 500, ""n_jobs"": -1}",False,1.9691382000000885,0.4524182037768994,0.41049421413018133
facial_plus_missingness,4643bba06fbb,22557198bb82e52567d7d8b5c27dbb58d1f51966b9e15e7c5eee66736912ed1e,4,random_forest,"{""class_weight"": ""balanced_subsample"", ""max_depth"": 8, ""max_features"": 0.8, ""min_samples_leaf"": 1, ""n_estimators"": 500, ""n_jobs"": -1}",False,2.6063684999990073,0.45589042599912166,0.4124244476393622
facial_plus_missingness,41e55919bdbe,22557198bb82e52567d7d8b5c27dbb58d1f51966b9e15e7c5eee66736912ed1e,4,random_forest,"{""class_weight"": ""balanced_subsample"", ""max_depth"": 8, ""max_features"": ""sqrt"", ""min_samples_leaf"": 3, ""n_estimators"": 500, ""n_jobs"": -1}",False,2.030763900000238,0.4532553798858147,0.4072508218786199
facial_plus_missingness,0f6d2ddde298,22557198bb82e52567d7d8b5c27dbb58d1f51966b9e15e7c5eee66736912ed1e,4,random_forest,"{""class_weight"": ""balanced_subsample"", ""max_depth"": 8, ""max_features"": 0.8, ""min_samples_leaf"": 3, ""n_estimators"": 500, ""n_jobs"": -1}",False,2.243886100000964,0.45358476064997805,0.40986554827385274
facial_plus_missingness,862912140178,22557198bb82e52567d7d8b5c27dbb58d1f51966b9e15e7c5eee66736912ed1e,4,random_forest,"{""class_weight"": ""balanced_subsample"", ""max_depth"": 16, ""max_features"": ""sqrt"", ""min_samples_leaf"": 1, ""n_estimators"": 500, ""n_jobs"": -1}",True,2.0092124000002514,0.45550614844093107,0.42402783525697024
facial_plus_missingness,b488d33d0ae3,22557198bb82e52567d7d8b5c27dbb58d1f51966b9e15e7c5eee66736912ed1e,4,random_forest,"{""class_weight"": ""balanced_subsample"", ""max_depth"": 16, ""max_features"": 0.8, ""min_samples_leaf"": 1, ""n_estimators"": 500, ""n_jobs"": -1}",False,2.3005788999998913,0.4517045454545454,0.42344624471747677
facial_plus_missingness,e0c6471ac708,22557198bb82e52567d7d8b5c27dbb58d1f51966b9e15e7c5eee66736912ed1e,4,random_forest,"{""class_weight"": ""balanced_subsample"", ""max_depth"": 16, ""max_features"": ""sqrt"", ""min_samples_leaf"": 3, ""n_estimators"": 500, ""n_jobs"": -1}",False,2.1228511999997863,0.4525691699604743,0.4119537526944934
facial_plus_missingness,3e79b57ef9ff,22557198bb82e52567d7d8b5c27dbb58d1f51966b9e15e7c5eee66736912ed1e,4,random_forest,"{""class_weight"": ""balanced_subsample"", ""max_depth"": 16, ""max_features"": 0.8, ""min_samples_leaf"": 3, ""n_estimators"": 500, ""n_jobs"": -1}",False,2.2273533000006864,0.4583470575318402,0.4201329534662868
facial_plus_missingness,52c4e858654b,22557198bb82e52567d7d8b5c27dbb58d1f51966b9e15e7c5eee66736912ed1e,4,xgboost,"{""colsample_bytree"": 0.8, ""early_stopping_rounds"": 30, ""eval_metric"": ""mlogloss"", ""learning_rate"": 0.03, ""max_depth"": 3, ""min_child_weight"": 1, ""n_estimators"": 300, ""n_jobs"": -1, ""objective"": ""multi:softprob"", ""subsample"": 0.8, ""tree_method"": ""hist""}",False,1.5288867999988724,0.4692085496912863,0.4126009216283382
facial_plus_missingness,e6044ea7216f,22557198bb82e52567d7d8b5c27dbb58d1f51966b9e15e7c5eee66736912ed1e,4,xgboost,"{""colsample_bytree"": 0.8, ""early_stopping_rounds"": 30, ""eval_metric"": ""mlogloss"", ""learning_rate"": 0.03, ""max_depth"": 3, ""min_child_weight"": 5, ""n_estimators"": 300, ""n_jobs"": -1, ""objective"": ""multi:softprob"", ""subsample"": 0.8, ""tree_method"": ""hist""}",False,1.2912931999999273,0.4662441228138159,0.40761591993119084
facial_plus_missingness,2ac28921e2fc,22557198bb82e52567d7d8b5c27dbb58d1f51966b9e15e7c5eee66736912ed1e,4,xgboost,"{""colsample_bytree"": 1.0, ""early_stopping_rounds"": 30, ""eval_metric"": ""mlogloss"", ""learning_rate"": 0.03, ""max_depth"": 3, ""min_child_weight"": 1, ""n_estimators"": 300, ""n_jobs"": -1, ""objective"": ""multi:softprob"", ""subsample"": 0.8, ""tree_method"": ""hist""}",False,1.2837223000005906,0.47202201038518177,0.41465753244091
facial_plus_missingness,7e5e4a0a8210,22557198bb82e52567d7d8b5c27dbb58d1f51966b9e15e7c5eee66736912ed1e,4,xgboost,"{""colsample_bytree"": 1.0, ""early_stopping_rounds"": 30, ""eval_metric"": ""mlogloss"", ""learning_rate"": 0.03, ""max_depth"": 3, ""min_child_weight"": 5, ""n_estimators"": 300, ""n_jobs"": -1, ""objective"": ""multi:softprob"", ""subsample"": 0.8, ""tree_method"": ""hist""}",False,1.4105380999990302,0.46806944121522126,0.4084690758909259
facial_plus_missingness,61d28dd004ab,22557198bb82e52567d7d8b5c27dbb58d1f51966b9e15e7c5eee66736912ed1e,4,xgboost,"{""colsample_bytree"": 0.8, ""early_stopping_rounds"": 30, ""eval_metric"": ""mlogloss"", ""learning_rate"": 0.1, ""max_depth"": 3, ""min_child_weight"": 1, ""n_estimators"": 300, ""n_jobs"": -1, ""objective"": ""multi:softprob"", ""subsample"": 0.8, ""tree_method"": ""hist""}",False,2.1357117999996262,0.44235836627140973,0.39876512254748325
facial_plus_missingness,273e82f898a0,22557198bb82e52567d7d8b5c27dbb58d1f51966b9e15e7c5eee66736912ed1e,4,xgboost,"{""colsample_bytree"": 0.8, ""early_stopping_rounds"": 30, ""eval_metric"": ""mlogloss"", ""learning_rate"": 0.1, ""max_depth"": 3, ""min_child_weight"": 5, ""n_estimators"": 300, ""n_jobs"": -1, ""objective"": ""multi:softprob"", ""subsample"": 0.8, ""tree_method"": ""hist""}",False,0.5780075999991823,0.41136912604303905,0.3789273147598293
facial_plus_missingness,5019e0e4e655,22557198bb82e52567d7d8b5c27dbb58d1f51966b9e15e7c5eee66736912ed1e,4,xgboost,"{""colsample_bytree"": 1.0, ""early_stopping_rounds"": 30, ""eval_metric"": ""mlogloss"", ""learning_rate"": 0.1, ""max_depth"": 3, ""min_child_weight"": 1, ""n_estimators"": 300, ""n_jobs"": -1, ""objective"": ""multi:softprob"", ""subsample"": 0.8, ""tree_method"": ""hist""}",True,0.5259643999997934,0.4726807719135085,0.4173604687018193
facial_plus_missingness,281f0bd12afc,22557198bb82e52567d7d8b5c27dbb58d1f51966b9e15e7c5eee66736912ed1e,4,xgboost,"{""colsample_bytree"": 1.0, ""early_stopping_rounds"": 30, ""eval_metric"": ""mlogloss"", ""learning_rate"": 0.1, ""max_depth"": 3, ""min_child_weight"": 5, ""n_estimators"": 300, ""n_jobs"": -1, ""objective"": ""multi:softprob"", ""subsample"": 0.8, ""tree_method"": ""hist""}",False,0.5247939999990194,0.46477563357358753,0.4065613771073541
facial_plus_missingness,a4ed4de96c0f,22557198bb82e52567d7d8b5c27dbb58d1f51966b9e15e7c5eee66736912ed1e,4,xgboost,"{""colsample_bytree"": 0.8, ""early_stopping_rounds"": 30, ""eval_metric"": ""mlogloss"", ""learning_rate"": 0.03, ""max_depth"": 5, ""min_child_weight"": 1, ""n_estimators"": 300, ""n_jobs"": -1, ""objective"": ""multi:softprob"", ""subsample"": 0.8, ""tree_method"": ""hist""}",False,2.1191782000005333,0.4385567632850242,0.40166053373600547
facial_plus_missingness,578259f2bd22,22557198bb82e52567d7d8b5c27dbb58d1f51966b9e15e7c5eee66736912ed1e,4,xgboost,"{""colsample_bytree"": 0.8, ""early_stopping_rounds"": 30, ""eval_metric"": ""mlogloss"", ""learning_rate"": 0.03, ""max_depth"": 5, ""min_child_weight"": 5, ""n_estimators"": 300, ""n_jobs"": -1, ""objective"": ""multi:softprob"", ""subsample"": 0.8, ""tree_method"": ""hist""}",False,2.1313045999995666,0.43032224418093984,0.3905408066032307
facial_plus_missingness,664714dfeb71,22557198bb82e52567d7d8b5c27dbb58d1f51966b9e15e7c5eee66736912ed1e,4,xgboost,"{""colsample_bytree"": 1.0, ""early_stopping_rounds"": 30, ""eval_metric"": ""mlogloss"", ""learning_rate"": 0.03, ""max_depth"": 5, ""min_child_weight"": 1, ""n_estimators"": 300, ""n_jobs"": -1, ""objective"": ""multi:softprob"", ""subsample"": 0.8, ""tree_method"": ""hist""}",False,1.816687799999272,0.43741765480895917,0.3993003770271104
facial_plus_missingness,29b0784d382b,22557198bb82e52567d7d8b5c27dbb58d1f51966b9e15e7c5eee66736912ed1e,4,xgboost,"{""colsample_bytree"": 1.0, ""early_stopping_rounds"": 30, ""eval_metric"": ""mlogloss"", ""learning_rate"": 0.03, ""max_depth"": 5, ""min_child_weight"": 5, ""n_estimators"": 300, ""n_jobs"": -1, ""objective"": ""multi:softprob"", ""subsample"": 0.8, ""tree_method"": ""hist""}",False,1.8613277999993443,0.42951251646903826,0.38805184915978747
facial_plus_missingness,9ff407e47a79,22557198bb82e52567d7d8b5c27dbb58d1f51966b9e15e7c5eee66736912ed1e,4,xgboost,"{""colsample_bytree"": 0.8, ""early_stopping_rounds"": 30, ""eval_metric"": ""mlogloss"", ""learning_rate"": 0.1, ""max_depth"": 5, ""min_child_weight"": 1, ""n_estimators"": 300, ""n_jobs"": -1, ""objective"": ""multi:softprob"", ""subsample"": 0.8, ""tree_method"": ""hist""}",False,1.5196030999995855,0.44400527009222657,0.4010217113665389
facial_plus_missingness,1640bb5d0aaa,22557198bb82e52567d7d8b5c27dbb58d1f51966b9e15e7c5eee66736912ed1e,4,xgboost,"{""colsample_bytree"": 0.8, ""early_stopping_rounds"": 30, ""eval_metric"": ""mlogloss"", ""learning_rate"": 0.1, ""max_depth"": 5, ""min_child_weight"": 5, ""n_estimators"": 300, ""n_jobs"": -1, ""objective"": ""multi:softprob"", ""subsample"": 0.8, ""tree_method"": ""hist""}",False,1.5810858000004373,0.4438543039086517,0.39772019919078744
facial_plus_missingness,3c0353feee8d,22557198bb82e52567d7d8b5c27dbb58d1f51966b9e15e7c5eee66736912ed1e,4,xgboost,"{""colsample_bytree"": 1.0, ""early_stopping_rounds"": 30, ""eval_metric"": ""mlogloss"", ""learning_rate"": 0.1, ""max_depth"": 5, ""min_child_weight"": 1, ""n_estimators"": 300, ""n_jobs"": -1, ""objective"": ""multi:softprob"", ""subsample"": 0.8, ""tree_method"": ""hist""}",False,1.6146416999999929,0.4420289855072464,0.40176319245785425
facial_plus_missingness,76a0a842fdc6,22557198bb82e52567d7d8b5c27dbb58d1f51966b9e15e7c5eee66736912ed1e,4,xgboost,"{""colsample_bytree"": 1.0, ""early_stopping_rounds"": 30, ""eval_metric"": ""mlogloss"", ""learning_rate"": 0.1, ""max_depth"": 5, ""min_child_weight"": 5, ""n_estimators"": 300, ""n_jobs"": -1, ""objective"": ""multi:softprob"", ""subsample"": 0.8, ""tree_method"": ""hist""}",False,1.762879800000519,0.44071146245059295,0.3969270876667499
facial_plus_missingness,fd8e21cae0de,22557198bb82e52567d7d8b5c27dbb58d1f51966b9e15e7c5eee66736912ed1e,4,xgboost,"{""colsample_bytree"": 0.8, ""early_stopping_rounds"": 30, ""eval_metric"": ""mlogloss"", ""learning_rate"": 0.03, ""max_depth"": 3, ""min_child_weight"": 1, ""n_estimators"": 600, ""n_jobs"": -1, ""objective"": ""multi:softprob"", ""subsample"": 0.8, ""tree_method"": ""hist""}",False,1.4663636000004772,0.4692085496912863,0.4126009216283382
facial_plus_missingness,3e267305ecbb,22557198bb82e52567d7d8b5c27dbb58d1f51966b9e15e7c5eee66736912ed1e,4,xgboost,"{""colsample_bytree"": 0.8, ""early_stopping_rounds"": 30, ""eval_metric"": ""mlogloss"", ""learning_rate"": 0.03, ""max_depth"": 3, ""min_child_weight"": 5, ""n_estimators"": 600, ""n_jobs"": -1, ""objective"": ""multi:softprob"", ""subsample"": 0.8, ""tree_method"": ""hist""}",False,1.4893663999991986,0.4662441228138159,0.40761591993119084
facial_plus_missingness,5ea046f1e5ea,22557198bb82e52567d7d8b5c27dbb58d1f51966b9e15e7c5eee66736912ed1e,4,xgboost,"{""colsample_bytree"": 1.0, ""early_stopping_rounds"": 30, ""eval_metric"": ""mlogloss"", ""learning_rate"": 0.03, ""max_depth"": 3, ""min_child_weight"": 1, ""n_estimators"": 600, ""n_jobs"": -1, ""objective"": ""multi:softprob"", ""subsample"": 0.8, ""tree_method"": ""hist""}",False,1.2789530999998533,0.47202201038518177,0.41465753244091
facial_plus_missingness,233f3e858cb0,22557198bb82e52567d7d8b5c27dbb58d1f51966b9e15e7c5eee66736912ed1e,4,xgboost,"{""colsample_bytree"": 1.0, ""early_stopping_rounds"": 30, ""eval_metric"": ""mlogloss"", ""learning_rate"": 0.03, ""max_depth"": 3, ""min_child_weight"": 5, ""n_estimators"": 600, ""n_jobs"": -1, ""objective"": ""multi:softprob"", ""subsample"": 0.8, ""tree_method"": ""hist""}",False,1.5214264999995066,0.46806944121522126,0.4084690758909259
facial_plus_missingness,89af4ef4dc00,22557198bb82e52567d7d8b5c27dbb58d1f51966b9e15e7c5eee66736912ed1e,4,xgboost,"{""colsample_bytree"": 0.8, ""early_stopping_rounds"": 30, ""eval_metric"": ""mlogloss"", ""learning_rate"": 0.1, ""max_depth"": 3, ""min_child_weight"": 1, ""n_estimators"": 600, ""n_jobs"": -1, ""objective"": ""multi:softprob"", ""subsample"": 0.8, ""tree_method"": ""hist""}",False,2.2318734000000404,0.44235836627140973,0.39876512254748325
facial_plus_missingness,850288ac9397,22557198bb82e52567d7d8b5c27dbb58d1f51966b9e15e7c5eee66736912ed1e,4,xgboost,"{""colsample_bytree"": 0.8, ""early_stopping_rounds"": 30, ""eval_metric"": ""mlogloss"", ""learning_rate"": 0.1, ""max_depth"": 3, ""min_child_weight"": 5, ""n_estimators"": 600, ""n_jobs"": -1, ""objective"": ""multi:softprob"", ""subsample"": 0.8, ""tree_method"": ""hist""}",False,0.5944343000010122,0.41136912604303905,0.3789273147598293
facial_plus_missingness,8023133bca76,22557198bb82e52567d7d8b5c27dbb58d1f51966b9e15e7c5eee66736912ed1e,4,xgboost,"{""colsample_bytree"": 1.0, ""early_stopping_rounds"": 30, ""eval_metric"": ""mlogloss"", ""learning_rate"": 0.1, ""max_depth"": 3, ""min_child_weight"": 1, ""n_estimators"": 600, ""n_jobs"": -1, ""objective"": ""multi:softprob"", ""subsample"": 0.8, ""tree_method"": ""hist""}",False,0.539076600000044,0.4726807719135085,0.4173604687018193
facial_plus_missingness,2a9e450625ff,22557198bb82e52567d7d8b5c27dbb58d1f51966b9e15e7c5eee66736912ed1e,4,xgboost,"{""colsample_bytree"": 1.0, ""early_stopping_rounds"": 30, ""eval_metric"": ""mlogloss"", ""learning_rate"": 0.1, ""max_depth"": 3, ""min_child_weight"": 5, ""n_estimators"": 600, ""n_jobs"": -1, ""objective"": ""multi:softprob"", ""subsample"": 0.8, ""tree_method"": ""hist""}",False,0.4826926999994612,0.46477563357358753,0.4065613771073541
facial_plus_missingness,b77fc0c4cd81,22557198bb82e52567d7d8b5c27dbb58d1f51966b9e15e7c5eee66736912ed1e,4,xgboost,"{""colsample_bytree"": 0.8, ""early_stopping_rounds"": 30, ""eval_metric"": ""mlogloss"", ""learning_rate"": 0.03, ""max_depth"": 5, ""min_child_weight"": 1, ""n_estimators"": 600, ""n_jobs"": -1, ""objective"": ""multi:softprob"", ""subsample"": 0.8, ""tree_method"": ""hist""}",False,2.1585305999997217,0.4385567632850242,0.40166053373600547
facial_plus_missingness,83b955aae125,22557198bb82e52567d7d8b5c27dbb58d1f51966b9e15e7c5eee66736912ed1e,4,xgboost,"{""colsample_bytree"": 0.8, ""early_stopping_rounds"": 30, ""eval_metric"": ""mlogloss"", ""learning_rate"": 0.03, ""max_depth"": 5, ""min_child_weight"": 5, ""n_estimators"": 600, ""n_jobs"": -1, ""objective"": ""multi:softprob"", ""subsample"": 0.8, ""tree_method"": ""hist""}",False,2.2251991999983147,0.43032224418093984,0.3905408066032307
facial_plus_missingness,7aa0faebcd59,22557198bb82e52567d7d8b5c27dbb58d1f51966b9e15e7c5eee66736912ed1e,4,xgboost,"{""colsample_bytree"": 1.0, ""early_stopping_rounds"": 30, ""eval_metric"": ""mlogloss"", ""learning_rate"": 0.03, ""max_depth"": 5, ""min_child_weight"": 1, ""n_estimators"": 600, ""n_jobs"": -1, ""objective"": ""multi:softprob"", ""subsample"": 0.8, ""tree_method"": ""hist""}",False,1.8336030999998911,0.43741765480895917,0.3993003770271104
facial_plus_missingness,900dbedc225b,22557198bb82e52567d7d8b5c27dbb58d1f51966b9e15e7c5eee66736912ed1e,4,xgboost,"{""colsample_bytree"": 1.0, ""early_stopping_rounds"": 30, ""eval_metric"": ""mlogloss"", ""learning_rate"": 0.03, ""max_depth"": 5, ""min_child_weight"": 5, ""n_estimators"": 600, ""n_jobs"": -1, ""objective"": ""multi:softprob"", ""subsample"": 0.8, ""tree_method"": ""hist""}",False,1.8298842000003788,0.42951251646903826,0.38805184915978747
facial_plus_missingness,84356dc6930b,22557198bb82e52567d7d8b5c27dbb58d1f51966b9e15e7c5eee66736912ed1e,4,xgboost,"{""colsample_bytree"": 0.8, ""early_stopping_rounds"": 30, ""eval_metric"": ""mlogloss"", ""learning_rate"": 0.1, ""max_depth"": 5, ""min_child_weight"": 1, ""n_estimators"": 600, ""n_jobs"": -1, ""objective"": ""multi:softprob"", ""subsample"": 0.8, ""tree_method"": ""hist""}",False,1.5580731999998534,0.44400527009222657,0.4010217113665389
facial_plus_missingness,d6b94d7cc920,22557198bb82e52567d7d8b5c27dbb58d1f51966b9e15e7c5eee66736912ed1e,4,xgboost,"{""colsample_bytree"": 0.8, ""early_stopping_rounds"": 30, ""eval_metric"": ""mlogloss"", ""learning_rate"": 0.1, ""max_depth"": 5, ""min_child_weight"": 5, ""n_estimators"": 600, ""n_jobs"": -1, ""objective"": ""multi:softprob"", ""subsample"": 0.8, ""tree_method"": ""hist""}",False,1.7103332999995473,0.4438543039086517,0.39772019919078744
facial_plus_missingness,ed5cff5b45cf,22557198bb82e52567d7d8b5c27dbb58d1f51966b9e15e7c5eee66736912ed1e,4,xgboost,"{""colsample_bytree"": 1.0, ""early_stopping_rounds"": 30, ""eval_metric"": ""mlogloss"", ""learning_rate"": 0.1, ""max_depth"": 5, ""min_child_weight"": 1, ""n_estimators"": 600, ""n_jobs"": -1, ""objective"": ""multi:softprob"", ""subsample"": 0.8, ""tree_method"": ""hist""}",False,1.4835831000000326,0.4420289855072464,0.40176319245785425
facial_plus_missingness,94c26a8ef2c4,22557198bb82e52567d7d8b5c27dbb58d1f51966b9e15e7c5eee66736912ed1e,4,xgboost,"{""colsample_bytree"": 1.0, ""early_stopping_rounds"": 30, ""eval_metric"": ""mlogloss"", ""learning_rate"": 0.1, ""max_depth"": 5, ""min_child_weight"": 5, ""n_estimators"": 600, ""n_jobs"": -1, ""objective"": ""multi:softprob"", ""subsample"": 0.8, ""tree_method"": ""hist""}",False,1.7216575000002194,0.44071146245059295,0.3969270876667499
missingness_only,b785e498e470,22557198bb82e52567d7d8b5c27dbb58d1f51966b9e15e7c5eee66736912ed1e,1,svm,"{""C"": 0.1, ""class_weight"": ""balanced"", ""kernel"": ""linear""}",False,0.24673690000054194,0.5363917500669637,0.4086270837088611
missingness_only,34c97e51572e,22557198bb82e52567d7d8b5c27dbb58d1f51966b9e15e7c5eee66736912ed1e,1,svm,"{""C"": 1.0, ""class_weight"": ""balanced"", ""kernel"": ""linear""}",False,0.23944349999874248,0.5432220517690604,0.40910304757280996
missingness_only,c8da45025ca6,22557198bb82e52567d7d8b5c27dbb58d1f51966b9e15e7c5eee66736912ed1e,1,svm,"{""C"": 10.0, ""class_weight"": ""balanced"", ""kernel"": ""linear""}",False,0.41120690000025206,0.5432220517690604,0.40910304757280996
missingness_only,3f2d5a9c37df,22557198bb82e52567d7d8b5c27dbb58d1f51966b9e15e7c5eee66736912ed1e,1,svm,"{""C"": 0.1, ""class_weight"": ""balanced"", ""gamma"": ""scale"", ""kernel"": ""rbf""}",False,0.48009149999961664,0.5432342269949108,0.4065300234090043
missingness_only,a8f39ccb1454,22557198bb82e52567d7d8b5c27dbb58d1f51966b9e15e7c5eee66736912ed1e,1,svm,"{""C"": 0.1, ""class_weight"": ""balanced"", ""gamma"": 0.1, ""kernel"": ""rbf""}",False,0.47537539999939327,0.5361604207758054,0.4039763986015666
missingness_only,9384a3bb8ca8,22557198bb82e52567d7d8b5c27dbb58d1f51966b9e15e7c5eee66736912ed1e,1,svm,"{""C"": 1.0, ""class_weight"": ""balanced"", ""gamma"": ""scale"", ""kernel"": ""rbf""}",False,0.4520377999997436,0.5593664012467431,0.4140529824833865
missingness_only,4f4f2e972d2b,22557198bb82e52567d7d8b5c27dbb58d1f51966b9e15e7c5eee66736912ed1e,1,svm,"{""C"": 1.0, ""class_weight"": ""balanced"", ""gamma"": 0.1, ""kernel"": ""rbf""}",False,0.44406070000150066,0.5566513258820951,0.41528257983573313
missingness_only,47b8cdda5535,22557198bb82e52567d7d8b5c27dbb58d1f51966b9e15e7c5eee66736912ed1e,1,svm,"{""C"": 10.0, ""class_weight"": ""balanced"", ""gamma"": ""scale"", ""kernel"": ""rbf""}",False,0.5374623000006977,0.4118757152945187,0.40760022539547286
missingness_only,8b5eb616ca11,22557198bb82e52567d7d8b5c27dbb58d1f51966b9e15e7c5eee66736912ed1e,1,svm,"{""C"": 10.0, ""class_weight"": ""balanced"", ""gamma"": 0.1, ""kernel"": ""rbf""}",True,0.5099989000009373,0.562824165388268,0.41626773049645394
missingness_only,1f3f5b7a1f13,22557198bb82e52567d7d8b5c27dbb58d1f51966b9e15e7c5eee66736912ed1e,1,random_forest,"{""class_weight"": ""balanced_subsample"", ""max_depth"": null, ""max_features"": ""sqrt"", ""min_samples_leaf"": 1, ""n_estimators"": 200, ""n_jobs"": -1}",False,0.7321380000012141,0.4085397034114983,0.4044481994179791
missingness_only,cfdf5414a6fe,22557198bb82e52567d7d8b5c27dbb58d1f51966b9e15e7c5eee66736912ed1e,1,random_forest,"{""class_weight"": ""balanced_subsample"", ""max_depth"": null, ""max_features"": 0.8, ""min_samples_leaf"": 1, ""n_estimators"": 200, ""n_jobs"": -1}",False,0.7093512000010378,0.4082109723135365,0.40394423665419926
missingness_only,8fb923e5d748,22557198bb82e52567d7d8b5c27dbb58d1f51966b9e15e7c5eee66736912ed1e,1,random_forest,"{""class_weight"": ""balanced_subsample"", ""max_depth"": null, ""max_features"": ""sqrt"", ""min_samples_leaf"": 3, ""n_estimators"": 200, ""n_jobs"": -1}",False,0.7228057000011177,0.413324567170721,0.40376112998520225
missingness_only,d5eb4fec9dc7,22557198bb82e52567d7d8b5c27dbb58d1f51966b9e15e7c5eee66736912ed1e,1,random_forest,"{""class_weight"": ""balanced_subsample"", ""max_depth"": null, ""max_features"": 0.8, ""min_samples_leaf"": 3, ""n_estimators"": 200, ""n_jobs"": -1}",False,0.7182352999989234,0.4088806097353106,0.3999951049977972
missingness_only,30545db26cd1,22557198bb82e52567d7d8b5c27dbb58d1f51966b9e15e7c5eee66736912ed1e,1,random_forest,"{""class_weight"": ""balanced_subsample"", ""max_depth"": 8, ""max_features"": ""sqrt"", ""min_samples_leaf"": 1, ""n_estimators"": 200, ""n_jobs"": -1}",False,0.6981633000013971,0.4153821803394453,0.40509531627982037
missingness_only,8ccc1d4ec9ea,22557198bb82e52567d7d8b5c27dbb58d1f51966b9e15e7c5eee66736912ed1e,1,random_forest,"{""class_weight"": ""balanced_subsample"", ""max_depth"": 8, ""max_features"": 0.8, ""min_samples_leaf"": 1, ""n_estimators"": 200, ""n_jobs"": -1}",False,0.7071624999989581,0.41645360021428396,0.4056795131845841
missingness_only,869b859ae6d2,22557198bb82e52567d7d8b5c27dbb58d1f51966b9e15e7c5eee66736912ed1e,1,random_forest,"{""class_weight"": ""balanced_subsample"", ""max_depth"": 8, ""max_features"": ""sqrt"", ""min_samples_leaf"": 3, ""n_estimators"": 200, ""n_jobs"": -1}",False,0.7183825000010984,0.4168675578931989,0.40480736591989136
missingness_only,ecbb6cbc4135,22557198bb82e52567d7d8b5c27dbb58d1f51966b9e15e7c5eee66736912ed1e,1,random_forest,"{""class_weight"": ""balanced_subsample"", ""max_depth"": 8, ""max_features"": 0.8, ""min_samples_leaf"": 3, ""n_estimators"": 200, ""n_jobs"": -1}",False,0.7061379999995552,0.4162100956972752,0.4041260133003252
missingness_only,32a1f06b6265,22557198bb82e52567d7d8b5c27dbb58d1f51966b9e15e7c5eee66736912ed1e,1,random_forest,"{""class_weight"": ""balanced_subsample"", ""max_depth"": 16, ""max_features"": ""sqrt"", ""min_samples_leaf"": 1, ""n_estimators"": 200, ""n_jobs"": -1}",False,0.7127481999996235,0.4085397034114983,0.4044481994179791
missingness_only,f8a448b569de,22557198bb82e52567d7d8b5c27dbb58d1f51966b9e15e7c5eee66736912ed1e,1,random_forest,"{""class_weight"": ""balanced_subsample"", ""max_depth"": 16, ""max_features"": 0.8, ""min_samples_leaf"": 1, ""n_estimators"": 200, ""n_jobs"": -1}",False,0.7140393999998196,0.40788224121557454,0.40344192352931313
missingness_only,3de1e394426b,22557198bb82e52567d7d8b5c27dbb58d1f51966b9e15e7c5eee66736912ed1e,1,random_forest,"{""class_weight"": ""balanced_subsample"", ""max_depth"": 16, ""max_features"": ""sqrt"", ""min_samples_leaf"": 3, ""n_estimators"": 200, ""n_jobs"": -1}",False,0.7740687000004982,0.4129958360727592,0.4035710003280506
missingness_only,7ba850d0cd37,22557198bb82e52567d7d8b5c27dbb58d1f51966b9e15e7c5eee66736912ed1e,1,random_forest,"{""class_weight"": ""balanced_subsample"", ""max_depth"": 16, ""max_features"": 0.8, ""min_samples_leaf"": 3, ""n_estimators"": 200, ""n_jobs"": -1}",False,0.7116311999998288,0.41093822290403487,0.40163643797057086
missingness_only,4ef548874658,22557198bb82e52567d7d8b5c27dbb58d1f51966b9e15e7c5eee66736912ed1e,1,random_forest,"{""class_weight"": ""balanced_subsample"", ""max_depth"": null, ""max_features"": ""sqrt"", ""min_samples_leaf"": 1, ""n_estimators"": 500, ""n_jobs"": -1}",False,1.9438432999995712,0.40886843450946014,0.40495382809845887
missingness_only,345dfc61311f,22557198bb82e52567d7d8b5c27dbb58d1f51966b9e15e7c5eee66736912ed1e,1,random_forest,"{""class_weight"": ""balanced_subsample"", ""max_depth"": null, ""max_features"": 0.8, ""min_samples_leaf"": 1, ""n_estimators"": 500, ""n_jobs"": -1}",False,1.7732787999993889,0.4082109723135365,0.40394423665419926
missingness_only,86c07b9f0b9c,22557198bb82e52567d7d8b5c27dbb58d1f51966b9e15e7c5eee66736912ed1e,1,random_forest,"{""class_weight"": ""balanced_subsample"", ""max_depth"": null, ""max_features"": ""sqrt"", ""min_samples_leaf"": 3, ""n_estimators"": 500, ""n_jobs"": -1}",False,1.8088612999999896,0.41645360021428396,0.4056705968719505
missingness_only,54cd49168558,22557198bb82e52567d7d8b5c27dbb58d1f51966b9e15e7c5eee66736912ed1e,1,random_forest,"{""class_weight"": ""balanced_subsample"", ""max_depth"": null, ""max_features"": 0.8, ""min_samples_leaf"": 3, ""n_estimators"": 500, ""n_jobs"": -1}",False,1.835701899999549,0.4161248691163221,0.40502971128046467
missingness_only,7630867af438,22557198bb82e52567d7d8b5c27dbb58d1f51966b9e15e7c5eee66736912ed1e,1,random_forest,"{""class_weight"": ""balanced_subsample"", ""max_depth"": 8, ""max_features"": ""sqrt"", ""min_samples_leaf"": 1, ""n_estimators"": 500, ""n_jobs"": -1}",False,1.7749079000004713,0.41645360021428396,0.40553215536175147
missingness_only,4643bba06fbb,22557198bb82e52567d7d8b5c27dbb58d1f51966b9e15e7c5eee66736912ed1e,1,random_forest,"{""class_weight"": ""balanced_subsample"", ""max_depth"": 8, ""max_features"": 0.8, ""min_samples_leaf"": 1, ""n_estimators"": 500, ""n_jobs"": -1}",True,1.7680254000006244,0.4157109114374071,0.40604587160953115
missingness_only,41e55919bdbe,22557198bb82e52567d7d8b5c27dbb58d1f51966b9e15e7c5eee66736912ed1e,1,random_forest,"{""class_weight"": ""balanced_subsample"", ""max_depth"": 8, ""max_features"": ""sqrt"", ""min_samples_leaf"": 3, ""n_estimators"": 500, ""n_jobs"": -1}",False,1.7870521999993798,0.4144812136265128,0.40317412603131825
missingness_only,0f6d2ddde298,22557198bb82e52567d7d8b5c27dbb58d1f51966b9e15e7c5eee66736912ed1e,1,random_forest,"{""class_weight"": ""balanced_subsample"", ""max_depth"": 8, ""max_features"": 0.8, ""min_samples_leaf"": 3, ""n_estimators"": 500, ""n_jobs"": -1}",False,1.7536107999985688,0.4162100956972752,0.40472280554202605
missingness_only,862912140178,22557198bb82e52567d7d8b5c27dbb58d1f51966b9e15e7c5eee66736912ed1e,1,random_forest,"{""class_weight"": ""balanced_subsample"", ""max_depth"": 16, ""max_features"": ""sqrt"", ""min_samples_leaf"": 1, ""n_estimators"": 500, ""n_jobs"": -1}",False,1.7834430000002612,0.40886843450946014,0.40495382809845887
missingness_only,b488d33d0ae3,22557198bb82e52567d7d8b5c27dbb58d1f51966b9e15e7c5eee66736912ed1e,1,random_forest,"{""class_weight"": ""balanced_subsample"", ""max_depth"": 16, ""max_features"": 0.8, ""min_samples_leaf"": 1, ""n_estimators"": 500, ""n_jobs"": -1}",False,1.7985069000005751,0.4082109723135365,0.40394423665419926
missingness_only,e0c6471ac708,22557198bb82e52567d7d8b5c27dbb58d1f51966b9e15e7c5eee66736912ed1e,1,random_forest,"{""class_weight"": ""balanced_subsample"", ""max_depth"": 16, ""max_features"": ""sqrt"", ""min_samples_leaf"": 3, ""n_estimators"": 500, ""n_jobs"": -1}",False,1.7945239000000583,0.41645360021428396,0.4056705968719505
missingness_only,3e79b57ef9ff,22557198bb82e52567d7d8b5c27dbb58d1f51966b9e15e7c5eee66736912ed1e,1,random_forest,"{""class_weight"": ""balanced_subsample"", ""max_depth"": 16, ""max_features"": 0.8, ""min_samples_leaf"": 3, ""n_estimators"": 500, ""n_jobs"": -1}",False,1.8452508000009402,0.4161248691163221,0.40502971128046467
missingness_only,52c4e858654b,22557198bb82e52567d7d8b5c27dbb58d1f51966b9e15e7c5eee66736912ed1e,1,xgboost,"{""colsample_bytree"": 0.8, ""early_stopping_rounds"": 30, ""eval_metric"": ""mlogloss"", ""learning_rate"": 0.03, ""max_depth"": 3, ""min_child_weight"": 1, ""n_estimators"": 300, ""n_jobs"": -1, ""objective"": ""multi:softprob"", ""subsample"": 0.8, ""tree_method"": ""hist""}",False,1.0423802999994223,0.40198943190396186,0.4005781720371144
missingness_only,e6044ea7216f,22557198bb82e52567d7d8b5c27dbb58d1f51966b9e15e7c5eee66736912ed1e,1,xgboost,"{""colsample_bytree"": 0.8, ""early_stopping_rounds"": 30, ""eval_metric"": ""mlogloss"", ""learning_rate"": 0.03, ""max_depth"": 3, ""min_child_weight"": 5, ""n_estimators"": 300, ""n_jobs"": -1, ""objective"": ""multi:softprob"", ""subsample"": 0.8, ""tree_method"": ""hist""}",False,1.0719716000003245,0.40198943190396186,0.4005781720371144
missingness_only,2ac28921e2fc,22557198bb82e52567d7d8b5c27dbb58d1f51966b9e15e7c5eee66736912ed1e,1,xgboost,"{""colsample_bytree"": 1.0, ""early_stopping_rounds"": 30, ""eval_metric"": ""mlogloss"", ""learning_rate"": 0.03, ""max_depth"": 3, ""min_child_weight"": 1, ""n_estimators"": 300, ""n_jobs"": -1, ""objective"": ""multi:softprob"", ""subsample"": 0.8, ""tree_method"": ""hist""}",True,1.1757273999992321,0.4091484647040202,0.4022721069099391
missingness_only,7e5e4a0a8210,22557198bb82e52567d7d8b5c27dbb58d1f51966b9e15e7c5eee66736912ed1e,1,xgboost,"{""colsample_bytree"": 1.0, ""early_stopping_rounds"": 30, ""eval_metric"": ""mlogloss"", ""learning_rate"": 0.03, ""max_depth"": 3, ""min_child_weight"": 5, ""n_estimators"": 300, ""n_jobs"": -1, ""objective"": ""multi:softprob"", ""subsample"": 0.8, ""tree_method"": ""hist""}",False,1.0571020999996108,0.40610465824141034,0.3991944778056799
missingness_only,61d28dd004ab,22557198bb82e52567d7d8b5c27dbb58d1f51966b9e15e7c5eee66736912ed1e,1,xgboost,"{""colsample_bytree"": 0.8, ""early_stopping_rounds"": 30, ""eval_metric"": ""mlogloss"", ""learning_rate"": 0.1, ""max_depth"": 3, ""min_child_weight"": 1, ""n_estimators"": 300, ""n_jobs"": -1, ""objective"": ""multi:softprob"", ""subsample"": 0.8, ""tree_method"": ""hist""}",False,1.0324344000000565,0.4078335403121727,0.39776665281889745
missingness_only,273e82f898a0,22557198bb82e52567d7d8b5c27dbb58d1f51966b9e15e7c5eee66736912ed1e,1,xgboost,"{""colsample_bytree"": 0.8, ""early_stopping_rounds"": 30, ""eval_metric"": ""mlogloss"", ""learning_rate"": 0.1, ""max_depth"": 3, ""min_child_weight"": 5, ""n_estimators"": 300, ""n_jobs"": -1, ""objective"": ""multi:softprob"", ""subsample"": 0.8, ""tree_method"": ""hist""}",False,1.0160355000007257,0.41063384225777383,0.39858310438373684
missingness_only,5019e0e4e655,22557198bb82e52567d7d8b5c27dbb58d1f51966b9e15e7c5eee66736912ed1e,1,xgboost,"{""colsample_bytree"": 1.0, ""early_stopping_rounds"": 30, ""eval_metric"": ""mlogloss"", ""learning_rate"": 0.1, ""max_depth"": 3, ""min_child_weight"": 1, ""n_estimators"": 300, ""n_jobs"": -1, ""objective"": ""multi:softprob"", ""subsample"": 0.8, ""tree_method"": ""hist""}",False,0.9639647000003606,0.4068473470182872,0.3960268348122549
missingness_only,281f0bd12afc,22557198bb82e52567d7d8b5c27dbb58d1f51966b9e15e7c5eee66736912ed1e,1,xgboost,"{""colsample_bytree"": 1.0, ""early_stopping_rounds"": 30, ""eval_metric"": ""mlogloss"", ""learning_rate"": 0.1, ""max_depth"": 3, ""min_child_weight"": 5, ""n_estimators"": 300, ""n_jobs"": -1, ""objective"": ""multi:softprob"", ""subsample"": 0.8, ""tree_method"": ""hist""}",False,0.93200539999998,0.41021988457885894,0.4000844761816766
missingness_only,a4ed4de96c0f,22557198bb82e52567d7d8b5c27dbb58d1f51966b9e15e7c5eee66736912ed1e,1,xgboost,"{""colsample_bytree"": 0.8, ""early_stopping_rounds"": 30, ""eval_metric"": ""mlogloss"", ""learning_rate"": 0.03, ""max_depth"": 5, ""min_child_weight"": 1, ""n_estimators"": 300, ""n_jobs"": -1, ""objective"": ""multi:softprob"", ""subsample"": 0.8, ""tree_method"": ""hist""}",False,1.9298981000010826,0.4067621204373341,0.3947153248088581
missingness_only,578259f2bd22,22557198bb82e52567d7d8b5c27dbb58d1f51966b9e15e7c5eee66736912ed1e,1,xgboost,"{""colsample_bytree"": 0.8, ""early_stopping_rounds"": 30, ""eval_metric"": ""mlogloss"", ""learning_rate"": 0.03, ""max_depth"": 5, ""min_child_weight"": 5, ""n_estimators"": 300, ""n_jobs"": -1, ""objective"": ""multi:softprob"", ""subsample"": 0.8, ""tree_method"": ""hist""}",False,1.8551140999989002,0.41096257335573577,0.39694526652379497
missingness_only,664714dfeb71,22557198bb82e52567d7d8b5c27dbb58d1f51966b9e15e7c5eee66736912ed1e,1,xgboost,"{""colsample_bytree"": 1.0, ""early_stopping_rounds"": 30, ""eval_metric"": ""mlogloss"", ""learning_rate"": 0.03, ""max_depth"": 5, ""min_child_weight"": 1, ""n_estimators"": 300, ""n_jobs"": -1, ""objective"": ""multi:softprob"", ""subsample"": 0.8, ""tree_method"": ""hist""}",False,1.5810175000005984,0.4105486156768208,0.39797230343381734
missingness_only,29b0784d382b,22557198bb82e52567d7d8b5c27dbb58d1f51966b9e15e7c5eee66736912ed1e,1,xgboost,"{""colsample_bytree"": 1.0, ""early_stopping_rounds"": 30, ""eval_metric"": ""mlogloss"", ""learning_rate"": 0.03, ""max_depth"": 5, ""min_child_weight"": 5, ""n_estimators"": 300, ""n_jobs"": -1, ""objective"": ""multi:softprob"", ""subsample"": 0.8, ""tree_method"": ""hist""}",False,1.9220357000012882,0.41087734677478266,0.3990371655151312
missingness_only,9ff407e47a79,22557198bb82e52567d7d8b5c27dbb58d1f51966b9e15e7c5eee66736912ed1e,1,xgboost,"{""colsample_bytree"": 0.8, ""early_stopping_rounds"": 30, ""eval_metric"": ""mlogloss"", ""learning_rate"": 0.1, ""max_depth"": 5, ""min_child_weight"": 1, ""n_estimators"": 300, ""n_jobs"": -1, ""objective"": ""multi:softprob"", ""subsample"": 0.8, ""tree_method"": ""hist""}",False,1.1640053000010084,0.4101346579979059,0.3949489707663034
missingness_only,1640bb5d0aaa,22557198bb82e52567d7d8b5c27dbb58d1f51966b9e15e7c5eee66736912ed1e,1,xgboost,"{""colsample_bytree"": 0.8, ""early_stopping_rounds"": 30, ""eval_metric"": ""mlogloss"", ""learning_rate"": 0.1, ""max_depth"": 5, ""min_child_weight"": 5, ""n_estimators"": 300, ""n_jobs"": -1, ""objective"": ""multi:softprob"", ""subsample"": 0.8, ""tree_method"": ""hist""}",False,1.1308642000003601,0.4177076484768792,0.40023665719619755
missingness_only,3c0353feee8d,22557198bb82e52567d7d8b5c27dbb58d1f51966b9e15e7c5eee66736912ed1e,1,xgboost,"{""colsample_bytree"": 1.0, ""early_stopping_rounds"": 30, ""eval_metric"": ""mlogloss"", ""learning_rate"": 0.1, ""max_depth"": 5, ""min_child_weight"": 1, ""n_estimators"": 300, ""n_jobs"": -1, ""objective"": ""multi:softprob"", ""subsample"": 0.8, ""tree_method"": ""hist""}",False,1.121794200000295,0.4127645067816008,0.3994415718717684
missingness_only,76a0a842fdc6,22557198bb82e52567d7d8b5c27dbb58d1f51966b9e15e7c5eee66736912ed1e,1,xgboost,"{""colsample_bytree"": 1.0, ""early_stopping_rounds"": 30, ""eval_metric"": ""mlogloss"", ""learning_rate"": 0.1, ""max_depth"": 5, ""min_child_weight"": 5, ""n_estimators"": 300, ""n_jobs"": -1, ""objective"": ""multi:softprob"", ""subsample"": 0.8, ""tree_method"": ""hist""}",False,1.2877411999998003,0.41523607762924003,0.3997968327618195
missingness_only,fd8e21cae0de,22557198bb82e52567d7d8b5c27dbb58d1f51966b9e15e7c5eee66736912ed1e,1,xgboost,"{""colsample_bytree"": 0.8, ""early_stopping_rounds"": 30, ""eval_metric"": ""mlogloss"", ""learning_rate"": 0.03, ""max_depth"": 3, ""min_child_weight"": 1, ""n_estimators"": 600, ""n_jobs"": -1, ""objective"": ""multi:softprob"", ""subsample"": 0.8, ""tree_method"": ""hist""}",False,1.0203978000008647,0.40198943190396186,0.4005781720371144
missingness_only,3e267305ecbb,22557198bb82e52567d7d8b5c27dbb58d1f51966b9e15e7c5eee66736912ed1e,1,xgboost,"{""colsample_bytree"": 0.8, ""early_stopping_rounds"": 30, ""eval_metric"": ""mlogloss"", ""learning_rate"": 0.03, ""max_depth"": 3, ""min_child_weight"": 5, ""n_estimators"": 600, ""n_jobs"": -1, ""objective"": ""multi:softprob"", ""subsample"": 0.8, ""tree_method"": ""hist""}",False,1.1176328000001376,0.40198943190396186,0.4005781720371144
missingness_only,5ea046f1e5ea,22557198bb82e52567d7d8b5c27dbb58d1f51966b9e15e7c5eee66736912ed1e,1,xgboost,"{""colsample_bytree"": 1.0, ""early_stopping_rounds"": 30, ""eval_metric"": ""mlogloss"", ""learning_rate"": 0.03, ""max_depth"": 3, ""min_child_weight"": 1, ""n_estimators"": 600, ""n_jobs"": -1, ""objective"": ""multi:softprob"", ""subsample"": 0.8, ""tree_method"": ""hist""}",False,1.1613762000015413,0.4091484647040202,0.4022721069099391
missingness_only,233f3e858cb0,22557198bb82e52567d7d8b5c27dbb58d1f51966b9e15e7c5eee66736912ed1e,1,xgboost,"{""colsample_bytree"": 1.0, ""early_stopping_rounds"": 30, ""eval_metric"": ""mlogloss"", ""learning_rate"": 0.03, ""max_depth"": 3, ""min_child_weight"": 5, ""n_estimators"": 600, ""n_jobs"": -1, ""objective"": ""multi:softprob"", ""subsample"": 0.8, ""tree_method"": ""hist""}",False,1.090184099999533,0.40610465824141034,0.3991944778056799
missingness_only,89af4ef4dc00,22557198bb82e52567d7d8b5c27dbb58d1f51966b9e15e7c5eee66736912ed1e,1,xgboost,"{""colsample_bytree"": 0.8, ""early_stopping_rounds"": 30, ""eval_metric"": ""mlogloss"", ""learning_rate"": 0.1, ""max_depth"": 3, ""min_child_weight"": 1, ""n_estimators"": 600, ""n_jobs"": -1, ""objective"": ""multi:softprob"", ""subsample"": 0.8, ""tree_method"": ""hist""}",False,0.9993548000002193,0.4078335403121727,0.39776665281889745
missingness_only,850288ac9397,22557198bb82e52567d7d8b5c27dbb58d1f51966b9e15e7c5eee66736912ed1e,1,xgboost,"{""colsample_bytree"": 0.8, ""early_stopping_rounds"": 30, ""eval_metric"": ""mlogloss"", ""learning_rate"": 0.1, ""max_depth"": 3, ""min_child_weight"": 5, ""n_estimators"": 600, ""n_jobs"": -1, ""objective"": ""multi:softprob"", ""subsample"": 0.8, ""tree_method"": ""hist""}",False,1.1590089000001171,0.41063384225777383,0.39858310438373684
missingness_only,8023133bca76,22557198bb82e52567d7d8b5c27dbb58d1f51966b9e15e7c5eee66736912ed1e,1,xgboost,"{""colsample_bytree"": 1.0, ""early_stopping_rounds"": 30, ""eval_metric"": ""mlogloss"", ""learning_rate"": 0.1, ""max_depth"": 3, ""min_child_weight"": 1, ""n_estimators"": 600, ""n_jobs"": -1, ""objective"": ""multi:softprob"", ""subsample"": 0.8, ""tree_method"": ""hist""}",False,0.9874818000007508,0.4068473470182872,0.3960268348122549
missingness_only,2a9e450625ff,22557198bb82e52567d7d8b5c27dbb58d1f51966b9e15e7c5eee66736912ed1e,1,xgboost,"{""colsample_bytree"": 1.0, ""early_stopping_rounds"": 30, ""eval_metric"": ""mlogloss"", ""learning_rate"": 0.1, ""max_depth"": 3, ""min_child_weight"": 5, ""n_estimators"": 600, ""n_jobs"": -1, ""objective"": ""multi:softprob"", ""subsample"": 0.8, ""tree_method"": ""hist""}",False,0.8957754000002751,0.41021988457885894,0.4000844761816766
missingness_only,b77fc0c4cd81,22557198bb82e52567d7d8b5c27dbb58d1f51966b9e15e7c5eee66736912ed1e,1,xgboost,"{""colsample_bytree"": 0.8, ""early_stopping_rounds"": 30, ""eval_metric"": ""mlogloss"", ""learning_rate"": 0.03, ""max_depth"": 5, ""min_child_weight"": 1, ""n_estimators"": 600, ""n_jobs"": -1, ""objective"": ""multi:softprob"", ""subsample"": 0.8, ""tree_method"": ""hist""}",False,1.8504847999993217,0.4067621204373341,0.3947153248088581
missingness_only,83b955aae125,22557198bb82e52567d7d8b5c27dbb58d1f51966b9e15e7c5eee66736912ed1e,1,xgboost,"{""colsample_bytree"": 0.8, ""early_stopping_rounds"": 30, ""eval_metric"": ""mlogloss"", ""learning_rate"": 0.03, ""max_depth"": 5, ""min_child_weight"": 5, ""n_estimators"": 600, ""n_jobs"": -1, ""objective"": ""multi:softprob"", ""subsample"": 0.8, ""tree_method"": ""hist""}",False,1.9434486000009201,0.41096257335573577,0.39694526652379497
missingness_only,7aa0faebcd59,22557198bb82e52567d7d8b5c27dbb58d1f51966b9e15e7c5eee66736912ed1e,1,xgboost,"{""colsample_bytree"": 1.0, ""early_stopping_rounds"": 30, ""eval_metric"": ""mlogloss"", ""learning_rate"": 0.03, ""max_depth"": 5, ""min_child_weight"": 1, ""n_estimators"": 600, ""n_jobs"": -1, ""objective"": ""multi:softprob"", ""subsample"": 0.8, ""tree_method"": ""hist""}",False,1.6340200000013283,0.4105486156768208,0.39797230343381734
missingness_only,900dbedc225b,22557198bb82e52567d7d8b5c27dbb58d1f51966b9e15e7c5eee66736912ed1e,1,xgboost,"{""colsample_bytree"": 1.0, ""early_stopping_rounds"": 30, ""eval_metric"": ""mlogloss"", ""learning_rate"": 0.03, ""max_depth"": 5, ""min_child_weight"": 5, ""n_estimators"": 600, ""n_jobs"": -1, ""objective"": ""multi:softprob"", ""subsample"": 0.8, ""tree_method"": ""hist""}",False,1.8485455000009097,0.41087734677478266,0.3990371655151312
missingness_only,84356dc6930b,22557198bb82e52567d7d8b5c27dbb58d1f51966b9e15e7c5eee66736912ed1e,1,xgboost,"{""colsample_bytree"": 0.8, ""early_stopping_rounds"": 30, ""eval_metric"": ""mlogloss"", ""learning_rate"": 0.1, ""max_depth"": 5, ""min_child_weight"": 1, ""n_estimators"": 600, ""n_jobs"": -1, ""objective"": ""multi:softprob"", ""subsample"": 0.8, ""tree_method"": ""hist""}",False,1.1985609000003024,0.4101346579979059,0.3949489707663034
missingness_only,d6b94d7cc920,22557198bb82e52567d7d8b5c27dbb58d1f51966b9e15e7c5eee66736912ed1e,1,xgboost,"{""colsample_bytree"": 0.8, ""early_stopping_rounds"": 30, ""eval_metric"": ""mlogloss"", ""learning_rate"": 0.1, ""max_depth"": 5, ""min_child_weight"": 5, ""n_estimators"": 600, ""n_jobs"": -1, ""objective"": ""multi:softprob"", ""subsample"": 0.8, ""tree_method"": ""hist""}",False,1.1900649000017438,0.4177076484768792,0.40023665719619755
missingness_only,ed5cff5b45cf,22557198bb82e52567d7d8b5c27dbb58d1f51966b9e15e7c5eee66736912ed1e,1,xgboost,"{""colsample_bytree"": 1.0, ""early_stopping_rounds"": 30, ""eval_metric"": ""mlogloss"", ""learning_rate"": 0.1, ""max_depth"": 5, ""min_child_weight"": 1, ""n_estimators"": 600, ""n_jobs"": -1, ""objective"": ""multi:softprob"", ""subsample"": 0.8, ""tree_method"": ""hist""}",False,1.1309771000014734,0.4127645067816008,0.3994415718717684
missingness_only,94c26a8ef2c4,22557198bb82e52567d7d8b5c27dbb58d1f51966b9e15e7c5eee66736912ed1e,1,xgboost,"{""colsample_bytree"": 1.0, ""early_stopping_rounds"": 30, ""eval_metric"": ""mlogloss"", ""learning_rate"": 0.1, ""max_depth"": 5, ""min_child_weight"": 5, ""n_estimators"": 600, ""n_jobs"": -1, ""objective"": ""multi:softprob"", ""subsample"": 0.8, ""tree_method"": ""hist""}",False,1.1736708000007638,0.41523607762924003,0.3997968327618195
missingness_only,b785e498e470,22557198bb82e52567d7d8b5c27dbb58d1f51966b9e15e7c5eee66736912ed1e,2,svm,"{""C"": 0.1, ""class_weight"": ""balanced"", ""kernel"": ""linear""}",False,0.18571010000050592,0.3767543859649123,0.3695668444420838
missingness_only,34c97e51572e,22557198bb82e52567d7d8b5c27dbb58d1f51966b9e15e7c5eee66736912ed1e,2,svm,"{""C"": 1.0, ""class_weight"": ""balanced"", ""kernel"": ""linear""}",True,0.15914100000009057,0.4144268623628789,0.37525982258222385
missingness_only,c8da45025ca6,22557198bb82e52567d7d8b5c27dbb58d1f51966b9e15e7c5eee66736912ed1e,2,svm,"{""C"": 10.0, ""class_weight"": ""balanced"", ""kernel"": ""linear""}",False,0.30642859999898064,0.4144268623628789,0.37525982258222385
missingness_only,3f2d5a9c37df,22557198bb82e52567d7d8b5c27dbb58d1f51966b9e15e7c5eee66736912ed1e,2,svm,"{""C"": 0.1, ""class_weight"": ""balanced"", ""gamma"": ""scale"", ""kernel"": ""rbf""}",False,0.3533510999986902,0.3924970378014754,0.3709828083513543
missingness_only,a8f39ccb1454,22557198bb82e52567d7d8b5c27dbb58d1f51966b9e15e7c5eee66736912ed1e,2,svm,"{""C"": 0.1, ""class_weight"": ""balanced"", ""gamma"": 0.1, ""kernel"": ""rbf""}",False,0.33193820000087726,0.3576023391812866,0.36659013738121243
missingness_only,9384a3bb8ca8,22557198bb82e52567d7d8b5c27dbb58d1f51966b9e15e7c5eee66736912ed1e,2,svm,"{""C"": 1.0, ""class_weight"": ""balanced"", ""gamma"": ""scale"", ""kernel"": ""rbf""}",False,0.32874789999914356,0.3793391430646333,0.3617721420384685
missingness_only,4f4f2e972d2b,22557198bb82e52567d7d8b5c27dbb58d1f51966b9e15e7c5eee66736912ed1e,2,svm,"{""C"": 1.0, ""class_weight"": ""balanced"", ""gamma"": 0.1, ""kernel"": ""rbf""}",False,0.3207442999992054,0.38372510797691395,0.36437892651455656
missingness_only,47b8cdda5535,22557198bb82e52567d7d8b5c27dbb58d1f51966b9e15e7c5eee66736912ed1e,2,svm,"{""C"": 10.0, ""class_weight"": ""balanced"", ""gamma"": ""scale"", ""kernel"": ""rbf""}",False,0.44785100000081,0.38872835683981194,0.3673587966159146
missingness_only,8b5eb616ca11,22557198bb82e52567d7d8b5c27dbb58d1f51966b9e15e7c5eee66736912ed1e,2,svm,"{""C"": 10.0, ""class_weight"": ""balanced"", ""gamma"": 0.1, ""kernel"": ""rbf""}",False,0.359139199999845,0.3761877460535871,0.36111481629688913
missingness_only,1f3f5b7a1f13,22557198bb82e52567d7d8b5c27dbb58d1f51966b9e15e7c5eee66736912ed1e,2,random_forest,"{""class_weight"": ""balanced_subsample"", ""max_depth"": null, ""max_features"": ""sqrt"", ""min_samples_leaf"": 1, ""n_estimators"": 200, ""n_jobs"": -1}",False,0.7801806000006763,0.41590318388564,0.3775465872240065
missingness_only,cfdf5414a6fe,22557198bb82e52567d7d8b5c27dbb58d1f51966b9e15e7c5eee66736912ed1e,2,random_forest,"{""class_weight"": ""balanced_subsample"", ""max_depth"": null, ""max_features"": 0.8, ""min_samples_leaf"": 1, ""n_estimators"": 200, ""n_jobs"": -1}",False,0.7425896000004286,0.42028914879792073,0.3800019972232154
missingness_only,8fb923e5d748,22557198bb82e52567d7d8b5c27dbb58d1f51966b9e15e7c5eee66736912ed1e,2,random_forest,"{""class_weight"": ""balanced_subsample"", ""max_depth"": null, ""max_features"": ""sqrt"", ""min_samples_leaf"": 3, ""n_estimators"": 200, ""n_jobs"": -1}",False,0.7117461000016192,0.4084957764782326,0.369111207620801
missingness_only,d5eb4fec9dc7,22557198bb82e52567d7d8b5c27dbb58d1f51966b9e15e7c5eee66736912ed1e,2,random_forest,"{""class_weight"": ""balanced_subsample"", ""max_depth"": null, ""max_features"": 0.8, ""min_samples_leaf"": 3, ""n_estimators"": 200, ""n_jobs"": -1}",False,0.7214309999999386,0.40880441845354126,0.3695879123266313
missingness_only,30545db26cd1,22557198bb82e52567d7d8b5c27dbb58d1f51966b9e15e7c5eee66736912ed1e,2,random_forest,"{""class_weight"": ""balanced_subsample"", ""max_depth"": 8, ""max_features"": ""sqrt"", ""min_samples_leaf"": 1, ""n_estimators"": 200, ""n_jobs"": -1}",False,0.7452749999993102,0.4098602988953866,0.37033442471069683
missingness_only,8ccc1d4ec9ea,22557198bb82e52567d7d8b5c27dbb58d1f51966b9e15e7c5eee66736912ed1e,2,random_forest,"{""class_weight"": ""balanced_subsample"", ""max_depth"": 8, ""max_features"": 0.8, ""min_samples_leaf"": 1, ""n_estimators"": 200, ""n_jobs"": -1}",False,0.7098368999995728,0.40670890188434045,0.37107497425734887
missingness_only,869b859ae6d2,22557198bb82e52567d7d8b5c27dbb58d1f51966b9e15e7c5eee66736912ed1e,2,random_forest,"{""class_weight"": ""balanced_subsample"", ""max_depth"": 8, ""max_features"": ""sqrt"", ""min_samples_leaf"": 3, ""n_estimators"": 200, ""n_jobs"": -1}",False,0.7528559000002133,0.4252436647173489,0.3773677336082591
missingness_only,ecbb6cbc4135,22557198bb82e52567d7d8b5c27dbb58d1f51966b9e15e7c5eee66736912ed1e,2,random_forest,"{""class_weight"": ""balanced_subsample"", ""max_depth"": 8, ""max_features"": 0.8, ""min_samples_leaf"": 3, ""n_estimators"": 200, ""n_jobs"": -1}",False,0.7240029999993567,0.42586094866796625,0.38012876714755084
missingness_only,32a1f06b6265,22557198bb82e52567d7d8b5c27dbb58d1f51966b9e15e7c5eee66736912ed1e,2,random_forest,"{""class_weight"": ""balanced_subsample"", ""max_depth"": 16, ""max_features"": ""sqrt"", ""min_samples_leaf"": 1, ""n_estimators"": 200, ""n_jobs"": -1}",False,0.7277927000013733,0.4162118258609487,0.3783839765510503
missingness_only,f8a448b569de,22557198bb82e52567d7d8b5c27dbb58d1f51966b9e15e7c5eee66736912ed1e,2,random_forest,"{""class_weight"": ""balanced_subsample"", ""max_depth"": 16, ""max_features"": 0.8, ""min_samples_leaf"": 1, ""n_estimators"": 200, ""n_jobs"": -1}",False,0.7347675000000891,0.42028914879792073,0.3800019972232154
missingness_only,3de1e394426b,22557198bb82e52567d7d8b5c27dbb58d1f51966b9e15e7c5eee66736912ed1e,2,random_forest,"{""class_weight"": ""balanced_subsample"", ""max_depth"": 16, ""max_features"": ""sqrt"", ""min_samples_leaf"": 3, ""n_estimators"": 200, ""n_jobs"": -1}",False,0.7330369999999675,0.4084957764782326,0.369111207620801
missingness_only,7ba850d0cd37,22557198bb82e52567d7d8b5c27dbb58d1f51966b9e15e7c5eee66736912ed1e,2,random_forest,"{""class_weight"": ""balanced_subsample"", ""max_depth"": 16, ""max_features"": 0.8, ""min_samples_leaf"": 3, ""n_estimators"": 200, ""n_jobs"": -1}",False,0.7085342999998829,0.40880441845354126,0.3695879123266313
missingness_only,4ef548874658,22557198bb82e52567d7d8b5c27dbb58d1f51966b9e15e7c5eee66736912ed1e,2,random_forest,"{""class_weight"": ""balanced_subsample"", ""max_depth"": null, ""max_features"": ""sqrt"", ""min_samples_leaf"": 1, ""n_estimators"": 500, ""n_jobs"": -1}",False,1.8312194000009185,0.41028265107212475,0.37340486624194
missingness_only,345dfc61311f,22557198bb82e52567d7d8b5c27dbb58d1f51966b9e15e7c5eee66736912ed1e,2,random_forest,"{""class_weight"": ""balanced_subsample"", ""max_depth"": null, ""max_features"": 0.8, ""min_samples_leaf"": 1, ""n_estimators"": 500, ""n_jobs"": -1}",False,1.8114354000008461,0.41559454191033135,0.37704095273990035
missingness_only,86c07b9f0b9c,22557198bb82e52567d7d8b5c27dbb58d1f51966b9e15e7c5eee66736912ed1e,2,random_forest,"{""class_weight"": ""balanced_subsample"", ""max_depth"": null, ""max_features"": ""sqrt"", ""min_samples_leaf"": 3, ""n_estimators"": 500, ""n_jobs"": -1}",False,1.8325212000017927,0.4084957764782326,0.36882238953892577
missingness_only,54cd49168558,22557198bb82e52567d7d8b5c27dbb58d1f51966b9e15e7c5eee66736912ed1e,2,random_forest,"{""class_weight"": ""balanced_subsample"", ""max_depth"": null, ""max_features"": 0.8, ""min_samples_leaf"": 3, ""n_estimators"": 500, ""n_jobs"": -1}",False,1.8557013999998162,0.4084957764782326,0.36882238953892577
missingness_only,7630867af438,22557198bb82e52567d7d8b5c27dbb58d1f51966b9e15e7c5eee66736912ed1e,2,random_forest,"{""class_weight"": ""balanced_subsample"", ""max_depth"": 8, ""max_features"": ""sqrt"", ""min_samples_leaf"": 1, ""n_estimators"": 500, ""n_jobs"": -1}",False,1.9158271000014793,0.41047758284600394,0.3704050318436625
missingness_only,4643bba06fbb,22557198bb82e52567d7d8b5c27dbb58d1f51966b9e15e7c5eee66736912ed1e,2,random_forest,"{""class_weight"": ""balanced_subsample"", ""max_depth"": 8, ""max_features"": 0.8, ""min_samples_leaf"": 1, ""n_estimators"": 500, ""n_jobs"": -1}",False,1.8929224999992584,0.4233268356075373,0.3782846894098674
missingness_only,41e55919bdbe,22557198bb82e52567d7d8b5c27dbb58d1f51966b9e15e7c5eee66736912ed1e,2,random_forest,"{""class_weight"": ""balanced_subsample"", ""max_depth"": 8, ""max_features"": ""sqrt"", ""min_samples_leaf"": 3, ""n_estimators"": 500, ""n_jobs"": -1}",True,1.9884222999990016,0.4299382716049383,0.380342642107348
missingness_only,0f6d2ddde298,22557198bb82e52567d7d8b5c27dbb58d1f51966b9e15e7c5eee66736912ed1e,2,random_forest,"{""class_weight"": ""balanced_subsample"", ""max_depth"": 8, ""max_features"": 0.8, ""min_samples_leaf"": 3, ""n_estimators"": 500, ""n_jobs"": -1}",False,1.9632316999995965,0.4211663417803769,0.3774309511151617
missingness_only,862912140178,22557198bb82e52567d7d8b5c27dbb58d1f51966b9e15e7c5eee66736912ed1e,2,random_forest,"{""class_weight"": ""balanced_subsample"", ""max_depth"": 16, ""max_features"": ""sqrt"", ""min_samples_leaf"": 1, ""n_estimators"": 500, ""n_jobs"": -1}",False,1.8775906000009854,0.410899935022742,0.3743936042224551
missingness_only,b488d33d0ae3,22557198bb82e52567d7d8b5c27dbb58d1f51966b9e15e7c5eee66736912ed1e,2,random_forest,"{""class_weight"": ""balanced_subsample"", ""max_depth"": 16, ""max_features"": 0.8, ""min_samples_leaf"": 1, ""n_estimators"": 500, ""n_jobs"": -1}",False,1.7890652000005502,0.4152858999350227,0.37653769306233986
missingness_only,e0c6471ac708,22557198bb82e52567d7d8b5c27dbb58d1f51966b9e15e7c5eee66736912ed1e,2,random_forest,"{""class_weight"": ""balanced_subsample"", ""max_depth"": 16, ""max_features"": ""sqrt"", ""min_samples_leaf"": 3, ""n_estimators"": 500, ""n_jobs"": -1}",False,1.7358142000011867,0.408187134502924,0.3683498195941683
missingness_only,3e79b57ef9ff,22557198bb82e52567d7d8b5c27dbb58d1f51966b9e15e7c5eee66736912ed1e,2,random_forest,"{""class_weight"": ""balanced_subsample"", ""max_depth"": 16, ""max_features"": 0.8, ""min_samples_leaf"": 3, ""n_estimators"": 500, ""n_jobs"": -1}",False,1.9672071000004507,0.4084957764782326,0.36882238953892577
missingness_only,52c4e858654b,22557198bb82e52567d7d8b5c27dbb58d1f51966b9e15e7c5eee66736912ed1e,2,xgboost,"{""colsample_bytree"": 0.8, ""early_stopping_rounds"": 30, ""eval_metric"": ""mlogloss"", ""learning_rate"": 0.03, ""max_depth"": 3, ""min_child_weight"": 1, ""n_estimators"": 300, ""n_jobs"": -1, ""objective"": ""multi:softprob"", ""subsample"": 0.8, ""tree_method"": ""hist""}",False,1.6819206000000122,0.36106237816764136,0.3652851842446814
missingness_only,e6044ea7216f,22557198bb82e52567d7d8b5c27dbb58d1f51966b9e15e7c5eee66736912ed1e,2,xgboost,"{""colsample_bytree"": 0.8, ""early_stopping_rounds"": 30, ""eval_metric"": ""mlogloss"", ""learning_rate"": 0.03, ""max_depth"": 3, ""min_child_weight"": 5, ""n_estimators"": 300, ""n_jobs"": -1, ""objective"": ""multi:softprob"", ""subsample"": 0.8, ""tree_method"": ""hist""}",False,1.36275729999943,0.356367771280052,0.36671183378500455
missingness_only,2ac28921e2fc,22557198bb82e52567d7d8b5c27dbb58d1f51966b9e15e7c5eee66736912ed1e,2,xgboost,"{""colsample_bytree"": 1.0, ""early_stopping_rounds"": 30, ""eval_metric"": ""mlogloss"", ""learning_rate"": 0.03, ""max_depth"": 3, ""min_child_weight"": 1, ""n_estimators"": 300, ""n_jobs"": -1, ""objective"": ""multi:softprob"", ""subsample"": 0.8, ""tree_method"": ""hist""}",False,1.4155835000001389,0.38768680961663415,0.37554007791287924
missingness_only,7e5e4a0a8210,22557198bb82e52567d7d8b5c27dbb58d1f51966b9e15e7c5eee66736912ed1e,2,xgboost,"{""colsample_bytree"": 1.0, ""early_stopping_rounds"": 30, ""eval_metric"": ""mlogloss"", ""learning_rate"": 0.03, ""max_depth"": 3, ""min_child_weight"": 5, ""n_estimators"": 300, ""n_jobs"": -1, ""objective"": ""multi:softprob"", ""subsample"": 0.8, ""tree_method"": ""hist""}",False,1.2585660000004282,0.37829759584145545,0.37433926319461214
missingness_only,61d28dd004ab,22557198bb82e52567d7d8b5c27dbb58d1f51966b9e15e7c5eee66736912ed1e,2,xgboost,"{""colsample_bytree"": 0.8, ""early_stopping_rounds"": 30, ""eval_metric"": ""mlogloss"", ""learning_rate"": 0.1, ""max_depth"": 3, ""min_child_weight"": 1, ""n_estimators"": 300, ""n_jobs"": -1, ""objective"": ""multi:softprob"", ""subsample"": 0.8, ""tree_method"": ""hist""}",False,0.6780699999999342,0.35852826510721253,0.36319601429040005
missingness_only,273e82f898a0,22557198bb82e52567d7d8b5c27dbb58d1f51966b9e15e7c5eee66736912ed1e,2,xgboost,"{""colsample_bytree"": 0.8, ""early_stopping_rounds"": 30, ""eval_metric"": ""mlogloss"", ""learning_rate"": 0.1, ""max_depth"": 3, ""min_child_weight"": 5, ""n_estimators"": 300, ""n_jobs"": -1, ""objective"": ""multi:softprob"", ""subsample"": 0.8, ""tree_method"": ""hist""}",False,0.7302569000003132,0.356367771280052,0.36242333475966343
missingness_only,5019e0e4e655,22557198bb82e52567d7d8b5c27dbb58d1f51966b9e15e7c5eee66736912ed1e,2,xgboost,"{""colsample_bytree"": 1.0, ""early_stopping_rounds"": 30, ""eval_metric"": ""mlogloss"", ""learning_rate"": 0.1, ""max_depth"": 3, ""min_child_weight"": 1, ""n_estimators"": 300, ""n_jobs"": -1, ""objective"": ""multi:softprob"", ""subsample"": 0.8, ""tree_method"": ""hist""}",False,0.6700922999989416,0.36198830409356725,0.36933739012846517
missingness_only,281f0bd12afc,22557198bb82e52567d7d8b5c27dbb58d1f51966b9e15e7c5eee66736912ed1e,2,xgboost,"{""colsample_bytree"": 1.0, ""early_stopping_rounds"": 30, ""eval_metric"": ""mlogloss"", ""learning_rate"": 0.1, ""max_depth"": 3, ""min_child_weight"": 5, ""n_estimators"": 300, ""n_jobs"": -1, ""objective"": ""multi:softprob"", ""subsample"": 0.8, ""tree_method"": ""hist""}",False,0.5882473000001482,0.37829759584145545,0.3784946010081862
missingness_only,a4ed4de96c0f,22557198bb82e52567d7d8b5c27dbb58d1f51966b9e15e7c5eee66736912ed1e,2,xgboost,"{""colsample_bytree"": 0.8, ""early_stopping_rounds"": 30, ""eval_metric"": ""mlogloss"", ""learning_rate"": 0.03, ""max_depth"": 5, ""min_child_weight"": 1, ""n_estimators"": 300, ""n_jobs"": -1, ""objective"": ""multi:softprob"", ""subsample"": 0.8, ""tree_method"": ""hist""}",True,1.8516483999992488,0.4220922677063028,0.3837794587325601
missingness_only,578259f2bd22,22557198bb82e52567d7d8b5c27dbb58d1f51966b9e15e7c5eee66736912ed1e,2,xgboost,"{""colsample_bytree"": 0.8, ""early_stopping_rounds"": 30, ""eval_metric"": ""mlogloss"", ""learning_rate"": 0.03, ""max_depth"": 5, ""min_child_weight"": 5, ""n_estimators"": 300, ""n_jobs"": -1, ""objective"": ""multi:softprob"", ""subsample"": 0.8, ""tree_method"": ""hist""}",False,1.781202399999529,0.4058479532163743,0.37691314770422274
missingness_only,664714dfeb71,22557198bb82e52567d7d8b5c27dbb58d1f51966b9e15e7c5eee66736912ed1e,2,xgboost,"{""colsample_bytree"": 1.0, ""early_stopping_rounds"": 30, ""eval_metric"": ""mlogloss"", ""learning_rate"": 0.03, ""max_depth"": 5, ""min_child_weight"": 1, ""n_estimators"": 300, ""n_jobs"": -1, ""objective"": ""multi:softprob"", ""subsample"": 0.8, ""tree_method"": ""hist""}",False,1.8425628999993933,0.41362897985705005,0.38011135151674097
missingness_only,29b0784d382b,22557198bb82e52567d7d8b5c27dbb58d1f51966b9e15e7c5eee66736912ed1e,2,xgboost,"{""colsample_bytree"": 1.0, ""early_stopping_rounds"": 30, ""eval_metric"": ""mlogloss"", ""learning_rate"": 0.03, ""max_depth"": 5, ""min_child_weight"": 5, ""n_estimators"": 300, ""n_jobs"": -1, ""objective"": ""multi:softprob"", ""subsample"": 0.8, ""tree_method"": ""hist""}",False,1.7648578000007547,0.4149285250162443,0.3790134968400629
missingness_only,9ff407e47a79,22557198bb82e52567d7d8b5c27dbb58d1f51966b9e15e7c5eee66736912ed1e,2,xgboost,"{""colsample_bytree"": 0.8, ""early_stopping_rounds"": 30, ""eval_metric"": ""mlogloss"", ""learning_rate"": 0.1, ""max_depth"": 5, ""min_child_weight"": 1, ""n_estimators"": 300, ""n_jobs"": -1, ""objective"": ""multi:softprob"", ""subsample"": 0.8, ""tree_method"": ""hist""}",False,0.7042290000008506,0.4080084470435348,0.37825960463656266
missingness_only,1640bb5d0aaa,22557198bb82e52567d7d8b5c27dbb58d1f51966b9e15e7c5eee66736912ed1e,2,xgboost,"{""colsample_bytree"": 0.8, ""early_stopping_rounds"": 30, ""eval_metric"": ""mlogloss"", ""learning_rate"": 0.1, ""max_depth"": 5, ""min_child_weight"": 5, ""n_estimators"": 300, ""n_jobs"": -1, ""objective"": ""multi:softprob"", ""subsample"": 0.8, ""tree_method"": ""hist""}",False,0.864654299999529,0.4026965562053282,0.3756635177687809
missingness_only,3c0353feee8d,22557198bb82e52567d7d8b5c27dbb58d1f51966b9e15e7c5eee66736912ed1e,2,xgboost,"{""colsample_bytree"": 1.0, ""early_stopping_rounds"": 30, ""eval_metric"": ""mlogloss"", ""learning_rate"": 0.1, ""max_depth"": 5, ""min_child_weight"": 1, ""n_estimators"": 300, ""n_jobs"": -1, ""objective"": ""multi:softprob"", ""subsample"": 0.8, ""tree_method"": ""hist""}",False,0.8153841000003013,0.39923651721897335,0.3752937761388193
missingness_only,76a0a842fdc6,22557198bb82e52567d7d8b5c27dbb58d1f51966b9e15e7c5eee66736912ed1e,2,xgboost,"{""colsample_bytree"": 1.0, ""early_stopping_rounds"": 30, ""eval_metric"": ""mlogloss"", ""learning_rate"": 0.1, ""max_depth"": 5, ""min_child_weight"": 5, ""n_estimators"": 300, ""n_jobs"": -1, ""objective"": ""multi:softprob"", ""subsample"": 0.8, ""tree_method"": ""hist""}",False,0.9030392000004213,0.4105425601039636,0.37833791414447343
missingness_only,fd8e21cae0de,22557198bb82e52567d7d8b5c27dbb58d1f51966b9e15e7c5eee66736912ed1e,2,xgboost,"{""colsample_bytree"": 0.8, ""early_stopping_rounds"": 30, ""eval_metric"": ""mlogloss"", ""learning_rate"": 0.03, ""max_depth"": 3, ""min_child_weight"": 1, ""n_estimators"": 600, ""n_jobs"": -1, ""objective"": ""multi:softprob"", ""subsample"": 0.8, ""tree_method"": ""hist""}",False,1.2720916999987821,0.36106237816764136,0.3652851842446814
missingness_only,3e267305ecbb,22557198bb82e52567d7d8b5c27dbb58d1f51966b9e15e7c5eee66736912ed1e,2,xgboost,"{""colsample_bytree"": 0.8, ""early_stopping_rounds"": 30, ""eval_metric"": ""mlogloss"", ""learning_rate"": 0.03, ""max_depth"": 3, ""min_child_weight"": 5, ""n_estimators"": 600, ""n_jobs"": -1, ""objective"": ""multi:softprob"", ""subsample"": 0.8, ""tree_method"": ""hist""}",False,1.1899885999991966,0.356367771280052,0.36671183378500455
missingness_only,5ea046f1e5ea,22557198bb82e52567d7d8b5c27dbb58d1f51966b9e15e7c5eee66736912ed1e,2,xgboost,"{""colsample_bytree"": 1.0, ""early_stopping_rounds"": 30, ""eval_metric"": ""mlogloss"", ""learning_rate"": 0.03, ""max_depth"": 3, ""min_child_weight"": 1, ""n_estimators"": 600, ""n_jobs"": -1, ""objective"": ""multi:softprob"", ""subsample"": 0.8, ""tree_method"": ""hist""}",False,1.326468900000691,0.38768680961663415,0.37554007791287924
missingness_only,233f3e858cb0,22557198bb82e52567d7d8b5c27dbb58d1f51966b9e15e7c5eee66736912ed1e,2,xgboost,"{""colsample_bytree"": 1.0, ""early_stopping_rounds"": 30, ""eval_metric"": ""mlogloss"", ""learning_rate"": 0.03, ""max_depth"": 3, ""min_child_weight"": 5, ""n_estimators"": 600, ""n_jobs"": -1, ""objective"": ""multi:softprob"", ""subsample"": 0.8, ""tree_method"": ""hist""}",False,1.2152829999995447,0.37829759584145545,0.37433926319461214
missingness_only,89af4ef4dc00,22557198bb82e52567d7d8b5c27dbb58d1f51966b9e15e7c5eee66736912ed1e,2,xgboost,"{""colsample_bytree"": 0.8, ""early_stopping_rounds"": 30, ""eval_metric"": ""mlogloss"", ""learning_rate"": 0.1, ""max_depth"": 3, ""min_child_weight"": 1, ""n_estimators"": 600, ""n_jobs"": -1, ""objective"": ""multi:softprob"", ""subsample"": 0.8, ""tree_method"": ""hist""}",False,0.6612798999994993,0.35852826510721253,0.36319601429040005
missingness_only,850288ac9397,22557198bb82e52567d7d8b5c27dbb58d1f51966b9e15e7c5eee66736912ed1e,2,xgboost,"{""colsample_bytree"": 0.8, ""early_stopping_rounds"": 30, ""eval_metric"": ""mlogloss"", ""learning_rate"": 0.1, ""max_depth"": 3, ""min_child_weight"": 5, ""n_estimators"": 600, ""n_jobs"": -1, ""objective"": ""multi:softprob"", ""subsample"": 0.8, ""tree_method"": ""hist""}",False,0.8446816000014223,0.356367771280052,0.36242333475966343
missingness_only,8023133bca76,22557198bb82e52567d7d8b5c27dbb58d1f51966b9e15e7c5eee66736912ed1e,2,xgboost,"{""colsample_bytree"": 1.0, ""early_stopping_rounds"": 30, ""eval_metric"": ""mlogloss"", ""learning_rate"": 0.1, ""max_depth"": 3, ""min_child_weight"": 1, ""n_estimators"": 600, ""n_jobs"": -1, ""objective"": ""multi:softprob"", ""subsample"": 0.8, ""tree_method"": ""hist""}",False,0.67814399999952,0.36198830409356725,0.36933739012846517
missingness_only,2a9e450625ff,22557198bb82e52567d7d8b5c27dbb58d1f51966b9e15e7c5eee66736912ed1e,2,xgboost,"{""colsample_bytree"": 1.0, ""early_stopping_rounds"": 30, ""eval_metric"": ""mlogloss"", ""learning_rate"": 0.1, ""max_depth"": 3, ""min_child_weight"": 5, ""n_estimators"": 600, ""n_jobs"": -1, ""objective"": ""multi:softprob"", ""subsample"": 0.8, ""tree_method"": ""hist""}",False,0.6579255999986344,0.37829759584145545,0.3784946010081862
missingness_only,b77fc0c4cd81,22557198bb82e52567d7d8b5c27dbb58d1f51966b9e15e7c5eee66736912ed1e,2,xgboost,"{""colsample_bytree"": 0.8, ""early_stopping_rounds"": 30, ""eval_metric"": ""mlogloss"", ""learning_rate"": 0.03, ""max_depth"": 5, ""min_child_weight"": 1, ""n_estimators"": 600, ""n_jobs"": -1, ""objective"": ""multi:softprob"", ""subsample"": 0.8, ""tree_method"": ""hist""}",False,2.1511131999995996,0.4220922677063028,0.3837794587325601
missingness_only,83b955aae125,22557198bb82e52567d7d8b5c27dbb58d1f51966b9e15e7c5eee66736912ed1e,2,xgboost,"{""colsample_bytree"": 0.8, ""early_stopping_rounds"": 30, ""eval_metric"": ""mlogloss"", ""learning_rate"": 0.03, ""max_depth"": 5, ""min_child_weight"": 5, ""n_estimators"": 600, ""n_jobs"": -1, ""objective"": ""multi:softprob"", ""subsample"": 0.8, ""tree_method"": ""hist""}",False,1.9313992999996117,0.4058479532163743,0.37691314770422274
missingness_only,7aa0faebcd59,22557198bb82e52567d7d8b5c27dbb58d1f51966b9e15e7c5eee66736912ed1e,2,xgboost,"{""colsample_bytree"": 1.0, ""early_stopping_rounds"": 30, ""eval_metric"": ""mlogloss"", ""learning_rate"": 0.03, ""max_depth"": 5, ""min_child_weight"": 1, ""n_estimators"": 600, ""n_jobs"": -1, ""objective"": ""multi:softprob"", ""subsample"": 0.8, ""tree_method"": ""hist""}",False,1.8961486000007426,0.41362897985705005,0.38011135151674097
missingness_only,900dbedc225b,22557198bb82e52567d7d8b5c27dbb58d1f51966b9e15e7c5eee66736912ed1e,2,xgboost,"{""colsample_bytree"": 1.0, ""early_stopping_rounds"": 30, ""eval_metric"": ""mlogloss"", ""learning_rate"": 0.03, ""max_depth"": 5, ""min_child_weight"": 5, ""n_estimators"": 600, ""n_jobs"": -1, ""objective"": ""multi:softprob"", ""subsample"": 0.8, ""tree_method"": ""hist""}",False,1.97261029999936,0.4149285250162443,0.3790134968400629
missingness_only,84356dc6930b,22557198bb82e52567d7d8b5c27dbb58d1f51966b9e15e7c5eee66736912ed1e,2,xgboost,"{""colsample_bytree"": 0.8, ""early_stopping_rounds"": 30, ""eval_metric"": ""mlogloss"", ""learning_rate"": 0.1, ""max_depth"": 5, ""min_child_weight"": 1, ""n_estimators"": 600, ""n_jobs"": -1, ""objective"": ""multi:softprob"", ""subsample"": 0.8, ""tree_method"": ""hist""}",False,0.8202769999988959,0.4080084470435348,0.37825960463656266
missingness_only,d6b94d7cc920,22557198bb82e52567d7d8b5c27dbb58d1f51966b9e15e7c5eee66736912ed1e,2,xgboost,"{""colsample_bytree"": 0.8, ""early_stopping_rounds"": 30, ""eval_metric"": ""mlogloss"", ""learning_rate"": 0.1, ""max_depth"": 5, ""min_child_weight"": 5, ""n_estimators"": 600, ""n_jobs"": -1, ""objective"": ""multi:softprob"", ""subsample"": 0.8, ""tree_method"": ""hist""}",False,0.8835521999990306,0.4026965562053282,0.3756635177687809
missingness_only,ed5cff5b45cf,22557198bb82e52567d7d8b5c27dbb58d1f51966b9e15e7c5eee66736912ed1e,2,xgboost,"{""colsample_bytree"": 1.0, ""early_stopping_rounds"": 30, ""eval_metric"": ""mlogloss"", ""learning_rate"": 0.1, ""max_depth"": 5, ""min_child_weight"": 1, ""n_estimators"": 600, ""n_jobs"": -1, ""objective"": ""multi:softprob"", ""subsample"": 0.8, ""tree_method"": ""hist""}",False,0.8465816999996605,0.39923651721897335,0.3752937761388193
missingness_only,94c26a8ef2c4,22557198bb82e52567d7d8b5c27dbb58d1f51966b9e15e7c5eee66736912ed1e,2,xgboost,"{""colsample_bytree"": 1.0, ""early_stopping_rounds"": 30, ""eval_metric"": ""mlogloss"", ""learning_rate"": 0.1, ""max_depth"": 5, ""min_child_weight"": 5, ""n_estimators"": 600, ""n_jobs"": -1, ""objective"": ""multi:softprob"", ""subsample"": 0.8, ""tree_method"": ""hist""}",False,0.8538779999998951,0.4105425601039636,0.37833791414447343
missingness_only,b785e498e470,22557198bb82e52567d7d8b5c27dbb58d1f51966b9e15e7c5eee66736912ed1e,3,svm,"{""C"": 0.1, ""class_weight"": ""balanced"", ""kernel"": ""linear""}",True,0.17931429999953252,0.3920723461798512,0.38617259520033925
missingness_only,34c97e51572e,22557198bb82e52567d7d8b5c27dbb58d1f51966b9e15e7c5eee66736912ed1e,3,svm,"{""C"": 1.0, ""class_weight"": ""balanced"", ""kernel"": ""linear""}",False,0.17306850000022678,0.378211629479378,0.37962213225371116
missingness_only,c8da45025ca6,22557198bb82e52567d7d8b5c27dbb58d1f51966b9e15e7c5eee66736912ed1e,3,svm,"{""C"": 10.0, ""class_weight"": ""balanced"", ""kernel"": ""linear""}",False,0.2956151999987924,0.378211629479378,0.37962213225371116
missingness_only,3f2d5a9c37df,22557198bb82e52567d7d8b5c27dbb58d1f51966b9e15e7c5eee66736912ed1e,3,svm,"{""C"": 0.1, ""class_weight"": ""balanced"", ""gamma"": ""scale"", ""kernel"": ""rbf""}",False,0.35050049999881594,0.33130938400768656,0.3576265344808361
missingness_only,a8f39ccb1454,22557198bb82e52567d7d8b5c27dbb58d1f51966b9e15e7c5eee66736912ed1e,3,svm,"{""C"": 0.1, ""class_weight"": ""balanced"", ""gamma"": 0.1, ""kernel"": ""rbf""}",False,0.38429659999928845,0.3414424753567489,0.3640605066520868
missingness_only,9384a3bb8ca8,22557198bb82e52567d7d8b5c27dbb58d1f51966b9e15e7c5eee66736912ed1e,3,svm,"{""C"": 1.0, ""class_weight"": ""balanced"", ""gamma"": ""scale"", ""kernel"": ""rbf""}",False,0.3502161000014894,0.33130938400768656,0.35676158368952304
missingness_only,4f4f2e972d2b,22557198bb82e52567d7d8b5c27dbb58d1f51966b9e15e7c5eee66736912ed1e,3,svm,"{""C"": 1.0, ""class_weight"": ""balanced"", ""gamma"": 0.1, ""kernel"": ""rbf""}",False,0.34833769999931974,0.3291164015515462,0.35590633963111534
missingness_only,47b8cdda5535,22557198bb82e52567d7d8b5c27dbb58d1f51966b9e15e7c5eee66736912ed1e,3,svm,"{""C"": 10.0, ""class_weight"": ""balanced"", ""gamma"": ""scale"", ""kernel"": ""rbf""}",False,0.3903269000002183,0.33333778157360944,0.3567639953624177
missingness_only,8b5eb616ca11,22557198bb82e52567d7d8b5c27dbb58d1f51966b9e15e7c5eee66736912ed1e,3,svm,"{""C"": 10.0, ""class_weight"": ""balanced"", ""gamma"": 0.1, ""kernel"": ""rbf""}",False,0.40117470000041067,0.3291164015515462,0.3556199776218086
missingness_only,1f3f5b7a1f13,22557198bb82e52567d7d8b5c27dbb58d1f51966b9e15e7c5eee66736912ed1e,3,random_forest,"{""class_weight"": ""balanced_subsample"", ""max_depth"": null, ""max_features"": ""sqrt"", ""min_samples_leaf"": 1, ""n_estimators"": 200, ""n_jobs"": -1}",False,0.7070349999994505,0.3893856090530586,0.3802802525200002
missingness_only,cfdf5414a6fe,22557198bb82e52567d7d8b5c27dbb58d1f51966b9e15e7c5eee66736912ed1e,3,random_forest,"{""class_weight"": ""balanced_subsample"", ""max_depth"": null, ""max_features"": 0.8, ""min_samples_leaf"": 1, ""n_estimators"": 200, ""n_jobs"": -1}",False,0.7283614999996644,0.39157859150919894,0.3819897722659788
missingness_only,8fb923e5d748,22557198bb82e52567d7d8b5c27dbb58d1f51966b9e15e7c5eee66736912ed1e,3,random_forest,"{""class_weight"": ""balanced_subsample"", ""max_depth"": null, ""max_features"": ""sqrt"", ""min_samples_leaf"": 3, ""n_estimators"": 200, ""n_jobs"": -1}",False,0.7044894999999087,0.40202305967759155,0.3875250068090413
missingness_only,d5eb4fec9dc7,22557198bb82e52567d7d8b5c27dbb58d1f51966b9e15e7c5eee66736912ed1e,3,random_forest,"{""class_weight"": ""balanced_subsample"", ""max_depth"": null, ""max_features"": 0.8, ""min_samples_leaf"": 3, ""n_estimators"": 200, ""n_jobs"": -1}",True,0.7017182000017783,0.40455410839471906,0.3897352063764743
missingness_only,30545db26cd1,22557198bb82e52567d7d8b5c27dbb58d1f51966b9e15e7c5eee66736912ed1e,3,random_forest,"{""class_weight"": ""balanced_subsample"", ""max_depth"": 8, ""max_features"": ""sqrt"", ""min_samples_leaf"": 1, ""n_estimators"": 200, ""n_jobs"": -1}",False,0.710061499999938,0.38582256859186503,0.38020443707034984
missingness_only,8ccc1d4ec9ea,22557198bb82e52567d7d8b5c27dbb58d1f51966b9e15e7c5eee66736912ed1e,3,random_forest,"{""class_weight"": ""balanced_subsample"", ""max_depth"": 8, ""max_features"": 0.8, ""min_samples_leaf"": 1, ""n_estimators"": 200, ""n_jobs"": -1}",False,0.7488195999994787,0.39712554713355397,0.3856913064292346
missingness_only,869b859ae6d2,22557198bb82e52567d7d8b5c27dbb58d1f51966b9e15e7c5eee66736912ed1e,3,random_forest,"{""class_weight"": ""balanced_subsample"", ""max_depth"": 8, ""max_features"": ""sqrt"", ""min_samples_leaf"": 3, ""n_estimators"": 200, ""n_jobs"": -1}",False,0.6885265999990224,0.3888562684601971,0.38284053178710664
missingness_only,ecbb6cbc4135,22557198bb82e52567d7d8b5c27dbb58d1f51966b9e15e7c5eee66736912ed1e,3,random_forest,"{""class_weight"": ""balanced_subsample"", ""max_depth"": 8, ""max_features"": 0.8, ""min_samples_leaf"": 3, ""n_estimators"": 200, ""n_jobs"": -1}",False,0.6930358999998134,0.3964494146115796,0.385702525601765
missingness_only,32a1f06b6265,22557198bb82e52567d7d8b5c27dbb58d1f51966b9e15e7c5eee66736912ed1e,3,random_forest,"{""class_weight"": ""balanced_subsample"", ""max_depth"": 16, ""max_features"": ""sqrt"", ""min_samples_leaf"": 1, ""n_estimators"": 200, ""n_jobs"": -1}",False,0.7126663000017288,0.3897236753140458,0.3810180494305299
missingness_only,f8a448b569de,22557198bb82e52567d7d8b5c27dbb58d1f51966b9e15e7c5eee66736912ed1e,3,random_forest,"{""class_weight"": ""balanced_subsample"", ""max_depth"": 16, ""max_features"": 0.8, ""min_samples_leaf"": 1, ""n_estimators"": 200, ""n_jobs"": -1}",False,0.7073197000008804,0.39157859150919894,0.3819897722659788
missingness_only,3de1e394426b,22557198bb82e52567d7d8b5c27dbb58d1f51966b9e15e7c5eee66736912ed1e,3,random_forest,"{""class_weight"": ""balanced_subsample"", ""max_depth"": 16, ""max_features"": ""sqrt"", ""min_samples_leaf"": 3, ""n_estimators"": 200, ""n_jobs"": -1}",False,0.7061278999990463,0.40202305967759155,0.3875250068090413
missingness_only,7ba850d0cd37,22557198bb82e52567d7d8b5c27dbb58d1f51966b9e15e7c5eee66736912ed1e,3,random_forest,"{""class_weight"": ""balanced_subsample"", ""max_depth"": 16, ""max_features"": 0.8, ""min_samples_leaf"": 3, ""n_estimators"": 200, ""n_jobs"": -1}",False,0.7028209000000061,0.40455410839471906,0.3897352063764743
missingness_only,4ef548874658,22557198bb82e52567d7d8b5c27dbb58d1f51966b9e15e7c5eee66736912ed1e,3,random_forest,"{""class_weight"": ""balanced_subsample"", ""max_depth"": null, ""max_features"": ""sqrt"", ""min_samples_leaf"": 1, ""n_estimators"": 500, ""n_jobs"": -1}",False,1.775081699999646,0.3900617415750329,0.38148971499957324
missingness_only,345dfc61311f,22557198bb82e52567d7d8b5c27dbb58d1f51966b9e15e7c5eee66736912ed1e,3,random_forest,"{""class_weight"": ""balanced_subsample"", ""max_depth"": null, ""max_features"": 0.8, ""min_samples_leaf"": 1, ""n_estimators"": 500, ""n_jobs"": -1}",False,1.7860650000002352,0.39157859150919894,0.3819897722659788
missingness_only,86c07b9f0b9c,22557198bb82e52567d7d8b5c27dbb58d1f51966b9e15e7c5eee66736912ed1e,3,random_forest,"{""class_weight"": ""balanced_subsample"", ""max_depth"": null, ""max_features"": ""sqrt"", ""min_samples_leaf"": 3, ""n_estimators"": 500, ""n_jobs"": -1}",False,1.7636416999994253,0.4042160421337319,0.3889679505919515
missingness_only,54cd49168558,22557198bb82e52567d7d8b5c27dbb58d1f51966b9e15e7c5eee66736912ed1e,3,random_forest,"{""class_weight"": ""balanced_subsample"", ""max_depth"": null, ""max_features"": 0.8, ""min_samples_leaf"": 3, ""n_estimators"": 500, ""n_jobs"": -1}",False,1.8732850999986113,0.40455410839471906,0.38945404800397965
missingness_only,7630867af438,22557198bb82e52567d7d8b5c27dbb58d1f51966b9e15e7c5eee66736912ed1e,3,random_forest,"{""class_weight"": ""balanced_subsample"", ""max_depth"": 8, ""max_features"": ""sqrt"", ""min_samples_leaf"": 1, ""n_estimators"": 500, ""n_jobs"": -1}",False,1.7641566000002058,0.3876774847870183,0.3808495610937343
missingness_only,4643bba06fbb,22557198bb82e52567d7d8b5c27dbb58d1f51966b9e15e7c5eee66736912ed1e,3,random_forest,"{""class_weight"": ""balanced_subsample"", ""max_depth"": 8, ""max_features"": 0.8, ""min_samples_leaf"": 1, ""n_estimators"": 500, ""n_jobs"": -1}",False,1.7303095999996003,0.3924015159602861,0.3839134652474631
missingness_only,41e55919bdbe,22557198bb82e52567d7d8b5c27dbb58d1f51966b9e15e7c5eee66736912ed1e,3,random_forest,"{""class_weight"": ""balanced_subsample"", ""max_depth"": 8, ""max_features"": ""sqrt"", ""min_samples_leaf"": 3, ""n_estimators"": 500, ""n_jobs"": -1}",False,1.8304296000005706,0.3913873171773246,0.3835876108634713
missingness_only,0f6d2ddde298,22557198bb82e52567d7d8b5c27dbb58d1f51966b9e15e7c5eee66736912ed1e,3,random_forest,"{""class_weight"": ""balanced_subsample"", ""max_depth"": 8, ""max_features"": 0.8, ""min_samples_leaf"": 3, ""n_estimators"": 500, ""n_jobs"": -1}",False,1.7485182999989775,0.3942564321554393,0.3852160065752299
missingness_only,862912140178,22557198bb82e52567d7d8b5c27dbb58d1f51966b9e15e7c5eee66736912ed1e,3,random_forest,"{""class_weight"": ""balanced_subsample"", ""max_depth"": 16, ""max_features"": ""sqrt"", ""min_samples_leaf"": 1, ""n_estimators"": 500, ""n_jobs"": -1}",False,1.8295000999987678,0.3893856090530586,0.3805476618783186
missingness_only,b488d33d0ae3,22557198bb82e52567d7d8b5c27dbb58d1f51966b9e15e7c5eee66736912ed1e,3,random_forest,"{""class_weight"": ""balanced_subsample"", ""max_depth"": 16, ""max_features"": 0.8, ""min_samples_leaf"": 1, ""n_estimators"": 500, ""n_jobs"": -1}",False,1.7746174999992945,0.3893856090530586,0.3802802525200002
missingness_only,e0c6471ac708,22557198bb82e52567d7d8b5c27dbb58d1f51966b9e15e7c5eee66736912ed1e,3,random_forest,"{""class_weight"": ""balanced_subsample"", ""max_depth"": 16, ""max_features"": ""sqrt"", ""min_samples_leaf"": 3, ""n_estimators"": 500, ""n_jobs"": -1}",False,1.7139255000001867,0.4042160421337319,0.3889679505919515
missingness_only,3e79b57ef9ff,22557198bb82e52567d7d8b5c27dbb58d1f51966b9e15e7c5eee66736912ed1e,3,random_forest,"{""class_weight"": ""balanced_subsample"", ""max_depth"": 16, ""max_features"": 0.8, ""min_samples_leaf"": 3, ""n_estimators"": 500, ""n_jobs"": -1}",False,1.7699236999997083,0.40455410839471906,0.38945404800397965
missingness_only,52c4e858654b,22557198bb82e52567d7d8b5c27dbb58d1f51966b9e15e7c5eee66736912ed1e,3,xgboost,"{""colsample_bytree"": 0.8, ""early_stopping_rounds"": 30, ""eval_metric"": ""mlogloss"", ""learning_rate"": 0.03, ""max_depth"": 3, ""min_child_weight"": 1, ""n_estimators"": 300, ""n_jobs"": -1, ""objective"": ""multi:softprob"", ""subsample"": 0.8, ""tree_method"": ""hist""}",False,1.3361402999998973,0.341780541617736,0.36294414234717703
missingness_only,e6044ea7216f,22557198bb82e52567d7d8b5c27dbb58d1f51966b9e15e7c5eee66736912ed1e,3,xgboost,"{""colsample_bytree"": 0.8, ""early_stopping_rounds"": 30, ""eval_metric"": ""mlogloss"", ""learning_rate"": 0.03, ""max_depth"": 3, ""min_child_weight"": 5, ""n_estimators"": 300, ""n_jobs"": -1, ""objective"": ""multi:softprob"", ""subsample"": 0.8, ""tree_method"": ""hist""}",False,1.018374400000539,0.341780541617736,0.36323594275569765
missingness_only,2ac28921e2fc,22557198bb82e52567d7d8b5c27dbb58d1f51966b9e15e7c5eee66736912ed1e,3,xgboost,"{""colsample_bytree"": 1.0, ""early_stopping_rounds"": 30, ""eval_metric"": ""mlogloss"", ""learning_rate"": 0.03, ""max_depth"": 3, ""min_child_weight"": 1, ""n_estimators"": 300, ""n_jobs"": -1, ""objective"": ""multi:softprob"", ""subsample"": 0.8, ""tree_method"": ""hist""}",False,1.008013700000447,0.341780541617736,0.36294414234717703
missingness_only,7e5e4a0a8210,22557198bb82e52567d7d8b5c27dbb58d1f51966b9e15e7c5eee66736912ed1e,3,xgboost,"{""colsample_bytree"": 1.0, ""early_stopping_rounds"": 30, ""eval_metric"": ""mlogloss"", ""learning_rate"": 0.03, ""max_depth"": 3, ""min_child_weight"": 5, ""n_estimators"": 300, ""n_jobs"": -1, ""objective"": ""multi:softprob"", ""subsample"": 0.8, ""tree_method"": ""hist""}",False,0.9998697999999422,0.3441470054446461,0.36442223519112926
missingness_only,61d28dd004ab,22557198bb82e52567d7d8b5c27dbb58d1f51966b9e15e7c5eee66736912ed1e,3,xgboost,"{""colsample_bytree"": 0.8, ""early_stopping_rounds"": 30, ""eval_metric"": ""mlogloss"", ""learning_rate"": 0.1, ""max_depth"": 3, ""min_child_weight"": 1, ""n_estimators"": 300, ""n_jobs"": -1, ""objective"": ""multi:softprob"", ""subsample"": 0.8, ""tree_method"": ""hist""}",False,0.5230941999998322,0.34161595672751854,0.36210901283365055
missingness_only,273e82f898a0,22557198bb82e52567d7d8b5c27dbb58d1f51966b9e15e7c5eee66736912ed1e,3,xgboost,"{""colsample_bytree"": 0.8, ""early_stopping_rounds"": 30, ""eval_metric"": ""mlogloss"", ""learning_rate"": 0.1, ""max_depth"": 3, ""min_child_weight"": 5, ""n_estimators"": 300, ""n_jobs"": -1, ""objective"": ""multi:softprob"", ""subsample"": 0.8, ""tree_method"": ""hist""}",False,0.618666000000303,0.3444850717056333,0.36448321176039084
missingness_only,5019e0e4e655,22557198bb82e52567d7d8b5c27dbb58d1f51966b9e15e7c5eee66736912ed1e,3,xgboost,"{""colsample_bytree"": 1.0, ""early_stopping_rounds"": 30, ""eval_metric"": ""mlogloss"", ""learning_rate"": 0.1, ""max_depth"": 3, ""min_child_weight"": 1, ""n_estimators"": 300, ""n_jobs"": -1, ""objective"": ""multi:softprob"", ""subsample"": 0.8, ""tree_method"": ""hist""}",False,0.5480042999988655,0.3422920892494929,0.36340269006625453
missingness_only,281f0bd12afc,22557198bb82e52567d7d8b5c27dbb58d1f51966b9e15e7c5eee66736912ed1e,3,xgboost,"{""colsample_bytree"": 1.0, ""early_stopping_rounds"": 30, ""eval_metric"": ""mlogloss"", ""learning_rate"": 0.1, ""max_depth"": 3, ""min_child_weight"": 5, ""n_estimators"": 300, ""n_jobs"": -1, ""objective"": ""multi:softprob"", ""subsample"": 0.8, ""tree_method"": ""hist""}",False,0.5540075000008073,0.3397610405323654,0.36007610659068207
missingness_only,a4ed4de96c0f,22557198bb82e52567d7d8b5c27dbb58d1f51966b9e15e7c5eee66736912ed1e,3,xgboost,"{""colsample_bytree"": 0.8, ""early_stopping_rounds"": 30, ""eval_metric"": ""mlogloss"", ""learning_rate"": 0.03, ""max_depth"": 5, ""min_child_weight"": 1, ""n_estimators"": 300, ""n_jobs"": -1, ""objective"": ""multi:softprob"", ""subsample"": 0.8, ""tree_method"": ""hist""}",False,1.6011477000010927,0.36591224511583215,0.3742346242346242
missingness_only,578259f2bd22,22557198bb82e52567d7d8b5c27dbb58d1f51966b9e15e7c5eee66736912ed1e,3,xgboost,"{""colsample_bytree"": 0.8, ""early_stopping_rounds"": 30, ""eval_metric"": ""mlogloss"", ""learning_rate"": 0.03, ""max_depth"": 5, ""min_child_weight"": 5, ""n_estimators"": 300, ""n_jobs"": -1, ""objective"": ""multi:softprob"", ""subsample"": 0.8, ""tree_method"": ""hist""}",False,1.5104350000001432,0.36304313013771755,0.373839390944209
missingness_only,664714dfeb71,22557198bb82e52567d7d8b5c27dbb58d1f51966b9e15e7c5eee66736912ed1e,3,xgboost,"{""colsample_bytree"": 1.0, ""early_stopping_rounds"": 30, ""eval_metric"": ""mlogloss"", ""learning_rate"": 0.03, ""max_depth"": 5, ""min_child_weight"": 1, ""n_estimators"": 300, ""n_jobs"": -1, ""objective"": ""multi:softprob"", ""subsample"": 0.8, ""tree_method"": ""hist""}",False,1.4099139999998442,0.35967136400839833,0.3700724419122367
missingness_only,29b0784d382b,22557198bb82e52567d7d8b5c27dbb58d1f51966b9e15e7c5eee66736912ed1e,3,xgboost,"{""colsample_bytree"": 1.0, ""early_stopping_rounds"": 30, ""eval_metric"": ""mlogloss"", ""learning_rate"": 0.03, ""max_depth"": 5, ""min_child_weight"": 5, ""n_estimators"": 300, ""n_jobs"": -1, ""objective"": ""multi:softprob"", ""subsample"": 0.8, ""tree_method"": ""hist""}",False,1.3521098000001075,0.36085014768157714,0.3720883293631254
missingness_only,9ff407e47a79,22557198bb82e52567d7d8b5c27dbb58d1f51966b9e15e7c5eee66736912ed1e,3,xgboost,"{""colsample_bytree"": 0.8, ""early_stopping_rounds"": 30, ""eval_metric"": ""mlogloss"", ""learning_rate"": 0.1, ""max_depth"": 5, ""min_child_weight"": 1, ""n_estimators"": 300, ""n_jobs"": -1, ""objective"": ""multi:softprob"", ""subsample"": 0.8, ""tree_method"": ""hist""}",True,0.6981919999998354,0.365574178854845,0.37638971027168105
missingness_only,1640bb5d0aaa,22557198bb82e52567d7d8b5c27dbb58d1f51966b9e15e7c5eee66736912ed1e,3,xgboost,"{""colsample_bytree"": 0.8, ""early_stopping_rounds"": 30, ""eval_metric"": ""mlogloss"", ""learning_rate"": 0.1, ""max_depth"": 5, ""min_child_weight"": 5, ""n_estimators"": 300, ""n_jobs"": -1, ""objective"": ""multi:softprob"", ""subsample"": 0.8, ""tree_method"": ""hist""}",False,0.7314771000001201,0.3535950677911818,0.3687413095744154
missingness_only,3c0353feee8d,22557198bb82e52567d7d8b5c27dbb58d1f51966b9e15e7c5eee66736912ed1e,3,xgboost,"{""colsample_bytree"": 1.0, ""early_stopping_rounds"": 30, ""eval_metric"": ""mlogloss"", ""learning_rate"": 0.1, ""max_depth"": 5, ""min_child_weight"": 1, ""n_estimators"": 300, ""n_jobs"": -1, ""objective"": ""multi:softprob"", ""subsample"": 0.8, ""tree_method"": ""hist""}",False,0.8396691999987524,0.36776716131098536,0.3740066031826916
missingness_only,76a0a842fdc6,22557198bb82e52567d7d8b5c27dbb58d1f51966b9e15e7c5eee66736912ed1e,3,xgboost,"{""colsample_bytree"": 1.0, ""early_stopping_rounds"": 30, ""eval_metric"": ""mlogloss"", ""learning_rate"": 0.1, ""max_depth"": 5, ""min_child_weight"": 5, ""n_estimators"": 300, ""n_jobs"": -1, ""objective"": ""multi:softprob"", ""subsample"": 0.8, ""tree_method"": ""hist""}",False,0.7526658000006137,0.35680224903028357,0.36790772191239207
missingness_only,fd8e21cae0de,22557198bb82e52567d7d8b5c27dbb58d1f51966b9e15e7c5eee66736912ed1e,3,xgboost,"{""colsample_bytree"": 0.8, ""early_stopping_rounds"": 30, ""eval_metric"": ""mlogloss"", ""learning_rate"": 0.03, ""max_depth"": 3, ""min_child_weight"": 1, ""n_estimators"": 600, ""n_jobs"": -1, ""objective"": ""multi:softprob"", ""subsample"": 0.8, ""tree_method"": ""hist""}",False,1.18604090000008,0.341780541617736,0.36294414234717703
missingness_only,3e267305ecbb,22557198bb82e52567d7d8b5c27dbb58d1f51966b9e15e7c5eee66736912ed1e,3,xgboost,"{""colsample_bytree"": 0.8, ""early_stopping_rounds"": 30, ""eval_metric"": ""mlogloss"", ""learning_rate"": 0.03, ""max_depth"": 3, ""min_child_weight"": 5, ""n_estimators"": 600, ""n_jobs"": -1, ""objective"": ""multi:softprob"", ""subsample"": 0.8, ""tree_method"": ""hist""}",False,1.1624319999991712,0.341780541617736,0.36323594275569765
missingness_only,5ea046f1e5ea,22557198bb82e52567d7d8b5c27dbb58d1f51966b9e15e7c5eee66736912ed1e,3,xgboost,"{""colsample_bytree"": 1.0, ""early_stopping_rounds"": 30, ""eval_metric"": ""mlogloss"", ""learning_rate"": 0.03, ""max_depth"": 3, ""min_child_weight"": 1, ""n_estimators"": 600, ""n_jobs"": -1, ""objective"": ""multi:softprob"", ""subsample"": 0.8, ""tree_method"": ""hist""}",False,1.0933917999991536,0.341780541617736,0.36294414234717703
missingness_only,233f3e858cb0,22557198bb82e52567d7d8b5c27dbb58d1f51966b9e15e7c5eee66736912ed1e,3,xgboost,"{""colsample_bytree"": 1.0, ""early_stopping_rounds"": 30, ""eval_metric"": ""mlogloss"", ""learning_rate"": 0.03, ""max_depth"": 3, ""min_child_weight"": 5, ""n_estimators"": 600, ""n_jobs"": -1, ""objective"": ""multi:softprob"", ""subsample"": 0.8, ""tree_method"": ""hist""}",False,1.166317799999888,0.3441470054446461,0.36442223519112926
missingness_only,89af4ef4dc00,22557198bb82e52567d7d8b5c27dbb58d1f51966b9e15e7c5eee66736912ed1e,3,xgboost,"{""colsample_bytree"": 0.8, ""early_stopping_rounds"": 30, ""eval_metric"": ""mlogloss"", ""learning_rate"": 0.1, ""max_depth"": 3, ""min_child_weight"": 1, ""n_estimators"": 600, ""n_jobs"": -1, ""objective"": ""multi:softprob"", ""subsample"": 0.8, ""tree_method"": ""hist""}",False,0.6533770999994886,0.34161595672751854,0.36210901283365055
missingness_only,850288ac9397,22557198bb82e52567d7d8b5c27dbb58d1f51966b9e15e7c5eee66736912ed1e,3,xgboost,"{""colsample_bytree"": 0.8, ""early_stopping_rounds"": 30, ""eval_metric"": ""mlogloss"", ""learning_rate"": 0.1, ""max_depth"": 3, ""min_child_weight"": 5, ""n_estimators"": 600, ""n_jobs"": -1, ""objective"": ""multi:softprob"", ""subsample"": 0.8, ""tree_method"": ""hist""}",False,0.6310121999995317,0.3444850717056333,0.36448321176039084
missingness_only,8023133bca76,22557198bb82e52567d7d8b5c27dbb58d1f51966b9e15e7c5eee66736912ed1e,3,xgboost,"{""colsample_bytree"": 1.0, ""early_stopping_rounds"": 30, ""eval_metric"": ""mlogloss"", ""learning_rate"": 0.1, ""max_depth"": 3, ""min_child_weight"": 1, ""n_estimators"": 600, ""n_jobs"": -1, ""objective"": ""multi:softprob"", ""subsample"": 0.8, ""tree_method"": ""hist""}",False,0.5031067999989318,0.3422920892494929,0.36340269006625453
missingness_only,2a9e450625ff,22557198bb82e52567d7d8b5c27dbb58d1f51966b9e15e7c5eee66736912ed1e,3,xgboost,"{""colsample_bytree"": 1.0, ""early_stopping_rounds"": 30, ""eval_metric"": ""mlogloss"", ""learning_rate"": 0.1, ""max_depth"": 3, ""min_child_weight"": 5, ""n_estimators"": 600, ""n_jobs"": -1, ""objective"": ""multi:softprob"", ""subsample"": 0.8, ""tree_method"": ""hist""}",False,0.3989621000000625,0.3397610405323654,0.36007610659068207
missingness_only,b77fc0c4cd81,22557198bb82e52567d7d8b5c27dbb58d1f51966b9e15e7c5eee66736912ed1e,3,xgboost,"{""colsample_bytree"": 0.8, ""early_stopping_rounds"": 30, ""eval_metric"": ""mlogloss"", ""learning_rate"": 0.03, ""max_depth"": 5, ""min_child_weight"": 1, ""n_estimators"": 600, ""n_jobs"": -1, ""objective"": ""multi:softprob"", ""subsample"": 0.8, ""tree_method"": ""hist""}",False,1.2219568000000436,0.36591224511583215,0.3742346242346242
missingness_only,83b955aae125,22557198bb82e52567d7d8b5c27dbb58d1f51966b9e15e7c5eee66736912ed1e,3,xgboost,"{""colsample_bytree"": 0.8, ""early_stopping_rounds"": 30, ""eval_metric"": ""mlogloss"", ""learning_rate"": 0.03, ""max_depth"": 5, ""min_child_weight"": 5, ""n_estimators"": 600, ""n_jobs"": -1, ""objective"": ""multi:softprob"", ""subsample"": 0.8, ""tree_method"": ""hist""}",False,1.1216225999996823,0.36304313013771755,0.373839390944209
missingness_only,7aa0faebcd59,22557198bb82e52567d7d8b5c27dbb58d1f51966b9e15e7c5eee66736912ed1e,3,xgboost,"{""colsample_bytree"": 1.0, ""early_stopping_rounds"": 30, ""eval_metric"": ""mlogloss"", ""learning_rate"": 0.03, ""max_depth"": 5, ""min_child_weight"": 1, ""n_estimators"": 600, ""n_jobs"": -1, ""objective"": ""multi:softprob"", ""subsample"": 0.8, ""tree_method"": ""hist""}",False,1.1835612000013498,0.35967136400839833,0.3700724419122367
missingness_only,900dbedc225b,22557198bb82e52567d7d8b5c27dbb58d1f51966b9e15e7c5eee66736912ed1e,3,xgboost,"{""colsample_bytree"": 1.0, ""early_stopping_rounds"": 30, ""eval_metric"": ""mlogloss"", ""learning_rate"": 0.03, ""max_depth"": 5, ""min_child_weight"": 5, ""n_estimators"": 600, ""n_jobs"": -1, ""objective"": ""multi:softprob"", ""subsample"": 0.8, ""tree_method"": ""hist""}",False,1.2245486000010715,0.36085014768157714,0.3720883293631254
missingness_only,84356dc6930b,22557198bb82e52567d7d8b5c27dbb58d1f51966b9e15e7c5eee66736912ed1e,3,xgboost,"{""colsample_bytree"": 0.8, ""early_stopping_rounds"": 30, ""eval_metric"": ""mlogloss"", ""learning_rate"": 0.1, ""max_depth"": 5, ""min_child_weight"": 1, ""n_estimators"": 600, ""n_jobs"": -1, ""objective"": ""multi:softprob"", ""subsample"": 0.8, ""tree_method"": ""hist""}",False,0.7425763999999617,0.365574178854845,0.37638971027168105
missingness_only,d6b94d7cc920,22557198bb82e52567d7d8b5c27dbb58d1f51966b9e15e7c5eee66736912ed1e,3,xgboost,"{""colsample_bytree"": 0.8, ""early_stopping_rounds"": 30, ""eval_metric"": ""mlogloss"", ""learning_rate"": 0.1, ""max_depth"": 5, ""min_child_weight"": 5, ""n_estimators"": 600, ""n_jobs"": -1, ""objective"": ""multi:softprob"", ""subsample"": 0.8, ""tree_method"": ""hist""}",False,0.8212499000001117,0.3535950677911818,0.3687413095744154
missingness_only,ed5cff5b45cf,22557198bb82e52567d7d8b5c27dbb58d1f51966b9e15e7c5eee66736912ed1e,3,xgboost,"{""colsample_bytree"": 1.0, ""early_stopping_rounds"": 30, ""eval_metric"": ""mlogloss"", ""learning_rate"": 0.1, ""max_depth"": 5, ""min_child_weight"": 1, ""n_estimators"": 600, ""n_jobs"": -1, ""objective"": ""multi:softprob"", ""subsample"": 0.8, ""tree_method"": ""hist""}",False,0.790711999999985,0.36776716131098536,0.3740066031826916
missingness_only,94c26a8ef2c4,22557198bb82e52567d7d8b5c27dbb58d1f51966b9e15e7c5eee66736912ed1e,3,xgboost,"{""colsample_bytree"": 1.0, ""early_stopping_rounds"": 30, ""eval_metric"": ""mlogloss"", ""learning_rate"": 0.1, ""max_depth"": 5, ""min_child_weight"": 5, ""n_estimators"": 600, ""n_jobs"": -1, ""objective"": ""multi:softprob"", ""subsample"": 0.8, ""tree_method"": ""hist""}",False,0.6654809999999998,0.35680224903028357,0.36790772191239207
missingness_only,b785e498e470,22557198bb82e52567d7d8b5c27dbb58d1f51966b9e15e7c5eee66736912ed1e,4,svm,"{""C"": 0.1, ""class_weight"": ""balanced"", ""kernel"": ""linear""}",False,0.2145725999998831,0.42242275698158055,0.3931581451671729
missingness_only,34c97e51572e,22557198bb82e52567d7d8b5c27dbb58d1f51966b9e15e7c5eee66736912ed1e,4,svm,"{""C"": 1.0, ""class_weight"": ""balanced"", ""kernel"": ""linear""}",False,0.21151180000015302,0.4258949792038027,0.3956552706552707
missingness_only,c8da45025ca6,22557198bb82e52567d7d8b5c27dbb58d1f51966b9e15e7c5eee66736912ed1e,4,svm,"{""C"": 10.0, ""class_weight"": ""balanced"", ""kernel"": ""linear""}",True,0.37077080000017304,0.42936720142602497,0.39776549829665137
missingness_only,3f2d5a9c37df,22557198bb82e52567d7d8b5c27dbb58d1f51966b9e15e7c5eee66736912ed1e,4,svm,"{""C"": 0.1, ""class_weight"": ""balanced"", ""gamma"": ""scale"", ""kernel"": ""rbf""}",False,0.37399550000009185,0.4050616458704694,0.3874727668845315
missingness_only,a8f39ccb1454,22557198bb82e52567d7d8b5c27dbb58d1f51966b9e15e7c5eee66736912ed1e,4,svm,"{""C"": 0.1, ""class_weight"": ""balanced"", ""gamma"": 0.1, ""kernel"": ""rbf""}",False,0.44036720000076457,0.4050616458704694,0.387875928207736
missingness_only,9384a3bb8ca8,22557198bb82e52567d7d8b5c27dbb58d1f51966b9e15e7c5eee66736912ed1e,4,svm,"{""C"": 1.0, ""class_weight"": ""balanced"", ""gamma"": ""scale"", ""kernel"": ""rbf""}",False,0.39803240000037476,0.4015894236482472,0.38388465260934895
missingness_only,4f4f2e972d2b,22557198bb82e52567d7d8b5c27dbb58d1f51966b9e15e7c5eee66736912ed1e,4,svm,"{""C"": 1.0, ""class_weight"": ""balanced"", ""gamma"": 0.1, ""kernel"": ""rbf""}",False,0.3884973000003811,0.4015894236482472,0.38388465260934895
missingness_only,47b8cdda5535,22557198bb82e52567d7d8b5c27dbb58d1f51966b9e15e7c5eee66736912ed1e,4,svm,"{""C"": 10.0, ""class_weight"": ""balanced"", ""gamma"": ""scale"", ""kernel"": ""rbf""}",False,0.5351006999990204,0.4085338680926916,0.3878841265950697
missingness_only,8b5eb616ca11,22557198bb82e52567d7d8b5c27dbb58d1f51966b9e15e7c5eee66736912ed1e,4,svm,"{""C"": 10.0, ""class_weight"": ""balanced"", ""gamma"": 0.1, ""kernel"": ""rbf""}",False,0.4304159000002983,0.4015894236482472,0.38388465260934895
missingness_only,1f3f5b7a1f13,22557198bb82e52567d7d8b5c27dbb58d1f51966b9e15e7c5eee66736912ed1e,4,random_forest,"{""class_weight"": ""balanced_subsample"", ""max_depth"": null, ""max_features"": ""sqrt"", ""min_samples_leaf"": 1, ""n_estimators"": 200, ""n_jobs"": -1}",False,0.8069085000006453,0.4302673473869126,0.4000574217628481
missingness_only,cfdf5414a6fe,22557198bb82e52567d7d8b5c27dbb58d1f51966b9e15e7c5eee66736912ed1e,4,random_forest,"{""class_weight"": ""balanced_subsample"", ""max_depth"": null, ""max_features"": 0.8, ""min_samples_leaf"": 1, ""n_estimators"": 200, ""n_jobs"": -1}",False,0.8006452999998146,0.4378705533596838,0.4048677610579115
missingness_only,8fb923e5d748,22557198bb82e52567d7d8b5c27dbb58d1f51966b9e15e7c5eee66736912ed1e,4,random_forest,"{""class_weight"": ""balanced_subsample"", ""max_depth"": null, ""max_features"": ""sqrt"", ""min_samples_leaf"": 3, ""n_estimators"": 200, ""n_jobs"": -1}",False,0.7795105000004696,0.4364020641194554,0.40186797084814585
missingness_only,d5eb4fec9dc7,22557198bb82e52567d7d8b5c27dbb58d1f51966b9e15e7c5eee66736912ed1e,4,random_forest,"{""class_weight"": ""balanced_subsample"", ""max_depth"": null, ""max_features"": 0.8, ""min_samples_leaf"": 3, ""n_estimators"": 200, ""n_jobs"": -1}",False,0.7482237000003806,0.4433465085638999,0.40580813071803673
missingness_only,30545db26cd1,22557198bb82e52567d7d8b5c27dbb58d1f51966b9e15e7c5eee66736912ed1e,4,random_forest,"{""class_weight"": ""balanced_subsample"", ""max_depth"": 8, ""max_features"": ""sqrt"", ""min_samples_leaf"": 1, ""n_estimators"": 200, ""n_jobs"": -1}",False,0.7467240999994829,0.406318620992534,0.390625
missingness_only,8ccc1d4ec9ea,22557198bb82e52567d7d8b5c27dbb58d1f51966b9e15e7c5eee66736912ed1e,4,random_forest,"{""class_weight"": ""balanced_subsample"", ""max_depth"": 8, ""max_features"": 0.8, ""min_samples_leaf"": 1, ""n_estimators"": 200, ""n_jobs"": -1}",False,0.7760408999984065,0.40946146245059295,0.3914696093886845
missingness_only,869b859ae6d2,22557198bb82e52567d7d8b5c27dbb58d1f51966b9e15e7c5eee66736912ed1e,4,random_forest,"{""class_weight"": ""balanced_subsample"", ""max_depth"": 8, ""max_features"": ""sqrt"", ""min_samples_leaf"": 3, ""n_estimators"": 200, ""n_jobs"": -1}",False,0.7504767999998876,0.406318620992534,0.3946476964769648
missingness_only,ecbb6cbc4135,22557198bb82e52567d7d8b5c27dbb58d1f51966b9e15e7c5eee66736912ed1e,4,random_forest,"{""class_weight"": ""balanced_subsample"", ""max_depth"": 8, ""max_features"": 0.8, ""min_samples_leaf"": 3, ""n_estimators"": 200, ""n_jobs"": -1}",False,0.7473461999998108,0.40946146245059295,0.3922448031871341
missingness_only,32a1f06b6265,22557198bb82e52567d7d8b5c27dbb58d1f51966b9e15e7c5eee66736912ed1e,4,random_forest,"{""class_weight"": ""balanced_subsample"", ""max_depth"": 16, ""max_features"": ""sqrt"", ""min_samples_leaf"": 1, ""n_estimators"": 200, ""n_jobs"": -1}",False,0.7672631000004912,0.42993796662274925,0.39962482397715854
missingness_only,f8a448b569de,22557198bb82e52567d7d8b5c27dbb58d1f51966b9e15e7c5eee66736912ed1e,4,random_forest,"{""class_weight"": ""balanced_subsample"", ""max_depth"": 16, ""max_features"": 0.8, ""min_samples_leaf"": 1, ""n_estimators"": 200, ""n_jobs"": -1}",False,0.7549844000004668,0.4372117918313571,0.4036777043109622
missingness_only,3de1e394426b,22557198bb82e52567d7d8b5c27dbb58d1f51966b9e15e7c5eee66736912ed1e,4,random_forest,"{""class_weight"": ""balanced_subsample"", ""max_depth"": 16, ""max_features"": ""sqrt"", ""min_samples_leaf"": 3, ""n_estimators"": 200, ""n_jobs"": -1}",False,0.7680817999989813,0.43987428634167763,0.4042404500889525
missingness_only,7ba850d0cd37,22557198bb82e52567d7d8b5c27dbb58d1f51966b9e15e7c5eee66736912ed1e,4,random_forest,"{""class_weight"": ""balanced_subsample"", ""max_depth"": 16, ""max_features"": 0.8, ""min_samples_leaf"": 3, ""n_estimators"": 200, ""n_jobs"": -1}",False,0.7352234999998473,0.4433465085638999,0.40580813071803673
missingness_only,4ef548874658,22557198bb82e52567d7d8b5c27dbb58d1f51966b9e15e7c5eee66736912ed1e,4,random_forest,"{""class_weight"": ""balanced_subsample"", ""max_depth"": null, ""max_features"": ""sqrt"", ""min_samples_leaf"": 1, ""n_estimators"": 500, ""n_jobs"": -1}",False,1.862601499999073,0.43439833113746157,0.4030634629119478
missingness_only,345dfc61311f,22557198bb82e52567d7d8b5c27dbb58d1f51966b9e15e7c5eee66736912ed1e,4,random_forest,"{""class_weight"": ""balanced_subsample"", ""max_depth"": null, ""max_features"": 0.8, ""min_samples_leaf"": 1, ""n_estimators"": 500, ""n_jobs"": -1}",False,1.85057389999929,0.4378705533596838,0.4052747504219228
missingness_only,86c07b9f0b9c,22557198bb82e52567d7d8b5c27dbb58d1f51966b9e15e7c5eee66736912ed1e,4,random_forest,"{""class_weight"": ""balanced_subsample"", ""max_depth"": null, ""max_features"": ""sqrt"", ""min_samples_leaf"": 3, ""n_estimators"": 500, ""n_jobs"": -1}",False,1.946383300000889,0.4430171277997365,0.4056125592008319
missingness_only,54cd49168558,22557198bb82e52567d7d8b5c27dbb58d1f51966b9e15e7c5eee66736912ed1e,4,random_forest,"{""class_weight"": ""balanced_subsample"", ""max_depth"": null, ""max_features"": 0.8, ""min_samples_leaf"": 3, ""n_estimators"": 500, ""n_jobs"": -1}",False,1.987213200000042,0.4433465085638999,0.40580813071803673
missingness_only,7630867af438,22557198bb82e52567d7d8b5c27dbb58d1f51966b9e15e7c5eee66736912ed1e,4,random_forest,"{""class_weight"": ""balanced_subsample"", ""max_depth"": 8, ""max_features"": ""sqrt"", ""min_samples_leaf"": 1, ""n_estimators"": 500, ""n_jobs"": -1}",False,1.9373869999999442,0.40284639877031186,0.3895502645502646
missingness_only,4643bba06fbb,22557198bb82e52567d7d8b5c27dbb58d1f51966b9e15e7c5eee66736912ed1e,4,random_forest,"{""class_weight"": ""balanced_subsample"", ""max_depth"": 8, ""max_features"": 0.8, ""min_samples_leaf"": 1, ""n_estimators"": 500, ""n_jobs"": -1}",False,1.9722528000002058,0.40946146245059295,0.3922448031871341
missingness_only,41e55919bdbe,22557198bb82e52567d7d8b5c27dbb58d1f51966b9e15e7c5eee66736912ed1e,4,random_forest,"{""class_weight"": ""balanced_subsample"", ""max_depth"": 8, ""max_features"": ""sqrt"", ""min_samples_leaf"": 3, ""n_estimators"": 500, ""n_jobs"": -1}",False,2.0091207000004943,0.4066480017566974,0.39239261758946803
missingness_only,0f6d2ddde298,22557198bb82e52567d7d8b5c27dbb58d1f51966b9e15e7c5eee66736912ed1e,4,random_forest,"{""class_weight"": ""balanced_subsample"", ""max_depth"": 8, ""max_features"": 0.8, ""min_samples_leaf"": 3, ""n_estimators"": 500, ""n_jobs"": -1}",False,1.8895355999993626,0.410449604743083,0.39482695931439027
missingness_only,862912140178,22557198bb82e52567d7d8b5c27dbb58d1f51966b9e15e7c5eee66736912ed1e,4,random_forest,"{""class_weight"": ""balanced_subsample"", ""max_depth"": 16, ""max_features"": ""sqrt"", ""min_samples_leaf"": 1, ""n_estimators"": 500, ""n_jobs"": -1}",False,1.8987962999999581,0.4340689503732982,0.4032749616565645
missingness_only,b488d33d0ae3,22557198bb82e52567d7d8b5c27dbb58d1f51966b9e15e7c5eee66736912ed1e,4,random_forest,"{""class_weight"": ""balanced_subsample"", ""max_depth"": 16, ""max_features"": 0.8, ""min_samples_leaf"": 1, ""n_estimators"": 500, ""n_jobs"": -1}",False,1.89169050000055,0.4378705533596838,0.4052747504219228
missingness_only,e0c6471ac708,22557198bb82e52567d7d8b5c27dbb58d1f51966b9e15e7c5eee66736912ed1e,4,random_forest,"{""class_weight"": ""balanced_subsample"", ""max_depth"": 16, ""max_features"": ""sqrt"", ""min_samples_leaf"": 3, ""n_estimators"": 500, ""n_jobs"": -1}",True,1.8578656999998202,0.4430171277997365,0.4060135315588
missingness_only,3e79b57ef9ff,22557198bb82e52567d7d8b5c27dbb58d1f51966b9e15e7c5eee66736912ed1e,4,random_forest,"{""class_weight"": ""balanced_subsample"", ""max_depth"": 16, ""max_features"": 0.8, ""min_samples_leaf"": 3, ""n_estimators"": 500, ""n_jobs"": -1}",False,1.8490427000015188,0.4433465085638999,0.40580813071803673
missingness_only,52c4e858654b,22557198bb82e52567d7d8b5c27dbb58d1f51966b9e15e7c5eee66736912ed1e,4,xgboost,"{""colsample_bytree"": 0.8, ""early_stopping_rounds"": 30, ""eval_metric"": ""mlogloss"", ""learning_rate"": 0.03, ""max_depth"": 3, ""min_child_weight"": 1, ""n_estimators"": 300, ""n_jobs"": -1, ""objective"": ""multi:softprob"", ""subsample"": 0.8, ""tree_method"": ""hist""}",False,1.544418699999369,0.38551273605621433,0.39066756835088395
missingness_only,e6044ea7216f,22557198bb82e52567d7d8b5c27dbb58d1f51966b9e15e7c5eee66736912ed1e,4,xgboost,"{""colsample_bytree"": 0.8, ""early_stopping_rounds"": 30, ""eval_metric"": ""mlogloss"", ""learning_rate"": 0.03, ""max_depth"": 3, ""min_child_weight"": 5, ""n_estimators"": 300, ""n_jobs"": -1, ""objective"": ""multi:softprob"", ""subsample"": 0.8, ""tree_method"": ""hist""}",False,1.2627635999997437,0.38551273605621433,0.3911380263555886
missingness_only,2ac28921e2fc,22557198bb82e52567d7d8b5c27dbb58d1f51966b9e15e7c5eee66736912ed1e,4,xgboost,"{""colsample_bytree"": 1.0, ""early_stopping_rounds"": 30, ""eval_metric"": ""mlogloss"", ""learning_rate"": 0.03, ""max_depth"": 3, ""min_child_weight"": 1, ""n_estimators"": 300, ""n_jobs"": -1, ""objective"": ""multi:softprob"", ""subsample"": 0.8, ""tree_method"": ""hist""}",False,1.2248230000004696,0.38683025911286784,0.3913185913185913
missingness_only,7e5e4a0a8210,22557198bb82e52567d7d8b5c27dbb58d1f51966b9e15e7c5eee66736912ed1e,4,xgboost,"{""colsample_bytree"": 1.0, ""early_stopping_rounds"": 30, ""eval_metric"": ""mlogloss"", ""learning_rate"": 0.03, ""max_depth"": 3, ""min_child_weight"": 5, ""n_estimators"": 300, ""n_jobs"": -1, ""objective"": ""multi:softprob"", ""subsample"": 0.8, ""tree_method"": ""hist""}",False,1.2617057000006753,0.38683025911286784,0.3913185913185913
missingness_only,61d28dd004ab,22557198bb82e52567d7d8b5c27dbb58d1f51966b9e15e7c5eee66736912ed1e,4,xgboost,"{""colsample_bytree"": 0.8, ""early_stopping_rounds"": 30, ""eval_metric"": ""mlogloss"", ""learning_rate"": 0.1, ""max_depth"": 3, ""min_child_weight"": 1, ""n_estimators"": 300, ""n_jobs"": -1, ""objective"": ""multi:softprob"", ""subsample"": 0.8, ""tree_method"": ""hist""}",False,0.5727638000007573,0.38335803689064557,0.38920571948094884
missingness_only,273e82f898a0,22557198bb82e52567d7d8b5c27dbb58d1f51966b9e15e7c5eee66736912ed1e,4,xgboost,"{""colsample_bytree"": 0.8, ""early_stopping_rounds"": 30, ""eval_metric"": ""mlogloss"", ""learning_rate"": 0.1, ""max_depth"": 3, ""min_child_weight"": 5, ""n_estimators"": 300, ""n_jobs"": -1, ""objective"": ""multi:softprob"", ""subsample"": 0.8, ""tree_method"": ""hist""}",False,0.6281187000004138,0.3820405138339921,0.38855469651324154
missingness_only,5019e0e4e655,22557198bb82e52567d7d8b5c27dbb58d1f51966b9e15e7c5eee66736912ed1e,4,xgboost,"{""colsample_bytree"": 1.0, ""early_stopping_rounds"": 30, ""eval_metric"": ""mlogloss"", ""learning_rate"": 0.1, ""max_depth"": 3, ""min_child_weight"": 1, ""n_estimators"": 300, ""n_jobs"": -1, ""objective"": ""multi:softprob"", ""subsample"": 0.8, ""tree_method"": ""hist""}",False,0.5708830000003218,0.37988581466842336,0.3865985801469673
missingness_only,281f0bd12afc,22557198bb82e52567d7d8b5c27dbb58d1f51966b9e15e7c5eee66736912ed1e,4,xgboost,"{""colsample_bytree"": 1.0, ""early_stopping_rounds"": 30, ""eval_metric"": ""mlogloss"", ""learning_rate"": 0.1, ""max_depth"": 3, ""min_child_weight"": 5, ""n_estimators"": 300, ""n_jobs"": -1, ""objective"": ""multi:softprob"", ""subsample"": 0.8, ""tree_method"": ""hist""}",False,0.6126250999986951,0.37856829161176986,0.3859475571792599
missingness_only,a4ed4de96c0f,22557198bb82e52567d7d8b5c27dbb58d1f51966b9e15e7c5eee66736912ed1e,4,xgboost,"{""colsample_bytree"": 0.8, ""early_stopping_rounds"": 30, ""eval_metric"": ""mlogloss"", ""learning_rate"": 0.03, ""max_depth"": 5, ""min_child_weight"": 1, ""n_estimators"": 300, ""n_jobs"": -1, ""objective"": ""multi:softprob"", ""subsample"": 0.8, ""tree_method"": ""hist""}",False,1.8963894999997137,0.39922321036451475,0.3935663481491883
missingness_only,578259f2bd22,22557198bb82e52567d7d8b5c27dbb58d1f51966b9e15e7c5eee66736912ed1e,4,xgboost,"{""colsample_bytree"": 0.8, ""early_stopping_rounds"": 30, ""eval_metric"": ""mlogloss"", ""learning_rate"": 0.03, ""max_depth"": 5, ""min_child_weight"": 5, ""n_estimators"": 300, ""n_jobs"": -1, ""objective"": ""multi:softprob"", ""subsample"": 0.8, ""tree_method"": ""hist""}",False,1.8093755999998393,0.3919493851559069,0.38900333086379596
missingness_only,664714dfeb71,22557198bb82e52567d7d8b5c27dbb58d1f51966b9e15e7c5eee66736912ed1e,4,xgboost,"{""colsample_bytree"": 1.0, ""early_stopping_rounds"": 30, ""eval_metric"": ""mlogloss"", ""learning_rate"": 0.03, ""max_depth"": 5, ""min_child_weight"": 1, ""n_estimators"": 300, ""n_jobs"": -1, ""objective"": ""multi:softprob"", ""subsample"": 0.8, ""tree_method"": ""hist""}",False,1.67510349999975,0.39988197189284147,0.39396442633475465
missingness_only,29b0784d382b,22557198bb82e52567d7d8b5c27dbb58d1f51966b9e15e7c5eee66736912ed1e,4,xgboost,"{""colsample_bytree"": 1.0, ""early_stopping_rounds"": 30, ""eval_metric"": ""mlogloss"", ""learning_rate"": 0.03, ""max_depth"": 5, ""min_child_weight"": 5, ""n_estimators"": 300, ""n_jobs"": -1, ""objective"": ""multi:softprob"", ""subsample"": 0.8, ""tree_method"": ""hist""}",False,1.6743326999985584,0.3919493851559069,0.38900333086379596
missingness_only,9ff407e47a79,22557198bb82e52567d7d8b5c27dbb58d1f51966b9e15e7c5eee66736912ed1e,4,xgboost,"{""colsample_bytree"": 0.8, ""early_stopping_rounds"": 30, ""eval_metric"": ""mlogloss"", ""learning_rate"": 0.1, ""max_depth"": 5, ""min_child_weight"": 1, ""n_estimators"": 300, ""n_jobs"": -1, ""objective"": ""multi:softprob"", ""subsample"": 0.8, ""tree_method"": ""hist""}",False,0.734794600000896,0.39260814668423366,0.39069683103474023
missingness_only,1640bb5d0aaa,22557198bb82e52567d7d8b5c27dbb58d1f51966b9e15e7c5eee66736912ed1e,4,xgboost,"{""colsample_bytree"": 0.8, ""early_stopping_rounds"": 30, ""eval_metric"": ""mlogloss"", ""learning_rate"": 0.1, ""max_depth"": 5, ""min_child_weight"": 5, ""n_estimators"": 300, ""n_jobs"": -1, ""objective"": ""multi:softprob"", ""subsample"": 0.8, ""tree_method"": ""hist""}",False,0.7313746999989235,0.3919493851559069,0.3898629437923744
missingness_only,3c0353feee8d,22557198bb82e52567d7d8b5c27dbb58d1f51966b9e15e7c5eee66736912ed1e,4,xgboost,"{""colsample_bytree"": 1.0, ""early_stopping_rounds"": 30, ""eval_metric"": ""mlogloss"", ""learning_rate"": 0.1, ""max_depth"": 5, ""min_child_weight"": 1, ""n_estimators"": 300, ""n_jobs"": -1, ""objective"": ""multi:softprob"", ""subsample"": 0.8, ""tree_method"": ""hist""}",True,0.8376635000004171,0.40533047870004396,0.39663042842948154
missingness_only,76a0a842fdc6,22557198bb82e52567d7d8b5c27dbb58d1f51966b9e15e7c5eee66736912ed1e,4,xgboost,"{""colsample_bytree"": 1.0, ""early_stopping_rounds"": 30, ""eval_metric"": ""mlogloss"", ""learning_rate"": 0.1, ""max_depth"": 5, ""min_child_weight"": 5, ""n_estimators"": 300, ""n_jobs"": -1, ""objective"": ""multi:softprob"", ""subsample"": 0.8, ""tree_method"": ""hist""}",False,0.8550302000003285,0.3957509881422925,0.3894875858425779
missingness_only,fd8e21cae0de,22557198bb82e52567d7d8b5c27dbb58d1f51966b9e15e7c5eee66736912ed1e,4,xgboost,"{""colsample_bytree"": 0.8, ""early_stopping_rounds"": 30, ""eval_metric"": ""mlogloss"", ""learning_rate"": 0.03, ""max_depth"": 3, ""min_child_weight"": 1, ""n_estimators"": 600, ""n_jobs"": -1, ""objective"": ""multi:softprob"", ""subsample"": 0.8, ""tree_method"": ""hist""}",False,1.3411186000012094,0.38551273605621433,0.39066756835088395
missingness_only,3e267305ecbb,22557198bb82e52567d7d8b5c27dbb58d1f51966b9e15e7c5eee66736912ed1e,4,xgboost,"{""colsample_bytree"": 0.8, ""early_stopping_rounds"": 30, ""eval_metric"": ""mlogloss"", ""learning_rate"": 0.03, ""max_depth"": 3, ""min_child_weight"": 5, ""n_estimators"": 600, ""n_jobs"": -1, ""objective"": ""multi:softprob"", ""subsample"": 0.8, ""tree_method"": ""hist""}",False,1.3301090000004478,0.38551273605621433,0.3911380263555886
missingness_only,5ea046f1e5ea,22557198bb82e52567d7d8b5c27dbb58d1f51966b9e15e7c5eee66736912ed1e,4,xgboost,"{""colsample_bytree"": 1.0, ""early_stopping_rounds"": 30, ""eval_metric"": ""mlogloss"", ""learning_rate"": 0.03, ""max_depth"": 3, ""min_child_weight"": 1, ""n_estimators"": 600, ""n_jobs"": -1, ""objective"": ""multi:softprob"", ""subsample"": 0.8, ""tree_method"": ""hist""}",False,1.249883200000113,0.38683025911286784,0.3913185913185913
missingness_only,233f3e858cb0,22557198bb82e52567d7d8b5c27dbb58d1f51966b9e15e7c5eee66736912ed1e,4,xgboost,"{""colsample_bytree"": 1.0, ""early_stopping_rounds"": 30, ""eval_metric"": ""mlogloss"", ""learning_rate"": 0.03, ""max_depth"": 3, ""min_child_weight"": 5, ""n_estimators"": 600, ""n_jobs"": -1, ""objective"": ""multi:softprob"", ""subsample"": 0.8, ""tree_method"": ""hist""}",False,1.2543545000007725,0.38683025911286784,0.3913185913185913
missingness_only,89af4ef4dc00,22557198bb82e52567d7d8b5c27dbb58d1f51966b9e15e7c5eee66736912ed1e,4,xgboost,"{""colsample_bytree"": 0.8, ""early_stopping_rounds"": 30, ""eval_metric"": ""mlogloss"", ""learning_rate"": 0.1, ""max_depth"": 3, ""min_child_weight"": 1, ""n_estimators"": 600, ""n_jobs"": -1, ""objective"": ""multi:softprob"", ""subsample"": 0.8, ""tree_method"": ""hist""}",False,0.596063699998922,0.38335803689064557,0.38920571948094884
missingness_only,850288ac9397,22557198bb82e52567d7d8b5c27dbb58d1f51966b9e15e7c5eee66736912ed1e,4,xgboost,"{""colsample_bytree"": 0.8, ""early_stopping_rounds"": 30, ""eval_metric"": ""mlogloss"", ""learning_rate"": 0.1, ""max_depth"": 3, ""min_child_weight"": 5, ""n_estimators"": 600, ""n_jobs"": -1, ""objective"": ""multi:softprob"", ""subsample"": 0.8, ""tree_method"": ""hist""}",False,0.5730440000006638,0.3820405138339921,0.38855469651324154
missingness_only,8023133bca76,22557198bb82e52567d7d8b5c27dbb58d1f51966b9e15e7c5eee66736912ed1e,4,xgboost,"{""colsample_bytree"": 1.0, ""early_stopping_rounds"": 30, ""eval_metric"": ""mlogloss"", ""learning_rate"": 0.1, ""max_depth"": 3, ""min_child_weight"": 1, ""n_estimators"": 600, ""n_jobs"": -1, ""objective"": ""multi:softprob"", ""subsample"": 0.8, ""tree_method"": ""hist""}",False,0.5209597000011854,0.37988581466842336,0.3865985801469673
missingness_only,2a9e450625ff,22557198bb82e52567d7d8b5c27dbb58d1f51966b9e15e7c5eee66736912ed1e,4,xgboost,"{""colsample_bytree"": 1.0, ""early_stopping_rounds"": 30, ""eval_metric"": ""mlogloss"", ""learning_rate"": 0.1, ""max_depth"": 3, ""min_child_weight"": 5, ""n_estimators"": 600, ""n_jobs"": -1, ""objective"": ""multi:softprob"", ""subsample"": 0.8, ""tree_method"": ""hist""}",False,0.5283684000005451,0.37856829161176986,0.3859475571792599
missingness_only,b77fc0c4cd81,22557198bb82e52567d7d8b5c27dbb58d1f51966b9e15e7c5eee66736912ed1e,4,xgboost,"{""colsample_bytree"": 0.8, ""early_stopping_rounds"": 30, ""eval_metric"": ""mlogloss"", ""learning_rate"": 0.03, ""max_depth"": 5, ""min_child_weight"": 1, ""n_estimators"": 600, ""n_jobs"": -1, ""objective"": ""multi:softprob"", ""subsample"": 0.8, ""tree_method"": ""hist""}",False,1.9657219000000623,0.39922321036451475,0.3935663481491883
missingness_only,83b955aae125,22557198bb82e52567d7d8b5c27dbb58d1f51966b9e15e7c5eee66736912ed1e,4,xgboost,"{""colsample_bytree"": 0.8, ""early_stopping_rounds"": 30, ""eval_metric"": ""mlogloss"", ""learning_rate"": 0.03, ""max_depth"": 5, ""min_child_weight"": 5, ""n_estimators"": 600, ""n_jobs"": -1, ""objective"": ""multi:softprob"", ""subsample"": 0.8, ""tree_method"": ""hist""}",False,1.8020699999997305,0.3919493851559069,0.38900333086379596
missingness_only,7aa0faebcd59,22557198bb82e52567d7d8b5c27dbb58d1f51966b9e15e7c5eee66736912ed1e,4,xgboost,"{""colsample_bytree"": 1.0, ""early_stopping_rounds"": 30, ""eval_metric"": ""mlogloss"", ""learning_rate"": 0.03, ""max_depth"": 5, ""min_child_weight"": 1, ""n_estimators"": 600, ""n_jobs"": -1, ""objective"": ""multi:softprob"", ""subsample"": 0.8, ""tree_method"": ""hist""}",False,1.7711162000014156,0.39988197189284147,0.39396442633475465
missingness_only,900dbedc225b,22557198bb82e52567d7d8b5c27dbb58d1f51966b9e15e7c5eee66736912ed1e,4,xgboost,"{""colsample_bytree"": 1.0, ""early_stopping_rounds"": 30, ""eval_metric"": ""mlogloss"", ""learning_rate"": 0.03, ""max_depth"": 5, ""min_child_weight"": 5, ""n_estimators"": 600, ""n_jobs"": -1, ""objective"": ""multi:softprob"", ""subsample"": 0.8, ""tree_method"": ""hist""}",False,1.6905083000001468,0.3919493851559069,0.38900333086379596
missingness_only,84356dc6930b,22557198bb82e52567d7d8b5c27dbb58d1f51966b9e15e7c5eee66736912ed1e,4,xgboost,"{""colsample_bytree"": 0.8, ""early_stopping_rounds"": 30, ""eval_metric"": ""mlogloss"", ""learning_rate"": 0.1, ""max_depth"": 5, ""min_child_weight"": 1, ""n_estimators"": 600, ""n_jobs"": -1, ""objective"": ""multi:softprob"", ""subsample"": 0.8, ""tree_method"": ""hist""}",False,0.7724538000002212,0.39260814668423366,0.39069683103474023
missingness_only,d6b94d7cc920,22557198bb82e52567d7d8b5c27dbb58d1f51966b9e15e7c5eee66736912ed1e,4,xgboost,"{""colsample_bytree"": 0.8, ""early_stopping_rounds"": 30, ""eval_metric"": ""mlogloss"", ""learning_rate"": 0.1, ""max_depth"": 5, ""min_child_weight"": 5, ""n_estimators"": 600, ""n_jobs"": -1, ""objective"": ""multi:softprob"", ""subsample"": 0.8, ""tree_method"": ""hist""}",False,0.7310265000014624,0.3919493851559069,0.3898629437923744
missingness_only,ed5cff5b45cf,22557198bb82e52567d7d8b5c27dbb58d1f51966b9e15e7c5eee66736912ed1e,4,xgboost,"{""colsample_bytree"": 1.0, ""early_stopping_rounds"": 30, ""eval_metric"": ""mlogloss"", ""learning_rate"": 0.1, ""max_depth"": 5, ""min_child_weight"": 1, ""n_estimators"": 600, ""n_jobs"": -1, ""objective"": ""multi:softprob"", ""subsample"": 0.8, ""tree_method"": ""hist""}",False,0.9180391999998392,0.40533047870004396,0.39663042842948154
missingness_only,94c26a8ef2c4,22557198bb82e52567d7d8b5c27dbb58d1f51966b9e15e7c5eee66736912ed1e,4,xgboost,"{""colsample_bytree"": 1.0, ""early_stopping_rounds"": 30, ""eval_metric"": ""mlogloss"", ""learning_rate"": 0.1, ""max_depth"": 5, ""min_child_weight"": 5, ""n_estimators"": 600, ""n_jobs"": -1, ""objective"": ""multi:softprob"", ""subsample"": 0.8, ""tree_method"": ""hist""}",False,0.8729813000009017,0.3957509881422925,0.3894875858425779
