model,ablation,fold,subset,actual,predicted,count,preprocessing,window_size_frames,num_features
svm,all_features,1,validation,alert,alert,735,zero_fill_baseline,30,14
svm,all_features,1,validation,alert,fatigue,105,zero_fill_baseline,30,14
svm,all_features,1,validation,alert,distraction,182,zero_fill_baseline,30,14
svm,all_features,1,validation,fatigue,alert,0,zero_fill_baseline,30,14
svm,all_features,1,validation,fatigue,fatigue,5,zero_fill_baseline,30,14
svm,all_features,1,validation,fatigue,distraction,2,zero_fill_baseline,30,14
svm,all_features,1,validation,distraction,alert,75,zero_fill_baseline,30,14
svm,all_features,1,validation,distraction,fatigue,10,zero_fill_baseline,30,14
svm,all_features,1,validation,distraction,distraction,80,zero_fill_baseline,30,14
svm,all_features,1,test,alert,alert,770,zero_fill_baseline,30,14
svm,all_features,1,test,alert,fatigue,117,zero_fill_baseline,30,14
svm,all_features,1,test,alert,distraction,201,zero_fill_baseline,30,14
svm,all_features,1,test,fatigue,alert,27,zero_fill_baseline,30,14
svm,all_features,1,test,fatigue,fatigue,5,zero_fill_baseline,30,14
svm,all_features,1,test,fatigue,distraction,36,zero_fill_baseline,30,14
svm,all_features,1,test,distraction,alert,72,zero_fill_baseline,30,14
svm,all_features,1,test,distraction,fatigue,23,zero_fill_baseline,30,14
svm,all_features,1,test,distraction,distraction,284,zero_fill_baseline,30,14
random_forest,all_features,1,validation,alert,alert,923,zero_fill_baseline,30,14
random_forest,all_features,1,validation,alert,fatigue,0,zero_fill_baseline,30,14
random_forest,all_features,1,validation,alert,distraction,99,zero_fill_baseline,30,14
random_forest,all_features,1,validation,fatigue,alert,7,zero_fill_baseline,30,14
random_forest,all_features,1,validation,fatigue,fatigue,0,zero_fill_baseline,30,14
random_forest,all_features,1,validation,fatigue,distraction,0,zero_fill_baseline,30,14
random_forest,all_features,1,validation,distraction,alert,106,zero_fill_baseline,30,14
random_forest,all_features,1,validation,distraction,fatigue,0,zero_fill_baseline,30,14
random_forest,all_features,1,validation,distraction,distraction,59,zero_fill_baseline,30,14
random_forest,all_features,1,test,alert,alert,1007,zero_fill_baseline,30,14
random_forest,all_features,1,test,alert,fatigue,0,zero_fill_baseline,30,14
random_forest,all_features,1,test,alert,distraction,81,zero_fill_baseline,30,14
random_forest,all_features,1,test,fatigue,alert,43,zero_fill_baseline,30,14
random_forest,all_features,1,test,fatigue,fatigue,0,zero_fill_baseline,30,14
random_forest,all_features,1,test,fatigue,distraction,25,zero_fill_baseline,30,14
random_forest,all_features,1,test,distraction,alert,136,zero_fill_baseline,30,14
random_forest,all_features,1,test,distraction,fatigue,0,zero_fill_baseline,30,14
random_forest,all_features,1,test,distraction,distraction,243,zero_fill_baseline,30,14
xgboost,all_features,1,validation,alert,alert,842,zero_fill_baseline,30,14
xgboost,all_features,1,validation,alert,fatigue,6,zero_fill_baseline,30,14
xgboost,all_features,1,validation,alert,distraction,174,zero_fill_baseline,30,14
xgboost,all_features,1,validation,fatigue,alert,5,zero_fill_baseline,30,14
xgboost,all_features,1,validation,fatigue,fatigue,0,zero_fill_baseline,30,14
xgboost,all_features,1,validation,fatigue,distraction,2,zero_fill_baseline,30,14
xgboost,all_features,1,validation,distraction,alert,92,zero_fill_baseline,30,14
xgboost,all_features,1,validation,distraction,fatigue,0,zero_fill_baseline,30,14
xgboost,all_features,1,validation,distraction,distraction,73,zero_fill_baseline,30,14
xgboost,all_features,1,test,alert,alert,911,zero_fill_baseline,30,14
xgboost,all_features,1,test,alert,fatigue,30,zero_fill_baseline,30,14
xgboost,all_features,1,test,alert,distraction,147,zero_fill_baseline,30,14
xgboost,all_features,1,test,fatigue,alert,40,zero_fill_baseline,30,14
xgboost,all_features,1,test,fatigue,fatigue,0,zero_fill_baseline,30,14
xgboost,all_features,1,test,fatigue,distraction,28,zero_fill_baseline,30,14
xgboost,all_features,1,test,distraction,alert,84,zero_fill_baseline,30,14
xgboost,all_features,1,test,distraction,fatigue,4,zero_fill_baseline,30,14
xgboost,all_features,1,test,distraction,distraction,291,zero_fill_baseline,30,14
svm,all_features,2,validation,alert,alert,853,zero_fill_baseline,30,14
svm,all_features,2,validation,alert,fatigue,83,zero_fill_baseline,30,14
svm,all_features,2,validation,alert,distraction,150,zero_fill_baseline,30,14
svm,all_features,2,validation,fatigue,alert,16,zero_fill_baseline,30,14
svm,all_features,2,validation,fatigue,fatigue,3,zero_fill_baseline,30,14
svm,all_features,2,validation,fatigue,distraction,1,zero_fill_baseline,30,14
svm,all_features,2,validation,distraction,alert,39,zero_fill_baseline,30,14
svm,all_features,2,validation,distraction,fatigue,3,zero_fill_baseline,30,14
svm,all_features,2,validation,distraction,distraction,37,zero_fill_baseline,30,14
svm,all_features,2,test,alert,alert,1407,zero_fill_baseline,30,14
svm,all_features,2,test,alert,fatigue,50,zero_fill_baseline,30,14
svm,all_features,2,test,alert,distraction,123,zero_fill_baseline,30,14
svm,all_features,2,test,fatigue,alert,0,zero_fill_baseline,30,14
svm,all_features,2,test,fatigue,fatigue,0,zero_fill_baseline,30,14
svm,all_features,2,test,fatigue,distraction,0,zero_fill_baseline,30,14
svm,all_features,2,test,distraction,alert,98,zero_fill_baseline,30,14
svm,all_features,2,test,distraction,fatigue,9,zero_fill_baseline,30,14
svm,all_features,2,test,distraction,distraction,188,zero_fill_baseline,30,14
random_forest,all_features,2,validation,alert,alert,945,zero_fill_baseline,30,14
random_forest,all_features,2,validation,alert,fatigue,1,zero_fill_baseline,30,14
random_forest,all_features,2,validation,alert,distraction,140,zero_fill_baseline,30,14
random_forest,all_features,2,validation,fatigue,alert,20,zero_fill_baseline,30,14
random_forest,all_features,2,validation,fatigue,fatigue,0,zero_fill_baseline,30,14
random_forest,all_features,2,validation,fatigue,distraction,0,zero_fill_baseline,30,14
random_forest,all_features,2,validation,distraction,alert,49,zero_fill_baseline,30,14
random_forest,all_features,2,validation,distraction,fatigue,0,zero_fill_baseline,30,14
random_forest,all_features,2,validation,distraction,distraction,30,zero_fill_baseline,30,14
random_forest,all_features,2,test,alert,alert,1463,zero_fill_baseline,30,14
random_forest,all_features,2,test,alert,fatigue,2,zero_fill_baseline,30,14
random_forest,all_features,2,test,alert,distraction,115,zero_fill_baseline,30,14
random_forest,all_features,2,test,fatigue,alert,0,zero_fill_baseline,30,14
random_forest,all_features,2,test,fatigue,fatigue,0,zero_fill_baseline,30,14
random_forest,all_features,2,test,fatigue,distraction,0,zero_fill_baseline,30,14
random_forest,all_features,2,test,distraction,alert,105,zero_fill_baseline,30,14
random_forest,all_features,2,test,distraction,fatigue,0,zero_fill_baseline,30,14
random_forest,all_features,2,test,distraction,distraction,190,zero_fill_baseline,30,14
xgboost,all_features,2,validation,alert,alert,903,zero_fill_baseline,30,14
xgboost,all_features,2,validation,alert,fatigue,11,zero_fill_baseline,30,14
xgboost,all_features,2,validation,alert,distraction,172,zero_fill_baseline,30,14
xgboost,all_features,2,validation,fatigue,alert,16,zero_fill_baseline,30,14
xgboost,all_features,2,validation,fatigue,fatigue,0,zero_fill_baseline,30,14
xgboost,all_features,2,validation,fatigue,distraction,4,zero_fill_baseline,30,14
xgboost,all_features,2,validation,distraction,alert,45,zero_fill_baseline,30,14
xgboost,all_features,2,validation,distraction,fatigue,0,zero_fill_baseline,30,14
xgboost,all_features,2,validation,distraction,distraction,34,zero_fill_baseline,30,14
xgboost,all_features,2,test,alert,alert,1440,zero_fill_baseline,30,14
xgboost,all_features,2,test,alert,fatigue,8,zero_fill_baseline,30,14
xgboost,all_features,2,test,alert,distraction,132,zero_fill_baseline,30,14
xgboost,all_features,2,test,fatigue,alert,0,zero_fill_baseline,30,14
xgboost,all_features,2,test,fatigue,fatigue,0,zero_fill_baseline,30,14
xgboost,all_features,2,test,fatigue,distraction,0,zero_fill_baseline,30,14
xgboost,all_features,2,test,distraction,alert,104,zero_fill_baseline,30,14
xgboost,all_features,2,test,distraction,fatigue,0,zero_fill_baseline,30,14
xgboost,all_features,2,test,distraction,distraction,191,zero_fill_baseline,30,14
svm,all_features,3,validation,alert,alert,802,zero_fill_baseline,30,14
svm,all_features,3,validation,alert,fatigue,24,zero_fill_baseline,30,14
svm,all_features,3,validation,alert,distraction,167,zero_fill_baseline,30,14
svm,all_features,3,validation,fatigue,alert,13,zero_fill_baseline,30,14
svm,all_features,3,validation,fatigue,fatigue,0,zero_fill_baseline,30,14
svm,all_features,3,validation,fatigue,distraction,0,zero_fill_baseline,30,14
svm,all_features,3,validation,distraction,alert,83,zero_fill_baseline,30,14
svm,all_features,3,validation,distraction,fatigue,7,zero_fill_baseline,30,14
svm,all_features,3,validation,distraction,distraction,62,zero_fill_baseline,30,14
svm,all_features,3,test,alert,alert,1234,zero_fill_baseline,30,14
svm,all_features,3,test,alert,fatigue,10,zero_fill_baseline,30,14
svm,all_features,3,test,alert,distraction,127,zero_fill_baseline,30,14
svm,all_features,3,test,fatigue,alert,21,zero_fill_baseline,30,14
svm,all_features,3,test,fatigue,fatigue,1,zero_fill_baseline,30,14
svm,all_features,3,test,fatigue,distraction,3,zero_fill_baseline,30,14
svm,all_features,3,test,distraction,alert,46,zero_fill_baseline,30,14
svm,all_features,3,test,distraction,fatigue,7,zero_fill_baseline,30,14
svm,all_features,3,test,distraction,distraction,64,zero_fill_baseline,30,14
random_forest,all_features,3,validation,alert,alert,857,zero_fill_baseline,30,14
random_forest,all_features,3,validation,alert,fatigue,0,zero_fill_baseline,30,14
random_forest,all_features,3,validation,alert,distraction,136,zero_fill_baseline,30,14
random_forest,all_features,3,validation,fatigue,alert,13,zero_fill_baseline,30,14
random_forest,all_features,3,validation,fatigue,fatigue,0,zero_fill_baseline,30,14
random_forest,all_features,3,validation,fatigue,distraction,0,zero_fill_baseline,30,14
random_forest,all_features,3,validation,distraction,alert,97,zero_fill_baseline,30,14
random_forest,all_features,3,validation,distraction,fatigue,0,zero_fill_baseline,30,14
random_forest,all_features,3,validation,distraction,distraction,55,zero_fill_baseline,30,14
random_forest,all_features,3,test,alert,alert,1291,zero_fill_baseline,30,14
random_forest,all_features,3,test,alert,fatigue,0,zero_fill_baseline,30,14
random_forest,all_features,3,test,alert,distraction,80,zero_fill_baseline,30,14
random_forest,all_features,3,test,fatigue,alert,23,zero_fill_baseline,30,14
random_forest,all_features,3,test,fatigue,fatigue,0,zero_fill_baseline,30,14
random_forest,all_features,3,test,fatigue,distraction,2,zero_fill_baseline,30,14
random_forest,all_features,3,test,distraction,alert,63,zero_fill_baseline,30,14
random_forest,all_features,3,test,distraction,fatigue,0,zero_fill_baseline,30,14
random_forest,all_features,3,test,distraction,distraction,54,zero_fill_baseline,30,14
xgboost,all_features,3,validation,alert,alert,810,zero_fill_baseline,30,14
xgboost,all_features,3,validation,alert,fatigue,11,zero_fill_baseline,30,14
xgboost,all_features,3,validation,alert,distraction,172,zero_fill_baseline,30,14
xgboost,all_features,3,validation,fatigue,alert,13,zero_fill_baseline,30,14
xgboost,all_features,3,validation,fatigue,fatigue,0,zero_fill_baseline,30,14
xgboost,all_features,3,validation,fatigue,distraction,0,zero_fill_baseline,30,14
xgboost,all_features,3,validation,distraction,alert,87,zero_fill_baseline,30,14
xgboost,all_features,3,validation,distraction,fatigue,2,zero_fill_baseline,30,14
xgboost,all_features,3,validation,distraction,distraction,63,zero_fill_baseline,30,14
xgboost,all_features,3,test,alert,alert,1248,zero_fill_baseline,30,14
xgboost,all_features,3,test,alert,fatigue,8,zero_fill_baseline,30,14
xgboost,all_features,3,test,alert,distraction,115,zero_fill_baseline,30,14
xgboost,all_features,3,test,fatigue,alert,22,zero_fill_baseline,30,14
xgboost,all_features,3,test,fatigue,fatigue,0,zero_fill_baseline,30,14
xgboost,all_features,3,test,fatigue,distraction,3,zero_fill_baseline,30,14
xgboost,all_features,3,test,distraction,alert,52,zero_fill_baseline,30,14
xgboost,all_features,3,test,distraction,fatigue,1,zero_fill_baseline,30,14
xgboost,all_features,3,test,distraction,distraction,64,zero_fill_baseline,30,14
svm,all_features,4,validation,alert,alert,778,zero_fill_baseline,30,14
svm,all_features,4,validation,alert,fatigue,77,zero_fill_baseline,30,14
svm,all_features,4,validation,alert,distraction,163,zero_fill_baseline,30,14
svm,all_features,4,validation,fatigue,alert,13,zero_fill_baseline,30,14
svm,all_features,4,validation,fatigue,fatigue,5,zero_fill_baseline,30,14
svm,all_features,4,validation,fatigue,distraction,2,zero_fill_baseline,30,14
svm,all_features,4,validation,distraction,alert,44,zero_fill_baseline,30,14
svm,all_features,4,validation,distraction,fatigue,11,zero_fill_baseline,30,14
svm,all_features,4,validation,distraction,distraction,44,zero_fill_baseline,30,14
svm,all_features,4,test,alert,alert,659,zero_fill_baseline,30,14
svm,all_features,4,test,alert,fatigue,113,zero_fill_baseline,30,14
svm,all_features,4,test,alert,distraction,188,zero_fill_baseline,30,14
svm,all_features,4,test,fatigue,alert,4,zero_fill_baseline,30,14
svm,all_features,4,test,fatigue,fatigue,0,zero_fill_baseline,30,14
svm,all_features,4,test,fatigue,distraction,0,zero_fill_baseline,30,14
svm,all_features,4,test,distraction,alert,82,zero_fill_baseline,30,14
svm,all_features,4,test,distraction,fatigue,12,zero_fill_baseline,30,14
svm,all_features,4,test,distraction,distraction,47,zero_fill_baseline,30,14
random_forest,all_features,4,validation,alert,alert,888,zero_fill_baseline,30,14
random_forest,all_features,4,validation,alert,fatigue,1,zero_fill_baseline,30,14
random_forest,all_features,4,validation,alert,distraction,129,zero_fill_baseline,30,14
random_forest,all_features,4,validation,fatigue,alert,18,zero_fill_baseline,30,14
random_forest,all_features,4,validation,fatigue,fatigue,0,zero_fill_baseline,30,14
random_forest,all_features,4,validation,fatigue,distraction,2,zero_fill_baseline,30,14
random_forest,all_features,4,validation,distraction,alert,50,zero_fill_baseline,30,14
random_forest,all_features,4,validation,distraction,fatigue,0,zero_fill_baseline,30,14
random_forest,all_features,4,validation,distraction,distraction,49,zero_fill_baseline,30,14
random_forest,all_features,4,test,alert,alert,774,zero_fill_baseline,30,14
random_forest,all_features,4,test,alert,fatigue,1,zero_fill_baseline,30,14
random_forest,all_features,4,test,alert,distraction,185,zero_fill_baseline,30,14
random_forest,all_features,4,test,fatigue,alert,4,zero_fill_baseline,30,14
random_forest,all_features,4,test,fatigue,fatigue,0,zero_fill_baseline,30,14
random_forest,all_features,4,test,fatigue,distraction,0,zero_fill_baseline,30,14
random_forest,all_features,4,test,distraction,alert,92,zero_fill_baseline,30,14
random_forest,all_features,4,test,distraction,fatigue,0,zero_fill_baseline,30,14
random_forest,all_features,4,test,distraction,distraction,49,zero_fill_baseline,30,14
xgboost,all_features,4,validation,alert,alert,844,zero_fill_baseline,30,14
xgboost,all_features,4,validation,alert,fatigue,8,zero_fill_baseline,30,14
xgboost,all_features,4,validation,alert,distraction,166,zero_fill_baseline,30,14
xgboost,all_features,4,validation,fatigue,alert,16,zero_fill_baseline,30,14
xgboost,all_features,4,validation,fatigue,fatigue,0,zero_fill_baseline,30,14
xgboost,all_features,4,validation,fatigue,distraction,4,zero_fill_baseline,30,14
xgboost,all_features,4,validation,distraction,alert,50,zero_fill_baseline,30,14
xgboost,all_features,4,validation,distraction,fatigue,0,zero_fill_baseline,30,14
xgboost,all_features,4,validation,distraction,distraction,49,zero_fill_baseline,30,14
xgboost,all_features,4,test,alert,alert,739,zero_fill_baseline,30,14
xgboost,all_features,4,test,alert,fatigue,10,zero_fill_baseline,30,14
xgboost,all_features,4,test,alert,distraction,211,zero_fill_baseline,30,14
xgboost,all_features,4,test,fatigue,alert,4,zero_fill_baseline,30,14
xgboost,all_features,4,test,fatigue,fatigue,0,zero_fill_baseline,30,14
xgboost,all_features,4,test,fatigue,distraction,0,zero_fill_baseline,30,14
xgboost,all_features,4,test,distraction,alert,86,zero_fill_baseline,30,14
xgboost,all_features,4,test,distraction,fatigue,0,zero_fill_baseline,30,14
xgboost,all_features,4,test,distraction,distraction,55,zero_fill_baseline,30,14
svm,all_features,1,validation,alert,alert,727,short_gap_interpolation,30,14
svm,all_features,1,validation,alert,fatigue,104,short_gap_interpolation,30,14
svm,all_features,1,validation,alert,distraction,191,short_gap_interpolation,30,14
svm,all_features,1,validation,fatigue,alert,3,short_gap_interpolation,30,14
svm,all_features,1,validation,fatigue,fatigue,3,short_gap_interpolation,30,14
svm,all_features,1,validation,fatigue,distraction,1,short_gap_interpolation,30,14
svm,all_features,1,validation,distraction,alert,90,short_gap_interpolation,30,14
svm,all_features,1,validation,distraction,fatigue,4,short_gap_interpolation,30,14
svm,all_features,1,validation,distraction,distraction,71,short_gap_interpolation,30,14
svm,all_features,1,test,alert,alert,805,short_gap_interpolation,30,14
svm,all_features,1,test,alert,fatigue,67,short_gap_interpolation,30,14
svm,all_features,1,test,alert,distraction,216,short_gap_interpolation,30,14
svm,all_features,1,test,fatigue,alert,33,short_gap_interpolation,30,14
svm,all_features,1,test,fatigue,fatigue,3,short_gap_interpolation,30,14
svm,all_features,1,test,fatigue,distraction,32,short_gap_interpolation,30,14
svm,all_features,1,test,distraction,alert,90,short_gap_interpolation,30,14
svm,all_features,1,test,distraction,fatigue,3,short_gap_interpolation,30,14
svm,all_features,1,test,distraction,distraction,286,short_gap_interpolation,30,14
random_forest,all_features,1,validation,alert,alert,937,short_gap_interpolation,30,14
random_forest,all_features,1,validation,alert,fatigue,0,short_gap_interpolation,30,14
random_forest,all_features,1,validation,alert,distraction,85,short_gap_interpolation,30,14
random_forest,all_features,1,validation,fatigue,alert,7,short_gap_interpolation,30,14
random_forest,all_features,1,validation,fatigue,fatigue,0,short_gap_interpolation,30,14
random_forest,all_features,1,validation,fatigue,distraction,0,short_gap_interpolation,30,14
random_forest,all_features,1,validation,distraction,alert,109,short_gap_interpolation,30,14
random_forest,all_features,1,validation,distraction,fatigue,0,short_gap_interpolation,30,14
random_forest,all_features,1,validation,distraction,distraction,56,short_gap_interpolation,30,14
random_forest,all_features,1,test,alert,alert,1008,short_gap_interpolation,30,14
random_forest,all_features,1,test,alert,fatigue,0,short_gap_interpolation,30,14
random_forest,all_features,1,test,alert,distraction,80,short_gap_interpolation,30,14
random_forest,all_features,1,test,fatigue,alert,41,short_gap_interpolation,30,14
random_forest,all_features,1,test,fatigue,fatigue,0,short_gap_interpolation,30,14
random_forest,all_features,1,test,fatigue,distraction,27,short_gap_interpolation,30,14
random_forest,all_features,1,test,distraction,alert,132,short_gap_interpolation,30,14
random_forest,all_features,1,test,distraction,fatigue,0,short_gap_interpolation,30,14
random_forest,all_features,1,test,distraction,distraction,247,short_gap_interpolation,30,14
xgboost,all_features,1,validation,alert,alert,860,short_gap_interpolation,30,14
xgboost,all_features,1,validation,alert,fatigue,5,short_gap_interpolation,30,14
xgboost,all_features,1,validation,alert,distraction,157,short_gap_interpolation,30,14
xgboost,all_features,1,validation,fatigue,alert,6,short_gap_interpolation,30,14
xgboost,all_features,1,validation,fatigue,fatigue,0,short_gap_interpolation,30,14
xgboost,all_features,1,validation,fatigue,distraction,1,short_gap_interpolation,30,14
xgboost,all_features,1,validation,distraction,alert,97,short_gap_interpolation,30,14
xgboost,all_features,1,validation,distraction,fatigue,2,short_gap_interpolation,30,14
xgboost,all_features,1,validation,distraction,distraction,66,short_gap_interpolation,30,14
xgboost,all_features,1,test,alert,alert,924,short_gap_interpolation,30,14
xgboost,all_features,1,test,alert,fatigue,11,short_gap_interpolation,30,14
xgboost,all_features,1,test,alert,distraction,153,short_gap_interpolation,30,14
xgboost,all_features,1,test,fatigue,alert,38,short_gap_interpolation,30,14
xgboost,all_features,1,test,fatigue,fatigue,0,short_gap_interpolation,30,14
xgboost,all_features,1,test,fatigue,distraction,30,short_gap_interpolation,30,14
xgboost,all_features,1,test,distraction,alert,102,short_gap_interpolation,30,14
xgboost,all_features,1,test,distraction,fatigue,2,short_gap_interpolation,30,14
xgboost,all_features,1,test,distraction,distraction,275,short_gap_interpolation,30,14
svm,all_features,2,validation,alert,alert,856,short_gap_interpolation,30,14
svm,all_features,2,validation,alert,fatigue,67,short_gap_interpolation,30,14
svm,all_features,2,validation,alert,distraction,163,short_gap_interpolation,30,14
svm,all_features,2,validation,fatigue,alert,15,short_gap_interpolation,30,14
svm,all_features,2,validation,fatigue,fatigue,4,short_gap_interpolation,30,14
svm,all_features,2,validation,fatigue,distraction,1,short_gap_interpolation,30,14
svm,all_features,2,validation,distraction,alert,38,short_gap_interpolation,30,14
svm,all_features,2,validation,distraction,fatigue,5,short_gap_interpolation,30,14
svm,all_features,2,validation,distraction,distraction,36,short_gap_interpolation,30,14
svm,all_features,2,test,alert,alert,1415,short_gap_interpolation,30,14
svm,all_features,2,test,alert,fatigue,41,short_gap_interpolation,30,14
svm,all_features,2,test,alert,distraction,124,short_gap_interpolation,30,14
svm,all_features,2,test,fatigue,alert,0,short_gap_interpolation,30,14
svm,all_features,2,test,fatigue,fatigue,0,short_gap_interpolation,30,14
svm,all_features,2,test,fatigue,distraction,0,short_gap_interpolation,30,14
svm,all_features,2,test,distraction,alert,103,short_gap_interpolation,30,14
svm,all_features,2,test,distraction,fatigue,11,short_gap_interpolation,30,14
svm,all_features,2,test,distraction,distraction,181,short_gap_interpolation,30,14
random_forest,all_features,2,validation,alert,alert,949,short_gap_interpolation,30,14
random_forest,all_features,2,validation,alert,fatigue,1,short_gap_interpolation,30,14
random_forest,all_features,2,validation,alert,distraction,136,short_gap_interpolation,30,14
random_forest,all_features,2,validation,fatigue,alert,20,short_gap_interpolation,30,14
random_forest,all_features,2,validation,fatigue,fatigue,0,short_gap_interpolation,30,14
random_forest,all_features,2,validation,fatigue,distraction,0,short_gap_interpolation,30,14
random_forest,all_features,2,validation,distraction,alert,52,short_gap_interpolation,30,14
random_forest,all_features,2,validation,distraction,fatigue,0,short_gap_interpolation,30,14
random_forest,all_features,2,validation,distraction,distraction,27,short_gap_interpolation,30,14
random_forest,all_features,2,test,alert,alert,1470,short_gap_interpolation,30,14
random_forest,all_features,2,test,alert,fatigue,1,short_gap_interpolation,30,14
random_forest,all_features,2,test,alert,distraction,109,short_gap_interpolation,30,14
random_forest,all_features,2,test,fatigue,alert,0,short_gap_interpolation,30,14
random_forest,all_features,2,test,fatigue,fatigue,0,short_gap_interpolation,30,14
random_forest,all_features,2,test,fatigue,distraction,0,short_gap_interpolation,30,14
random_forest,all_features,2,test,distraction,alert,106,short_gap_interpolation,30,14
random_forest,all_features,2,test,distraction,fatigue,0,short_gap_interpolation,30,14
random_forest,all_features,2,test,distraction,distraction,189,short_gap_interpolation,30,14
xgboost,all_features,2,validation,alert,alert,917,short_gap_interpolation,30,14
xgboost,all_features,2,validation,alert,fatigue,6,short_gap_interpolation,30,14
xgboost,all_features,2,validation,alert,distraction,163,short_gap_interpolation,30,14
xgboost,all_features,2,validation,fatigue,alert,20,short_gap_interpolation,30,14
xgboost,all_features,2,validation,fatigue,fatigue,0,short_gap_interpolation,30,14
xgboost,all_features,2,validation,fatigue,distraction,0,short_gap_interpolation,30,14
xgboost,all_features,2,validation,distraction,alert,45,short_gap_interpolation,30,14
xgboost,all_features,2,validation,distraction,fatigue,0,short_gap_interpolation,30,14
xgboost,all_features,2,validation,distraction,distraction,34,short_gap_interpolation,30,14
xgboost,all_features,2,test,alert,alert,1456,short_gap_interpolation,30,14
xgboost,all_features,2,test,alert,fatigue,3,short_gap_interpolation,30,14
xgboost,all_features,2,test,alert,distraction,121,short_gap_interpolation,30,14
xgboost,all_features,2,test,fatigue,alert,0,short_gap_interpolation,30,14
xgboost,all_features,2,test,fatigue,fatigue,0,short_gap_interpolation,30,14
xgboost,all_features,2,test,fatigue,distraction,0,short_gap_interpolation,30,14
xgboost,all_features,2,test,distraction,alert,103,short_gap_interpolation,30,14
xgboost,all_features,2,test,distraction,fatigue,0,short_gap_interpolation,30,14
xgboost,all_features,2,test,distraction,distraction,192,short_gap_interpolation,30,14
svm,all_features,3,validation,alert,alert,811,short_gap_interpolation,30,14
svm,all_features,3,validation,alert,fatigue,23,short_gap_interpolation,30,14
svm,all_features,3,validation,alert,distraction,159,short_gap_interpolation,30,14
svm,all_features,3,validation,fatigue,alert,13,short_gap_interpolation,30,14
svm,all_features,3,validation,fatigue,fatigue,0,short_gap_interpolation,30,14
svm,all_features,3,validation,fatigue,distraction,0,short_gap_interpolation,30,14
svm,all_features,3,validation,distraction,alert,89,short_gap_interpolation,30,14
svm,all_features,3,validation,distraction,fatigue,6,short_gap_interpolation,30,14
svm,all_features,3,validation,distraction,distraction,57,short_gap_interpolation,30,14
svm,all_features,3,test,alert,alert,1252,short_gap_interpolation,30,14
svm,all_features,3,test,alert,fatigue,7,short_gap_interpolation,30,14
svm,all_features,3,test,alert,distraction,112,short_gap_interpolation,30,14
svm,all_features,3,test,fatigue,alert,22,short_gap_interpolation,30,14
svm,all_features,3,test,fatigue,fatigue,1,short_gap_interpolation,30,14
svm,all_features,3,test,fatigue,distraction,2,short_gap_interpolation,30,14
svm,all_features,3,test,distraction,alert,51,short_gap_interpolation,30,14
svm,all_features,3,test,distraction,fatigue,3,short_gap_interpolation,30,14
svm,all_features,3,test,distraction,distraction,63,short_gap_interpolation,30,14
random_forest,all_features,3,validation,alert,alert,861,short_gap_interpolation,30,14
random_forest,all_features,3,validation,alert,fatigue,2,short_gap_interpolation,30,14
random_forest,all_features,3,validation,alert,distraction,130,short_gap_interpolation,30,14
random_forest,all_features,3,validation,fatigue,alert,13,short_gap_interpolation,30,14
random_forest,all_features,3,validation,fatigue,fatigue,0,short_gap_interpolation,30,14
random_forest,all_features,3,validation,fatigue,distraction,0,short_gap_interpolation,30,14
random_forest,all_features,3,validation,distraction,alert,96,short_gap_interpolation,30,14
random_forest,all_features,3,validation,distraction,fatigue,0,short_gap_interpolation,30,14
random_forest,all_features,3,validation,distraction,distraction,56,short_gap_interpolation,30,14
random_forest,all_features,3,test,alert,alert,1288,short_gap_interpolation,30,14
random_forest,all_features,3,test,alert,fatigue,0,short_gap_interpolation,30,14
random_forest,all_features,3,test,alert,distraction,83,short_gap_interpolation,30,14
random_forest,all_features,3,test,fatigue,alert,23,short_gap_interpolation,30,14
random_forest,all_features,3,test,fatigue,fatigue,0,short_gap_interpolation,30,14
random_forest,all_features,3,test,fatigue,distraction,2,short_gap_interpolation,30,14
random_forest,all_features,3,test,distraction,alert,64,short_gap_interpolation,30,14
random_forest,all_features,3,test,distraction,fatigue,0,short_gap_interpolation,30,14
random_forest,all_features,3,test,distraction,distraction,53,short_gap_interpolation,30,14
xgboost,all_features,3,validation,alert,alert,821,short_gap_interpolation,30,14
xgboost,all_features,3,validation,alert,fatigue,9,short_gap_interpolation,30,14
xgboost,all_features,3,validation,alert,distraction,163,short_gap_interpolation,30,14
xgboost,all_features,3,validation,fatigue,alert,12,short_gap_interpolation,30,14
xgboost,all_features,3,validation,fatigue,fatigue,0,short_gap_interpolation,30,14
xgboost,all_features,3,validation,fatigue,distraction,1,short_gap_interpolation,30,14
xgboost,all_features,3,validation,distraction,alert,92,short_gap_interpolation,30,14
xgboost,all_features,3,validation,distraction,fatigue,0,short_gap_interpolation,30,14
xgboost,all_features,3,validation,distraction,distraction,60,short_gap_interpolation,30,14
xgboost,all_features,3,test,alert,alert,1243,short_gap_interpolation,30,14
xgboost,all_features,3,test,alert,fatigue,1,short_gap_interpolation,30,14
xgboost,all_features,3,test,alert,distraction,127,short_gap_interpolation,30,14
xgboost,all_features,3,test,fatigue,alert,23,short_gap_interpolation,30,14
xgboost,all_features,3,test,fatigue,fatigue,0,short_gap_interpolation,30,14
xgboost,all_features,3,test,fatigue,distraction,2,short_gap_interpolation,30,14
xgboost,all_features,3,test,distraction,alert,53,short_gap_interpolation,30,14
xgboost,all_features,3,test,distraction,fatigue,2,short_gap_interpolation,30,14
xgboost,all_features,3,test,distraction,distraction,62,short_gap_interpolation,30,14
svm,all_features,4,validation,alert,alert,799,short_gap_interpolation,30,14
svm,all_features,4,validation,alert,fatigue,62,short_gap_interpolation,30,14
svm,all_features,4,validation,alert,distraction,157,short_gap_interpolation,30,14
svm,all_features,4,validation,fatigue,alert,15,short_gap_interpolation,30,14
svm,all_features,4,validation,fatigue,fatigue,4,short_gap_interpolation,30,14
svm,all_features,4,validation,fatigue,distraction,1,short_gap_interpolation,30,14
svm,all_features,4,validation,distraction,alert,50,short_gap_interpolation,30,14
svm,all_features,4,validation,distraction,fatigue,7,short_gap_interpolation,30,14
svm,all_features,4,validation,distraction,distraction,42,short_gap_interpolation,30,14
svm,all_features,4,test,alert,alert,682,short_gap_interpolation,30,14
svm,all_features,4,test,alert,fatigue,63,short_gap_interpolation,30,14
svm,all_features,4,test,alert,distraction,215,short_gap_interpolation,30,14
svm,all_features,4,test,fatigue,alert,4,short_gap_interpolation,30,14
svm,all_features,4,test,fatigue,fatigue,0,short_gap_interpolation,30,14
svm,all_features,4,test,fatigue,distraction,0,short_gap_interpolation,30,14
svm,all_features,4,test,distraction,alert,83,short_gap_interpolation,30,14
svm,all_features,4,test,distraction,fatigue,5,short_gap_interpolation,30,14
svm,all_features,4,test,distraction,distraction,53,short_gap_interpolation,30,14
random_forest,all_features,4,validation,alert,alert,897,short_gap_interpolation,30,14
random_forest,all_features,4,validation,alert,fatigue,1,short_gap_interpolation,30,14
random_forest,all_features,4,validation,alert,distraction,120,short_gap_interpolation,30,14
random_forest,all_features,4,validation,fatigue,alert,19,short_gap_interpolation,30,14
random_forest,all_features,4,validation,fatigue,fatigue,0,short_gap_interpolation,30,14
random_forest,all_features,4,validation,fatigue,distraction,1,short_gap_interpolation,30,14
random_forest,all_features,4,validation,distraction,alert,51,short_gap_interpolation,30,14
random_forest,all_features,4,validation,distraction,fatigue,0,short_gap_interpolation,30,14
random_forest,all_features,4,validation,distraction,distraction,48,short_gap_interpolation,30,14
random_forest,all_features,4,test,alert,alert,772,short_gap_interpolation,30,14
random_forest,all_features,4,test,alert,fatigue,1,short_gap_interpolation,30,14
random_forest,all_features,4,test,alert,distraction,187,short_gap_interpolation,30,14
random_forest,all_features,4,test,fatigue,alert,4,short_gap_interpolation,30,14
random_forest,all_features,4,test,fatigue,fatigue,0,short_gap_interpolation,30,14
random_forest,all_features,4,test,fatigue,distraction,0,short_gap_interpolation,30,14
random_forest,all_features,4,test,distraction,alert,91,short_gap_interpolation,30,14
random_forest,all_features,4,test,distraction,fatigue,0,short_gap_interpolation,30,14
random_forest,all_features,4,test,distraction,distraction,50,short_gap_interpolation,30,14
xgboost,all_features,4,validation,alert,alert,847,short_gap_interpolation,30,14
xgboost,all_features,4,validation,alert,fatigue,9,short_gap_interpolation,30,14
xgboost,all_features,4,validation,alert,distraction,162,short_gap_interpolation,30,14
xgboost,all_features,4,validation,fatigue,alert,17,short_gap_interpolation,30,14
xgboost,all_features,4,validation,fatigue,fatigue,0,short_gap_interpolation,30,14
xgboost,all_features,4,validation,fatigue,distraction,3,short_gap_interpolation,30,14
xgboost,all_features,4,validation,distraction,alert,51,short_gap_interpolation,30,14
xgboost,all_features,4,validation,distraction,fatigue,0,short_gap_interpolation,30,14
xgboost,all_features,4,validation,distraction,distraction,48,short_gap_interpolation,30,14
xgboost,all_features,4,test,alert,alert,742,short_gap_interpolation,30,14
xgboost,all_features,4,test,alert,fatigue,7,short_gap_interpolation,30,14
xgboost,all_features,4,test,alert,distraction,211,short_gap_interpolation,30,14
xgboost,all_features,4,test,fatigue,alert,4,short_gap_interpolation,30,14
xgboost,all_features,4,test,fatigue,fatigue,0,short_gap_interpolation,30,14
xgboost,all_features,4,test,fatigue,distraction,0,short_gap_interpolation,30,14
xgboost,all_features,4,test,distraction,alert,83,short_gap_interpolation,30,14
xgboost,all_features,4,test,distraction,fatigue,1,short_gap_interpolation,30,14
xgboost,all_features,4,test,distraction,distraction,57,short_gap_interpolation,30,14
svm,all_features,1,validation,alert,alert,714,short_gap_interpolation_with_flags,30,17
svm,all_features,1,validation,alert,fatigue,124,short_gap_interpolation_with_flags,30,17
svm,all_features,1,validation,alert,distraction,184,short_gap_interpolation_with_flags,30,17
svm,all_features,1,validation,fatigue,alert,1,short_gap_interpolation_with_flags,30,17
svm,all_features,1,validation,fatigue,fatigue,5,short_gap_interpolation_with_flags,30,17
svm,all_features,1,validation,fatigue,distraction,1,short_gap_interpolation_with_flags,30,17
svm,all_features,1,validation,distraction,alert,93,short_gap_interpolation_with_flags,30,17
svm,all_features,1,validation,distraction,fatigue,3,short_gap_interpolation_with_flags,30,17
svm,all_features,1,validation,distraction,distraction,69,short_gap_interpolation_with_flags,30,17
svm,all_features,1,test,alert,alert,782,short_gap_interpolation_with_flags,30,17
svm,all_features,1,test,alert,fatigue,75,short_gap_interpolation_with_flags,30,17
svm,all_features,1,test,alert,distraction,231,short_gap_interpolation_with_flags,30,17
svm,all_features,1,test,fatigue,alert,31,short_gap_interpolation_with_flags,30,17
svm,all_features,1,test,fatigue,fatigue,2,short_gap_interpolation_with_flags,30,17
svm,all_features,1,test,fatigue,distraction,35,short_gap_interpolation_with_flags,30,17
svm,all_features,1,test,distraction,alert,94,short_gap_interpolation_with_flags,30,17
svm,all_features,1,test,distraction,fatigue,5,short_gap_interpolation_with_flags,30,17
svm,all_features,1,test,distraction,distraction,280,short_gap_interpolation_with_flags,30,17
random_forest,all_features,1,validation,alert,alert,940,short_gap_interpolation_with_flags,30,17
random_forest,all_features,1,validation,alert,fatigue,2,short_gap_interpolation_with_flags,30,17
random_forest,all_features,1,validation,alert,distraction,80,short_gap_interpolation_with_flags,30,17
random_forest,all_features,1,validation,fatigue,alert,7,short_gap_interpolation_with_flags,30,17
random_forest,all_features,1,validation,fatigue,fatigue,0,short_gap_interpolation_with_flags,30,17
random_forest,all_features,1,validation,fatigue,distraction,0,short_gap_interpolation_with_flags,30,17
random_forest,all_features,1,validation,distraction,alert,112,short_gap_interpolation_with_flags,30,17
random_forest,all_features,1,validation,distraction,fatigue,0,short_gap_interpolation_with_flags,30,17
random_forest,all_features,1,validation,distraction,distraction,53,short_gap_interpolation_with_flags,30,17
random_forest,all_features,1,test,alert,alert,1010,short_gap_interpolation_with_flags,30,17
random_forest,all_features,1,test,alert,fatigue,0,short_gap_interpolation_with_flags,30,17
random_forest,all_features,1,test,alert,distraction,78,short_gap_interpolation_with_flags,30,17
random_forest,all_features,1,test,fatigue,alert,44,short_gap_interpolation_with_flags,30,17
random_forest,all_features,1,test,fatigue,fatigue,0,short_gap_interpolation_with_flags,30,17
random_forest,all_features,1,test,fatigue,distraction,24,short_gap_interpolation_with_flags,30,17
random_forest,all_features,1,test,distraction,alert,144,short_gap_interpolation_with_flags,30,17
random_forest,all_features,1,test,distraction,fatigue,1,short_gap_interpolation_with_flags,30,17
random_forest,all_features,1,test,distraction,distraction,234,short_gap_interpolation_with_flags,30,17
xgboost,all_features,1,validation,alert,alert,867,short_gap_interpolation_with_flags,30,17
xgboost,all_features,1,validation,alert,fatigue,8,short_gap_interpolation_with_flags,30,17
xgboost,all_features,1,validation,alert,distraction,147,short_gap_interpolation_with_flags,30,17
xgboost,all_features,1,validation,fatigue,alert,6,short_gap_interpolation_with_flags,30,17
xgboost,all_features,1,validation,fatigue,fatigue,0,short_gap_interpolation_with_flags,30,17
xgboost,all_features,1,validation,fatigue,distraction,1,short_gap_interpolation_with_flags,30,17
xgboost,all_features,1,validation,distraction,alert,97,short_gap_interpolation_with_flags,30,17
xgboost,all_features,1,validation,distraction,fatigue,3,short_gap_interpolation_with_flags,30,17
xgboost,all_features,1,validation,distraction,distraction,65,short_gap_interpolation_with_flags,30,17
xgboost,all_features,1,test,alert,alert,931,short_gap_interpolation_with_flags,30,17
xgboost,all_features,1,test,alert,fatigue,12,short_gap_interpolation_with_flags,30,17
xgboost,all_features,1,test,alert,distraction,145,short_gap_interpolation_with_flags,30,17
xgboost,all_features,1,test,fatigue,alert,38,short_gap_interpolation_with_flags,30,17
xgboost,all_features,1,test,fatigue,fatigue,0,short_gap_interpolation_with_flags,30,17
xgboost,all_features,1,test,fatigue,distraction,30,short_gap_interpolation_with_flags,30,17
xgboost,all_features,1,test,distraction,alert,103,short_gap_interpolation_with_flags,30,17
xgboost,all_features,1,test,distraction,fatigue,4,short_gap_interpolation_with_flags,30,17
xgboost,all_features,1,test,distraction,distraction,272,short_gap_interpolation_with_flags,30,17
svm,all_features,2,validation,alert,alert,868,short_gap_interpolation_with_flags,30,17
svm,all_features,2,validation,alert,fatigue,58,short_gap_interpolation_with_flags,30,17
svm,all_features,2,validation,alert,distraction,160,short_gap_interpolation_with_flags,30,17
svm,all_features,2,validation,fatigue,alert,15,short_gap_interpolation_with_flags,30,17
svm,all_features,2,validation,fatigue,fatigue,4,short_gap_interpolation_with_flags,30,17
svm,all_features,2,validation,fatigue,distraction,1,short_gap_interpolation_with_flags,30,17
svm,all_features,2,validation,distraction,alert,40,short_gap_interpolation_with_flags,30,17
svm,all_features,2,validation,distraction,fatigue,3,short_gap_interpolation_with_flags,30,17
svm,all_features,2,validation,distraction,distraction,36,short_gap_interpolation_with_flags,30,17
svm,all_features,2,test,alert,alert,1419,short_gap_interpolation_with_flags,30,17
svm,all_features,2,test,alert,fatigue,30,short_gap_interpolation_with_flags,30,17
svm,all_features,2,test,alert,distraction,131,short_gap_interpolation_with_flags,30,17
svm,all_features,2,test,fatigue,alert,0,short_gap_interpolation_with_flags,30,17
svm,all_features,2,test,fatigue,fatigue,0,short_gap_interpolation_with_flags,30,17
svm,all_features,2,test,fatigue,distraction,0,short_gap_interpolation_with_flags,30,17
svm,all_features,2,test,distraction,alert,101,short_gap_interpolation_with_flags,30,17
svm,all_features,2,test,distraction,fatigue,6,short_gap_interpolation_with_flags,30,17
svm,all_features,2,test,distraction,distraction,188,short_gap_interpolation_with_flags,30,17
random_forest,all_features,2,validation,alert,alert,945,short_gap_interpolation_with_flags,30,17
random_forest,all_features,2,validation,alert,fatigue,13,short_gap_interpolation_with_flags,30,17
random_forest,all_features,2,validation,alert,distraction,128,short_gap_interpolation_with_flags,30,17
random_forest,all_features,2,validation,fatigue,alert,20,short_gap_interpolation_with_flags,30,17
random_forest,all_features,2,validation,fatigue,fatigue,0,short_gap_interpolation_with_flags,30,17
random_forest,all_features,2,validation,fatigue,distraction,0,short_gap_interpolation_with_flags,30,17
random_forest,all_features,2,validation,distraction,alert,50,short_gap_interpolation_with_flags,30,17
random_forest,all_features,2,validation,distraction,fatigue,2,short_gap_interpolation_with_flags,30,17
random_forest,all_features,2,validation,distraction,distraction,27,short_gap_interpolation_with_flags,30,17
random_forest,all_features,2,test,alert,alert,1469,short_gap_interpolation_with_flags,30,17
random_forest,all_features,2,test,alert,fatigue,15,short_gap_interpolation_with_flags,30,17
random_forest,all_features,2,test,alert,distraction,96,short_gap_interpolation_with_flags,30,17
random_forest,all_features,2,test,fatigue,alert,0,short_gap_interpolation_with_flags,30,17
random_forest,all_features,2,test,fatigue,fatigue,0,short_gap_interpolation_with_flags,30,17
random_forest,all_features,2,test,fatigue,distraction,0,short_gap_interpolation_with_flags,30,17
random_forest,all_features,2,test,distraction,alert,191,short_gap_interpolation_with_flags,30,17
random_forest,all_features,2,test,distraction,fatigue,20,short_gap_interpolation_with_flags,30,17
random_forest,all_features,2,test,distraction,distraction,84,short_gap_interpolation_with_flags,30,17
xgboost,all_features,2,validation,alert,alert,910,short_gap_interpolation_with_flags,30,17
xgboost,all_features,2,validation,alert,fatigue,23,short_gap_interpolation_with_flags,30,17
xgboost,all_features,2,validation,alert,distraction,153,short_gap_interpolation_with_flags,30,17
xgboost,all_features,2,validation,fatigue,alert,18,short_gap_interpolation_with_flags,30,17
xgboost,all_features,2,validation,fatigue,fatigue,0,short_gap_interpolation_with_flags,30,17
xgboost,all_features,2,validation,fatigue,distraction,2,short_gap_interpolation_with_flags,30,17
xgboost,all_features,2,validation,distraction,alert,46,short_gap_interpolation_with_flags,30,17
xgboost,all_features,2,validation,distraction,fatigue,4,short_gap_interpolation_with_flags,30,17
xgboost,all_features,2,validation,distraction,distraction,29,short_gap_interpolation_with_flags,30,17
xgboost,all_features,2,test,alert,alert,1448,short_gap_interpolation_with_flags,30,17
xgboost,all_features,2,test,alert,fatigue,17,short_gap_interpolation_with_flags,30,17
xgboost,all_features,2,test,alert,distraction,115,short_gap_interpolation_with_flags,30,17
xgboost,all_features,2,test,fatigue,alert,0,short_gap_interpolation_with_flags,30,17
xgboost,all_features,2,test,fatigue,fatigue,0,short_gap_interpolation_with_flags,30,17
xgboost,all_features,2,test,fatigue,distraction,0,short_gap_interpolation_with_flags,30,17
xgboost,all_features,2,test,distraction,alert,187,short_gap_interpolation_with_flags,30,17
xgboost,all_features,2,test,distraction,fatigue,20,short_gap_interpolation_with_flags,30,17
xgboost,all_features,2,test,distraction,distraction,88,short_gap_interpolation_with_flags,30,17
svm,all_features,3,validation,alert,alert,815,short_gap_interpolation_with_flags,30,17
svm,all_features,3,validation,alert,fatigue,23,short_gap_interpolation_with_flags,30,17
svm,all_features,3,validation,alert,distraction,155,short_gap_interpolation_with_flags,30,17
svm,all_features,3,validation,fatigue,alert,13,short_gap_interpolation_with_flags,30,17
svm,all_features,3,validation,fatigue,fatigue,0,short_gap_interpolation_with_flags,30,17
svm,all_features,3,validation,fatigue,distraction,0,short_gap_interpolation_with_flags,30,17
svm,all_features,3,validation,distraction,alert,90,short_gap_interpolation_with_flags,30,17
svm,all_features,3,validation,distraction,fatigue,3,short_gap_interpolation_with_flags,30,17
svm,all_features,3,validation,distraction,distraction,59,short_gap_interpolation_with_flags,30,17
svm,all_features,3,test,alert,alert,1255,short_gap_interpolation_with_flags,30,17
svm,all_features,3,test,alert,fatigue,6,short_gap_interpolation_with_flags,30,17
svm,all_features,3,test,alert,distraction,110,short_gap_interpolation_with_flags,30,17
svm,all_features,3,test,fatigue,alert,22,short_gap_interpolation_with_flags,30,17
svm,all_features,3,test,fatigue,fatigue,1,short_gap_interpolation_with_flags,30,17
svm,all_features,3,test,fatigue,distraction,2,short_gap_interpolation_with_flags,30,17
svm,all_features,3,test,distraction,alert,52,short_gap_interpolation_with_flags,30,17
svm,all_features,3,test,distraction,fatigue,4,short_gap_interpolation_with_flags,30,17
svm,all_features,3,test,distraction,distraction,61,short_gap_interpolation_with_flags,30,17
random_forest,all_features,3,validation,alert,alert,858,short_gap_interpolation_with_flags,30,17
random_forest,all_features,3,validation,alert,fatigue,19,short_gap_interpolation_with_flags,30,17
random_forest,all_features,3,validation,alert,distraction,116,short_gap_interpolation_with_flags,30,17
random_forest,all_features,3,validation,fatigue,alert,13,short_gap_interpolation_with_flags,30,17
random_forest,all_features,3,validation,fatigue,fatigue,0,short_gap_interpolation_with_flags,30,17
random_forest,all_features,3,validation,fatigue,distraction,0,short_gap_interpolation_with_flags,30,17
random_forest,all_features,3,validation,distraction,alert,99,short_gap_interpolation_with_flags,30,17
random_forest,all_features,3,validation,distraction,fatigue,10,short_gap_interpolation_with_flags,30,17
random_forest,all_features,3,validation,distraction,distraction,43,short_gap_interpolation_with_flags,30,17
random_forest,all_features,3,test,alert,alert,1288,short_gap_interpolation_with_flags,30,17
random_forest,all_features,3,test,alert,fatigue,10,short_gap_interpolation_with_flags,30,17
random_forest,all_features,3,test,alert,distraction,73,short_gap_interpolation_with_flags,30,17
random_forest,all_features,3,test,fatigue,alert,23,short_gap_interpolation_with_flags,30,17
random_forest,all_features,3,test,fatigue,fatigue,0,short_gap_interpolation_with_flags,30,17
random_forest,all_features,3,test,fatigue,distraction,2,short_gap_interpolation_with_flags,30,17
random_forest,all_features,3,test,distraction,alert,62,short_gap_interpolation_with_flags,30,17
random_forest,all_features,3,test,distraction,fatigue,8,short_gap_interpolation_with_flags,30,17
random_forest,all_features,3,test,distraction,distraction,47,short_gap_interpolation_with_flags,30,17
xgboost,all_features,3,validation,alert,alert,807,short_gap_interpolation_with_flags,30,17
xgboost,all_features,3,validation,alert,fatigue,75,short_gap_interpolation_with_flags,30,17
xgboost,all_features,3,validation,alert,distraction,111,short_gap_interpolation_with_flags,30,17
xgboost,all_features,3,validation,fatigue,alert,13,short_gap_interpolation_with_flags,30,17
xgboost,all_features,3,validation,fatigue,fatigue,0,short_gap_interpolation_with_flags,30,17
xgboost,all_features,3,validation,fatigue,distraction,0,short_gap_interpolation_with_flags,30,17
xgboost,all_features,3,validation,distraction,alert,83,short_gap_interpolation_with_flags,30,17
xgboost,all_features,3,validation,distraction,fatigue,21,short_gap_interpolation_with_flags,30,17
xgboost,all_features,3,validation,distraction,distraction,48,short_gap_interpolation_with_flags,30,17
xgboost,all_features,3,test,alert,alert,1240,short_gap_interpolation_with_flags,30,17
xgboost,all_features,3,test,alert,fatigue,29,short_gap_interpolation_with_flags,30,17
xgboost,all_features,3,test,alert,distraction,102,short_gap_interpolation_with_flags,30,17
xgboost,all_features,3,test,fatigue,alert,22,short_gap_interpolation_with_flags,30,17
xgboost,all_features,3,test,fatigue,fatigue,0,short_gap_interpolation_with_flags,30,17
xgboost,all_features,3,test,fatigue,distraction,3,short_gap_interpolation_with_flags,30,17
xgboost,all_features,3,test,distraction,alert,48,short_gap_interpolation_with_flags,30,17
xgboost,all_features,3,test,distraction,fatigue,25,short_gap_interpolation_with_flags,30,17
xgboost,all_features,3,test,distraction,distraction,44,short_gap_interpolation_with_flags,30,17
svm,all_features,4,validation,alert,alert,800,short_gap_interpolation_with_flags,30,17
svm,all_features,4,validation,alert,fatigue,87,short_gap_interpolation_with_flags,30,17
svm,all_features,4,validation,alert,distraction,131,short_gap_interpolation_with_flags,30,17
svm,all_features,4,validation,fatigue,alert,13,short_gap_interpolation_with_flags,30,17
svm,all_features,4,validation,fatigue,fatigue,5,short_gap_interpolation_with_flags,30,17
svm,all_features,4,validation,fatigue,distraction,2,short_gap_interpolation_with_flags,30,17
svm,all_features,4,validation,distraction,alert,48,short_gap_interpolation_with_flags,30,17
svm,all_features,4,validation,distraction,fatigue,14,short_gap_interpolation_with_flags,30,17
svm,all_features,4,validation,distraction,distraction,37,short_gap_interpolation_with_flags,30,17
svm,all_features,4,test,alert,alert,717,short_gap_interpolation_with_flags,30,17
svm,all_features,4,test,alert,fatigue,116,short_gap_interpolation_with_flags,30,17
svm,all_features,4,test,alert,distraction,127,short_gap_interpolation_with_flags,30,17
svm,all_features,4,test,fatigue,alert,4,short_gap_interpolation_with_flags,30,17
svm,all_features,4,test,fatigue,fatigue,0,short_gap_interpolation_with_flags,30,17
svm,all_features,4,test,fatigue,distraction,0,short_gap_interpolation_with_flags,30,17
svm,all_features,4,test,distraction,alert,84,short_gap_interpolation_with_flags,30,17
svm,all_features,4,test,distraction,fatigue,16,short_gap_interpolation_with_flags,30,17
svm,all_features,4,test,distraction,distraction,41,short_gap_interpolation_with_flags,30,17
random_forest,all_features,4,validation,alert,alert,889,short_gap_interpolation_with_flags,30,17
random_forest,all_features,4,validation,alert,fatigue,8,short_gap_interpolation_with_flags,30,17
random_forest,all_features,4,validation,alert,distraction,121,short_gap_interpolation_with_flags,30,17
random_forest,all_features,4,validation,fatigue,alert,20,short_gap_interpolation_with_flags,30,17
random_forest,all_features,4,validation,fatigue,fatigue,0,short_gap_interpolation_with_flags,30,17
random_forest,all_features,4,validation,fatigue,distraction,0,short_gap_interpolation_with_flags,30,17
random_forest,all_features,4,validation,distraction,alert,50,short_gap_interpolation_with_flags,30,17
random_forest,all_features,4,validation,distraction,fatigue,8,short_gap_interpolation_with_flags,30,17
random_forest,all_features,4,validation,distraction,distraction,41,short_gap_interpolation_with_flags,30,17
random_forest,all_features,4,test,alert,alert,774,short_gap_interpolation_with_flags,30,17
random_forest,all_features,4,test,alert,fatigue,17,short_gap_interpolation_with_flags,30,17
random_forest,all_features,4,test,alert,distraction,169,short_gap_interpolation_with_flags,30,17
random_forest,all_features,4,test,fatigue,alert,4,short_gap_interpolation_with_flags,30,17
random_forest,all_features,4,test,fatigue,fatigue,0,short_gap_interpolation_with_flags,30,17
random_forest,all_features,4,test,fatigue,distraction,0,short_gap_interpolation_with_flags,30,17
random_forest,all_features,4,test,distraction,alert,89,short_gap_interpolation_with_flags,30,17
random_forest,all_features,4,test,distraction,fatigue,4,short_gap_interpolation_with_flags,30,17
random_forest,all_features,4,test,distraction,distraction,48,short_gap_interpolation_with_flags,30,17
xgboost,all_features,4,validation,alert,alert,842,short_gap_interpolation_with_flags,30,17
xgboost,all_features,4,validation,alert,fatigue,19,short_gap_interpolation_with_flags,30,17
xgboost,all_features,4,validation,alert,distraction,157,short_gap_interpolation_with_flags,30,17
xgboost,all_features,4,validation,fatigue,alert,18,short_gap_interpolation_with_flags,30,17
xgboost,all_features,4,validation,fatigue,fatigue,0,short_gap_interpolation_with_flags,30,17
xgboost,all_features,4,validation,fatigue,distraction,2,short_gap_interpolation_with_flags,30,17
xgboost,all_features,4,validation,distraction,alert,49,short_gap_interpolation_with_flags,30,17
xgboost,all_features,4,validation,distraction,fatigue,10,short_gap_interpolation_with_flags,30,17
xgboost,all_features,4,validation,distraction,distraction,40,short_gap_interpolation_with_flags,30,17
xgboost,all_features,4,test,alert,alert,742,short_gap_interpolation_with_flags,30,17
xgboost,all_features,4,test,alert,fatigue,24,short_gap_interpolation_with_flags,30,17
xgboost,all_features,4,test,alert,distraction,194,short_gap_interpolation_with_flags,30,17
xgboost,all_features,4,test,fatigue,alert,4,short_gap_interpolation_with_flags,30,17
xgboost,all_features,4,test,fatigue,fatigue,0,short_gap_interpolation_with_flags,30,17
xgboost,all_features,4,test,fatigue,distraction,0,short_gap_interpolation_with_flags,30,17
xgboost,all_features,4,test,distraction,alert,85,short_gap_interpolation_with_flags,30,17
xgboost,all_features,4,test,distraction,fatigue,6,short_gap_interpolation_with_flags,30,17
xgboost,all_features,4,test,distraction,distraction,50,short_gap_interpolation_with_flags,30,17
svm,all_features,1,validation,alert,alert,780,zero_fill_baseline,60,14
svm,all_features,1,validation,alert,fatigue,54,zero_fill_baseline,60,14
svm,all_features,1,validation,alert,distraction,180,zero_fill_baseline,60,14
svm,all_features,1,validation,fatigue,alert,0,zero_fill_baseline,60,14
svm,all_features,1,validation,fatigue,fatigue,2,zero_fill_baseline,60,14
svm,all_features,1,validation,fatigue,distraction,2,zero_fill_baseline,60,14
svm,all_features,1,validation,distraction,alert,73,zero_fill_baseline,60,14
svm,all_features,1,validation,distraction,fatigue,8,zero_fill_baseline,60,14
svm,all_features,1,validation,distraction,distraction,81,zero_fill_baseline,60,14
svm,all_features,1,test,alert,alert,787,zero_fill_baseline,60,14
svm,all_features,1,test,alert,fatigue,114,zero_fill_baseline,60,14
svm,all_features,1,test,alert,distraction,187,zero_fill_baseline,60,14
svm,all_features,1,test,fatigue,alert,34,zero_fill_baseline,60,14
svm,all_features,1,test,fatigue,fatigue,4,zero_fill_baseline,60,14
svm,all_features,1,test,fatigue,distraction,29,zero_fill_baseline,60,14
svm,all_features,1,test,distraction,alert,88,zero_fill_baseline,60,14
svm,all_features,1,test,distraction,fatigue,32,zero_fill_baseline,60,14
svm,all_features,1,test,distraction,distraction,259,zero_fill_baseline,60,14
random_forest,all_features,1,validation,alert,alert,947,zero_fill_baseline,60,14
random_forest,all_features,1,validation,alert,fatigue,0,zero_fill_baseline,60,14
random_forest,all_features,1,validation,alert,distraction,67,zero_fill_baseline,60,14
random_forest,all_features,1,validation,fatigue,alert,4,zero_fill_baseline,60,14
random_forest,all_features,1,validation,fatigue,fatigue,0,zero_fill_baseline,60,14
random_forest,all_features,1,validation,fatigue,distraction,0,zero_fill_baseline,60,14
random_forest,all_features,1,validation,distraction,alert,111,zero_fill_baseline,60,14
random_forest,all_features,1,validation,distraction,fatigue,0,zero_fill_baseline,60,14
random_forest,all_features,1,validation,distraction,distraction,51,zero_fill_baseline,60,14
random_forest,all_features,1,test,alert,alert,1015,zero_fill_baseline,60,14
random_forest,all_features,1,test,alert,fatigue,0,zero_fill_baseline,60,14
random_forest,all_features,1,test,alert,distraction,73,zero_fill_baseline,60,14
random_forest,all_features,1,test,fatigue,alert,50,zero_fill_baseline,60,14
random_forest,all_features,1,test,fatigue,fatigue,0,zero_fill_baseline,60,14
random_forest,all_features,1,test,fatigue,distraction,17,zero_fill_baseline,60,14
random_forest,all_features,1,test,distraction,alert,151,zero_fill_baseline,60,14
random_forest,all_features,1,test,distraction,fatigue,0,zero_fill_baseline,60,14
random_forest,all_features,1,test,distraction,distraction,228,zero_fill_baseline,60,14
xgboost,all_features,1,validation,alert,alert,848,zero_fill_baseline,60,14
xgboost,all_features,1,validation,alert,fatigue,7,zero_fill_baseline,60,14
xgboost,all_features,1,validation,alert,distraction,159,zero_fill_baseline,60,14
xgboost,all_features,1,validation,fatigue,alert,3,zero_fill_baseline,60,14
xgboost,all_features,1,validation,fatigue,fatigue,0,zero_fill_baseline,60,14
xgboost,all_features,1,validation,fatigue,distraction,1,zero_fill_baseline,60,14
xgboost,all_features,1,validation,distraction,alert,88,zero_fill_baseline,60,14
xgboost,all_features,1,validation,distraction,fatigue,1,zero_fill_baseline,60,14
xgboost,all_features,1,validation,distraction,distraction,73,zero_fill_baseline,60,14
xgboost,all_features,1,test,alert,alert,950,zero_fill_baseline,60,14
xgboost,all_features,1,test,alert,fatigue,1,zero_fill_baseline,60,14
xgboost,all_features,1,test,alert,distraction,137,zero_fill_baseline,60,14
xgboost,all_features,1,test,fatigue,alert,45,zero_fill_baseline,60,14
xgboost,all_features,1,test,fatigue,fatigue,0,zero_fill_baseline,60,14
xgboost,all_features,1,test,fatigue,distraction,22,zero_fill_baseline,60,14
xgboost,all_features,1,test,distraction,alert,93,zero_fill_baseline,60,14
xgboost,all_features,1,test,distraction,fatigue,1,zero_fill_baseline,60,14
xgboost,all_features,1,test,distraction,distraction,285,zero_fill_baseline,60,14
svm,all_features,2,validation,alert,alert,799,zero_fill_baseline,60,14
svm,all_features,2,validation,alert,fatigue,96,zero_fill_baseline,60,14
svm,all_features,2,validation,alert,distraction,185,zero_fill_baseline,60,14
svm,all_features,2,validation,fatigue,alert,15,zero_fill_baseline,60,14
svm,all_features,2,validation,fatigue,fatigue,2,zero_fill_baseline,60,14
svm,all_features,2,validation,fatigue,distraction,0,zero_fill_baseline,60,14
svm,all_features,2,validation,distraction,alert,31,zero_fill_baseline,60,14
svm,all_features,2,validation,distraction,fatigue,5,zero_fill_baseline,60,14
svm,all_features,2,validation,distraction,distraction,40,zero_fill_baseline,60,14
svm,all_features,2,test,alert,alert,1378,zero_fill_baseline,60,14
svm,all_features,2,test,alert,fatigue,72,zero_fill_baseline,60,14
svm,all_features,2,test,alert,distraction,121,zero_fill_baseline,60,14
svm,all_features,2,test,fatigue,alert,0,zero_fill_baseline,60,14
svm,all_features,2,test,fatigue,fatigue,0,zero_fill_baseline,60,14
svm,all_features,2,test,fatigue,distraction,0,zero_fill_baseline,60,14
svm,all_features,2,test,distraction,alert,92,zero_fill_baseline,60,14
svm,all_features,2,test,distraction,fatigue,19,zero_fill_baseline,60,14
svm,all_features,2,test,distraction,distraction,182,zero_fill_baseline,60,14
random_forest,all_features,2,validation,alert,alert,943,zero_fill_baseline,60,14
random_forest,all_features,2,validation,alert,fatigue,6,zero_fill_baseline,60,14
random_forest,all_features,2,validation,alert,distraction,131,zero_fill_baseline,60,14
random_forest,all_features,2,validation,fatigue,alert,17,zero_fill_baseline,60,14
random_forest,all_features,2,validation,fatigue,fatigue,0,zero_fill_baseline,60,14
random_forest,all_features,2,validation,fatigue,distraction,0,zero_fill_baseline,60,14
random_forest,all_features,2,validation,distraction,alert,44,zero_fill_baseline,60,14
random_forest,all_features,2,validation,distraction,fatigue,0,zero_fill_baseline,60,14
random_forest,all_features,2,validation,distraction,distraction,32,zero_fill_baseline,60,14
random_forest,all_features,2,test,alert,alert,1459,zero_fill_baseline,60,14
random_forest,all_features,2,test,alert,fatigue,3,zero_fill_baseline,60,14
random_forest,all_features,2,test,alert,distraction,109,zero_fill_baseline,60,14
random_forest,all_features,2,test,fatigue,alert,0,zero_fill_baseline,60,14
random_forest,all_features,2,test,fatigue,fatigue,0,zero_fill_baseline,60,14
random_forest,all_features,2,test,fatigue,distraction,0,zero_fill_baseline,60,14
random_forest,all_features,2,test,distraction,alert,102,zero_fill_baseline,60,14
random_forest,all_features,2,test,distraction,fatigue,1,zero_fill_baseline,60,14
random_forest,all_features,2,test,distraction,distraction,190,zero_fill_baseline,60,14
xgboost,all_features,2,validation,alert,alert,888,zero_fill_baseline,60,14
xgboost,all_features,2,validation,alert,fatigue,21,zero_fill_baseline,60,14
xgboost,all_features,2,validation,alert,distraction,171,zero_fill_baseline,60,14
xgboost,all_features,2,validation,fatigue,alert,16,zero_fill_baseline,60,14
xgboost,all_features,2,validation,fatigue,fatigue,0,zero_fill_baseline,60,14
xgboost,all_features,2,validation,fatigue,distraction,1,zero_fill_baseline,60,14
xgboost,all_features,2,validation,distraction,alert,35,zero_fill_baseline,60,14
xgboost,all_features,2,validation,distraction,fatigue,1,zero_fill_baseline,60,14
xgboost,all_features,2,validation,distraction,distraction,40,zero_fill_baseline,60,14
xgboost,all_features,2,test,alert,alert,1442,zero_fill_baseline,60,14
xgboost,all_features,2,test,alert,fatigue,13,zero_fill_baseline,60,14
xgboost,all_features,2,test,alert,distraction,116,zero_fill_baseline,60,14
xgboost,all_features,2,test,fatigue,alert,0,zero_fill_baseline,60,14
xgboost,all_features,2,test,fatigue,fatigue,0,zero_fill_baseline,60,14
xgboost,all_features,2,test,fatigue,distraction,0,zero_fill_baseline,60,14
xgboost,all_features,2,test,distraction,alert,99,zero_fill_baseline,60,14
xgboost,all_features,2,test,distraction,fatigue,4,zero_fill_baseline,60,14
xgboost,all_features,2,test,distraction,distraction,190,zero_fill_baseline,60,14
svm,all_features,3,validation,alert,alert,778,zero_fill_baseline,60,14
svm,all_features,3,validation,alert,fatigue,36,zero_fill_baseline,60,14
svm,all_features,3,validation,alert,distraction,172,zero_fill_baseline,60,14
svm,all_features,3,validation,fatigue,alert,13,zero_fill_baseline,60,14
svm,all_features,3,validation,fatigue,fatigue,0,zero_fill_baseline,60,14
svm,all_features,3,validation,fatigue,distraction,0,zero_fill_baseline,60,14
svm,all_features,3,validation,distraction,alert,83,zero_fill_baseline,60,14
svm,all_features,3,validation,distraction,fatigue,7,zero_fill_baseline,60,14
svm,all_features,3,validation,distraction,distraction,62,zero_fill_baseline,60,14
svm,all_features,3,test,alert,alert,1236,zero_fill_baseline,60,14
svm,all_features,3,test,alert,fatigue,14,zero_fill_baseline,60,14
svm,all_features,3,test,alert,distraction,117,zero_fill_baseline,60,14
svm,all_features,3,test,fatigue,alert,16,zero_fill_baseline,60,14
svm,all_features,3,test,fatigue,fatigue,0,zero_fill_baseline,60,14
svm,all_features,3,test,fatigue,distraction,5,zero_fill_baseline,60,14
svm,all_features,3,test,distraction,alert,49,zero_fill_baseline,60,14
svm,all_features,3,test,distraction,fatigue,5,zero_fill_baseline,60,14
svm,all_features,3,test,distraction,distraction,58,zero_fill_baseline,60,14
random_forest,all_features,3,validation,alert,alert,862,zero_fill_baseline,60,14
random_forest,all_features,3,validation,alert,fatigue,5,zero_fill_baseline,60,14
random_forest,all_features,3,validation,alert,distraction,119,zero_fill_baseline,60,14
random_forest,all_features,3,validation,fatigue,alert,13,zero_fill_baseline,60,14
random_forest,all_features,3,validation,fatigue,fatigue,0,zero_fill_baseline,60,14
random_forest,all_features,3,validation,fatigue,distraction,0,zero_fill_baseline,60,14
random_forest,all_features,3,validation,distraction,alert,100,zero_fill_baseline,60,14
random_forest,all_features,3,validation,distraction,fatigue,0,zero_fill_baseline,60,14
random_forest,all_features,3,validation,distraction,distraction,52,zero_fill_baseline,60,14
random_forest,all_features,3,test,alert,alert,1299,zero_fill_baseline,60,14
random_forest,all_features,3,test,alert,fatigue,0,zero_fill_baseline,60,14
random_forest,all_features,3,test,alert,distraction,68,zero_fill_baseline,60,14
random_forest,all_features,3,test,fatigue,alert,19,zero_fill_baseline,60,14
random_forest,all_features,3,test,fatigue,fatigue,0,zero_fill_baseline,60,14
random_forest,all_features,3,test,fatigue,distraction,2,zero_fill_baseline,60,14
random_forest,all_features,3,test,distraction,alert,60,zero_fill_baseline,60,14
random_forest,all_features,3,test,distraction,fatigue,0,zero_fill_baseline,60,14
random_forest,all_features,3,test,distraction,distraction,52,zero_fill_baseline,60,14
xgboost,all_features,3,validation,alert,alert,786,zero_fill_baseline,60,14
xgboost,all_features,3,validation,alert,fatigue,15,zero_fill_baseline,60,14
xgboost,all_features,3,validation,alert,distraction,185,zero_fill_baseline,60,14
xgboost,all_features,3,validation,fatigue,alert,13,zero_fill_baseline,60,14
xgboost,all_features,3,validation,fatigue,fatigue,0,zero_fill_baseline,60,14
xgboost,all_features,3,validation,fatigue,distraction,0,zero_fill_baseline,60,14
xgboost,all_features,3,validation,distraction,alert,87,zero_fill_baseline,60,14
xgboost,all_features,3,validation,distraction,fatigue,3,zero_fill_baseline,60,14
xgboost,all_features,3,validation,distraction,distraction,62,zero_fill_baseline,60,14
xgboost,all_features,3,test,alert,alert,1255,zero_fill_baseline,60,14
xgboost,all_features,3,test,alert,fatigue,6,zero_fill_baseline,60,14
xgboost,all_features,3,test,alert,distraction,106,zero_fill_baseline,60,14
xgboost,all_features,3,test,fatigue,alert,16,zero_fill_baseline,60,14
xgboost,all_features,3,test,fatigue,fatigue,0,zero_fill_baseline,60,14
xgboost,all_features,3,test,fatigue,distraction,5,zero_fill_baseline,60,14
xgboost,all_features,3,test,distraction,alert,41,zero_fill_baseline,60,14
xgboost,all_features,3,test,distraction,fatigue,0,zero_fill_baseline,60,14
xgboost,all_features,3,test,distraction,distraction,71,zero_fill_baseline,60,14
svm,all_features,4,validation,alert,alert,775,zero_fill_baseline,60,14
svm,all_features,4,validation,alert,fatigue,62,zero_fill_baseline,60,14
svm,all_features,4,validation,alert,distraction,175,zero_fill_baseline,60,14
svm,all_features,4,validation,fatigue,alert,15,zero_fill_baseline,60,14
svm,all_features,4,validation,fatigue,fatigue,2,zero_fill_baseline,60,14
svm,all_features,4,validation,fatigue,distraction,0,zero_fill_baseline,60,14
svm,all_features,4,validation,distraction,alert,40,zero_fill_baseline,60,14
svm,all_features,4,validation,distraction,fatigue,13,zero_fill_baseline,60,14
svm,all_features,4,validation,distraction,distraction,43,zero_fill_baseline,60,14
svm,all_features,4,test,alert,alert,659,zero_fill_baseline,60,14
svm,all_features,4,test,alert,fatigue,112,zero_fill_baseline,60,14
svm,all_features,4,test,alert,distraction,186,zero_fill_baseline,60,14
svm,all_features,4,test,fatigue,alert,0,zero_fill_baseline,60,14
svm,all_features,4,test,fatigue,fatigue,0,zero_fill_baseline,60,14
svm,all_features,4,test,fatigue,distraction,0,zero_fill_baseline,60,14
svm,all_features,4,test,distraction,alert,71,zero_fill_baseline,60,14
svm,all_features,4,test,distraction,fatigue,7,zero_fill_baseline,60,14
svm,all_features,4,test,distraction,distraction,60,zero_fill_baseline,60,14
random_forest,all_features,4,validation,alert,alert,880,zero_fill_baseline,60,14
random_forest,all_features,4,validation,alert,fatigue,6,zero_fill_baseline,60,14
random_forest,all_features,4,validation,alert,distraction,126,zero_fill_baseline,60,14
random_forest,all_features,4,validation,fatigue,alert,17,zero_fill_baseline,60,14
random_forest,all_features,4,validation,fatigue,fatigue,0,zero_fill_baseline,60,14
random_forest,all_features,4,validation,fatigue,distraction,0,zero_fill_baseline,60,14
random_forest,all_features,4,validation,distraction,alert,49,zero_fill_baseline,60,14
random_forest,all_features,4,validation,distraction,fatigue,0,zero_fill_baseline,60,14
random_forest,all_features,4,validation,distraction,distraction,47,zero_fill_baseline,60,14
random_forest,all_features,4,test,alert,alert,788,zero_fill_baseline,60,14
random_forest,all_features,4,test,alert,fatigue,1,zero_fill_baseline,60,14
random_forest,all_features,4,test,alert,distraction,168,zero_fill_baseline,60,14
random_forest,all_features,4,test,fatigue,alert,0,zero_fill_baseline,60,14
random_forest,all_features,4,test,fatigue,fatigue,0,zero_fill_baseline,60,14
random_forest,all_features,4,test,fatigue,distraction,0,zero_fill_baseline,60,14
random_forest,all_features,4,test,distraction,alert,90,zero_fill_baseline,60,14
random_forest,all_features,4,test,distraction,fatigue,0,zero_fill_baseline,60,14
random_forest,all_features,4,test,distraction,distraction,48,zero_fill_baseline,60,14
xgboost,all_features,4,validation,alert,alert,841,zero_fill_baseline,60,14
xgboost,all_features,4,validation,alert,fatigue,19,zero_fill_baseline,60,14
xgboost,all_features,4,validation,alert,distraction,152,zero_fill_baseline,60,14
xgboost,all_features,4,validation,fatigue,alert,16,zero_fill_baseline,60,14
xgboost,all_features,4,validation,fatigue,fatigue,0,zero_fill_baseline,60,14
xgboost,all_features,4,validation,fatigue,distraction,1,zero_fill_baseline,60,14
xgboost,all_features,4,validation,distraction,alert,45,zero_fill_baseline,60,14
xgboost,all_features,4,validation,distraction,fatigue,3,zero_fill_baseline,60,14
xgboost,all_features,4,validation,distraction,distraction,48,zero_fill_baseline,60,14
xgboost,all_features,4,test,alert,alert,738,zero_fill_baseline,60,14
xgboost,all_features,4,test,alert,fatigue,22,zero_fill_baseline,60,14
xgboost,all_features,4,test,alert,distraction,197,zero_fill_baseline,60,14
xgboost,all_features,4,test,fatigue,alert,0,zero_fill_baseline,60,14
xgboost,all_features,4,test,fatigue,fatigue,0,zero_fill_baseline,60,14
xgboost,all_features,4,test,fatigue,distraction,0,zero_fill_baseline,60,14
xgboost,all_features,4,test,distraction,alert,76,zero_fill_baseline,60,14
xgboost,all_features,4,test,distraction,fatigue,1,zero_fill_baseline,60,14
xgboost,all_features,4,test,distraction,distraction,61,zero_fill_baseline,60,14
svm,all_features,1,validation,alert,alert,813,short_gap_interpolation,60,14
svm,all_features,1,validation,alert,fatigue,13,short_gap_interpolation,60,14
svm,all_features,1,validation,alert,distraction,188,short_gap_interpolation,60,14
svm,all_features,1,validation,fatigue,alert,4,short_gap_interpolation,60,14
svm,all_features,1,validation,fatigue,fatigue,0,short_gap_interpolation,60,14
svm,all_features,1,validation,fatigue,distraction,0,short_gap_interpolation,60,14
svm,all_features,1,validation,distraction,alert,85,short_gap_interpolation,60,14
svm,all_features,1,validation,distraction,fatigue,4,short_gap_interpolation,60,14
svm,all_features,1,validation,distraction,distraction,73,short_gap_interpolation,60,14
svm,all_features,1,test,alert,alert,852,short_gap_interpolation,60,14
svm,all_features,1,test,alert,fatigue,13,short_gap_interpolation,60,14
svm,all_features,1,test,alert,distraction,223,short_gap_interpolation,60,14
svm,all_features,1,test,fatigue,alert,40,short_gap_interpolation,60,14
svm,all_features,1,test,fatigue,fatigue,1,short_gap_interpolation,60,14
svm,all_features,1,test,fatigue,distraction,26,short_gap_interpolation,60,14
svm,all_features,1,test,distraction,alert,110,short_gap_interpolation,60,14
svm,all_features,1,test,distraction,fatigue,3,short_gap_interpolation,60,14
svm,all_features,1,test,distraction,distraction,266,short_gap_interpolation,60,14
random_forest,all_features,1,validation,alert,alert,936,short_gap_interpolation,60,14
random_forest,all_features,1,validation,alert,fatigue,0,short_gap_interpolation,60,14
random_forest,all_features,1,validation,alert,distraction,78,short_gap_interpolation,60,14
random_forest,all_features,1,validation,fatigue,alert,4,short_gap_interpolation,60,14
random_forest,all_features,1,validation,fatigue,fatigue,0,short_gap_interpolation,60,14
random_forest,all_features,1,validation,fatigue,distraction,0,short_gap_interpolation,60,14
random_forest,all_features,1,validation,distraction,alert,109,short_gap_interpolation,60,14
random_forest,all_features,1,validation,distraction,fatigue,0,short_gap_interpolation,60,14
random_forest,all_features,1,validation,distraction,distraction,53,short_gap_interpolation,60,14
random_forest,all_features,1,test,alert,alert,1009,short_gap_interpolation,60,14
random_forest,all_features,1,test,alert,fatigue,0,short_gap_interpolation,60,14
random_forest,all_features,1,test,alert,distraction,79,short_gap_interpolation,60,14
random_forest,all_features,1,test,fatigue,alert,48,short_gap_interpolation,60,14
random_forest,all_features,1,test,fatigue,fatigue,0,short_gap_interpolation,60,14
random_forest,all_features,1,test,fatigue,distraction,19,short_gap_interpolation,60,14
random_forest,all_features,1,test,distraction,alert,147,short_gap_interpolation,60,14
random_forest,all_features,1,test,distraction,fatigue,0,short_gap_interpolation,60,14
random_forest,all_features,1,test,distraction,distraction,232,short_gap_interpolation,60,14
xgboost,all_features,1,validation,alert,alert,866,short_gap_interpolation,60,14
xgboost,all_features,1,validation,alert,fatigue,8,short_gap_interpolation,60,14
xgboost,all_features,1,validation,alert,distraction,140,short_gap_interpolation,60,14
xgboost,all_features,1,validation,fatigue,alert,4,short_gap_interpolation,60,14
xgboost,all_features,1,validation,fatigue,fatigue,0,short_gap_interpolation,60,14
xgboost,all_features,1,validation,fatigue,distraction,0,short_gap_interpolation,60,14
xgboost,all_features,1,validation,distraction,alert,92,short_gap_interpolation,60,14
xgboost,all_features,1,validation,distraction,fatigue,4,short_gap_interpolation,60,14
xgboost,all_features,1,validation,distraction,distraction,66,short_gap_interpolation,60,14
xgboost,all_features,1,test,alert,alert,957,short_gap_interpolation,60,14
xgboost,all_features,1,test,alert,fatigue,2,short_gap_interpolation,60,14
xgboost,all_features,1,test,alert,distraction,129,short_gap_interpolation,60,14
xgboost,all_features,1,test,fatigue,alert,42,short_gap_interpolation,60,14
xgboost,all_features,1,test,fatigue,fatigue,0,short_gap_interpolation,60,14
xgboost,all_features,1,test,fatigue,distraction,25,short_gap_interpolation,60,14
xgboost,all_features,1,test,distraction,alert,110,short_gap_interpolation,60,14
xgboost,all_features,1,test,distraction,fatigue,0,short_gap_interpolation,60,14
xgboost,all_features,1,test,distraction,distraction,269,short_gap_interpolation,60,14
svm,all_features,2,validation,alert,alert,851,short_gap_interpolation,60,14
svm,all_features,2,validation,alert,fatigue,53,short_gap_interpolation,60,14
svm,all_features,2,validation,alert,distraction,176,short_gap_interpolation,60,14
svm,all_features,2,validation,fatigue,alert,16,short_gap_interpolation,60,14
svm,all_features,2,validation,fatigue,fatigue,0,short_gap_interpolation,60,14
svm,all_features,2,validation,fatigue,distraction,1,short_gap_interpolation,60,14
svm,all_features,2,validation,distraction,alert,34,short_gap_interpolation,60,14
svm,all_features,2,validation,distraction,fatigue,5,short_gap_interpolation,60,14
svm,all_features,2,validation,distraction,distraction,37,short_gap_interpolation,60,14
svm,all_features,2,test,alert,alert,1401,short_gap_interpolation,60,14
svm,all_features,2,test,alert,fatigue,40,short_gap_interpolation,60,14
svm,all_features,2,test,alert,distraction,130,short_gap_interpolation,60,14
svm,all_features,2,test,fatigue,alert,0,short_gap_interpolation,60,14
svm,all_features,2,test,fatigue,fatigue,0,short_gap_interpolation,60,14
svm,all_features,2,test,fatigue,distraction,0,short_gap_interpolation,60,14
svm,all_features,2,test,distraction,alert,97,short_gap_interpolation,60,14
svm,all_features,2,test,distraction,fatigue,11,short_gap_interpolation,60,14
svm,all_features,2,test,distraction,distraction,185,short_gap_interpolation,60,14
random_forest,all_features,2,validation,alert,alert,958,short_gap_interpolation,60,14
random_forest,all_features,2,validation,alert,fatigue,3,short_gap_interpolation,60,14
random_forest,all_features,2,validation,alert,distraction,119,short_gap_interpolation,60,14
random_forest,all_features,2,validation,fatigue,alert,17,short_gap_interpolation,60,14
random_forest,all_features,2,validation,fatigue,fatigue,0,short_gap_interpolation,60,14
random_forest,all_features,2,validation,fatigue,distraction,0,short_gap_interpolation,60,14
random_forest,all_features,2,validation,distraction,alert,43,short_gap_interpolation,60,14
random_forest,all_features,2,validation,distraction,fatigue,0,short_gap_interpolation,60,14
random_forest,all_features,2,validation,distraction,distraction,33,short_gap_interpolation,60,14
random_forest,all_features,2,test,alert,alert,1460,short_gap_interpolation,60,14
random_forest,all_features,2,test,alert,fatigue,1,short_gap_interpolation,60,14
random_forest,all_features,2,test,alert,distraction,110,short_gap_interpolation,60,14
random_forest,all_features,2,test,fatigue,alert,0,short_gap_interpolation,60,14
random_forest,all_features,2,test,fatigue,fatigue,0,short_gap_interpolation,60,14
random_forest,all_features,2,test,fatigue,distraction,0,short_gap_interpolation,60,14
random_forest,all_features,2,test,distraction,alert,108,short_gap_interpolation,60,14
random_forest,all_features,2,test,distraction,fatigue,0,short_gap_interpolation,60,14
random_forest,all_features,2,test,distraction,distraction,185,short_gap_interpolation,60,14
xgboost,all_features,2,validation,alert,alert,917,short_gap_interpolation,60,14
xgboost,all_features,2,validation,alert,fatigue,12,short_gap_interpolation,60,14
xgboost,all_features,2,validation,alert,distraction,151,short_gap_interpolation,60,14
xgboost,all_features,2,validation,fatigue,alert,16,short_gap_interpolation,60,14
xgboost,all_features,2,validation,fatigue,fatigue,0,short_gap_interpolation,60,14
xgboost,all_features,2,validation,fatigue,distraction,1,short_gap_interpolation,60,14
xgboost,all_features,2,validation,distraction,alert,45,short_gap_interpolation,60,14
xgboost,all_features,2,validation,distraction,fatigue,0,short_gap_interpolation,60,14
xgboost,all_features,2,validation,distraction,distraction,31,short_gap_interpolation,60,14
xgboost,all_features,2,test,alert,alert,1445,short_gap_interpolation,60,14
xgboost,all_features,2,test,alert,fatigue,4,short_gap_interpolation,60,14
xgboost,all_features,2,test,alert,distraction,122,short_gap_interpolation,60,14
xgboost,all_features,2,test,fatigue,alert,0,short_gap_interpolation,60,14
xgboost,all_features,2,test,fatigue,fatigue,0,short_gap_interpolation,60,14
xgboost,all_features,2,test,fatigue,distraction,0,short_gap_interpolation,60,14
xgboost,all_features,2,test,distraction,alert,109,short_gap_interpolation,60,14
xgboost,all_features,2,test,distraction,fatigue,1,short_gap_interpolation,60,14
xgboost,all_features,2,test,distraction,distraction,183,short_gap_interpolation,60,14
svm,all_features,3,validation,alert,alert,808,short_gap_interpolation,60,14
svm,all_features,3,validation,alert,fatigue,18,short_gap_interpolation,60,14
svm,all_features,3,validation,alert,distraction,160,short_gap_interpolation,60,14
svm,all_features,3,validation,fatigue,alert,13,short_gap_interpolation,60,14
svm,all_features,3,validation,fatigue,fatigue,0,short_gap_interpolation,60,14
svm,all_features,3,validation,fatigue,distraction,0,short_gap_interpolation,60,14
svm,all_features,3,validation,distraction,alert,91,short_gap_interpolation,60,14
svm,all_features,3,validation,distraction,fatigue,4,short_gap_interpolation,60,14
svm,all_features,3,validation,distraction,distraction,57,short_gap_interpolation,60,14
svm,all_features,3,test,alert,alert,1270,short_gap_interpolation,60,14
svm,all_features,3,test,alert,fatigue,2,short_gap_interpolation,60,14
svm,all_features,3,test,alert,distraction,95,short_gap_interpolation,60,14
svm,all_features,3,test,fatigue,alert,18,short_gap_interpolation,60,14
svm,all_features,3,test,fatigue,fatigue,0,short_gap_interpolation,60,14
svm,all_features,3,test,fatigue,distraction,3,short_gap_interpolation,60,14
svm,all_features,3,test,distraction,alert,53,short_gap_interpolation,60,14
svm,all_features,3,test,distraction,fatigue,5,short_gap_interpolation,60,14
svm,all_features,3,test,distraction,distraction,54,short_gap_interpolation,60,14
random_forest,all_features,3,validation,alert,alert,872,short_gap_interpolation,60,14
random_forest,all_features,3,validation,alert,fatigue,7,short_gap_interpolation,60,14
random_forest,all_features,3,validation,alert,distraction,107,short_gap_interpolation,60,14
random_forest,all_features,3,validation,fatigue,alert,13,short_gap_interpolation,60,14
random_forest,all_features,3,validation,fatigue,fatigue,0,short_gap_interpolation,60,14
random_forest,all_features,3,validation,fatigue,distraction,0,short_gap_interpolation,60,14
random_forest,all_features,3,validation,distraction,alert,106,short_gap_interpolation,60,14
random_forest,all_features,3,validation,distraction,fatigue,0,short_gap_interpolation,60,14
random_forest,all_features,3,validation,distraction,distraction,46,short_gap_interpolation,60,14
random_forest,all_features,3,test,alert,alert,1297,short_gap_interpolation,60,14
random_forest,all_features,3,test,alert,fatigue,0,short_gap_interpolation,60,14
random_forest,all_features,3,test,alert,distraction,70,short_gap_interpolation,60,14
random_forest,all_features,3,test,fatigue,alert,20,short_gap_interpolation,60,14
random_forest,all_features,3,test,fatigue,fatigue,0,short_gap_interpolation,60,14
random_forest,all_features,3,test,fatigue,distraction,1,short_gap_interpolation,60,14
random_forest,all_features,3,test,distraction,alert,61,short_gap_interpolation,60,14
random_forest,all_features,3,test,distraction,fatigue,0,short_gap_interpolation,60,14
random_forest,all_features,3,test,distraction,distraction,51,short_gap_interpolation,60,14
xgboost,all_features,3,validation,alert,alert,809,short_gap_interpolation,60,14
xgboost,all_features,3,validation,alert,fatigue,17,short_gap_interpolation,60,14
xgboost,all_features,3,validation,alert,distraction,160,short_gap_interpolation,60,14
xgboost,all_features,3,validation,fatigue,alert,13,short_gap_interpolation,60,14
xgboost,all_features,3,validation,fatigue,fatigue,0,short_gap_interpolation,60,14
xgboost,all_features,3,validation,fatigue,distraction,0,short_gap_interpolation,60,14
xgboost,all_features,3,validation,distraction,alert,94,short_gap_interpolation,60,14
xgboost,all_features,3,validation,distraction,fatigue,0,short_gap_interpolation,60,14
xgboost,all_features,3,validation,distraction,distraction,58,short_gap_interpolation,60,14
xgboost,all_features,3,test,alert,alert,1238,short_gap_interpolation,60,14
xgboost,all_features,3,test,alert,fatigue,3,short_gap_interpolation,60,14
xgboost,all_features,3,test,alert,distraction,126,short_gap_interpolation,60,14
xgboost,all_features,3,test,fatigue,alert,19,short_gap_interpolation,60,14
xgboost,all_features,3,test,fatigue,fatigue,0,short_gap_interpolation,60,14
xgboost,all_features,3,test,fatigue,distraction,2,short_gap_interpolation,60,14
xgboost,all_features,3,test,distraction,alert,53,short_gap_interpolation,60,14
xgboost,all_features,3,test,distraction,fatigue,4,short_gap_interpolation,60,14
xgboost,all_features,3,test,distraction,distraction,55,short_gap_interpolation,60,14
svm,all_features,4,validation,alert,alert,815,short_gap_interpolation,60,14
svm,all_features,4,validation,alert,fatigue,47,short_gap_interpolation,60,14
svm,all_features,4,validation,alert,distraction,150,short_gap_interpolation,60,14
svm,all_features,4,validation,fatigue,alert,15,short_gap_interpolation,60,14
svm,all_features,4,validation,fatigue,fatigue,1,short_gap_interpolation,60,14
svm,all_features,4,validation,fatigue,distraction,1,short_gap_interpolation,60,14
svm,all_features,4,validation,distraction,alert,47,short_gap_interpolation,60,14
svm,all_features,4,validation,distraction,fatigue,7,short_gap_interpolation,60,14
svm,all_features,4,validation,distraction,distraction,42,short_gap_interpolation,60,14
svm,all_features,4,test,alert,alert,697,short_gap_interpolation,60,14
svm,all_features,4,test,alert,fatigue,48,short_gap_interpolation,60,14
svm,all_features,4,test,alert,distraction,212,short_gap_interpolation,60,14
svm,all_features,4,test,fatigue,alert,0,short_gap_interpolation,60,14
svm,all_features,4,test,fatigue,fatigue,0,short_gap_interpolation,60,14
svm,all_features,4,test,fatigue,distraction,0,short_gap_interpolation,60,14
svm,all_features,4,test,distraction,alert,77,short_gap_interpolation,60,14
svm,all_features,4,test,distraction,fatigue,5,short_gap_interpolation,60,14
svm,all_features,4,test,distraction,distraction,56,short_gap_interpolation,60,14
random_forest,all_features,4,validation,alert,alert,894,short_gap_interpolation,60,14
random_forest,all_features,4,validation,alert,fatigue,3,short_gap_interpolation,60,14
random_forest,all_features,4,validation,alert,distraction,115,short_gap_interpolation,60,14
random_forest,all_features,4,validation,fatigue,alert,17,short_gap_interpolation,60,14
random_forest,all_features,4,validation,fatigue,fatigue,0,short_gap_interpolation,60,14
random_forest,all_features,4,validation,fatigue,distraction,0,short_gap_interpolation,60,14
random_forest,all_features,4,validation,distraction,alert,51,short_gap_interpolation,60,14
random_forest,all_features,4,validation,distraction,fatigue,0,short_gap_interpolation,60,14
random_forest,all_features,4,validation,distraction,distraction,45,short_gap_interpolation,60,14
random_forest,all_features,4,test,alert,alert,783,short_gap_interpolation,60,14
random_forest,all_features,4,test,alert,fatigue,3,short_gap_interpolation,60,14
random_forest,all_features,4,test,alert,distraction,171,short_gap_interpolation,60,14
random_forest,all_features,4,test,fatigue,alert,0,short_gap_interpolation,60,14
random_forest,all_features,4,test,fatigue,fatigue,0,short_gap_interpolation,60,14
random_forest,all_features,4,test,fatigue,distraction,0,short_gap_interpolation,60,14
random_forest,all_features,4,test,distraction,alert,82,short_gap_interpolation,60,14
random_forest,all_features,4,test,distraction,fatigue,0,short_gap_interpolation,60,14
random_forest,all_features,4,test,distraction,distraction,56,short_gap_interpolation,60,14
xgboost,all_features,4,validation,alert,alert,856,short_gap_interpolation,60,14
xgboost,all_features,4,validation,alert,fatigue,10,short_gap_interpolation,60,14
xgboost,all_features,4,validation,alert,distraction,146,short_gap_interpolation,60,14
xgboost,all_features,4,validation,fatigue,alert,16,short_gap_interpolation,60,14
xgboost,all_features,4,validation,fatigue,fatigue,0,short_gap_interpolation,60,14
xgboost,all_features,4,validation,fatigue,distraction,1,short_gap_interpolation,60,14
xgboost,all_features,4,validation,distraction,alert,47,short_gap_interpolation,60,14
xgboost,all_features,4,validation,distraction,fatigue,2,short_gap_interpolation,60,14
xgboost,all_features,4,validation,distraction,distraction,47,short_gap_interpolation,60,14
xgboost,all_features,4,test,alert,alert,739,short_gap_interpolation,60,14
xgboost,all_features,4,test,alert,fatigue,14,short_gap_interpolation,60,14
xgboost,all_features,4,test,alert,distraction,204,short_gap_interpolation,60,14
xgboost,all_features,4,test,fatigue,alert,0,short_gap_interpolation,60,14
xgboost,all_features,4,test,fatigue,fatigue,0,short_gap_interpolation,60,14
xgboost,all_features,4,test,fatigue,distraction,0,short_gap_interpolation,60,14
xgboost,all_features,4,test,distraction,alert,78,short_gap_interpolation,60,14
xgboost,all_features,4,test,distraction,fatigue,3,short_gap_interpolation,60,14
xgboost,all_features,4,test,distraction,distraction,57,short_gap_interpolation,60,14
svm,all_features,1,validation,alert,alert,823,short_gap_interpolation_with_flags,60,17
svm,all_features,1,validation,alert,fatigue,15,short_gap_interpolation_with_flags,60,17
svm,all_features,1,validation,alert,distraction,176,short_gap_interpolation_with_flags,60,17
svm,all_features,1,validation,fatigue,alert,4,short_gap_interpolation_with_flags,60,17
svm,all_features,1,validation,fatigue,fatigue,0,short_gap_interpolation_with_flags,60,17
svm,all_features,1,validation,fatigue,distraction,0,short_gap_interpolation_with_flags,60,17
svm,all_features,1,validation,distraction,alert,92,short_gap_interpolation_with_flags,60,17
svm,all_features,1,validation,distraction,fatigue,2,short_gap_interpolation_with_flags,60,17
svm,all_features,1,validation,distraction,distraction,68,short_gap_interpolation_with_flags,60,17
svm,all_features,1,test,alert,alert,829,short_gap_interpolation_with_flags,60,17
svm,all_features,1,test,alert,fatigue,20,short_gap_interpolation_with_flags,60,17
svm,all_features,1,test,alert,distraction,239,short_gap_interpolation_with_flags,60,17
svm,all_features,1,test,fatigue,alert,37,short_gap_interpolation_with_flags,60,17
svm,all_features,1,test,fatigue,fatigue,3,short_gap_interpolation_with_flags,60,17
svm,all_features,1,test,fatigue,distraction,27,short_gap_interpolation_with_flags,60,17
svm,all_features,1,test,distraction,alert,110,short_gap_interpolation_with_flags,60,17
svm,all_features,1,test,distraction,fatigue,7,short_gap_interpolation_with_flags,60,17
svm,all_features,1,test,distraction,distraction,262,short_gap_interpolation_with_flags,60,17
random_forest,all_features,1,validation,alert,alert,941,short_gap_interpolation_with_flags,60,17
random_forest,all_features,1,validation,alert,fatigue,0,short_gap_interpolation_with_flags,60,17
random_forest,all_features,1,validation,alert,distraction,73,short_gap_interpolation_with_flags,60,17
random_forest,all_features,1,validation,fatigue,alert,4,short_gap_interpolation_with_flags,60,17
random_forest,all_features,1,validation,fatigue,fatigue,0,short_gap_interpolation_with_flags,60,17
random_forest,all_features,1,validation,fatigue,distraction,0,short_gap_interpolation_with_flags,60,17
random_forest,all_features,1,validation,distraction,alert,112,short_gap_interpolation_with_flags,60,17
random_forest,all_features,1,validation,distraction,fatigue,0,short_gap_interpolation_with_flags,60,17
random_forest,all_features,1,validation,distraction,distraction,50,short_gap_interpolation_with_flags,60,17
random_forest,all_features,1,test,alert,alert,1012,short_gap_interpolation_with_flags,60,17
random_forest,all_features,1,test,alert,fatigue,0,short_gap_interpolation_with_flags,60,17
random_forest,all_features,1,test,alert,distraction,76,short_gap_interpolation_with_flags,60,17
random_forest,all_features,1,test,fatigue,alert,52,short_gap_interpolation_with_flags,60,17
random_forest,all_features,1,test,fatigue,fatigue,0,short_gap_interpolation_with_flags,60,17
random_forest,all_features,1,test,fatigue,distraction,15,short_gap_interpolation_with_flags,60,17
random_forest,all_features,1,test,distraction,alert,168,short_gap_interpolation_with_flags,60,17
random_forest,all_features,1,test,distraction,fatigue,0,short_gap_interpolation_with_flags,60,17
random_forest,all_features,1,test,distraction,distraction,211,short_gap_interpolation_with_flags,60,17
xgboost,all_features,1,validation,alert,alert,881,short_gap_interpolation_with_flags,60,17
xgboost,all_features,1,validation,alert,fatigue,3,short_gap_interpolation_with_flags,60,17
xgboost,all_features,1,validation,alert,distraction,130,short_gap_interpolation_with_flags,60,17
xgboost,all_features,1,validation,fatigue,alert,4,short_gap_interpolation_with_flags,60,17
xgboost,all_features,1,validation,fatigue,fatigue,0,short_gap_interpolation_with_flags,60,17
xgboost,all_features,1,validation,fatigue,distraction,0,short_gap_interpolation_with_flags,60,17
xgboost,all_features,1,validation,distraction,alert,97,short_gap_interpolation_with_flags,60,17
xgboost,all_features,1,validation,distraction,fatigue,3,short_gap_interpolation_with_flags,60,17
xgboost,all_features,1,validation,distraction,distraction,62,short_gap_interpolation_with_flags,60,17
xgboost,all_features,1,test,alert,alert,956,short_gap_interpolation_with_flags,60,17
xgboost,all_features,1,test,alert,fatigue,1,short_gap_interpolation_with_flags,60,17
xgboost,all_features,1,test,alert,distraction,131,short_gap_interpolation_with_flags,60,17
xgboost,all_features,1,test,fatigue,alert,46,short_gap_interpolation_with_flags,60,17
xgboost,all_features,1,test,fatigue,fatigue,0,short_gap_interpolation_with_flags,60,17
xgboost,all_features,1,test,fatigue,distraction,21,short_gap_interpolation_with_flags,60,17
xgboost,all_features,1,test,distraction,alert,106,short_gap_interpolation_with_flags,60,17
xgboost,all_features,1,test,distraction,fatigue,1,short_gap_interpolation_with_flags,60,17
xgboost,all_features,1,test,distraction,distraction,272,short_gap_interpolation_with_flags,60,17
svm,all_features,2,validation,alert,alert,845,short_gap_interpolation_with_flags,60,17
svm,all_features,2,validation,alert,fatigue,62,short_gap_interpolation_with_flags,60,17
svm,all_features,2,validation,alert,distraction,173,short_gap_interpolation_with_flags,60,17
svm,all_features,2,validation,fatigue,alert,16,short_gap_interpolation_with_flags,60,17
svm,all_features,2,validation,fatigue,fatigue,0,short_gap_interpolation_with_flags,60,17
svm,all_features,2,validation,fatigue,distraction,1,short_gap_interpolation_with_flags,60,17
svm,all_features,2,validation,distraction,alert,39,short_gap_interpolation_with_flags,60,17
svm,all_features,2,validation,distraction,fatigue,3,short_gap_interpolation_with_flags,60,17
svm,all_features,2,validation,distraction,distraction,34,short_gap_interpolation_with_flags,60,17
svm,all_features,2,test,alert,alert,1409,short_gap_interpolation_with_flags,60,17
svm,all_features,2,test,alert,fatigue,35,short_gap_interpolation_with_flags,60,17
svm,all_features,2,test,alert,distraction,127,short_gap_interpolation_with_flags,60,17
svm,all_features,2,test,fatigue,alert,0,short_gap_interpolation_with_flags,60,17
svm,all_features,2,test,fatigue,fatigue,0,short_gap_interpolation_with_flags,60,17
svm,all_features,2,test,fatigue,distraction,0,short_gap_interpolation_with_flags,60,17
svm,all_features,2,test,distraction,alert,97,short_gap_interpolation_with_flags,60,17
svm,all_features,2,test,distraction,fatigue,12,short_gap_interpolation_with_flags,60,17
svm,all_features,2,test,distraction,distraction,184,short_gap_interpolation_with_flags,60,17
random_forest,all_features,2,validation,alert,alert,945,short_gap_interpolation_with_flags,60,17
random_forest,all_features,2,validation,alert,fatigue,11,short_gap_interpolation_with_flags,60,17
random_forest,all_features,2,validation,alert,distraction,124,short_gap_interpolation_with_flags,60,17
random_forest,all_features,2,validation,fatigue,alert,17,short_gap_interpolation_with_flags,60,17
random_forest,all_features,2,validation,fatigue,fatigue,0,short_gap_interpolation_with_flags,60,17
random_forest,all_features,2,validation,fatigue,distraction,0,short_gap_interpolation_with_flags,60,17
random_forest,all_features,2,validation,distraction,alert,44,short_gap_interpolation_with_flags,60,17
random_forest,all_features,2,validation,distraction,fatigue,0,short_gap_interpolation_with_flags,60,17
random_forest,all_features,2,validation,distraction,distraction,32,short_gap_interpolation_with_flags,60,17
random_forest,all_features,2,test,alert,alert,1458,short_gap_interpolation_with_flags,60,17
random_forest,all_features,2,test,alert,fatigue,6,short_gap_interpolation_with_flags,60,17
random_forest,all_features,2,test,alert,distraction,107,short_gap_interpolation_with_flags,60,17
random_forest,all_features,2,test,fatigue,alert,0,short_gap_interpolation_with_flags,60,17
random_forest,all_features,2,test,fatigue,fatigue,0,short_gap_interpolation_with_flags,60,17
random_forest,all_features,2,test,fatigue,distraction,0,short_gap_interpolation_with_flags,60,17
random_forest,all_features,2,test,distraction,alert,195,short_gap_interpolation_with_flags,60,17
random_forest,all_features,2,test,distraction,fatigue,12,short_gap_interpolation_with_flags,60,17
random_forest,all_features,2,test,distraction,distraction,86,short_gap_interpolation_with_flags,60,17
xgboost,all_features,2,validation,alert,alert,902,short_gap_interpolation_with_flags,60,17
xgboost,all_features,2,validation,alert,fatigue,24,short_gap_interpolation_with_flags,60,17
xgboost,all_features,2,validation,alert,distraction,154,short_gap_interpolation_with_flags,60,17
xgboost,all_features,2,validation,fatigue,alert,16,short_gap_interpolation_with_flags,60,17
xgboost,all_features,2,validation,fatigue,fatigue,0,short_gap_interpolation_with_flags,60,17
xgboost,all_features,2,validation,fatigue,distraction,1,short_gap_interpolation_with_flags,60,17
xgboost,all_features,2,validation,distraction,alert,43,short_gap_interpolation_with_flags,60,17
xgboost,all_features,2,validation,distraction,fatigue,0,short_gap_interpolation_with_flags,60,17
xgboost,all_features,2,validation,distraction,distraction,33,short_gap_interpolation_with_flags,60,17
xgboost,all_features,2,test,alert,alert,1432,short_gap_interpolation_with_flags,60,17
xgboost,all_features,2,test,alert,fatigue,14,short_gap_interpolation_with_flags,60,17
xgboost,all_features,2,test,alert,distraction,125,short_gap_interpolation_with_flags,60,17
xgboost,all_features,2,test,fatigue,alert,0,short_gap_interpolation_with_flags,60,17
xgboost,all_features,2,test,fatigue,fatigue,0,short_gap_interpolation_with_flags,60,17
xgboost,all_features,2,test,fatigue,distraction,0,short_gap_interpolation_with_flags,60,17
xgboost,all_features,2,test,distraction,alert,192,short_gap_interpolation_with_flags,60,17
xgboost,all_features,2,test,distraction,fatigue,15,short_gap_interpolation_with_flags,60,17
xgboost,all_features,2,test,distraction,distraction,86,short_gap_interpolation_with_flags,60,17
svm,all_features,3,validation,alert,alert,804,short_gap_interpolation_with_flags,60,17
svm,all_features,3,validation,alert,fatigue,18,short_gap_interpolation_with_flags,60,17
svm,all_features,3,validation,alert,distraction,164,short_gap_interpolation_with_flags,60,17
svm,all_features,3,validation,fatigue,alert,13,short_gap_interpolation_with_flags,60,17
svm,all_features,3,validation,fatigue,fatigue,0,short_gap_interpolation_with_flags,60,17
svm,all_features,3,validation,fatigue,distraction,0,short_gap_interpolation_with_flags,60,17
svm,all_features,3,validation,distraction,alert,92,short_gap_interpolation_with_flags,60,17
svm,all_features,3,validation,distraction,fatigue,2,short_gap_interpolation_with_flags,60,17
svm,all_features,3,validation,distraction,distraction,58,short_gap_interpolation_with_flags,60,17
svm,all_features,3,test,alert,alert,1267,short_gap_interpolation_with_flags,60,17
svm,all_features,3,test,alert,fatigue,3,short_gap_interpolation_with_flags,60,17
svm,all_features,3,test,alert,distraction,97,short_gap_interpolation_with_flags,60,17
svm,all_features,3,test,fatigue,alert,17,short_gap_interpolation_with_flags,60,17
svm,all_features,3,test,fatigue,fatigue,1,short_gap_interpolation_with_flags,60,17
svm,all_features,3,test,fatigue,distraction,3,short_gap_interpolation_with_flags,60,17
svm,all_features,3,test,distraction,alert,50,short_gap_interpolation_with_flags,60,17
svm,all_features,3,test,distraction,fatigue,5,short_gap_interpolation_with_flags,60,17
svm,all_features,3,test,distraction,distraction,57,short_gap_interpolation_with_flags,60,17
random_forest,all_features,3,validation,alert,alert,873,short_gap_interpolation_with_flags,60,17
random_forest,all_features,3,validation,alert,fatigue,10,short_gap_interpolation_with_flags,60,17
random_forest,all_features,3,validation,alert,distraction,103,short_gap_interpolation_with_flags,60,17
random_forest,all_features,3,validation,fatigue,alert,13,short_gap_interpolation_with_flags,60,17
random_forest,all_features,3,validation,fatigue,fatigue,0,short_gap_interpolation_with_flags,60,17
random_forest,all_features,3,validation,fatigue,distraction,0,short_gap_interpolation_with_flags,60,17
random_forest,all_features,3,validation,distraction,alert,108,short_gap_interpolation_with_flags,60,17
random_forest,all_features,3,validation,distraction,fatigue,4,short_gap_interpolation_with_flags,60,17
random_forest,all_features,3,validation,distraction,distraction,40,short_gap_interpolation_with_flags,60,17
random_forest,all_features,3,test,alert,alert,1296,short_gap_interpolation_with_flags,60,17
random_forest,all_features,3,test,alert,fatigue,5,short_gap_interpolation_with_flags,60,17
random_forest,all_features,3,test,alert,distraction,66,short_gap_interpolation_with_flags,60,17
random_forest,all_features,3,test,fatigue,alert,19,short_gap_interpolation_with_flags,60,17
random_forest,all_features,3,test,fatigue,fatigue,0,short_gap_interpolation_with_flags,60,17
random_forest,all_features,3,test,fatigue,distraction,2,short_gap_interpolation_with_flags,60,17
random_forest,all_features,3,test,distraction,alert,61,short_gap_interpolation_with_flags,60,17
random_forest,all_features,3,test,distraction,fatigue,5,short_gap_interpolation_with_flags,60,17
random_forest,all_features,3,test,distraction,distraction,46,short_gap_interpolation_with_flags,60,17
xgboost,all_features,3,validation,alert,alert,788,short_gap_interpolation_with_flags,60,17
xgboost,all_features,3,validation,alert,fatigue,53,short_gap_interpolation_with_flags,60,17
xgboost,all_features,3,validation,alert,distraction,145,short_gap_interpolation_with_flags,60,17
xgboost,all_features,3,validation,fatigue,alert,13,short_gap_interpolation_with_flags,60,17
xgboost,all_features,3,validation,fatigue,fatigue,0,short_gap_interpolation_with_flags,60,17
xgboost,all_features,3,validation,fatigue,distraction,0,short_gap_interpolation_with_flags,60,17
xgboost,all_features,3,validation,distraction,alert,86,short_gap_interpolation_with_flags,60,17
xgboost,all_features,3,validation,distraction,fatigue,16,short_gap_interpolation_with_flags,60,17
xgboost,all_features,3,validation,distraction,distraction,50,short_gap_interpolation_with_flags,60,17
xgboost,all_features,3,test,alert,alert,1240,short_gap_interpolation_with_flags,60,17
xgboost,all_features,3,test,alert,fatigue,17,short_gap_interpolation_with_flags,60,17
xgboost,all_features,3,test,alert,distraction,110,short_gap_interpolation_with_flags,60,17
xgboost,all_features,3,test,fatigue,alert,16,short_gap_interpolation_with_flags,60,17
xgboost,all_features,3,test,fatigue,fatigue,0,short_gap_interpolation_with_flags,60,17
xgboost,all_features,3,test,fatigue,distraction,5,short_gap_interpolation_with_flags,60,17
xgboost,all_features,3,test,distraction,alert,38,short_gap_interpolation_with_flags,60,17
xgboost,all_features,3,test,distraction,fatigue,17,short_gap_interpolation_with_flags,60,17
xgboost,all_features,3,test,distraction,distraction,57,short_gap_interpolation_with_flags,60,17
svm,all_features,4,validation,alert,alert,825,short_gap_interpolation_with_flags,60,17
svm,all_features,4,validation,alert,fatigue,45,short_gap_interpolation_with_flags,60,17
svm,all_features,4,validation,alert,distraction,142,short_gap_interpolation_with_flags,60,17
svm,all_features,4,validation,fatigue,alert,14,short_gap_interpolation_with_flags,60,17
svm,all_features,4,validation,fatigue,fatigue,2,short_gap_interpolation_with_flags,60,17
svm,all_features,4,validation,fatigue,distraction,1,short_gap_interpolation_with_flags,60,17
svm,all_features,4,validation,distraction,alert,45,short_gap_interpolation_with_flags,60,17
svm,all_features,4,validation,distraction,fatigue,6,short_gap_interpolation_with_flags,60,17
svm,all_features,4,validation,distraction,distraction,45,short_gap_interpolation_with_flags,60,17
svm,all_features,4,test,alert,alert,749,short_gap_interpolation_with_flags,60,17
svm,all_features,4,test,alert,fatigue,52,short_gap_interpolation_with_flags,60,17
svm,all_features,4,test,alert,distraction,156,short_gap_interpolation_with_flags,60,17
svm,all_features,4,test,fatigue,alert,0,short_gap_interpolation_with_flags,60,17
svm,all_features,4,test,fatigue,fatigue,0,short_gap_interpolation_with_flags,60,17
svm,all_features,4,test,fatigue,distraction,0,short_gap_interpolation_with_flags,60,17
svm,all_features,4,test,distraction,alert,80,short_gap_interpolation_with_flags,60,17
svm,all_features,4,test,distraction,fatigue,3,short_gap_interpolation_with_flags,60,17
svm,all_features,4,test,distraction,distraction,55,short_gap_interpolation_with_flags,60,17
random_forest,all_features,4,validation,alert,alert,884,short_gap_interpolation_with_flags,60,17
random_forest,all_features,4,validation,alert,fatigue,5,short_gap_interpolation_with_flags,60,17
random_forest,all_features,4,validation,alert,distraction,123,short_gap_interpolation_with_flags,60,17
random_forest,all_features,4,validation,fatigue,alert,17,short_gap_interpolation_with_flags,60,17
random_forest,all_features,4,validation,fatigue,fatigue,0,short_gap_interpolation_with_flags,60,17
random_forest,all_features,4,validation,fatigue,distraction,0,short_gap_interpolation_with_flags,60,17
random_forest,all_features,4,validation,distraction,alert,50,short_gap_interpolation_with_flags,60,17
random_forest,all_features,4,validation,distraction,fatigue,4,short_gap_interpolation_with_flags,60,17
random_forest,all_features,4,validation,distraction,distraction,42,short_gap_interpolation_with_flags,60,17
random_forest,all_features,4,test,alert,alert,775,short_gap_interpolation_with_flags,60,17
random_forest,all_features,4,test,alert,fatigue,10,short_gap_interpolation_with_flags,60,17
random_forest,all_features,4,test,alert,distraction,172,short_gap_interpolation_with_flags,60,17
random_forest,all_features,4,test,fatigue,alert,0,short_gap_interpolation_with_flags,60,17
random_forest,all_features,4,test,fatigue,fatigue,0,short_gap_interpolation_with_flags,60,17
random_forest,all_features,4,test,fatigue,distraction,0,short_gap_interpolation_with_flags,60,17
random_forest,all_features,4,test,distraction,alert,83,short_gap_interpolation_with_flags,60,17
random_forest,all_features,4,test,distraction,fatigue,0,short_gap_interpolation_with_flags,60,17
random_forest,all_features,4,test,distraction,distraction,55,short_gap_interpolation_with_flags,60,17
xgboost,all_features,4,validation,alert,alert,844,short_gap_interpolation_with_flags,60,17
xgboost,all_features,4,validation,alert,fatigue,13,short_gap_interpolation_with_flags,60,17
xgboost,all_features,4,validation,alert,distraction,155,short_gap_interpolation_with_flags,60,17
xgboost,all_features,4,validation,fatigue,alert,16,short_gap_interpolation_with_flags,60,17
xgboost,all_features,4,validation,fatigue,fatigue,0,short_gap_interpolation_with_flags,60,17
xgboost,all_features,4,validation,fatigue,distraction,1,short_gap_interpolation_with_flags,60,17
xgboost,all_features,4,validation,distraction,alert,46,short_gap_interpolation_with_flags,60,17
xgboost,all_features,4,validation,distraction,fatigue,7,short_gap_interpolation_with_flags,60,17
xgboost,all_features,4,validation,distraction,distraction,43,short_gap_interpolation_with_flags,60,17
xgboost,all_features,4,test,alert,alert,735,short_gap_interpolation_with_flags,60,17
xgboost,all_features,4,test,alert,fatigue,25,short_gap_interpolation_with_flags,60,17
xgboost,all_features,4,test,alert,distraction,197,short_gap_interpolation_with_flags,60,17
xgboost,all_features,4,test,fatigue,alert,0,short_gap_interpolation_with_flags,60,17
xgboost,all_features,4,test,fatigue,fatigue,0,short_gap_interpolation_with_flags,60,17
xgboost,all_features,4,test,fatigue,distraction,0,short_gap_interpolation_with_flags,60,17
xgboost,all_features,4,test,distraction,alert,83,short_gap_interpolation_with_flags,60,17
xgboost,all_features,4,test,distraction,fatigue,3,short_gap_interpolation_with_flags,60,17
xgboost,all_features,4,test,distraction,distraction,52,short_gap_interpolation_with_flags,60,17
svm,all_features,1,validation,alert,alert,798,zero_fill_baseline,150,14
svm,all_features,1,validation,alert,fatigue,39,zero_fill_baseline,150,14
svm,all_features,1,validation,alert,distraction,162,zero_fill_baseline,150,14
svm,all_features,1,validation,fatigue,alert,1,zero_fill_baseline,150,14
svm,all_features,1,validation,fatigue,fatigue,0,zero_fill_baseline,150,14
svm,all_features,1,validation,fatigue,distraction,0,zero_fill_baseline,150,14
svm,all_features,1,validation,distraction,alert,84,zero_fill_baseline,150,14
svm,all_features,1,validation,distraction,fatigue,10,zero_fill_baseline,150,14
svm,all_features,1,validation,distraction,distraction,61,zero_fill_baseline,150,14
svm,all_features,1,test,alert,alert,863,zero_fill_baseline,150,14
svm,all_features,1,test,alert,fatigue,0,zero_fill_baseline,150,14
svm,all_features,1,test,alert,distraction,227,zero_fill_baseline,150,14
svm,all_features,1,test,fatigue,alert,40,zero_fill_baseline,150,14
svm,all_features,1,test,fatigue,fatigue,0,zero_fill_baseline,150,14
svm,all_features,1,test,fatigue,distraction,22,zero_fill_baseline,150,14
svm,all_features,1,test,distraction,alert,105,zero_fill_baseline,150,14
svm,all_features,1,test,distraction,fatigue,0,zero_fill_baseline,150,14
svm,all_features,1,test,distraction,distraction,271,zero_fill_baseline,150,14
random_forest,all_features,1,validation,alert,alert,941,zero_fill_baseline,150,14
random_forest,all_features,1,validation,alert,fatigue,9,zero_fill_baseline,150,14
random_forest,all_features,1,validation,alert,distraction,49,zero_fill_baseline,150,14
random_forest,all_features,1,validation,fatigue,alert,1,zero_fill_baseline,150,14
random_forest,all_features,1,validation,fatigue,fatigue,0,zero_fill_baseline,150,14
random_forest,all_features,1,validation,fatigue,distraction,0,zero_fill_baseline,150,14
random_forest,all_features,1,validation,distraction,alert,117,zero_fill_baseline,150,14
random_forest,all_features,1,validation,distraction,fatigue,1,zero_fill_baseline,150,14
random_forest,all_features,1,validation,distraction,distraction,37,zero_fill_baseline,150,14
random_forest,all_features,1,test,alert,alert,1017,zero_fill_baseline,150,14
random_forest,all_features,1,test,alert,fatigue,0,zero_fill_baseline,150,14
random_forest,all_features,1,test,alert,distraction,73,zero_fill_baseline,150,14
random_forest,all_features,1,test,fatigue,alert,59,zero_fill_baseline,150,14
random_forest,all_features,1,test,fatigue,fatigue,0,zero_fill_baseline,150,14
random_forest,all_features,1,test,fatigue,distraction,3,zero_fill_baseline,150,14
random_forest,all_features,1,test,distraction,alert,172,zero_fill_baseline,150,14
random_forest,all_features,1,test,distraction,fatigue,0,zero_fill_baseline,150,14
random_forest,all_features,1,test,distraction,distraction,204,zero_fill_baseline,150,14
xgboost,all_features,1,validation,alert,alert,864,zero_fill_baseline,150,14
xgboost,all_features,1,validation,alert,fatigue,20,zero_fill_baseline,150,14
xgboost,all_features,1,validation,alert,distraction,115,zero_fill_baseline,150,14
xgboost,all_features,1,validation,fatigue,alert,1,zero_fill_baseline,150,14
xgboost,all_features,1,validation,fatigue,fatigue,0,zero_fill_baseline,150,14
xgboost,all_features,1,validation,fatigue,distraction,0,zero_fill_baseline,150,14
xgboost,all_features,1,validation,distraction,alert,90,zero_fill_baseline,150,14
xgboost,all_features,1,validation,distraction,fatigue,5,zero_fill_baseline,150,14
xgboost,all_features,1,validation,distraction,distraction,60,zero_fill_baseline,150,14
xgboost,all_features,1,test,alert,alert,964,zero_fill_baseline,150,14
xgboost,all_features,1,test,alert,fatigue,2,zero_fill_baseline,150,14
xgboost,all_features,1,test,alert,distraction,124,zero_fill_baseline,150,14
xgboost,all_features,1,test,fatigue,alert,50,zero_fill_baseline,150,14
xgboost,all_features,1,test,fatigue,fatigue,0,zero_fill_baseline,150,14
xgboost,all_features,1,test,fatigue,distraction,12,zero_fill_baseline,150,14
xgboost,all_features,1,test,distraction,alert,121,zero_fill_baseline,150,14
xgboost,all_features,1,test,distraction,fatigue,0,zero_fill_baseline,150,14
xgboost,all_features,1,test,distraction,distraction,255,zero_fill_baseline,150,14
svm,all_features,2,validation,alert,alert,841,zero_fill_baseline,150,14
svm,all_features,2,validation,alert,fatigue,74,zero_fill_baseline,150,14
svm,all_features,2,validation,alert,distraction,159,zero_fill_baseline,150,14
svm,all_features,2,validation,fatigue,alert,12,zero_fill_baseline,150,14
svm,all_features,2,validation,fatigue,fatigue,0,zero_fill_baseline,150,14
svm,all_features,2,validation,fatigue,distraction,0,zero_fill_baseline,150,14
svm,all_features,2,validation,distraction,alert,30,zero_fill_baseline,150,14
svm,all_features,2,validation,distraction,fatigue,10,zero_fill_baseline,150,14
svm,all_features,2,validation,distraction,distraction,34,zero_fill_baseline,150,14
svm,all_features,2,test,alert,alert,1384,zero_fill_baseline,150,14
svm,all_features,2,test,alert,fatigue,68,zero_fill_baseline,150,14
svm,all_features,2,test,alert,distraction,108,zero_fill_baseline,150,14
svm,all_features,2,test,fatigue,alert,0,zero_fill_baseline,150,14
svm,all_features,2,test,fatigue,fatigue,0,zero_fill_baseline,150,14
svm,all_features,2,test,fatigue,distraction,0,zero_fill_baseline,150,14
svm,all_features,2,test,distraction,alert,81,zero_fill_baseline,150,14
svm,all_features,2,test,distraction,fatigue,16,zero_fill_baseline,150,14
svm,all_features,2,test,distraction,distraction,184,zero_fill_baseline,150,14
random_forest,all_features,2,validation,alert,alert,938,zero_fill_baseline,150,14
random_forest,all_features,2,validation,alert,fatigue,21,zero_fill_baseline,150,14
random_forest,all_features,2,validation,alert,distraction,115,zero_fill_baseline,150,14
random_forest,all_features,2,validation,fatigue,alert,12,zero_fill_baseline,150,14
random_forest,all_features,2,validation,fatigue,fatigue,0,zero_fill_baseline,150,14
random_forest,all_features,2,validation,fatigue,distraction,0,zero_fill_baseline,150,14
random_forest,all_features,2,validation,distraction,alert,44,zero_fill_baseline,150,14
random_forest,all_features,2,validation,distraction,fatigue,0,zero_fill_baseline,150,14
random_forest,all_features,2,validation,distraction,distraction,30,zero_fill_baseline,150,14
random_forest,all_features,2,test,alert,alert,1445,zero_fill_baseline,150,14
random_forest,all_features,2,test,alert,fatigue,16,zero_fill_baseline,150,14
random_forest,all_features,2,test,alert,distraction,99,zero_fill_baseline,150,14
random_forest,all_features,2,test,fatigue,alert,0,zero_fill_baseline,150,14
random_forest,all_features,2,test,fatigue,fatigue,0,zero_fill_baseline,150,14
random_forest,all_features,2,test,fatigue,distraction,0,zero_fill_baseline,150,14
random_forest,all_features,2,test,distraction,alert,94,zero_fill_baseline,150,14
random_forest,all_features,2,test,distraction,fatigue,5,zero_fill_baseline,150,14
random_forest,all_features,2,test,distraction,distraction,182,zero_fill_baseline,150,14
xgboost,all_features,2,validation,alert,alert,844,zero_fill_baseline,150,14
xgboost,all_features,2,validation,alert,fatigue,64,zero_fill_baseline,150,14
xgboost,all_features,2,validation,alert,distraction,166,zero_fill_baseline,150,14
xgboost,all_features,2,validation,fatigue,alert,12,zero_fill_baseline,150,14
xgboost,all_features,2,validation,fatigue,fatigue,0,zero_fill_baseline,150,14
xgboost,all_features,2,validation,fatigue,distraction,0,zero_fill_baseline,150,14
xgboost,all_features,2,validation,distraction,alert,31,zero_fill_baseline,150,14
xgboost,all_features,2,validation,distraction,fatigue,11,zero_fill_baseline,150,14
xgboost,all_features,2,validation,distraction,distraction,32,zero_fill_baseline,150,14
xgboost,all_features,2,test,alert,alert,1409,zero_fill_baseline,150,14
xgboost,all_features,2,test,alert,fatigue,42,zero_fill_baseline,150,14
xgboost,all_features,2,test,alert,distraction,109,zero_fill_baseline,150,14
xgboost,all_features,2,test,fatigue,alert,0,zero_fill_baseline,150,14
xgboost,all_features,2,test,fatigue,fatigue,0,zero_fill_baseline,150,14
xgboost,all_features,2,test,fatigue,distraction,0,zero_fill_baseline,150,14
xgboost,all_features,2,test,distraction,alert,84,zero_fill_baseline,150,14
xgboost,all_features,2,test,distraction,fatigue,14,zero_fill_baseline,150,14
xgboost,all_features,2,test,distraction,distraction,183,zero_fill_baseline,150,14
svm,all_features,3,validation,alert,alert,780,zero_fill_baseline,150,14
svm,all_features,3,validation,alert,fatigue,28,zero_fill_baseline,150,14
svm,all_features,3,validation,alert,distraction,161,zero_fill_baseline,150,14
svm,all_features,3,validation,fatigue,alert,11,zero_fill_baseline,150,14
svm,all_features,3,validation,fatigue,fatigue,0,zero_fill_baseline,150,14
svm,all_features,3,validation,fatigue,distraction,0,zero_fill_baseline,150,14
svm,all_features,3,validation,distraction,alert,80,zero_fill_baseline,150,14
svm,all_features,3,validation,distraction,fatigue,8,zero_fill_baseline,150,14
svm,all_features,3,validation,distraction,distraction,57,zero_fill_baseline,150,14
svm,all_features,3,test,alert,alert,1279,zero_fill_baseline,150,14
svm,all_features,3,test,alert,fatigue,5,zero_fill_baseline,150,14
svm,all_features,3,test,alert,distraction,81,zero_fill_baseline,150,14
svm,all_features,3,test,fatigue,alert,14,zero_fill_baseline,150,14
svm,all_features,3,test,fatigue,fatigue,0,zero_fill_baseline,150,14
svm,all_features,3,test,fatigue,distraction,8,zero_fill_baseline,150,14
svm,all_features,3,test,distraction,alert,45,zero_fill_baseline,150,14
svm,all_features,3,test,distraction,fatigue,5,zero_fill_baseline,150,14
svm,all_features,3,test,distraction,distraction,56,zero_fill_baseline,150,14
random_forest,all_features,3,validation,alert,alert,879,zero_fill_baseline,150,14
random_forest,all_features,3,validation,alert,fatigue,1,zero_fill_baseline,150,14
random_forest,all_features,3,validation,alert,distraction,89,zero_fill_baseline,150,14
random_forest,all_features,3,validation,fatigue,alert,11,zero_fill_baseline,150,14
random_forest,all_features,3,validation,fatigue,fatigue,0,zero_fill_baseline,150,14
random_forest,all_features,3,validation,fatigue,distraction,0,zero_fill_baseline,150,14
random_forest,all_features,3,validation,distraction,alert,106,zero_fill_baseline,150,14
random_forest,all_features,3,validation,distraction,fatigue,2,zero_fill_baseline,150,14
random_forest,all_features,3,validation,distraction,distraction,37,zero_fill_baseline,150,14
random_forest,all_features,3,test,alert,alert,1306,zero_fill_baseline,150,14
random_forest,all_features,3,test,alert,fatigue,0,zero_fill_baseline,150,14
random_forest,all_features,3,test,alert,distraction,59,zero_fill_baseline,150,14
random_forest,all_features,3,test,fatigue,alert,22,zero_fill_baseline,150,14
random_forest,all_features,3,test,fatigue,fatigue,0,zero_fill_baseline,150,14
random_forest,all_features,3,test,fatigue,distraction,0,zero_fill_baseline,150,14
random_forest,all_features,3,test,distraction,alert,66,zero_fill_baseline,150,14
random_forest,all_features,3,test,distraction,fatigue,0,zero_fill_baseline,150,14
random_forest,all_features,3,test,distraction,distraction,40,zero_fill_baseline,150,14
xgboost,all_features,3,validation,alert,alert,777,zero_fill_baseline,150,14
xgboost,all_features,3,validation,alert,fatigue,17,zero_fill_baseline,150,14
xgboost,all_features,3,validation,alert,distraction,175,zero_fill_baseline,150,14
xgboost,all_features,3,validation,fatigue,alert,11,zero_fill_baseline,150,14
xgboost,all_features,3,validation,fatigue,fatigue,0,zero_fill_baseline,150,14
xgboost,all_features,3,validation,fatigue,distraction,0,zero_fill_baseline,150,14
xgboost,all_features,3,validation,distraction,alert,89,zero_fill_baseline,150,14
xgboost,all_features,3,validation,distraction,fatigue,4,zero_fill_baseline,150,14
xgboost,all_features,3,validation,distraction,distraction,52,zero_fill_baseline,150,14
xgboost,all_features,3,test,alert,alert,1280,zero_fill_baseline,150,14
xgboost,all_features,3,test,alert,fatigue,2,zero_fill_baseline,150,14
xgboost,all_features,3,test,alert,distraction,83,zero_fill_baseline,150,14
xgboost,all_features,3,test,fatigue,alert,15,zero_fill_baseline,150,14
xgboost,all_features,3,test,fatigue,fatigue,0,zero_fill_baseline,150,14
xgboost,all_features,3,test,fatigue,distraction,7,zero_fill_baseline,150,14
xgboost,all_features,3,test,distraction,alert,29,zero_fill_baseline,150,14
xgboost,all_features,3,test,distraction,fatigue,1,zero_fill_baseline,150,14
xgboost,all_features,3,test,distraction,distraction,76,zero_fill_baseline,150,14
svm,all_features,4,validation,alert,alert,783,zero_fill_baseline,150,14
svm,all_features,4,validation,alert,fatigue,55,zero_fill_baseline,150,14
svm,all_features,4,validation,alert,distraction,164,zero_fill_baseline,150,14
svm,all_features,4,validation,fatigue,alert,11,zero_fill_baseline,150,14
svm,all_features,4,validation,fatigue,fatigue,0,zero_fill_baseline,150,14
svm,all_features,4,validation,fatigue,distraction,1,zero_fill_baseline,150,14
svm,all_features,4,validation,distraction,alert,33,zero_fill_baseline,150,14
svm,all_features,4,validation,distraction,fatigue,16,zero_fill_baseline,150,14
svm,all_features,4,validation,distraction,distraction,42,zero_fill_baseline,150,14
svm,all_features,4,test,alert,alert,681,zero_fill_baseline,150,14
svm,all_features,4,test,alert,fatigue,66,zero_fill_baseline,150,14
svm,all_features,4,test,alert,distraction,199,zero_fill_baseline,150,14
svm,all_features,4,test,fatigue,alert,0,zero_fill_baseline,150,14
svm,all_features,4,test,fatigue,fatigue,0,zero_fill_baseline,150,14
svm,all_features,4,test,fatigue,distraction,0,zero_fill_baseline,150,14
svm,all_features,4,test,distraction,alert,60,zero_fill_baseline,150,14
svm,all_features,4,test,distraction,fatigue,25,zero_fill_baseline,150,14
svm,all_features,4,test,distraction,distraction,45,zero_fill_baseline,150,14
random_forest,all_features,4,validation,alert,alert,870,zero_fill_baseline,150,14
random_forest,all_features,4,validation,alert,fatigue,7,zero_fill_baseline,150,14
random_forest,all_features,4,validation,alert,distraction,125,zero_fill_baseline,150,14
random_forest,all_features,4,validation,fatigue,alert,12,zero_fill_baseline,150,14
random_forest,all_features,4,validation,fatigue,fatigue,0,zero_fill_baseline,150,14
random_forest,all_features,4,validation,fatigue,distraction,0,zero_fill_baseline,150,14
random_forest,all_features,4,validation,distraction,alert,41,zero_fill_baseline,150,14
random_forest,all_features,4,validation,distraction,fatigue,4,zero_fill_baseline,150,14
random_forest,all_features,4,validation,distraction,distraction,46,zero_fill_baseline,150,14
random_forest,all_features,4,test,alert,alert,797,zero_fill_baseline,150,14
random_forest,all_features,4,test,alert,fatigue,5,zero_fill_baseline,150,14
random_forest,all_features,4,test,alert,distraction,144,zero_fill_baseline,150,14
random_forest,all_features,4,test,fatigue,alert,0,zero_fill_baseline,150,14
random_forest,all_features,4,test,fatigue,fatigue,0,zero_fill_baseline,150,14
random_forest,all_features,4,test,fatigue,distraction,0,zero_fill_baseline,150,14
random_forest,all_features,4,test,distraction,alert,90,zero_fill_baseline,150,14
random_forest,all_features,4,test,distraction,fatigue,2,zero_fill_baseline,150,14
random_forest,all_features,4,test,distraction,distraction,38,zero_fill_baseline,150,14
xgboost,all_features,4,validation,alert,alert,797,zero_fill_baseline,150,14
xgboost,all_features,4,validation,alert,fatigue,48,zero_fill_baseline,150,14
xgboost,all_features,4,validation,alert,distraction,157,zero_fill_baseline,150,14
xgboost,all_features,4,validation,fatigue,alert,12,zero_fill_baseline,150,14
xgboost,all_features,4,validation,fatigue,fatigue,0,zero_fill_baseline,150,14
xgboost,all_features,4,validation,fatigue,distraction,0,zero_fill_baseline,150,14
xgboost,all_features,4,validation,distraction,alert,35,zero_fill_baseline,150,14
xgboost,all_features,4,validation,distraction,fatigue,14,zero_fill_baseline,150,14
xgboost,all_features,4,validation,distraction,distraction,42,zero_fill_baseline,150,14
xgboost,all_features,4,test,alert,alert,692,zero_fill_baseline,150,14
xgboost,all_features,4,test,alert,fatigue,78,zero_fill_baseline,150,14
xgboost,all_features,4,test,alert,distraction,176,zero_fill_baseline,150,14
xgboost,all_features,4,test,fatigue,alert,0,zero_fill_baseline,150,14
xgboost,all_features,4,test,fatigue,fatigue,0,zero_fill_baseline,150,14
xgboost,all_features,4,test,fatigue,distraction,0,zero_fill_baseline,150,14
xgboost,all_features,4,test,distraction,alert,64,zero_fill_baseline,150,14
xgboost,all_features,4,test,distraction,fatigue,23,zero_fill_baseline,150,14
xgboost,all_features,4,test,distraction,distraction,43,zero_fill_baseline,150,14
svm,all_features,1,validation,alert,alert,829,short_gap_interpolation,150,14
svm,all_features,1,validation,alert,fatigue,22,short_gap_interpolation,150,14
svm,all_features,1,validation,alert,distraction,148,short_gap_interpolation,150,14
svm,all_features,1,validation,fatigue,alert,1,short_gap_interpolation,150,14
svm,all_features,1,validation,fatigue,fatigue,0,short_gap_interpolation,150,14
svm,all_features,1,validation,fatigue,distraction,0,short_gap_interpolation,150,14
svm,all_features,1,validation,distraction,alert,91,short_gap_interpolation,150,14
svm,all_features,1,validation,distraction,fatigue,1,short_gap_interpolation,150,14
svm,all_features,1,validation,distraction,distraction,63,short_gap_interpolation,150,14
svm,all_features,1,test,alert,alert,926,short_gap_interpolation,150,14
svm,all_features,1,test,alert,fatigue,0,short_gap_interpolation,150,14
svm,all_features,1,test,alert,distraction,164,short_gap_interpolation,150,14
svm,all_features,1,test,fatigue,alert,51,short_gap_interpolation,150,14
svm,all_features,1,test,fatigue,fatigue,0,short_gap_interpolation,150,14
svm,all_features,1,test,fatigue,distraction,11,short_gap_interpolation,150,14
svm,all_features,1,test,distraction,alert,138,short_gap_interpolation,150,14
svm,all_features,1,test,distraction,fatigue,0,short_gap_interpolation,150,14
svm,all_features,1,test,distraction,distraction,238,short_gap_interpolation,150,14
random_forest,all_features,1,validation,alert,alert,943,short_gap_interpolation,150,14
random_forest,all_features,1,validation,alert,fatigue,5,short_gap_interpolation,150,14
random_forest,all_features,1,validation,alert,distraction,51,short_gap_interpolation,150,14
random_forest,all_features,1,validation,fatigue,alert,1,short_gap_interpolation,150,14
random_forest,all_features,1,validation,fatigue,fatigue,0,short_gap_interpolation,150,14
random_forest,all_features,1,validation,fatigue,distraction,0,short_gap_interpolation,150,14
random_forest,all_features,1,validation,distraction,alert,119,short_gap_interpolation,150,14
random_forest,all_features,1,validation,distraction,fatigue,2,short_gap_interpolation,150,14
random_forest,all_features,1,validation,distraction,distraction,34,short_gap_interpolation,150,14
random_forest,all_features,1,test,alert,alert,1021,short_gap_interpolation,150,14
random_forest,all_features,1,test,alert,fatigue,0,short_gap_interpolation,150,14
random_forest,all_features,1,test,alert,distraction,69,short_gap_interpolation,150,14
random_forest,all_features,1,test,fatigue,alert,60,short_gap_interpolation,150,14
random_forest,all_features,1,test,fatigue,fatigue,0,short_gap_interpolation,150,14
random_forest,all_features,1,test,fatigue,distraction,2,short_gap_interpolation,150,14
random_forest,all_features,1,test,distraction,alert,166,short_gap_interpolation,150,14
random_forest,all_features,1,test,distraction,fatigue,0,short_gap_interpolation,150,14
random_forest,all_features,1,test,distraction,distraction,210,short_gap_interpolation,150,14
xgboost,all_features,1,validation,alert,alert,875,short_gap_interpolation,150,14
xgboost,all_features,1,validation,alert,fatigue,15,short_gap_interpolation,150,14
xgboost,all_features,1,validation,alert,distraction,109,short_gap_interpolation,150,14
xgboost,all_features,1,validation,fatigue,alert,1,short_gap_interpolation,150,14
xgboost,all_features,1,validation,fatigue,fatigue,0,short_gap_interpolation,150,14
xgboost,all_features,1,validation,fatigue,distraction,0,short_gap_interpolation,150,14
xgboost,all_features,1,validation,distraction,alert,106,short_gap_interpolation,150,14
xgboost,all_features,1,validation,distraction,fatigue,3,short_gap_interpolation,150,14
xgboost,all_features,1,validation,distraction,distraction,46,short_gap_interpolation,150,14
xgboost,all_features,1,test,alert,alert,996,short_gap_interpolation,150,14
xgboost,all_features,1,test,alert,fatigue,0,short_gap_interpolation,150,14
xgboost,all_features,1,test,alert,distraction,94,short_gap_interpolation,150,14
xgboost,all_features,1,test,fatigue,alert,58,short_gap_interpolation,150,14
xgboost,all_features,1,test,fatigue,fatigue,0,short_gap_interpolation,150,14
xgboost,all_features,1,test,fatigue,distraction,4,short_gap_interpolation,150,14
xgboost,all_features,1,test,distraction,alert,137,short_gap_interpolation,150,14
xgboost,all_features,1,test,distraction,fatigue,0,short_gap_interpolation,150,14
xgboost,all_features,1,test,distraction,distraction,239,short_gap_interpolation,150,14
svm,all_features,2,validation,alert,alert,849,short_gap_interpolation,150,14
svm,all_features,2,validation,alert,fatigue,62,short_gap_interpolation,150,14
svm,all_features,2,validation,alert,distraction,163,short_gap_interpolation,150,14
svm,all_features,2,validation,fatigue,alert,12,short_gap_interpolation,150,14
svm,all_features,2,validation,fatigue,fatigue,0,short_gap_interpolation,150,14
svm,all_features,2,validation,fatigue,distraction,0,short_gap_interpolation,150,14
svm,all_features,2,validation,distraction,alert,30,short_gap_interpolation,150,14
svm,all_features,2,validation,distraction,fatigue,13,short_gap_interpolation,150,14
svm,all_features,2,validation,distraction,distraction,31,short_gap_interpolation,150,14
svm,all_features,2,test,alert,alert,1404,short_gap_interpolation,150,14
svm,all_features,2,test,alert,fatigue,52,short_gap_interpolation,150,14
svm,all_features,2,test,alert,distraction,104,short_gap_interpolation,150,14
svm,all_features,2,test,fatigue,alert,0,short_gap_interpolation,150,14
svm,all_features,2,test,fatigue,fatigue,0,short_gap_interpolation,150,14
svm,all_features,2,test,fatigue,distraction,0,short_gap_interpolation,150,14
svm,all_features,2,test,distraction,alert,87,short_gap_interpolation,150,14
svm,all_features,2,test,distraction,fatigue,15,short_gap_interpolation,150,14
svm,all_features,2,test,distraction,distraction,179,short_gap_interpolation,150,14
random_forest,all_features,2,validation,alert,alert,983,short_gap_interpolation,150,14
random_forest,all_features,2,validation,alert,fatigue,2,short_gap_interpolation,150,14
random_forest,all_features,2,validation,alert,distraction,89,short_gap_interpolation,150,14
random_forest,all_features,2,validation,fatigue,alert,12,short_gap_interpolation,150,14
random_forest,all_features,2,validation,fatigue,fatigue,0,short_gap_interpolation,150,14
random_forest,all_features,2,validation,fatigue,distraction,0,short_gap_interpolation,150,14
random_forest,all_features,2,validation,distraction,alert,57,short_gap_interpolation,150,14
random_forest,all_features,2,validation,distraction,fatigue,0,short_gap_interpolation,150,14
random_forest,all_features,2,validation,distraction,distraction,17,short_gap_interpolation,150,14
random_forest,all_features,2,test,alert,alert,1487,short_gap_interpolation,150,14
random_forest,all_features,2,test,alert,fatigue,0,short_gap_interpolation,150,14
random_forest,all_features,2,test,alert,distraction,73,short_gap_interpolation,150,14
random_forest,all_features,2,test,fatigue,alert,0,short_gap_interpolation,150,14
random_forest,all_features,2,test,fatigue,fatigue,0,short_gap_interpolation,150,14
random_forest,all_features,2,test,fatigue,distraction,0,short_gap_interpolation,150,14
random_forest,all_features,2,test,distraction,alert,113,short_gap_interpolation,150,14
random_forest,all_features,2,test,distraction,fatigue,2,short_gap_interpolation,150,14
random_forest,all_features,2,test,distraction,distraction,166,short_gap_interpolation,150,14
xgboost,all_features,2,validation,alert,alert,923,short_gap_interpolation,150,14
xgboost,all_features,2,validation,alert,fatigue,18,short_gap_interpolation,150,14
xgboost,all_features,2,validation,alert,distraction,133,short_gap_interpolation,150,14
xgboost,all_features,2,validation,fatigue,alert,12,short_gap_interpolation,150,14
xgboost,all_features,2,validation,fatigue,fatigue,0,short_gap_interpolation,150,14
xgboost,all_features,2,validation,fatigue,distraction,0,short_gap_interpolation,150,14
xgboost,all_features,2,validation,distraction,alert,42,short_gap_interpolation,150,14
xgboost,all_features,2,validation,distraction,fatigue,5,short_gap_interpolation,150,14
xgboost,all_features,2,validation,distraction,distraction,27,short_gap_interpolation,150,14
xgboost,all_features,2,test,alert,alert,1427,short_gap_interpolation,150,14
xgboost,all_features,2,test,alert,fatigue,14,short_gap_interpolation,150,14
xgboost,all_features,2,test,alert,distraction,119,short_gap_interpolation,150,14
xgboost,all_features,2,test,fatigue,alert,0,short_gap_interpolation,150,14
xgboost,all_features,2,test,fatigue,fatigue,0,short_gap_interpolation,150,14
xgboost,all_features,2,test,fatigue,distraction,0,short_gap_interpolation,150,14
xgboost,all_features,2,test,distraction,alert,99,short_gap_interpolation,150,14
xgboost,all_features,2,test,distraction,fatigue,6,short_gap_interpolation,150,14
xgboost,all_features,2,test,distraction,distraction,176,short_gap_interpolation,150,14
svm,all_features,3,validation,alert,alert,801,short_gap_interpolation,150,14
svm,all_features,3,validation,alert,fatigue,19,short_gap_interpolation,150,14
svm,all_features,3,validation,alert,distraction,149,short_gap_interpolation,150,14
svm,all_features,3,validation,fatigue,alert,11,short_gap_interpolation,150,14
svm,all_features,3,validation,fatigue,fatigue,0,short_gap_interpolation,150,14
svm,all_features,3,validation,fatigue,distraction,0,short_gap_interpolation,150,14
svm,all_features,3,validation,distraction,alert,83,short_gap_interpolation,150,14
svm,all_features,3,validation,distraction,fatigue,7,short_gap_interpolation,150,14
svm,all_features,3,validation,distraction,distraction,55,short_gap_interpolation,150,14
svm,all_features,3,test,alert,alert,1282,short_gap_interpolation,150,14
svm,all_features,3,test,alert,fatigue,1,short_gap_interpolation,150,14
svm,all_features,3,test,alert,distraction,82,short_gap_interpolation,150,14
svm,all_features,3,test,fatigue,alert,22,short_gap_interpolation,150,14
svm,all_features,3,test,fatigue,fatigue,0,short_gap_interpolation,150,14
svm,all_features,3,test,fatigue,distraction,0,short_gap_interpolation,150,14
svm,all_features,3,test,distraction,alert,57,short_gap_interpolation,150,14
svm,all_features,3,test,distraction,fatigue,3,short_gap_interpolation,150,14
svm,all_features,3,test,distraction,distraction,46,short_gap_interpolation,150,14
random_forest,all_features,3,validation,alert,alert,891,short_gap_interpolation,150,14
random_forest,all_features,3,validation,alert,fatigue,0,short_gap_interpolation,150,14
random_forest,all_features,3,validation,alert,distraction,78,short_gap_interpolation,150,14
random_forest,all_features,3,validation,fatigue,alert,11,short_gap_interpolation,150,14
random_forest,all_features,3,validation,fatigue,fatigue,0,short_gap_interpolation,150,14
random_forest,all_features,3,validation,fatigue,distraction,0,short_gap_interpolation,150,14
random_forest,all_features,3,validation,distraction,alert,116,short_gap_interpolation,150,14
random_forest,all_features,3,validation,distraction,fatigue,0,short_gap_interpolation,150,14
random_forest,all_features,3,validation,distraction,distraction,29,short_gap_interpolation,150,14
random_forest,all_features,3,test,alert,alert,1307,short_gap_interpolation,150,14
random_forest,all_features,3,test,alert,fatigue,0,short_gap_interpolation,150,14
random_forest,all_features,3,test,alert,distraction,58,short_gap_interpolation,150,14
random_forest,all_features,3,test,fatigue,alert,22,short_gap_interpolation,150,14
random_forest,all_features,3,test,fatigue,fatigue,0,short_gap_interpolation,150,14
random_forest,all_features,3,test,fatigue,distraction,0,short_gap_interpolation,150,14
random_forest,all_features,3,test,distraction,alert,68,short_gap_interpolation,150,14
random_forest,all_features,3,test,distraction,fatigue,0,short_gap_interpolation,150,14
random_forest,all_features,3,test,distraction,distraction,38,short_gap_interpolation,150,14
xgboost,all_features,3,validation,alert,alert,831,short_gap_interpolation,150,14
xgboost,all_features,3,validation,alert,fatigue,9,short_gap_interpolation,150,14
xgboost,all_features,3,validation,alert,distraction,129,short_gap_interpolation,150,14
xgboost,all_features,3,validation,fatigue,alert,11,short_gap_interpolation,150,14
xgboost,all_features,3,validation,fatigue,fatigue,0,short_gap_interpolation,150,14
xgboost,all_features,3,validation,fatigue,distraction,0,short_gap_interpolation,150,14
xgboost,all_features,3,validation,distraction,alert,102,short_gap_interpolation,150,14
xgboost,all_features,3,validation,distraction,fatigue,0,short_gap_interpolation,150,14
xgboost,all_features,3,validation,distraction,distraction,43,short_gap_interpolation,150,14
xgboost,all_features,3,test,alert,alert,1273,short_gap_interpolation,150,14
xgboost,all_features,3,test,alert,fatigue,1,short_gap_interpolation,150,14
xgboost,all_features,3,test,alert,distraction,91,short_gap_interpolation,150,14
xgboost,all_features,3,test,fatigue,alert,18,short_gap_interpolation,150,14
xgboost,all_features,3,test,fatigue,fatigue,0,short_gap_interpolation,150,14
xgboost,all_features,3,test,fatigue,distraction,4,short_gap_interpolation,150,14
xgboost,all_features,3,test,distraction,alert,34,short_gap_interpolation,150,14
xgboost,all_features,3,test,distraction,fatigue,0,short_gap_interpolation,150,14
xgboost,all_features,3,test,distraction,distraction,72,short_gap_interpolation,150,14
svm,all_features,4,validation,alert,alert,808,short_gap_interpolation,150,14
svm,all_features,4,validation,alert,fatigue,36,short_gap_interpolation,150,14
svm,all_features,4,validation,alert,distraction,158,short_gap_interpolation,150,14
svm,all_features,4,validation,fatigue,alert,12,short_gap_interpolation,150,14
svm,all_features,4,validation,fatigue,fatigue,0,short_gap_interpolation,150,14
svm,all_features,4,validation,fatigue,distraction,0,short_gap_interpolation,150,14
svm,all_features,4,validation,distraction,alert,36,short_gap_interpolation,150,14
svm,all_features,4,validation,distraction,fatigue,9,short_gap_interpolation,150,14
svm,all_features,4,validation,distraction,distraction,46,short_gap_interpolation,150,14
svm,all_features,4,test,alert,alert,717,short_gap_interpolation,150,14
svm,all_features,4,test,alert,fatigue,51,short_gap_interpolation,150,14
svm,all_features,4,test,alert,distraction,178,short_gap_interpolation,150,14
svm,all_features,4,test,fatigue,alert,0,short_gap_interpolation,150,14
svm,all_features,4,test,fatigue,fatigue,0,short_gap_interpolation,150,14
svm,all_features,4,test,fatigue,distraction,0,short_gap_interpolation,150,14
svm,all_features,4,test,distraction,alert,63,short_gap_interpolation,150,14
svm,all_features,4,test,distraction,fatigue,14,short_gap_interpolation,150,14
svm,all_features,4,test,distraction,distraction,53,short_gap_interpolation,150,14
random_forest,all_features,4,validation,alert,alert,867,short_gap_interpolation,150,14
random_forest,all_features,4,validation,alert,fatigue,0,short_gap_interpolation,150,14
random_forest,all_features,4,validation,alert,distraction,135,short_gap_interpolation,150,14
random_forest,all_features,4,validation,fatigue,alert,12,short_gap_interpolation,150,14
random_forest,all_features,4,validation,fatigue,fatigue,0,short_gap_interpolation,150,14
random_forest,all_features,4,validation,fatigue,distraction,0,short_gap_interpolation,150,14
random_forest,all_features,4,validation,distraction,alert,45,short_gap_interpolation,150,14
random_forest,all_features,4,validation,distraction,fatigue,0,short_gap_interpolation,150,14
random_forest,all_features,4,validation,distraction,distraction,46,short_gap_interpolation,150,14
random_forest,all_features,4,test,alert,alert,806,short_gap_interpolation,150,14
random_forest,all_features,4,test,alert,fatigue,0,short_gap_interpolation,150,14
random_forest,all_features,4,test,alert,distraction,140,short_gap_interpolation,150,14
random_forest,all_features,4,test,fatigue,alert,0,short_gap_interpolation,150,14
random_forest,all_features,4,test,fatigue,fatigue,0,short_gap_interpolation,150,14
random_forest,all_features,4,test,fatigue,distraction,0,short_gap_interpolation,150,14
random_forest,all_features,4,test,distraction,alert,84,short_gap_interpolation,150,14
random_forest,all_features,4,test,distraction,fatigue,0,short_gap_interpolation,150,14
random_forest,all_features,4,test,distraction,distraction,46,short_gap_interpolation,150,14
xgboost,all_features,4,validation,alert,alert,816,short_gap_interpolation,150,14
xgboost,all_features,4,validation,alert,fatigue,29,short_gap_interpolation,150,14
xgboost,all_features,4,validation,alert,distraction,157,short_gap_interpolation,150,14
xgboost,all_features,4,validation,fatigue,alert,12,short_gap_interpolation,150,14
xgboost,all_features,4,validation,fatigue,fatigue,0,short_gap_interpolation,150,14
xgboost,all_features,4,validation,fatigue,distraction,0,short_gap_interpolation,150,14
xgboost,all_features,4,validation,distraction,alert,39,short_gap_interpolation,150,14
xgboost,all_features,4,validation,distraction,fatigue,9,short_gap_interpolation,150,14
xgboost,all_features,4,validation,distraction,distraction,43,short_gap_interpolation,150,14
xgboost,all_features,4,test,alert,alert,738,short_gap_interpolation,150,14
xgboost,all_features,4,test,alert,fatigue,32,short_gap_interpolation,150,14
xgboost,all_features,4,test,alert,distraction,176,short_gap_interpolation,150,14
xgboost,all_features,4,test,fatigue,alert,0,short_gap_interpolation,150,14
xgboost,all_features,4,test,fatigue,fatigue,0,short_gap_interpolation,150,14
xgboost,all_features,4,test,fatigue,distraction,0,short_gap_interpolation,150,14
xgboost,all_features,4,test,distraction,alert,67,short_gap_interpolation,150,14
xgboost,all_features,4,test,distraction,fatigue,1,short_gap_interpolation,150,14
xgboost,all_features,4,test,distraction,distraction,62,short_gap_interpolation,150,14
svm,all_features,1,validation,alert,alert,850,short_gap_interpolation_with_flags,150,17
svm,all_features,1,validation,alert,fatigue,10,short_gap_interpolation_with_flags,150,17
svm,all_features,1,validation,alert,distraction,139,short_gap_interpolation_with_flags,150,17
svm,all_features,1,validation,fatigue,alert,1,short_gap_interpolation_with_flags,150,17
svm,all_features,1,validation,fatigue,fatigue,0,short_gap_interpolation_with_flags,150,17
svm,all_features,1,validation,fatigue,distraction,0,short_gap_interpolation_with_flags,150,17
svm,all_features,1,validation,distraction,alert,101,short_gap_interpolation_with_flags,150,17
svm,all_features,1,validation,distraction,fatigue,1,short_gap_interpolation_with_flags,150,17
svm,all_features,1,validation,distraction,distraction,53,short_gap_interpolation_with_flags,150,17
svm,all_features,1,test,alert,alert,912,short_gap_interpolation_with_flags,150,17
svm,all_features,1,test,alert,fatigue,0,short_gap_interpolation_with_flags,150,17
svm,all_features,1,test,alert,distraction,178,short_gap_interpolation_with_flags,150,17
svm,all_features,1,test,fatigue,alert,50,short_gap_interpolation_with_flags,150,17
svm,all_features,1,test,fatigue,fatigue,0,short_gap_interpolation_with_flags,150,17
svm,all_features,1,test,fatigue,distraction,12,short_gap_interpolation_with_flags,150,17
svm,all_features,1,test,distraction,alert,172,short_gap_interpolation_with_flags,150,17
svm,all_features,1,test,distraction,fatigue,0,short_gap_interpolation_with_flags,150,17
svm,all_features,1,test,distraction,distraction,204,short_gap_interpolation_with_flags,150,17
random_forest,all_features,1,validation,alert,alert,951,short_gap_interpolation_with_flags,150,17
random_forest,all_features,1,validation,alert,fatigue,6,short_gap_interpolation_with_flags,150,17
random_forest,all_features,1,validation,alert,distraction,42,short_gap_interpolation_with_flags,150,17
random_forest,all_features,1,validation,fatigue,alert,1,short_gap_interpolation_with_flags,150,17
random_forest,all_features,1,validation,fatigue,fatigue,0,short_gap_interpolation_with_flags,150,17
random_forest,all_features,1,validation,fatigue,distraction,0,short_gap_interpolation_with_flags,150,17
random_forest,all_features,1,validation,distraction,alert,124,short_gap_interpolation_with_flags,150,17
random_forest,all_features,1,validation,distraction,fatigue,2,short_gap_interpolation_with_flags,150,17
random_forest,all_features,1,validation,distraction,distraction,29,short_gap_interpolation_with_flags,150,17
random_forest,all_features,1,test,alert,alert,1019,short_gap_interpolation_with_flags,150,17
random_forest,all_features,1,test,alert,fatigue,0,short_gap_interpolation_with_flags,150,17
random_forest,all_features,1,test,alert,distraction,71,short_gap_interpolation_with_flags,150,17
random_forest,all_features,1,test,fatigue,alert,59,short_gap_interpolation_with_flags,150,17
random_forest,all_features,1,test,fatigue,fatigue,0,short_gap_interpolation_with_flags,150,17
random_forest,all_features,1,test,fatigue,distraction,3,short_gap_interpolation_with_flags,150,17
random_forest,all_features,1,test,distraction,alert,206,short_gap_interpolation_with_flags,150,17
random_forest,all_features,1,test,distraction,fatigue,0,short_gap_interpolation_with_flags,150,17
random_forest,all_features,1,test,distraction,distraction,170,short_gap_interpolation_with_flags,150,17
xgboost,all_features,1,validation,alert,alert,885,short_gap_interpolation_with_flags,150,17
xgboost,all_features,1,validation,alert,fatigue,20,short_gap_interpolation_with_flags,150,17
xgboost,all_features,1,validation,alert,distraction,94,short_gap_interpolation_with_flags,150,17
xgboost,all_features,1,validation,fatigue,alert,1,short_gap_interpolation_with_flags,150,17
xgboost,all_features,1,validation,fatigue,fatigue,0,short_gap_interpolation_with_flags,150,17
xgboost,all_features,1,validation,fatigue,distraction,0,short_gap_interpolation_with_flags,150,17
xgboost,all_features,1,validation,distraction,alert,100,short_gap_interpolation_with_flags,150,17
xgboost,all_features,1,validation,distraction,fatigue,5,short_gap_interpolation_with_flags,150,17
xgboost,all_features,1,validation,distraction,distraction,50,short_gap_interpolation_with_flags,150,17
xgboost,all_features,1,test,alert,alert,989,short_gap_interpolation_with_flags,150,17
xgboost,all_features,1,test,alert,fatigue,2,short_gap_interpolation_with_flags,150,17
xgboost,all_features,1,test,alert,distraction,99,short_gap_interpolation_with_flags,150,17
xgboost,all_features,1,test,fatigue,alert,58,short_gap_interpolation_with_flags,150,17
xgboost,all_features,1,test,fatigue,fatigue,0,short_gap_interpolation_with_flags,150,17
xgboost,all_features,1,test,fatigue,distraction,4,short_gap_interpolation_with_flags,150,17
xgboost,all_features,1,test,distraction,alert,152,short_gap_interpolation_with_flags,150,17
xgboost,all_features,1,test,distraction,fatigue,0,short_gap_interpolation_with_flags,150,17
xgboost,all_features,1,test,distraction,distraction,224,short_gap_interpolation_with_flags,150,17
svm,all_features,2,validation,alert,alert,850,short_gap_interpolation_with_flags,150,17
svm,all_features,2,validation,alert,fatigue,62,short_gap_interpolation_with_flags,150,17
svm,all_features,2,validation,alert,distraction,162,short_gap_interpolation_with_flags,150,17
svm,all_features,2,validation,fatigue,alert,11,short_gap_interpolation_with_flags,150,17
svm,all_features,2,validation,fatigue,fatigue,0,short_gap_interpolation_with_flags,150,17
svm,all_features,2,validation,fatigue,distraction,1,short_gap_interpolation_with_flags,150,17
svm,all_features,2,validation,distraction,alert,33,short_gap_interpolation_with_flags,150,17
svm,all_features,2,validation,distraction,fatigue,14,short_gap_interpolation_with_flags,150,17
svm,all_features,2,validation,distraction,distraction,27,short_gap_interpolation_with_flags,150,17
svm,all_features,2,test,alert,alert,1401,short_gap_interpolation_with_flags,150,17
svm,all_features,2,test,alert,fatigue,54,short_gap_interpolation_with_flags,150,17
svm,all_features,2,test,alert,distraction,105,short_gap_interpolation_with_flags,150,17
svm,all_features,2,test,fatigue,alert,0,short_gap_interpolation_with_flags,150,17
svm,all_features,2,test,fatigue,fatigue,0,short_gap_interpolation_with_flags,150,17
svm,all_features,2,test,fatigue,distraction,0,short_gap_interpolation_with_flags,150,17
svm,all_features,2,test,distraction,alert,87,short_gap_interpolation_with_flags,150,17
svm,all_features,2,test,distraction,fatigue,15,short_gap_interpolation_with_flags,150,17
svm,all_features,2,test,distraction,distraction,179,short_gap_interpolation_with_flags,150,17
random_forest,all_features,2,validation,alert,alert,984,short_gap_interpolation_with_flags,150,17
random_forest,all_features,2,validation,alert,fatigue,1,short_gap_interpolation_with_flags,150,17
random_forest,all_features,2,validation,alert,distraction,89,short_gap_interpolation_with_flags,150,17
random_forest,all_features,2,validation,fatigue,alert,12,short_gap_interpolation_with_flags,150,17
random_forest,all_features,2,validation,fatigue,fatigue,0,short_gap_interpolation_with_flags,150,17
random_forest,all_features,2,validation,fatigue,distraction,0,short_gap_interpolation_with_flags,150,17
random_forest,all_features,2,validation,distraction,alert,59,short_gap_interpolation_with_flags,150,17
random_forest,all_features,2,validation,distraction,fatigue,0,short_gap_interpolation_with_flags,150,17
random_forest,all_features,2,validation,distraction,distraction,15,short_gap_interpolation_with_flags,150,17
random_forest,all_features,2,test,alert,alert,1478,short_gap_interpolation_with_flags,150,17
random_forest,all_features,2,test,alert,fatigue,3,short_gap_interpolation_with_flags,150,17
random_forest,all_features,2,test,alert,distraction,79,short_gap_interpolation_with_flags,150,17
random_forest,all_features,2,test,fatigue,alert,0,short_gap_interpolation_with_flags,150,17
random_forest,all_features,2,test,fatigue,fatigue,0,short_gap_interpolation_with_flags,150,17
random_forest,all_features,2,test,fatigue,distraction,0,short_gap_interpolation_with_flags,150,17
random_forest,all_features,2,test,distraction,alert,211,short_gap_interpolation_with_flags,150,17
random_forest,all_features,2,test,distraction,fatigue,3,short_gap_interpolation_with_flags,150,17
random_forest,all_features,2,test,distraction,distraction,67,short_gap_interpolation_with_flags,150,17
xgboost,all_features,2,validation,alert,alert,921,short_gap_interpolation_with_flags,150,17
xgboost,all_features,2,validation,alert,fatigue,26,short_gap_interpolation_with_flags,150,17
xgboost,all_features,2,validation,alert,distraction,127,short_gap_interpolation_with_flags,150,17
xgboost,all_features,2,validation,fatigue,alert,12,short_gap_interpolation_with_flags,150,17
xgboost,all_features,2,validation,fatigue,fatigue,0,short_gap_interpolation_with_flags,150,17
xgboost,all_features,2,validation,fatigue,distraction,0,short_gap_interpolation_with_flags,150,17
xgboost,all_features,2,validation,distraction,alert,44,short_gap_interpolation_with_flags,150,17
xgboost,all_features,2,validation,distraction,fatigue,4,short_gap_interpolation_with_flags,150,17
xgboost,all_features,2,validation,distraction,distraction,26,short_gap_interpolation_with_flags,150,17
xgboost,all_features,2,test,alert,alert,1428,short_gap_interpolation_with_flags,150,17
xgboost,all_features,2,test,alert,fatigue,15,short_gap_interpolation_with_flags,150,17
xgboost,all_features,2,test,alert,distraction,117,short_gap_interpolation_with_flags,150,17
xgboost,all_features,2,test,fatigue,alert,0,short_gap_interpolation_with_flags,150,17
xgboost,all_features,2,test,fatigue,fatigue,0,short_gap_interpolation_with_flags,150,17
xgboost,all_features,2,test,fatigue,distraction,0,short_gap_interpolation_with_flags,150,17
xgboost,all_features,2,test,distraction,alert,196,short_gap_interpolation_with_flags,150,17
xgboost,all_features,2,test,distraction,fatigue,8,short_gap_interpolation_with_flags,150,17
xgboost,all_features,2,test,distraction,distraction,77,short_gap_interpolation_with_flags,150,17
svm,all_features,3,validation,alert,alert,797,short_gap_interpolation_with_flags,150,17
svm,all_features,3,validation,alert,fatigue,23,short_gap_interpolation_with_flags,150,17
svm,all_features,3,validation,alert,distraction,149,short_gap_interpolation_with_flags,150,17
svm,all_features,3,validation,fatigue,alert,11,short_gap_interpolation_with_flags,150,17
svm,all_features,3,validation,fatigue,fatigue,0,short_gap_interpolation_with_flags,150,17
svm,all_features,3,validation,fatigue,distraction,0,short_gap_interpolation_with_flags,150,17
svm,all_features,3,validation,distraction,alert,85,short_gap_interpolation_with_flags,150,17
svm,all_features,3,validation,distraction,fatigue,8,short_gap_interpolation_with_flags,150,17
svm,all_features,3,validation,distraction,distraction,52,short_gap_interpolation_with_flags,150,17
svm,all_features,3,test,alert,alert,1284,short_gap_interpolation_with_flags,150,17
svm,all_features,3,test,alert,fatigue,1,short_gap_interpolation_with_flags,150,17
svm,all_features,3,test,alert,distraction,80,short_gap_interpolation_with_flags,150,17
svm,all_features,3,test,fatigue,alert,22,short_gap_interpolation_with_flags,150,17
svm,all_features,3,test,fatigue,fatigue,0,short_gap_interpolation_with_flags,150,17
svm,all_features,3,test,fatigue,distraction,0,short_gap_interpolation_with_flags,150,17
svm,all_features,3,test,distraction,alert,54,short_gap_interpolation_with_flags,150,17
svm,all_features,3,test,distraction,fatigue,3,short_gap_interpolation_with_flags,150,17
svm,all_features,3,test,distraction,distraction,49,short_gap_interpolation_with_flags,150,17
random_forest,all_features,3,validation,alert,alert,894,short_gap_interpolation_with_flags,150,17
random_forest,all_features,3,validation,alert,fatigue,1,short_gap_interpolation_with_flags,150,17
random_forest,all_features,3,validation,alert,distraction,74,short_gap_interpolation_with_flags,150,17
random_forest,all_features,3,validation,fatigue,alert,11,short_gap_interpolation_with_flags,150,17
random_forest,all_features,3,validation,fatigue,fatigue,0,short_gap_interpolation_with_flags,150,17
random_forest,all_features,3,validation,fatigue,distraction,0,short_gap_interpolation_with_flags,150,17
random_forest,all_features,3,validation,distraction,alert,116,short_gap_interpolation_with_flags,150,17
random_forest,all_features,3,validation,distraction,fatigue,0,short_gap_interpolation_with_flags,150,17
random_forest,all_features,3,validation,distraction,distraction,29,short_gap_interpolation_with_flags,150,17
random_forest,all_features,3,test,alert,alert,1303,short_gap_interpolation_with_flags,150,17
random_forest,all_features,3,test,alert,fatigue,1,short_gap_interpolation_with_flags,150,17
random_forest,all_features,3,test,alert,distraction,61,short_gap_interpolation_with_flags,150,17
random_forest,all_features,3,test,fatigue,alert,22,short_gap_interpolation_with_flags,150,17
random_forest,all_features,3,test,fatigue,fatigue,0,short_gap_interpolation_with_flags,150,17
random_forest,all_features,3,test,fatigue,distraction,0,short_gap_interpolation_with_flags,150,17
random_forest,all_features,3,test,distraction,alert,62,short_gap_interpolation_with_flags,150,17
random_forest,all_features,3,test,distraction,fatigue,1,short_gap_interpolation_with_flags,150,17
random_forest,all_features,3,test,distraction,distraction,43,short_gap_interpolation_with_flags,150,17
xgboost,all_features,3,validation,alert,alert,818,short_gap_interpolation_with_flags,150,17
xgboost,all_features,3,validation,alert,fatigue,15,short_gap_interpolation_with_flags,150,17
xgboost,all_features,3,validation,alert,distraction,136,short_gap_interpolation_with_flags,150,17
xgboost,all_features,3,validation,fatigue,alert,11,short_gap_interpolation_with_flags,150,17
xgboost,all_features,3,validation,fatigue,fatigue,0,short_gap_interpolation_with_flags,150,17
xgboost,all_features,3,validation,fatigue,distraction,0,short_gap_interpolation_with_flags,150,17
xgboost,all_features,3,validation,distraction,alert,96,short_gap_interpolation_with_flags,150,17
xgboost,all_features,3,validation,distraction,fatigue,2,short_gap_interpolation_with_flags,150,17
xgboost,all_features,3,validation,distraction,distraction,47,short_gap_interpolation_with_flags,150,17
xgboost,all_features,3,test,alert,alert,1261,short_gap_interpolation_with_flags,150,17
xgboost,all_features,3,test,alert,fatigue,2,short_gap_interpolation_with_flags,150,17
xgboost,all_features,3,test,alert,distraction,102,short_gap_interpolation_with_flags,150,17
xgboost,all_features,3,test,fatigue,alert,15,short_gap_interpolation_with_flags,150,17
xgboost,all_features,3,test,fatigue,fatigue,0,short_gap_interpolation_with_flags,150,17
xgboost,all_features,3,test,fatigue,distraction,7,short_gap_interpolation_with_flags,150,17
xgboost,all_features,3,test,distraction,alert,17,short_gap_interpolation_with_flags,150,17
xgboost,all_features,3,test,distraction,fatigue,0,short_gap_interpolation_with_flags,150,17
xgboost,all_features,3,test,distraction,distraction,89,short_gap_interpolation_with_flags,150,17
svm,all_features,4,validation,alert,alert,804,short_gap_interpolation_with_flags,150,17
svm,all_features,4,validation,alert,fatigue,35,short_gap_interpolation_with_flags,150,17
svm,all_features,4,validation,alert,distraction,163,short_gap_interpolation_with_flags,150,17
svm,all_features,4,validation,fatigue,alert,11,short_gap_interpolation_with_flags,150,17
svm,all_features,4,validation,fatigue,fatigue,0,short_gap_interpolation_with_flags,150,17
svm,all_features,4,validation,fatigue,distraction,1,short_gap_interpolation_with_flags,150,17
svm,all_features,4,validation,distraction,alert,41,short_gap_interpolation_with_flags,150,17
svm,all_features,4,validation,distraction,fatigue,8,short_gap_interpolation_with_flags,150,17
svm,all_features,4,validation,distraction,distraction,42,short_gap_interpolation_with_flags,150,17
svm,all_features,4,test,alert,alert,781,short_gap_interpolation_with_flags,150,17
svm,all_features,4,test,alert,fatigue,53,short_gap_interpolation_with_flags,150,17
svm,all_features,4,test,alert,distraction,112,short_gap_interpolation_with_flags,150,17
svm,all_features,4,test,fatigue,alert,0,short_gap_interpolation_with_flags,150,17
svm,all_features,4,test,fatigue,fatigue,0,short_gap_interpolation_with_flags,150,17
svm,all_features,4,test,fatigue,distraction,0,short_gap_interpolation_with_flags,150,17
svm,all_features,4,test,distraction,alert,66,short_gap_interpolation_with_flags,150,17
svm,all_features,4,test,distraction,fatigue,13,short_gap_interpolation_with_flags,150,17
svm,all_features,4,test,distraction,distraction,51,short_gap_interpolation_with_flags,150,17
random_forest,all_features,4,validation,alert,alert,862,short_gap_interpolation_with_flags,150,17
random_forest,all_features,4,validation,alert,fatigue,1,short_gap_interpolation_with_flags,150,17
random_forest,all_features,4,validation,alert,distraction,139,short_gap_interpolation_with_flags,150,17
random_forest,all_features,4,validation,fatigue,alert,12,short_gap_interpolation_with_flags,150,17
random_forest,all_features,4,validation,fatigue,fatigue,0,short_gap_interpolation_with_flags,150,17
random_forest,all_features,4,validation,fatigue,distraction,0,short_gap_interpolation_with_flags,150,17
random_forest,all_features,4,validation,distraction,alert,44,short_gap_interpolation_with_flags,150,17
random_forest,all_features,4,validation,distraction,fatigue,0,short_gap_interpolation_with_flags,150,17
random_forest,all_features,4,validation,distraction,distraction,47,short_gap_interpolation_with_flags,150,17
random_forest,all_features,4,test,alert,alert,796,short_gap_interpolation_with_flags,150,17
random_forest,all_features,4,test,alert,fatigue,0,short_gap_interpolation_with_flags,150,17
random_forest,all_features,4,test,alert,distraction,150,short_gap_interpolation_with_flags,150,17
random_forest,all_features,4,test,fatigue,alert,0,short_gap_interpolation_with_flags,150,17
random_forest,all_features,4,test,fatigue,fatigue,0,short_gap_interpolation_with_flags,150,17
random_forest,all_features,4,test,fatigue,distraction,0,short_gap_interpolation_with_flags,150,17
random_forest,all_features,4,test,distraction,alert,83,short_gap_interpolation_with_flags,150,17
random_forest,all_features,4,test,distraction,fatigue,0,short_gap_interpolation_with_flags,150,17
random_forest,all_features,4,test,distraction,distraction,47,short_gap_interpolation_with_flags,150,17
xgboost,all_features,4,validation,alert,alert,794,short_gap_interpolation_with_flags,150,17
xgboost,all_features,4,validation,alert,fatigue,31,short_gap_interpolation_with_flags,150,17
xgboost,all_features,4,validation,alert,distraction,177,short_gap_interpolation_with_flags,150,17
xgboost,all_features,4,validation,fatigue,alert,12,short_gap_interpolation_with_flags,150,17
xgboost,all_features,4,validation,fatigue,fatigue,0,short_gap_interpolation_with_flags,150,17
xgboost,all_features,4,validation,fatigue,distraction,0,short_gap_interpolation_with_flags,150,17
xgboost,all_features,4,validation,distraction,alert,34,short_gap_interpolation_with_flags,150,17
xgboost,all_features,4,validation,distraction,fatigue,15,short_gap_interpolation_with_flags,150,17
xgboost,all_features,4,validation,distraction,distraction,42,short_gap_interpolation_with_flags,150,17
xgboost,all_features,4,test,alert,alert,701,short_gap_interpolation_with_flags,150,17
xgboost,all_features,4,test,alert,fatigue,58,short_gap_interpolation_with_flags,150,17
xgboost,all_features,4,test,alert,distraction,187,short_gap_interpolation_with_flags,150,17
xgboost,all_features,4,test,fatigue,alert,0,short_gap_interpolation_with_flags,150,17
xgboost,all_features,4,test,fatigue,fatigue,0,short_gap_interpolation_with_flags,150,17
xgboost,all_features,4,test,fatigue,distraction,0,short_gap_interpolation_with_flags,150,17
xgboost,all_features,4,test,distraction,alert,59,short_gap_interpolation_with_flags,150,17
xgboost,all_features,4,test,distraction,fatigue,5,short_gap_interpolation_with_flags,150,17
xgboost,all_features,4,test,distraction,distraction,66,short_gap_interpolation_with_flags,150,17
