model,ablation,fold,subset,actual,predicted,count,run_id,generation,representation,window_size_frames,seed,balancing,scenario,strategy,configuration_id
svm,r0_flat,1,validation,alert,alert,916,G1__qualification_r0_flat__svm__r0_flat__w60__fold_1__seed_42,G1,R0_flat,60,42,none,A,none,
svm,r0_flat,1,validation,alert,fatigue,9,G1__qualification_r0_flat__svm__r0_flat__w60__fold_1__seed_42,G1,R0_flat,60,42,none,A,none,
svm,r0_flat,1,validation,alert,distraction,89,G1__qualification_r0_flat__svm__r0_flat__w60__fold_1__seed_42,G1,R0_flat,60,42,none,A,none,
svm,r0_flat,1,validation,fatigue,alert,2,G1__qualification_r0_flat__svm__r0_flat__w60__fold_1__seed_42,G1,R0_flat,60,42,none,A,none,
svm,r0_flat,1,validation,fatigue,fatigue,2,G1__qualification_r0_flat__svm__r0_flat__w60__fold_1__seed_42,G1,R0_flat,60,42,none,A,none,
svm,r0_flat,1,validation,fatigue,distraction,0,G1__qualification_r0_flat__svm__r0_flat__w60__fold_1__seed_42,G1,R0_flat,60,42,none,A,none,
svm,r0_flat,1,validation,distraction,alert,108,G1__qualification_r0_flat__svm__r0_flat__w60__fold_1__seed_42,G1,R0_flat,60,42,none,A,none,
svm,r0_flat,1,validation,distraction,fatigue,0,G1__qualification_r0_flat__svm__r0_flat__w60__fold_1__seed_42,G1,R0_flat,60,42,none,A,none,
svm,r0_flat,1,validation,distraction,distraction,54,G1__qualification_r0_flat__svm__r0_flat__w60__fold_1__seed_42,G1,R0_flat,60,42,none,A,none,
svm,r0_flat,1,test,alert,alert,955,G1__qualification_r0_flat__svm__r0_flat__w60__fold_1__seed_42,G1,R0_flat,60,42,none,A,none,
svm,r0_flat,1,test,alert,fatigue,6,G1__qualification_r0_flat__svm__r0_flat__w60__fold_1__seed_42,G1,R0_flat,60,42,none,A,none,
svm,r0_flat,1,test,alert,distraction,127,G1__qualification_r0_flat__svm__r0_flat__w60__fold_1__seed_42,G1,R0_flat,60,42,none,A,none,
svm,r0_flat,1,test,fatigue,alert,29,G1__qualification_r0_flat__svm__r0_flat__w60__fold_1__seed_42,G1,R0_flat,60,42,none,A,none,
svm,r0_flat,1,test,fatigue,fatigue,0,G1__qualification_r0_flat__svm__r0_flat__w60__fold_1__seed_42,G1,R0_flat,60,42,none,A,none,
svm,r0_flat,1,test,fatigue,distraction,38,G1__qualification_r0_flat__svm__r0_flat__w60__fold_1__seed_42,G1,R0_flat,60,42,none,A,none,
svm,r0_flat,1,test,distraction,alert,118,G1__qualification_r0_flat__svm__r0_flat__w60__fold_1__seed_42,G1,R0_flat,60,42,none,A,none,
svm,r0_flat,1,test,distraction,fatigue,2,G1__qualification_r0_flat__svm__r0_flat__w60__fold_1__seed_42,G1,R0_flat,60,42,none,A,none,
svm,r0_flat,1,test,distraction,distraction,259,G1__qualification_r0_flat__svm__r0_flat__w60__fold_1__seed_42,G1,R0_flat,60,42,none,A,none,
svm,r0_flat,2,validation,alert,alert,914,G1__qualification_r0_flat__svm__r0_flat__w60__fold_2__seed_42,G1,R0_flat,60,42,none,A,none,
svm,r0_flat,2,validation,alert,fatigue,35,G1__qualification_r0_flat__svm__r0_flat__w60__fold_2__seed_42,G1,R0_flat,60,42,none,A,none,
svm,r0_flat,2,validation,alert,distraction,131,G1__qualification_r0_flat__svm__r0_flat__w60__fold_2__seed_42,G1,R0_flat,60,42,none,A,none,
svm,r0_flat,2,validation,fatigue,alert,13,G1__qualification_r0_flat__svm__r0_flat__w60__fold_2__seed_42,G1,R0_flat,60,42,none,A,none,
svm,r0_flat,2,validation,fatigue,fatigue,1,G1__qualification_r0_flat__svm__r0_flat__w60__fold_2__seed_42,G1,R0_flat,60,42,none,A,none,
svm,r0_flat,2,validation,fatigue,distraction,3,G1__qualification_r0_flat__svm__r0_flat__w60__fold_2__seed_42,G1,R0_flat,60,42,none,A,none,
svm,r0_flat,2,validation,distraction,alert,50,G1__qualification_r0_flat__svm__r0_flat__w60__fold_2__seed_42,G1,R0_flat,60,42,none,A,none,
svm,r0_flat,2,validation,distraction,fatigue,1,G1__qualification_r0_flat__svm__r0_flat__w60__fold_2__seed_42,G1,R0_flat,60,42,none,A,none,
svm,r0_flat,2,validation,distraction,distraction,25,G1__qualification_r0_flat__svm__r0_flat__w60__fold_2__seed_42,G1,R0_flat,60,42,none,A,none,
svm,r0_flat,2,test,alert,alert,1427,G1__qualification_r0_flat__svm__r0_flat__w60__fold_2__seed_42,G1,R0_flat,60,42,none,A,none,
svm,r0_flat,2,test,alert,fatigue,35,G1__qualification_r0_flat__svm__r0_flat__w60__fold_2__seed_42,G1,R0_flat,60,42,none,A,none,
svm,r0_flat,2,test,alert,distraction,109,G1__qualification_r0_flat__svm__r0_flat__w60__fold_2__seed_42,G1,R0_flat,60,42,none,A,none,
svm,r0_flat,2,test,fatigue,alert,0,G1__qualification_r0_flat__svm__r0_flat__w60__fold_2__seed_42,G1,R0_flat,60,42,none,A,none,
svm,r0_flat,2,test,fatigue,fatigue,0,G1__qualification_r0_flat__svm__r0_flat__w60__fold_2__seed_42,G1,R0_flat,60,42,none,A,none,
svm,r0_flat,2,test,fatigue,distraction,0,G1__qualification_r0_flat__svm__r0_flat__w60__fold_2__seed_42,G1,R0_flat,60,42,none,A,none,
svm,r0_flat,2,test,distraction,alert,117,G1__qualification_r0_flat__svm__r0_flat__w60__fold_2__seed_42,G1,R0_flat,60,42,none,A,none,
svm,r0_flat,2,test,distraction,fatigue,5,G1__qualification_r0_flat__svm__r0_flat__w60__fold_2__seed_42,G1,R0_flat,60,42,none,A,none,
svm,r0_flat,2,test,distraction,distraction,171,G1__qualification_r0_flat__svm__r0_flat__w60__fold_2__seed_42,G1,R0_flat,60,42,none,A,none,
svm,r0_flat,3,validation,alert,alert,818,G1__qualification_r0_flat__svm__r0_flat__w60__fold_3__seed_42,G1,R0_flat,60,42,none,A,none,
svm,r0_flat,3,validation,alert,fatigue,18,G1__qualification_r0_flat__svm__r0_flat__w60__fold_3__seed_42,G1,R0_flat,60,42,none,A,none,
svm,r0_flat,3,validation,alert,distraction,150,G1__qualification_r0_flat__svm__r0_flat__w60__fold_3__seed_42,G1,R0_flat,60,42,none,A,none,
svm,r0_flat,3,validation,fatigue,alert,13,G1__qualification_r0_flat__svm__r0_flat__w60__fold_3__seed_42,G1,R0_flat,60,42,none,A,none,
svm,r0_flat,3,validation,fatigue,fatigue,0,G1__qualification_r0_flat__svm__r0_flat__w60__fold_3__seed_42,G1,R0_flat,60,42,none,A,none,
svm,r0_flat,3,validation,fatigue,distraction,0,G1__qualification_r0_flat__svm__r0_flat__w60__fold_3__seed_42,G1,R0_flat,60,42,none,A,none,
svm,r0_flat,3,validation,distraction,alert,97,G1__qualification_r0_flat__svm__r0_flat__w60__fold_3__seed_42,G1,R0_flat,60,42,none,A,none,
svm,r0_flat,3,validation,distraction,fatigue,2,G1__qualification_r0_flat__svm__r0_flat__w60__fold_3__seed_42,G1,R0_flat,60,42,none,A,none,
svm,r0_flat,3,validation,distraction,distraction,53,G1__qualification_r0_flat__svm__r0_flat__w60__fold_3__seed_42,G1,R0_flat,60,42,none,A,none,
svm,r0_flat,3,test,alert,alert,1207,G1__qualification_r0_flat__svm__r0_flat__w60__fold_3__seed_42,G1,R0_flat,60,42,none,A,none,
svm,r0_flat,3,test,alert,fatigue,12,G1__qualification_r0_flat__svm__r0_flat__w60__fold_3__seed_42,G1,R0_flat,60,42,none,A,none,
svm,r0_flat,3,test,alert,distraction,148,G1__qualification_r0_flat__svm__r0_flat__w60__fold_3__seed_42,G1,R0_flat,60,42,none,A,none,
svm,r0_flat,3,test,fatigue,alert,16,G1__qualification_r0_flat__svm__r0_flat__w60__fold_3__seed_42,G1,R0_flat,60,42,none,A,none,
svm,r0_flat,3,test,fatigue,fatigue,0,G1__qualification_r0_flat__svm__r0_flat__w60__fold_3__seed_42,G1,R0_flat,60,42,none,A,none,
svm,r0_flat,3,test,fatigue,distraction,5,G1__qualification_r0_flat__svm__r0_flat__w60__fold_3__seed_42,G1,R0_flat,60,42,none,A,none,
svm,r0_flat,3,test,distraction,alert,41,G1__qualification_r0_flat__svm__r0_flat__w60__fold_3__seed_42,G1,R0_flat,60,42,none,A,none,
svm,r0_flat,3,test,distraction,fatigue,4,G1__qualification_r0_flat__svm__r0_flat__w60__fold_3__seed_42,G1,R0_flat,60,42,none,A,none,
svm,r0_flat,3,test,distraction,distraction,67,G1__qualification_r0_flat__svm__r0_flat__w60__fold_3__seed_42,G1,R0_flat,60,42,none,A,none,
svm,r0_flat,4,validation,alert,alert,859,G1__qualification_r0_flat__svm__r0_flat__w60__fold_4__seed_42,G1,R0_flat,60,42,none,A,none,
svm,r0_flat,4,validation,alert,fatigue,30,G1__qualification_r0_flat__svm__r0_flat__w60__fold_4__seed_42,G1,R0_flat,60,42,none,A,none,
svm,r0_flat,4,validation,alert,distraction,123,G1__qualification_r0_flat__svm__r0_flat__w60__fold_4__seed_42,G1,R0_flat,60,42,none,A,none,
svm,r0_flat,4,validation,fatigue,alert,15,G1__qualification_r0_flat__svm__r0_flat__w60__fold_4__seed_42,G1,R0_flat,60,42,none,A,none,
svm,r0_flat,4,validation,fatigue,fatigue,1,G1__qualification_r0_flat__svm__r0_flat__w60__fold_4__seed_42,G1,R0_flat,60,42,none,A,none,
svm,r0_flat,4,validation,fatigue,distraction,1,G1__qualification_r0_flat__svm__r0_flat__w60__fold_4__seed_42,G1,R0_flat,60,42,none,A,none,
svm,r0_flat,4,validation,distraction,alert,54,G1__qualification_r0_flat__svm__r0_flat__w60__fold_4__seed_42,G1,R0_flat,60,42,none,A,none,
svm,r0_flat,4,validation,distraction,fatigue,4,G1__qualification_r0_flat__svm__r0_flat__w60__fold_4__seed_42,G1,R0_flat,60,42,none,A,none,
svm,r0_flat,4,validation,distraction,distraction,38,G1__qualification_r0_flat__svm__r0_flat__w60__fold_4__seed_42,G1,R0_flat,60,42,none,A,none,
svm,r0_flat,4,test,alert,alert,790,G1__qualification_r0_flat__svm__r0_flat__w60__fold_4__seed_42,G1,R0_flat,60,42,none,A,none,
svm,r0_flat,4,test,alert,fatigue,22,G1__qualification_r0_flat__svm__r0_flat__w60__fold_4__seed_42,G1,R0_flat,60,42,none,A,none,
svm,r0_flat,4,test,alert,distraction,145,G1__qualification_r0_flat__svm__r0_flat__w60__fold_4__seed_42,G1,R0_flat,60,42,none,A,none,
svm,r0_flat,4,test,fatigue,alert,0,G1__qualification_r0_flat__svm__r0_flat__w60__fold_4__seed_42,G1,R0_flat,60,42,none,A,none,
svm,r0_flat,4,test,fatigue,fatigue,0,G1__qualification_r0_flat__svm__r0_flat__w60__fold_4__seed_42,G1,R0_flat,60,42,none,A,none,
svm,r0_flat,4,test,fatigue,distraction,0,G1__qualification_r0_flat__svm__r0_flat__w60__fold_4__seed_42,G1,R0_flat,60,42,none,A,none,
svm,r0_flat,4,test,distraction,alert,97,G1__qualification_r0_flat__svm__r0_flat__w60__fold_4__seed_42,G1,R0_flat,60,42,none,A,none,
svm,r0_flat,4,test,distraction,fatigue,1,G1__qualification_r0_flat__svm__r0_flat__w60__fold_4__seed_42,G1,R0_flat,60,42,none,A,none,
svm,r0_flat,4,test,distraction,distraction,40,G1__qualification_r0_flat__svm__r0_flat__w60__fold_4__seed_42,G1,R0_flat,60,42,none,A,none,
lstm,temporal_r0,1,validation,alert,alert,852,G2__qualification_r0_w60_b1024__lstm__r0__w60__fold_1__seed_42,G2,R0,60,42,,A,none,qualification_r0_w60_b1024
lstm,temporal_r0,1,validation,alert,fatigue,0,G2__qualification_r0_w60_b1024__lstm__r0__w60__fold_1__seed_42,G2,R0,60,42,,A,none,qualification_r0_w60_b1024
lstm,temporal_r0,1,validation,alert,distraction,162,G2__qualification_r0_w60_b1024__lstm__r0__w60__fold_1__seed_42,G2,R0,60,42,,A,none,qualification_r0_w60_b1024
lstm,temporal_r0,1,validation,fatigue,alert,3,G2__qualification_r0_w60_b1024__lstm__r0__w60__fold_1__seed_42,G2,R0,60,42,,A,none,qualification_r0_w60_b1024
lstm,temporal_r0,1,validation,fatigue,fatigue,0,G2__qualification_r0_w60_b1024__lstm__r0__w60__fold_1__seed_42,G2,R0,60,42,,A,none,qualification_r0_w60_b1024
lstm,temporal_r0,1,validation,fatigue,distraction,1,G2__qualification_r0_w60_b1024__lstm__r0__w60__fold_1__seed_42,G2,R0,60,42,,A,none,qualification_r0_w60_b1024
lstm,temporal_r0,1,validation,distraction,alert,92,G2__qualification_r0_w60_b1024__lstm__r0__w60__fold_1__seed_42,G2,R0,60,42,,A,none,qualification_r0_w60_b1024
lstm,temporal_r0,1,validation,distraction,fatigue,0,G2__qualification_r0_w60_b1024__lstm__r0__w60__fold_1__seed_42,G2,R0,60,42,,A,none,qualification_r0_w60_b1024
lstm,temporal_r0,1,validation,distraction,distraction,70,G2__qualification_r0_w60_b1024__lstm__r0__w60__fold_1__seed_42,G2,R0,60,42,,A,none,qualification_r0_w60_b1024
lstm,temporal_r0,1,test,alert,alert,723,G2__qualification_r0_w60_b1024__lstm__r0__w60__fold_1__seed_42,G2,R0,60,42,,A,none,qualification_r0_w60_b1024
lstm,temporal_r0,1,test,alert,fatigue,0,G2__qualification_r0_w60_b1024__lstm__r0__w60__fold_1__seed_42,G2,R0,60,42,,A,none,qualification_r0_w60_b1024
lstm,temporal_r0,1,test,alert,distraction,365,G2__qualification_r0_w60_b1024__lstm__r0__w60__fold_1__seed_42,G2,R0,60,42,,A,none,qualification_r0_w60_b1024
lstm,temporal_r0,1,test,fatigue,alert,19,G2__qualification_r0_w60_b1024__lstm__r0__w60__fold_1__seed_42,G2,R0,60,42,,A,none,qualification_r0_w60_b1024
lstm,temporal_r0,1,test,fatigue,fatigue,0,G2__qualification_r0_w60_b1024__lstm__r0__w60__fold_1__seed_42,G2,R0,60,42,,A,none,qualification_r0_w60_b1024
lstm,temporal_r0,1,test,fatigue,distraction,48,G2__qualification_r0_w60_b1024__lstm__r0__w60__fold_1__seed_42,G2,R0,60,42,,A,none,qualification_r0_w60_b1024
lstm,temporal_r0,1,test,distraction,alert,30,G2__qualification_r0_w60_b1024__lstm__r0__w60__fold_1__seed_42,G2,R0,60,42,,A,none,qualification_r0_w60_b1024
lstm,temporal_r0,1,test,distraction,fatigue,0,G2__qualification_r0_w60_b1024__lstm__r0__w60__fold_1__seed_42,G2,R0,60,42,,A,none,qualification_r0_w60_b1024
lstm,temporal_r0,1,test,distraction,distraction,349,G2__qualification_r0_w60_b1024__lstm__r0__w60__fold_1__seed_42,G2,R0,60,42,,A,none,qualification_r0_w60_b1024
lstm,temporal_r0,2,validation,alert,alert,980,G2__qualification_r0_w60_b1024__lstm__r0__w60__fold_2__seed_42,G2,R0,60,42,,A,none,qualification_r0_w60_b1024
lstm,temporal_r0,2,validation,alert,fatigue,0,G2__qualification_r0_w60_b1024__lstm__r0__w60__fold_2__seed_42,G2,R0,60,42,,A,none,qualification_r0_w60_b1024
lstm,temporal_r0,2,validation,alert,distraction,100,G2__qualification_r0_w60_b1024__lstm__r0__w60__fold_2__seed_42,G2,R0,60,42,,A,none,qualification_r0_w60_b1024
lstm,temporal_r0,2,validation,fatigue,alert,17,G2__qualification_r0_w60_b1024__lstm__r0__w60__fold_2__seed_42,G2,R0,60,42,,A,none,qualification_r0_w60_b1024
lstm,temporal_r0,2,validation,fatigue,fatigue,0,G2__qualification_r0_w60_b1024__lstm__r0__w60__fold_2__seed_42,G2,R0,60,42,,A,none,qualification_r0_w60_b1024
lstm,temporal_r0,2,validation,fatigue,distraction,0,G2__qualification_r0_w60_b1024__lstm__r0__w60__fold_2__seed_42,G2,R0,60,42,,A,none,qualification_r0_w60_b1024
lstm,temporal_r0,2,validation,distraction,alert,51,G2__qualification_r0_w60_b1024__lstm__r0__w60__fold_2__seed_42,G2,R0,60,42,,A,none,qualification_r0_w60_b1024
lstm,temporal_r0,2,validation,distraction,fatigue,0,G2__qualification_r0_w60_b1024__lstm__r0__w60__fold_2__seed_42,G2,R0,60,42,,A,none,qualification_r0_w60_b1024
lstm,temporal_r0,2,validation,distraction,distraction,25,G2__qualification_r0_w60_b1024__lstm__r0__w60__fold_2__seed_42,G2,R0,60,42,,A,none,qualification_r0_w60_b1024
lstm,temporal_r0,2,test,alert,alert,1474,G2__qualification_r0_w60_b1024__lstm__r0__w60__fold_2__seed_42,G2,R0,60,42,,A,none,qualification_r0_w60_b1024
lstm,temporal_r0,2,test,alert,fatigue,0,G2__qualification_r0_w60_b1024__lstm__r0__w60__fold_2__seed_42,G2,R0,60,42,,A,none,qualification_r0_w60_b1024
lstm,temporal_r0,2,test,alert,distraction,97,G2__qualification_r0_w60_b1024__lstm__r0__w60__fold_2__seed_42,G2,R0,60,42,,A,none,qualification_r0_w60_b1024
lstm,temporal_r0,2,test,fatigue,alert,0,G2__qualification_r0_w60_b1024__lstm__r0__w60__fold_2__seed_42,G2,R0,60,42,,A,none,qualification_r0_w60_b1024
lstm,temporal_r0,2,test,fatigue,fatigue,0,G2__qualification_r0_w60_b1024__lstm__r0__w60__fold_2__seed_42,G2,R0,60,42,,A,none,qualification_r0_w60_b1024
lstm,temporal_r0,2,test,fatigue,distraction,0,G2__qualification_r0_w60_b1024__lstm__r0__w60__fold_2__seed_42,G2,R0,60,42,,A,none,qualification_r0_w60_b1024
lstm,temporal_r0,2,test,distraction,alert,117,G2__qualification_r0_w60_b1024__lstm__r0__w60__fold_2__seed_42,G2,R0,60,42,,A,none,qualification_r0_w60_b1024
lstm,temporal_r0,2,test,distraction,fatigue,0,G2__qualification_r0_w60_b1024__lstm__r0__w60__fold_2__seed_42,G2,R0,60,42,,A,none,qualification_r0_w60_b1024
lstm,temporal_r0,2,test,distraction,distraction,176,G2__qualification_r0_w60_b1024__lstm__r0__w60__fold_2__seed_42,G2,R0,60,42,,A,none,qualification_r0_w60_b1024
lstm,temporal_r0,3,validation,alert,alert,840,G2__qualification_r0_w60_b1024__lstm__r0__w60__fold_3__seed_42,G2,R0,60,42,,A,none,qualification_r0_w60_b1024
lstm,temporal_r0,3,validation,alert,fatigue,0,G2__qualification_r0_w60_b1024__lstm__r0__w60__fold_3__seed_42,G2,R0,60,42,,A,none,qualification_r0_w60_b1024
lstm,temporal_r0,3,validation,alert,distraction,146,G2__qualification_r0_w60_b1024__lstm__r0__w60__fold_3__seed_42,G2,R0,60,42,,A,none,qualification_r0_w60_b1024
lstm,temporal_r0,3,validation,fatigue,alert,13,G2__qualification_r0_w60_b1024__lstm__r0__w60__fold_3__seed_42,G2,R0,60,42,,A,none,qualification_r0_w60_b1024
lstm,temporal_r0,3,validation,fatigue,fatigue,0,G2__qualification_r0_w60_b1024__lstm__r0__w60__fold_3__seed_42,G2,R0,60,42,,A,none,qualification_r0_w60_b1024
lstm,temporal_r0,3,validation,fatigue,distraction,0,G2__qualification_r0_w60_b1024__lstm__r0__w60__fold_3__seed_42,G2,R0,60,42,,A,none,qualification_r0_w60_b1024
lstm,temporal_r0,3,validation,distraction,alert,97,G2__qualification_r0_w60_b1024__lstm__r0__w60__fold_3__seed_42,G2,R0,60,42,,A,none,qualification_r0_w60_b1024
lstm,temporal_r0,3,validation,distraction,fatigue,0,G2__qualification_r0_w60_b1024__lstm__r0__w60__fold_3__seed_42,G2,R0,60,42,,A,none,qualification_r0_w60_b1024
lstm,temporal_r0,3,validation,distraction,distraction,55,G2__qualification_r0_w60_b1024__lstm__r0__w60__fold_3__seed_42,G2,R0,60,42,,A,none,qualification_r0_w60_b1024
lstm,temporal_r0,3,test,alert,alert,1279,G2__qualification_r0_w60_b1024__lstm__r0__w60__fold_3__seed_42,G2,R0,60,42,,A,none,qualification_r0_w60_b1024
lstm,temporal_r0,3,test,alert,fatigue,0,G2__qualification_r0_w60_b1024__lstm__r0__w60__fold_3__seed_42,G2,R0,60,42,,A,none,qualification_r0_w60_b1024
lstm,temporal_r0,3,test,alert,distraction,88,G2__qualification_r0_w60_b1024__lstm__r0__w60__fold_3__seed_42,G2,R0,60,42,,A,none,qualification_r0_w60_b1024
lstm,temporal_r0,3,test,fatigue,alert,20,G2__qualification_r0_w60_b1024__lstm__r0__w60__fold_3__seed_42,G2,R0,60,42,,A,none,qualification_r0_w60_b1024
lstm,temporal_r0,3,test,fatigue,fatigue,0,G2__qualification_r0_w60_b1024__lstm__r0__w60__fold_3__seed_42,G2,R0,60,42,,A,none,qualification_r0_w60_b1024
lstm,temporal_r0,3,test,fatigue,distraction,1,G2__qualification_r0_w60_b1024__lstm__r0__w60__fold_3__seed_42,G2,R0,60,42,,A,none,qualification_r0_w60_b1024
lstm,temporal_r0,3,test,distraction,alert,56,G2__qualification_r0_w60_b1024__lstm__r0__w60__fold_3__seed_42,G2,R0,60,42,,A,none,qualification_r0_w60_b1024
lstm,temporal_r0,3,test,distraction,fatigue,0,G2__qualification_r0_w60_b1024__lstm__r0__w60__fold_3__seed_42,G2,R0,60,42,,A,none,qualification_r0_w60_b1024
lstm,temporal_r0,3,test,distraction,distraction,56,G2__qualification_r0_w60_b1024__lstm__r0__w60__fold_3__seed_42,G2,R0,60,42,,A,none,qualification_r0_w60_b1024
lstm,temporal_r0,4,validation,alert,alert,908,G2__qualification_r0_w60_b1024__lstm__r0__w60__fold_4__seed_42,G2,R0,60,42,,A,none,qualification_r0_w60_b1024
lstm,temporal_r0,4,validation,alert,fatigue,0,G2__qualification_r0_w60_b1024__lstm__r0__w60__fold_4__seed_42,G2,R0,60,42,,A,none,qualification_r0_w60_b1024
lstm,temporal_r0,4,validation,alert,distraction,104,G2__qualification_r0_w60_b1024__lstm__r0__w60__fold_4__seed_42,G2,R0,60,42,,A,none,qualification_r0_w60_b1024
lstm,temporal_r0,4,validation,fatigue,alert,17,G2__qualification_r0_w60_b1024__lstm__r0__w60__fold_4__seed_42,G2,R0,60,42,,A,none,qualification_r0_w60_b1024
lstm,temporal_r0,4,validation,fatigue,fatigue,0,G2__qualification_r0_w60_b1024__lstm__r0__w60__fold_4__seed_42,G2,R0,60,42,,A,none,qualification_r0_w60_b1024
lstm,temporal_r0,4,validation,fatigue,distraction,0,G2__qualification_r0_w60_b1024__lstm__r0__w60__fold_4__seed_42,G2,R0,60,42,,A,none,qualification_r0_w60_b1024
lstm,temporal_r0,4,validation,distraction,alert,51,G2__qualification_r0_w60_b1024__lstm__r0__w60__fold_4__seed_42,G2,R0,60,42,,A,none,qualification_r0_w60_b1024
lstm,temporal_r0,4,validation,distraction,fatigue,0,G2__qualification_r0_w60_b1024__lstm__r0__w60__fold_4__seed_42,G2,R0,60,42,,A,none,qualification_r0_w60_b1024
lstm,temporal_r0,4,validation,distraction,distraction,45,G2__qualification_r0_w60_b1024__lstm__r0__w60__fold_4__seed_42,G2,R0,60,42,,A,none,qualification_r0_w60_b1024
lstm,temporal_r0,4,test,alert,alert,816,G2__qualification_r0_w60_b1024__lstm__r0__w60__fold_4__seed_42,G2,R0,60,42,,A,none,qualification_r0_w60_b1024
lstm,temporal_r0,4,test,alert,fatigue,0,G2__qualification_r0_w60_b1024__lstm__r0__w60__fold_4__seed_42,G2,R0,60,42,,A,none,qualification_r0_w60_b1024
lstm,temporal_r0,4,test,alert,distraction,141,G2__qualification_r0_w60_b1024__lstm__r0__w60__fold_4__seed_42,G2,R0,60,42,,A,none,qualification_r0_w60_b1024
lstm,temporal_r0,4,test,fatigue,alert,0,G2__qualification_r0_w60_b1024__lstm__r0__w60__fold_4__seed_42,G2,R0,60,42,,A,none,qualification_r0_w60_b1024
lstm,temporal_r0,4,test,fatigue,fatigue,0,G2__qualification_r0_w60_b1024__lstm__r0__w60__fold_4__seed_42,G2,R0,60,42,,A,none,qualification_r0_w60_b1024
lstm,temporal_r0,4,test,fatigue,distraction,0,G2__qualification_r0_w60_b1024__lstm__r0__w60__fold_4__seed_42,G2,R0,60,42,,A,none,qualification_r0_w60_b1024
lstm,temporal_r0,4,test,distraction,alert,98,G2__qualification_r0_w60_b1024__lstm__r0__w60__fold_4__seed_42,G2,R0,60,42,,A,none,qualification_r0_w60_b1024
lstm,temporal_r0,4,test,distraction,fatigue,0,G2__qualification_r0_w60_b1024__lstm__r0__w60__fold_4__seed_42,G2,R0,60,42,,A,none,qualification_r0_w60_b1024
lstm,temporal_r0,4,test,distraction,distraction,40,G2__qualification_r0_w60_b1024__lstm__r0__w60__fold_4__seed_42,G2,R0,60,42,,A,none,qualification_r0_w60_b1024
tcn,temporal_r0,1,validation,alert,alert,923,G2__qualification_r0_w60_b1024__tcn__r0__w60__fold_1__seed_42,G2,R0,60,42,,A,none,qualification_r0_w60_b1024
tcn,temporal_r0,1,validation,alert,fatigue,0,G2__qualification_r0_w60_b1024__tcn__r0__w60__fold_1__seed_42,G2,R0,60,42,,A,none,qualification_r0_w60_b1024
tcn,temporal_r0,1,validation,alert,distraction,91,G2__qualification_r0_w60_b1024__tcn__r0__w60__fold_1__seed_42,G2,R0,60,42,,A,none,qualification_r0_w60_b1024
tcn,temporal_r0,1,validation,fatigue,alert,4,G2__qualification_r0_w60_b1024__tcn__r0__w60__fold_1__seed_42,G2,R0,60,42,,A,none,qualification_r0_w60_b1024
tcn,temporal_r0,1,validation,fatigue,fatigue,0,G2__qualification_r0_w60_b1024__tcn__r0__w60__fold_1__seed_42,G2,R0,60,42,,A,none,qualification_r0_w60_b1024
tcn,temporal_r0,1,validation,fatigue,distraction,0,G2__qualification_r0_w60_b1024__tcn__r0__w60__fold_1__seed_42,G2,R0,60,42,,A,none,qualification_r0_w60_b1024
tcn,temporal_r0,1,validation,distraction,alert,102,G2__qualification_r0_w60_b1024__tcn__r0__w60__fold_1__seed_42,G2,R0,60,42,,A,none,qualification_r0_w60_b1024
tcn,temporal_r0,1,validation,distraction,fatigue,0,G2__qualification_r0_w60_b1024__tcn__r0__w60__fold_1__seed_42,G2,R0,60,42,,A,none,qualification_r0_w60_b1024
tcn,temporal_r0,1,validation,distraction,distraction,60,G2__qualification_r0_w60_b1024__tcn__r0__w60__fold_1__seed_42,G2,R0,60,42,,A,none,qualification_r0_w60_b1024
tcn,temporal_r0,1,test,alert,alert,989,G2__qualification_r0_w60_b1024__tcn__r0__w60__fold_1__seed_42,G2,R0,60,42,,A,none,qualification_r0_w60_b1024
tcn,temporal_r0,1,test,alert,fatigue,0,G2__qualification_r0_w60_b1024__tcn__r0__w60__fold_1__seed_42,G2,R0,60,42,,A,none,qualification_r0_w60_b1024
tcn,temporal_r0,1,test,alert,distraction,99,G2__qualification_r0_w60_b1024__tcn__r0__w60__fold_1__seed_42,G2,R0,60,42,,A,none,qualification_r0_w60_b1024
tcn,temporal_r0,1,test,fatigue,alert,44,G2__qualification_r0_w60_b1024__tcn__r0__w60__fold_1__seed_42,G2,R0,60,42,,A,none,qualification_r0_w60_b1024
tcn,temporal_r0,1,test,fatigue,fatigue,0,G2__qualification_r0_w60_b1024__tcn__r0__w60__fold_1__seed_42,G2,R0,60,42,,A,none,qualification_r0_w60_b1024
tcn,temporal_r0,1,test,fatigue,distraction,23,G2__qualification_r0_w60_b1024__tcn__r0__w60__fold_1__seed_42,G2,R0,60,42,,A,none,qualification_r0_w60_b1024
tcn,temporal_r0,1,test,distraction,alert,94,G2__qualification_r0_w60_b1024__tcn__r0__w60__fold_1__seed_42,G2,R0,60,42,,A,none,qualification_r0_w60_b1024
tcn,temporal_r0,1,test,distraction,fatigue,0,G2__qualification_r0_w60_b1024__tcn__r0__w60__fold_1__seed_42,G2,R0,60,42,,A,none,qualification_r0_w60_b1024
tcn,temporal_r0,1,test,distraction,distraction,285,G2__qualification_r0_w60_b1024__tcn__r0__w60__fold_1__seed_42,G2,R0,60,42,,A,none,qualification_r0_w60_b1024
tcn,temporal_r0,2,validation,alert,alert,1010,G2__qualification_r0_w60_b1024__tcn__r0__w60__fold_2__seed_42,G2,R0,60,42,,A,none,qualification_r0_w60_b1024
tcn,temporal_r0,2,validation,alert,fatigue,0,G2__qualification_r0_w60_b1024__tcn__r0__w60__fold_2__seed_42,G2,R0,60,42,,A,none,qualification_r0_w60_b1024
tcn,temporal_r0,2,validation,alert,distraction,70,G2__qualification_r0_w60_b1024__tcn__r0__w60__fold_2__seed_42,G2,R0,60,42,,A,none,qualification_r0_w60_b1024
tcn,temporal_r0,2,validation,fatigue,alert,17,G2__qualification_r0_w60_b1024__tcn__r0__w60__fold_2__seed_42,G2,R0,60,42,,A,none,qualification_r0_w60_b1024
tcn,temporal_r0,2,validation,fatigue,fatigue,0,G2__qualification_r0_w60_b1024__tcn__r0__w60__fold_2__seed_42,G2,R0,60,42,,A,none,qualification_r0_w60_b1024
tcn,temporal_r0,2,validation,fatigue,distraction,0,G2__qualification_r0_w60_b1024__tcn__r0__w60__fold_2__seed_42,G2,R0,60,42,,A,none,qualification_r0_w60_b1024
tcn,temporal_r0,2,validation,distraction,alert,57,G2__qualification_r0_w60_b1024__tcn__r0__w60__fold_2__seed_42,G2,R0,60,42,,A,none,qualification_r0_w60_b1024
tcn,temporal_r0,2,validation,distraction,fatigue,0,G2__qualification_r0_w60_b1024__tcn__r0__w60__fold_2__seed_42,G2,R0,60,42,,A,none,qualification_r0_w60_b1024
tcn,temporal_r0,2,validation,distraction,distraction,19,G2__qualification_r0_w60_b1024__tcn__r0__w60__fold_2__seed_42,G2,R0,60,42,,A,none,qualification_r0_w60_b1024
tcn,temporal_r0,2,test,alert,alert,1494,G2__qualification_r0_w60_b1024__tcn__r0__w60__fold_2__seed_42,G2,R0,60,42,,A,none,qualification_r0_w60_b1024
tcn,temporal_r0,2,test,alert,fatigue,0,G2__qualification_r0_w60_b1024__tcn__r0__w60__fold_2__seed_42,G2,R0,60,42,,A,none,qualification_r0_w60_b1024
tcn,temporal_r0,2,test,alert,distraction,77,G2__qualification_r0_w60_b1024__tcn__r0__w60__fold_2__seed_42,G2,R0,60,42,,A,none,qualification_r0_w60_b1024
tcn,temporal_r0,2,test,fatigue,alert,0,G2__qualification_r0_w60_b1024__tcn__r0__w60__fold_2__seed_42,G2,R0,60,42,,A,none,qualification_r0_w60_b1024
tcn,temporal_r0,2,test,fatigue,fatigue,0,G2__qualification_r0_w60_b1024__tcn__r0__w60__fold_2__seed_42,G2,R0,60,42,,A,none,qualification_r0_w60_b1024
tcn,temporal_r0,2,test,fatigue,distraction,0,G2__qualification_r0_w60_b1024__tcn__r0__w60__fold_2__seed_42,G2,R0,60,42,,A,none,qualification_r0_w60_b1024
tcn,temporal_r0,2,test,distraction,alert,127,G2__qualification_r0_w60_b1024__tcn__r0__w60__fold_2__seed_42,G2,R0,60,42,,A,none,qualification_r0_w60_b1024
tcn,temporal_r0,2,test,distraction,fatigue,0,G2__qualification_r0_w60_b1024__tcn__r0__w60__fold_2__seed_42,G2,R0,60,42,,A,none,qualification_r0_w60_b1024
tcn,temporal_r0,2,test,distraction,distraction,166,G2__qualification_r0_w60_b1024__tcn__r0__w60__fold_2__seed_42,G2,R0,60,42,,A,none,qualification_r0_w60_b1024
tcn,temporal_r0,3,validation,alert,alert,840,G2__qualification_r0_w60_b1024__tcn__r0__w60__fold_3__seed_42,G2,R0,60,42,,A,none,qualification_r0_w60_b1024
tcn,temporal_r0,3,validation,alert,fatigue,0,G2__qualification_r0_w60_b1024__tcn__r0__w60__fold_3__seed_42,G2,R0,60,42,,A,none,qualification_r0_w60_b1024
tcn,temporal_r0,3,validation,alert,distraction,146,G2__qualification_r0_w60_b1024__tcn__r0__w60__fold_3__seed_42,G2,R0,60,42,,A,none,qualification_r0_w60_b1024
tcn,temporal_r0,3,validation,fatigue,alert,13,G2__qualification_r0_w60_b1024__tcn__r0__w60__fold_3__seed_42,G2,R0,60,42,,A,none,qualification_r0_w60_b1024
tcn,temporal_r0,3,validation,fatigue,fatigue,0,G2__qualification_r0_w60_b1024__tcn__r0__w60__fold_3__seed_42,G2,R0,60,42,,A,none,qualification_r0_w60_b1024
tcn,temporal_r0,3,validation,fatigue,distraction,0,G2__qualification_r0_w60_b1024__tcn__r0__w60__fold_3__seed_42,G2,R0,60,42,,A,none,qualification_r0_w60_b1024
tcn,temporal_r0,3,validation,distraction,alert,92,G2__qualification_r0_w60_b1024__tcn__r0__w60__fold_3__seed_42,G2,R0,60,42,,A,none,qualification_r0_w60_b1024
tcn,temporal_r0,3,validation,distraction,fatigue,0,G2__qualification_r0_w60_b1024__tcn__r0__w60__fold_3__seed_42,G2,R0,60,42,,A,none,qualification_r0_w60_b1024
tcn,temporal_r0,3,validation,distraction,distraction,60,G2__qualification_r0_w60_b1024__tcn__r0__w60__fold_3__seed_42,G2,R0,60,42,,A,none,qualification_r0_w60_b1024
tcn,temporal_r0,3,test,alert,alert,1281,G2__qualification_r0_w60_b1024__tcn__r0__w60__fold_3__seed_42,G2,R0,60,42,,A,none,qualification_r0_w60_b1024
tcn,temporal_r0,3,test,alert,fatigue,0,G2__qualification_r0_w60_b1024__tcn__r0__w60__fold_3__seed_42,G2,R0,60,42,,A,none,qualification_r0_w60_b1024
tcn,temporal_r0,3,test,alert,distraction,86,G2__qualification_r0_w60_b1024__tcn__r0__w60__fold_3__seed_42,G2,R0,60,42,,A,none,qualification_r0_w60_b1024
tcn,temporal_r0,3,test,fatigue,alert,19,G2__qualification_r0_w60_b1024__tcn__r0__w60__fold_3__seed_42,G2,R0,60,42,,A,none,qualification_r0_w60_b1024
tcn,temporal_r0,3,test,fatigue,fatigue,0,G2__qualification_r0_w60_b1024__tcn__r0__w60__fold_3__seed_42,G2,R0,60,42,,A,none,qualification_r0_w60_b1024
tcn,temporal_r0,3,test,fatigue,distraction,2,G2__qualification_r0_w60_b1024__tcn__r0__w60__fold_3__seed_42,G2,R0,60,42,,A,none,qualification_r0_w60_b1024
tcn,temporal_r0,3,test,distraction,alert,56,G2__qualification_r0_w60_b1024__tcn__r0__w60__fold_3__seed_42,G2,R0,60,42,,A,none,qualification_r0_w60_b1024
tcn,temporal_r0,3,test,distraction,fatigue,0,G2__qualification_r0_w60_b1024__tcn__r0__w60__fold_3__seed_42,G2,R0,60,42,,A,none,qualification_r0_w60_b1024
tcn,temporal_r0,3,test,distraction,distraction,56,G2__qualification_r0_w60_b1024__tcn__r0__w60__fold_3__seed_42,G2,R0,60,42,,A,none,qualification_r0_w60_b1024
tcn,temporal_r0,4,validation,alert,alert,904,G2__qualification_r0_w60_b1024__tcn__r0__w60__fold_4__seed_42,G2,R0,60,42,,A,none,qualification_r0_w60_b1024
tcn,temporal_r0,4,validation,alert,fatigue,0,G2__qualification_r0_w60_b1024__tcn__r0__w60__fold_4__seed_42,G2,R0,60,42,,A,none,qualification_r0_w60_b1024
tcn,temporal_r0,4,validation,alert,distraction,108,G2__qualification_r0_w60_b1024__tcn__r0__w60__fold_4__seed_42,G2,R0,60,42,,A,none,qualification_r0_w60_b1024
tcn,temporal_r0,4,validation,fatigue,alert,17,G2__qualification_r0_w60_b1024__tcn__r0__w60__fold_4__seed_42,G2,R0,60,42,,A,none,qualification_r0_w60_b1024
tcn,temporal_r0,4,validation,fatigue,fatigue,0,G2__qualification_r0_w60_b1024__tcn__r0__w60__fold_4__seed_42,G2,R0,60,42,,A,none,qualification_r0_w60_b1024
tcn,temporal_r0,4,validation,fatigue,distraction,0,G2__qualification_r0_w60_b1024__tcn__r0__w60__fold_4__seed_42,G2,R0,60,42,,A,none,qualification_r0_w60_b1024
tcn,temporal_r0,4,validation,distraction,alert,48,G2__qualification_r0_w60_b1024__tcn__r0__w60__fold_4__seed_42,G2,R0,60,42,,A,none,qualification_r0_w60_b1024
tcn,temporal_r0,4,validation,distraction,fatigue,0,G2__qualification_r0_w60_b1024__tcn__r0__w60__fold_4__seed_42,G2,R0,60,42,,A,none,qualification_r0_w60_b1024
tcn,temporal_r0,4,validation,distraction,distraction,48,G2__qualification_r0_w60_b1024__tcn__r0__w60__fold_4__seed_42,G2,R0,60,42,,A,none,qualification_r0_w60_b1024
tcn,temporal_r0,4,test,alert,alert,796,G2__qualification_r0_w60_b1024__tcn__r0__w60__fold_4__seed_42,G2,R0,60,42,,A,none,qualification_r0_w60_b1024
tcn,temporal_r0,4,test,alert,fatigue,0,G2__qualification_r0_w60_b1024__tcn__r0__w60__fold_4__seed_42,G2,R0,60,42,,A,none,qualification_r0_w60_b1024
tcn,temporal_r0,4,test,alert,distraction,161,G2__qualification_r0_w60_b1024__tcn__r0__w60__fold_4__seed_42,G2,R0,60,42,,A,none,qualification_r0_w60_b1024
tcn,temporal_r0,4,test,fatigue,alert,0,G2__qualification_r0_w60_b1024__tcn__r0__w60__fold_4__seed_42,G2,R0,60,42,,A,none,qualification_r0_w60_b1024
tcn,temporal_r0,4,test,fatigue,fatigue,0,G2__qualification_r0_w60_b1024__tcn__r0__w60__fold_4__seed_42,G2,R0,60,42,,A,none,qualification_r0_w60_b1024
tcn,temporal_r0,4,test,fatigue,distraction,0,G2__qualification_r0_w60_b1024__tcn__r0__w60__fold_4__seed_42,G2,R0,60,42,,A,none,qualification_r0_w60_b1024
tcn,temporal_r0,4,test,distraction,alert,96,G2__qualification_r0_w60_b1024__tcn__r0__w60__fold_4__seed_42,G2,R0,60,42,,A,none,qualification_r0_w60_b1024
tcn,temporal_r0,4,test,distraction,fatigue,0,G2__qualification_r0_w60_b1024__tcn__r0__w60__fold_4__seed_42,G2,R0,60,42,,A,none,qualification_r0_w60_b1024
tcn,temporal_r0,4,test,distraction,distraction,42,G2__qualification_r0_w60_b1024__tcn__r0__w60__fold_4__seed_42,G2,R0,60,42,,A,none,qualification_r0_w60_b1024
transformer,temporal_r0,1,validation,alert,alert,953,G2__qualification_r0_w150_b1024__transformer__r0__w150__fold_1__seed_42,G2,R0,150,42,,A,none,qualification_r0_w150_b1024
transformer,temporal_r0,1,validation,alert,fatigue,0,G2__qualification_r0_w150_b1024__transformer__r0__w150__fold_1__seed_42,G2,R0,150,42,,A,none,qualification_r0_w150_b1024
transformer,temporal_r0,1,validation,alert,distraction,46,G2__qualification_r0_w150_b1024__transformer__r0__w150__fold_1__seed_42,G2,R0,150,42,,A,none,qualification_r0_w150_b1024
transformer,temporal_r0,1,validation,fatigue,alert,1,G2__qualification_r0_w150_b1024__transformer__r0__w150__fold_1__seed_42,G2,R0,150,42,,A,none,qualification_r0_w150_b1024
transformer,temporal_r0,1,validation,fatigue,fatigue,0,G2__qualification_r0_w150_b1024__transformer__r0__w150__fold_1__seed_42,G2,R0,150,42,,A,none,qualification_r0_w150_b1024
transformer,temporal_r0,1,validation,fatigue,distraction,0,G2__qualification_r0_w150_b1024__transformer__r0__w150__fold_1__seed_42,G2,R0,150,42,,A,none,qualification_r0_w150_b1024
transformer,temporal_r0,1,validation,distraction,alert,118,G2__qualification_r0_w150_b1024__transformer__r0__w150__fold_1__seed_42,G2,R0,150,42,,A,none,qualification_r0_w150_b1024
transformer,temporal_r0,1,validation,distraction,fatigue,0,G2__qualification_r0_w150_b1024__transformer__r0__w150__fold_1__seed_42,G2,R0,150,42,,A,none,qualification_r0_w150_b1024
transformer,temporal_r0,1,validation,distraction,distraction,37,G2__qualification_r0_w150_b1024__transformer__r0__w150__fold_1__seed_42,G2,R0,150,42,,A,none,qualification_r0_w150_b1024
transformer,temporal_r0,1,test,alert,alert,1016,G2__qualification_r0_w150_b1024__transformer__r0__w150__fold_1__seed_42,G2,R0,150,42,,A,none,qualification_r0_w150_b1024
transformer,temporal_r0,1,test,alert,fatigue,0,G2__qualification_r0_w150_b1024__transformer__r0__w150__fold_1__seed_42,G2,R0,150,42,,A,none,qualification_r0_w150_b1024
transformer,temporal_r0,1,test,alert,distraction,74,G2__qualification_r0_w150_b1024__transformer__r0__w150__fold_1__seed_42,G2,R0,150,42,,A,none,qualification_r0_w150_b1024
transformer,temporal_r0,1,test,fatigue,alert,44,G2__qualification_r0_w150_b1024__transformer__r0__w150__fold_1__seed_42,G2,R0,150,42,,A,none,qualification_r0_w150_b1024
transformer,temporal_r0,1,test,fatigue,fatigue,0,G2__qualification_r0_w150_b1024__transformer__r0__w150__fold_1__seed_42,G2,R0,150,42,,A,none,qualification_r0_w150_b1024
transformer,temporal_r0,1,test,fatigue,distraction,18,G2__qualification_r0_w150_b1024__transformer__r0__w150__fold_1__seed_42,G2,R0,150,42,,A,none,qualification_r0_w150_b1024
transformer,temporal_r0,1,test,distraction,alert,122,G2__qualification_r0_w150_b1024__transformer__r0__w150__fold_1__seed_42,G2,R0,150,42,,A,none,qualification_r0_w150_b1024
transformer,temporal_r0,1,test,distraction,fatigue,0,G2__qualification_r0_w150_b1024__transformer__r0__w150__fold_1__seed_42,G2,R0,150,42,,A,none,qualification_r0_w150_b1024
transformer,temporal_r0,1,test,distraction,distraction,254,G2__qualification_r0_w150_b1024__transformer__r0__w150__fold_1__seed_42,G2,R0,150,42,,A,none,qualification_r0_w150_b1024
transformer,temporal_r0,2,validation,alert,alert,955,G2__qualification_r0_w150_b1024__transformer__r0__w150__fold_2__seed_42,G2,R0,150,42,,A,none,qualification_r0_w150_b1024
transformer,temporal_r0,2,validation,alert,fatigue,0,G2__qualification_r0_w150_b1024__transformer__r0__w150__fold_2__seed_42,G2,R0,150,42,,A,none,qualification_r0_w150_b1024
transformer,temporal_r0,2,validation,alert,distraction,119,G2__qualification_r0_w150_b1024__transformer__r0__w150__fold_2__seed_42,G2,R0,150,42,,A,none,qualification_r0_w150_b1024
transformer,temporal_r0,2,validation,fatigue,alert,12,G2__qualification_r0_w150_b1024__transformer__r0__w150__fold_2__seed_42,G2,R0,150,42,,A,none,qualification_r0_w150_b1024
transformer,temporal_r0,2,validation,fatigue,fatigue,0,G2__qualification_r0_w150_b1024__transformer__r0__w150__fold_2__seed_42,G2,R0,150,42,,A,none,qualification_r0_w150_b1024
transformer,temporal_r0,2,validation,fatigue,distraction,0,G2__qualification_r0_w150_b1024__transformer__r0__w150__fold_2__seed_42,G2,R0,150,42,,A,none,qualification_r0_w150_b1024
transformer,temporal_r0,2,validation,distraction,alert,39,G2__qualification_r0_w150_b1024__transformer__r0__w150__fold_2__seed_42,G2,R0,150,42,,A,none,qualification_r0_w150_b1024
transformer,temporal_r0,2,validation,distraction,fatigue,0,G2__qualification_r0_w150_b1024__transformer__r0__w150__fold_2__seed_42,G2,R0,150,42,,A,none,qualification_r0_w150_b1024
transformer,temporal_r0,2,validation,distraction,distraction,35,G2__qualification_r0_w150_b1024__transformer__r0__w150__fold_2__seed_42,G2,R0,150,42,,A,none,qualification_r0_w150_b1024
transformer,temporal_r0,2,test,alert,alert,1461,G2__qualification_r0_w150_b1024__transformer__r0__w150__fold_2__seed_42,G2,R0,150,42,,A,none,qualification_r0_w150_b1024
transformer,temporal_r0,2,test,alert,fatigue,0,G2__qualification_r0_w150_b1024__transformer__r0__w150__fold_2__seed_42,G2,R0,150,42,,A,none,qualification_r0_w150_b1024
transformer,temporal_r0,2,test,alert,distraction,99,G2__qualification_r0_w150_b1024__transformer__r0__w150__fold_2__seed_42,G2,R0,150,42,,A,none,qualification_r0_w150_b1024
transformer,temporal_r0,2,test,fatigue,alert,0,G2__qualification_r0_w150_b1024__transformer__r0__w150__fold_2__seed_42,G2,R0,150,42,,A,none,qualification_r0_w150_b1024
transformer,temporal_r0,2,test,fatigue,fatigue,0,G2__qualification_r0_w150_b1024__transformer__r0__w150__fold_2__seed_42,G2,R0,150,42,,A,none,qualification_r0_w150_b1024
transformer,temporal_r0,2,test,fatigue,distraction,0,G2__qualification_r0_w150_b1024__transformer__r0__w150__fold_2__seed_42,G2,R0,150,42,,A,none,qualification_r0_w150_b1024
transformer,temporal_r0,2,test,distraction,alert,99,G2__qualification_r0_w150_b1024__transformer__r0__w150__fold_2__seed_42,G2,R0,150,42,,A,none,qualification_r0_w150_b1024
transformer,temporal_r0,2,test,distraction,fatigue,0,G2__qualification_r0_w150_b1024__transformer__r0__w150__fold_2__seed_42,G2,R0,150,42,,A,none,qualification_r0_w150_b1024
transformer,temporal_r0,2,test,distraction,distraction,182,G2__qualification_r0_w150_b1024__transformer__r0__w150__fold_2__seed_42,G2,R0,150,42,,A,none,qualification_r0_w150_b1024
transformer,temporal_r0,3,validation,alert,alert,857,G2__qualification_r0_w150_b1024__transformer__r0__w150__fold_3__seed_42,G2,R0,150,42,,A,none,qualification_r0_w150_b1024
transformer,temporal_r0,3,validation,alert,fatigue,0,G2__qualification_r0_w150_b1024__transformer__r0__w150__fold_3__seed_42,G2,R0,150,42,,A,none,qualification_r0_w150_b1024
transformer,temporal_r0,3,validation,alert,distraction,112,G2__qualification_r0_w150_b1024__transformer__r0__w150__fold_3__seed_42,G2,R0,150,42,,A,none,qualification_r0_w150_b1024
transformer,temporal_r0,3,validation,fatigue,alert,11,G2__qualification_r0_w150_b1024__transformer__r0__w150__fold_3__seed_42,G2,R0,150,42,,A,none,qualification_r0_w150_b1024
transformer,temporal_r0,3,validation,fatigue,fatigue,0,G2__qualification_r0_w150_b1024__transformer__r0__w150__fold_3__seed_42,G2,R0,150,42,,A,none,qualification_r0_w150_b1024
transformer,temporal_r0,3,validation,fatigue,distraction,0,G2__qualification_r0_w150_b1024__transformer__r0__w150__fold_3__seed_42,G2,R0,150,42,,A,none,qualification_r0_w150_b1024
transformer,temporal_r0,3,validation,distraction,alert,102,G2__qualification_r0_w150_b1024__transformer__r0__w150__fold_3__seed_42,G2,R0,150,42,,A,none,qualification_r0_w150_b1024
transformer,temporal_r0,3,validation,distraction,fatigue,0,G2__qualification_r0_w150_b1024__transformer__r0__w150__fold_3__seed_42,G2,R0,150,42,,A,none,qualification_r0_w150_b1024
transformer,temporal_r0,3,validation,distraction,distraction,43,G2__qualification_r0_w150_b1024__transformer__r0__w150__fold_3__seed_42,G2,R0,150,42,,A,none,qualification_r0_w150_b1024
transformer,temporal_r0,3,test,alert,alert,1294,G2__qualification_r0_w150_b1024__transformer__r0__w150__fold_3__seed_42,G2,R0,150,42,,A,none,qualification_r0_w150_b1024
transformer,temporal_r0,3,test,alert,fatigue,0,G2__qualification_r0_w150_b1024__transformer__r0__w150__fold_3__seed_42,G2,R0,150,42,,A,none,qualification_r0_w150_b1024
transformer,temporal_r0,3,test,alert,distraction,71,G2__qualification_r0_w150_b1024__transformer__r0__w150__fold_3__seed_42,G2,R0,150,42,,A,none,qualification_r0_w150_b1024
transformer,temporal_r0,3,test,fatigue,alert,22,G2__qualification_r0_w150_b1024__transformer__r0__w150__fold_3__seed_42,G2,R0,150,42,,A,none,qualification_r0_w150_b1024
transformer,temporal_r0,3,test,fatigue,fatigue,0,G2__qualification_r0_w150_b1024__transformer__r0__w150__fold_3__seed_42,G2,R0,150,42,,A,none,qualification_r0_w150_b1024
transformer,temporal_r0,3,test,fatigue,distraction,0,G2__qualification_r0_w150_b1024__transformer__r0__w150__fold_3__seed_42,G2,R0,150,42,,A,none,qualification_r0_w150_b1024
transformer,temporal_r0,3,test,distraction,alert,64,G2__qualification_r0_w150_b1024__transformer__r0__w150__fold_3__seed_42,G2,R0,150,42,,A,none,qualification_r0_w150_b1024
transformer,temporal_r0,3,test,distraction,fatigue,0,G2__qualification_r0_w150_b1024__transformer__r0__w150__fold_3__seed_42,G2,R0,150,42,,A,none,qualification_r0_w150_b1024
transformer,temporal_r0,3,test,distraction,distraction,42,G2__qualification_r0_w150_b1024__transformer__r0__w150__fold_3__seed_42,G2,R0,150,42,,A,none,qualification_r0_w150_b1024
transformer,temporal_r0,4,validation,alert,alert,905,G2__qualification_r0_w150_b1024__transformer__r0__w150__fold_4__seed_42,G2,R0,150,42,,A,none,qualification_r0_w150_b1024
transformer,temporal_r0,4,validation,alert,fatigue,0,G2__qualification_r0_w150_b1024__transformer__r0__w150__fold_4__seed_42,G2,R0,150,42,,A,none,qualification_r0_w150_b1024
transformer,temporal_r0,4,validation,alert,distraction,97,G2__qualification_r0_w150_b1024__transformer__r0__w150__fold_4__seed_42,G2,R0,150,42,,A,none,qualification_r0_w150_b1024
transformer,temporal_r0,4,validation,fatigue,alert,12,G2__qualification_r0_w150_b1024__transformer__r0__w150__fold_4__seed_42,G2,R0,150,42,,A,none,qualification_r0_w150_b1024
transformer,temporal_r0,4,validation,fatigue,fatigue,0,G2__qualification_r0_w150_b1024__transformer__r0__w150__fold_4__seed_42,G2,R0,150,42,,A,none,qualification_r0_w150_b1024
transformer,temporal_r0,4,validation,fatigue,distraction,0,G2__qualification_r0_w150_b1024__transformer__r0__w150__fold_4__seed_42,G2,R0,150,42,,A,none,qualification_r0_w150_b1024
transformer,temporal_r0,4,validation,distraction,alert,51,G2__qualification_r0_w150_b1024__transformer__r0__w150__fold_4__seed_42,G2,R0,150,42,,A,none,qualification_r0_w150_b1024
transformer,temporal_r0,4,validation,distraction,fatigue,0,G2__qualification_r0_w150_b1024__transformer__r0__w150__fold_4__seed_42,G2,R0,150,42,,A,none,qualification_r0_w150_b1024
transformer,temporal_r0,4,validation,distraction,distraction,40,G2__qualification_r0_w150_b1024__transformer__r0__w150__fold_4__seed_42,G2,R0,150,42,,A,none,qualification_r0_w150_b1024
transformer,temporal_r0,4,test,alert,alert,812,G2__qualification_r0_w150_b1024__transformer__r0__w150__fold_4__seed_42,G2,R0,150,42,,A,none,qualification_r0_w150_b1024
transformer,temporal_r0,4,test,alert,fatigue,0,G2__qualification_r0_w150_b1024__transformer__r0__w150__fold_4__seed_42,G2,R0,150,42,,A,none,qualification_r0_w150_b1024
transformer,temporal_r0,4,test,alert,distraction,134,G2__qualification_r0_w150_b1024__transformer__r0__w150__fold_4__seed_42,G2,R0,150,42,,A,none,qualification_r0_w150_b1024
transformer,temporal_r0,4,test,fatigue,alert,0,G2__qualification_r0_w150_b1024__transformer__r0__w150__fold_4__seed_42,G2,R0,150,42,,A,none,qualification_r0_w150_b1024
transformer,temporal_r0,4,test,fatigue,fatigue,0,G2__qualification_r0_w150_b1024__transformer__r0__w150__fold_4__seed_42,G2,R0,150,42,,A,none,qualification_r0_w150_b1024
transformer,temporal_r0,4,test,fatigue,distraction,0,G2__qualification_r0_w150_b1024__transformer__r0__w150__fold_4__seed_42,G2,R0,150,42,,A,none,qualification_r0_w150_b1024
transformer,temporal_r0,4,test,distraction,alert,103,G2__qualification_r0_w150_b1024__transformer__r0__w150__fold_4__seed_42,G2,R0,150,42,,A,none,qualification_r0_w150_b1024
transformer,temporal_r0,4,test,distraction,fatigue,0,G2__qualification_r0_w150_b1024__transformer__r0__w150__fold_4__seed_42,G2,R0,150,42,,A,none,qualification_r0_w150_b1024
transformer,temporal_r0,4,test,distraction,distraction,27,G2__qualification_r0_w150_b1024__transformer__r0__w150__fold_4__seed_42,G2,R0,150,42,,A,none,qualification_r0_w150_b1024
transformer,temporal_r0,1,validation,alert,alert,759,G4__g4_b_class_weights_w150__transformer__r0__w150__fold_1__seed_42,G4,R0,150,42,,B,class_weights,g4_b_class_weights_w150
transformer,temporal_r0,1,validation,alert,fatigue,122,G4__g4_b_class_weights_w150__transformer__r0__w150__fold_1__seed_42,G4,R0,150,42,,B,class_weights,g4_b_class_weights_w150
transformer,temporal_r0,1,validation,alert,distraction,118,G4__g4_b_class_weights_w150__transformer__r0__w150__fold_1__seed_42,G4,R0,150,42,,B,class_weights,g4_b_class_weights_w150
transformer,temporal_r0,1,validation,fatigue,alert,1,G4__g4_b_class_weights_w150__transformer__r0__w150__fold_1__seed_42,G4,R0,150,42,,B,class_weights,g4_b_class_weights_w150
transformer,temporal_r0,1,validation,fatigue,fatigue,0,G4__g4_b_class_weights_w150__transformer__r0__w150__fold_1__seed_42,G4,R0,150,42,,B,class_weights,g4_b_class_weights_w150
transformer,temporal_r0,1,validation,fatigue,distraction,0,G4__g4_b_class_weights_w150__transformer__r0__w150__fold_1__seed_42,G4,R0,150,42,,B,class_weights,g4_b_class_weights_w150
transformer,temporal_r0,1,validation,distraction,alert,67,G4__g4_b_class_weights_w150__transformer__r0__w150__fold_1__seed_42,G4,R0,150,42,,B,class_weights,g4_b_class_weights_w150
transformer,temporal_r0,1,validation,distraction,fatigue,17,G4__g4_b_class_weights_w150__transformer__r0__w150__fold_1__seed_42,G4,R0,150,42,,B,class_weights,g4_b_class_weights_w150
transformer,temporal_r0,1,validation,distraction,distraction,71,G4__g4_b_class_weights_w150__transformer__r0__w150__fold_1__seed_42,G4,R0,150,42,,B,class_weights,g4_b_class_weights_w150
transformer,temporal_r0,1,test,alert,alert,659,G4__g4_b_class_weights_w150__transformer__r0__w150__fold_1__seed_42,G4,R0,150,42,,B,class_weights,g4_b_class_weights_w150
transformer,temporal_r0,1,test,alert,fatigue,9,G4__g4_b_class_weights_w150__transformer__r0__w150__fold_1__seed_42,G4,R0,150,42,,B,class_weights,g4_b_class_weights_w150
transformer,temporal_r0,1,test,alert,distraction,422,G4__g4_b_class_weights_w150__transformer__r0__w150__fold_1__seed_42,G4,R0,150,42,,B,class_weights,g4_b_class_weights_w150
transformer,temporal_r0,1,test,fatigue,alert,6,G4__g4_b_class_weights_w150__transformer__r0__w150__fold_1__seed_42,G4,R0,150,42,,B,class_weights,g4_b_class_weights_w150
transformer,temporal_r0,1,test,fatigue,fatigue,0,G4__g4_b_class_weights_w150__transformer__r0__w150__fold_1__seed_42,G4,R0,150,42,,B,class_weights,g4_b_class_weights_w150
transformer,temporal_r0,1,test,fatigue,distraction,56,G4__g4_b_class_weights_w150__transformer__r0__w150__fold_1__seed_42,G4,R0,150,42,,B,class_weights,g4_b_class_weights_w150
transformer,temporal_r0,1,test,distraction,alert,6,G4__g4_b_class_weights_w150__transformer__r0__w150__fold_1__seed_42,G4,R0,150,42,,B,class_weights,g4_b_class_weights_w150
transformer,temporal_r0,1,test,distraction,fatigue,3,G4__g4_b_class_weights_w150__transformer__r0__w150__fold_1__seed_42,G4,R0,150,42,,B,class_weights,g4_b_class_weights_w150
transformer,temporal_r0,1,test,distraction,distraction,367,G4__g4_b_class_weights_w150__transformer__r0__w150__fold_1__seed_42,G4,R0,150,42,,B,class_weights,g4_b_class_weights_w150
transformer,temporal_r0,2,validation,alert,alert,816,G4__g4_b_class_weights_w150__transformer__r0__w150__fold_2__seed_42,G4,R0,150,42,,B,class_weights,g4_b_class_weights_w150
transformer,temporal_r0,2,validation,alert,fatigue,20,G4__g4_b_class_weights_w150__transformer__r0__w150__fold_2__seed_42,G4,R0,150,42,,B,class_weights,g4_b_class_weights_w150
transformer,temporal_r0,2,validation,alert,distraction,238,G4__g4_b_class_weights_w150__transformer__r0__w150__fold_2__seed_42,G4,R0,150,42,,B,class_weights,g4_b_class_weights_w150
transformer,temporal_r0,2,validation,fatigue,alert,12,G4__g4_b_class_weights_w150__transformer__r0__w150__fold_2__seed_42,G4,R0,150,42,,B,class_weights,g4_b_class_weights_w150
transformer,temporal_r0,2,validation,fatigue,fatigue,0,G4__g4_b_class_weights_w150__transformer__r0__w150__fold_2__seed_42,G4,R0,150,42,,B,class_weights,g4_b_class_weights_w150
transformer,temporal_r0,2,validation,fatigue,distraction,0,G4__g4_b_class_weights_w150__transformer__r0__w150__fold_2__seed_42,G4,R0,150,42,,B,class_weights,g4_b_class_weights_w150
transformer,temporal_r0,2,validation,distraction,alert,32,G4__g4_b_class_weights_w150__transformer__r0__w150__fold_2__seed_42,G4,R0,150,42,,B,class_weights,g4_b_class_weights_w150
transformer,temporal_r0,2,validation,distraction,fatigue,0,G4__g4_b_class_weights_w150__transformer__r0__w150__fold_2__seed_42,G4,R0,150,42,,B,class_weights,g4_b_class_weights_w150
transformer,temporal_r0,2,validation,distraction,distraction,42,G4__g4_b_class_weights_w150__transformer__r0__w150__fold_2__seed_42,G4,R0,150,42,,B,class_weights,g4_b_class_weights_w150
transformer,temporal_r0,2,test,alert,alert,1403,G4__g4_b_class_weights_w150__transformer__r0__w150__fold_2__seed_42,G4,R0,150,42,,B,class_weights,g4_b_class_weights_w150
transformer,temporal_r0,2,test,alert,fatigue,31,G4__g4_b_class_weights_w150__transformer__r0__w150__fold_2__seed_42,G4,R0,150,42,,B,class_weights,g4_b_class_weights_w150
transformer,temporal_r0,2,test,alert,distraction,126,G4__g4_b_class_weights_w150__transformer__r0__w150__fold_2__seed_42,G4,R0,150,42,,B,class_weights,g4_b_class_weights_w150
transformer,temporal_r0,2,test,fatigue,alert,0,G4__g4_b_class_weights_w150__transformer__r0__w150__fold_2__seed_42,G4,R0,150,42,,B,class_weights,g4_b_class_weights_w150
transformer,temporal_r0,2,test,fatigue,fatigue,0,G4__g4_b_class_weights_w150__transformer__r0__w150__fold_2__seed_42,G4,R0,150,42,,B,class_weights,g4_b_class_weights_w150
transformer,temporal_r0,2,test,fatigue,distraction,0,G4__g4_b_class_weights_w150__transformer__r0__w150__fold_2__seed_42,G4,R0,150,42,,B,class_weights,g4_b_class_weights_w150
transformer,temporal_r0,2,test,distraction,alert,82,G4__g4_b_class_weights_w150__transformer__r0__w150__fold_2__seed_42,G4,R0,150,42,,B,class_weights,g4_b_class_weights_w150
transformer,temporal_r0,2,test,distraction,fatigue,14,G4__g4_b_class_weights_w150__transformer__r0__w150__fold_2__seed_42,G4,R0,150,42,,B,class_weights,g4_b_class_weights_w150
transformer,temporal_r0,2,test,distraction,distraction,185,G4__g4_b_class_weights_w150__transformer__r0__w150__fold_2__seed_42,G4,R0,150,42,,B,class_weights,g4_b_class_weights_w150
transformer,temporal_r0,3,validation,alert,alert,737,G4__g4_b_class_weights_w150__transformer__r0__w150__fold_3__seed_42,G4,R0,150,42,,B,class_weights,g4_b_class_weights_w150
transformer,temporal_r0,3,validation,alert,fatigue,40,G4__g4_b_class_weights_w150__transformer__r0__w150__fold_3__seed_42,G4,R0,150,42,,B,class_weights,g4_b_class_weights_w150
transformer,temporal_r0,3,validation,alert,distraction,192,G4__g4_b_class_weights_w150__transformer__r0__w150__fold_3__seed_42,G4,R0,150,42,,B,class_weights,g4_b_class_weights_w150
transformer,temporal_r0,3,validation,fatigue,alert,11,G4__g4_b_class_weights_w150__transformer__r0__w150__fold_3__seed_42,G4,R0,150,42,,B,class_weights,g4_b_class_weights_w150
transformer,temporal_r0,3,validation,fatigue,fatigue,0,G4__g4_b_class_weights_w150__transformer__r0__w150__fold_3__seed_42,G4,R0,150,42,,B,class_weights,g4_b_class_weights_w150
transformer,temporal_r0,3,validation,fatigue,distraction,0,G4__g4_b_class_weights_w150__transformer__r0__w150__fold_3__seed_42,G4,R0,150,42,,B,class_weights,g4_b_class_weights_w150
transformer,temporal_r0,3,validation,distraction,alert,71,G4__g4_b_class_weights_w150__transformer__r0__w150__fold_3__seed_42,G4,R0,150,42,,B,class_weights,g4_b_class_weights_w150
transformer,temporal_r0,3,validation,distraction,fatigue,4,G4__g4_b_class_weights_w150__transformer__r0__w150__fold_3__seed_42,G4,R0,150,42,,B,class_weights,g4_b_class_weights_w150
transformer,temporal_r0,3,validation,distraction,distraction,70,G4__g4_b_class_weights_w150__transformer__r0__w150__fold_3__seed_42,G4,R0,150,42,,B,class_weights,g4_b_class_weights_w150
transformer,temporal_r0,3,test,alert,alert,1253,G4__g4_b_class_weights_w150__transformer__r0__w150__fold_3__seed_42,G4,R0,150,42,,B,class_weights,g4_b_class_weights_w150
transformer,temporal_r0,3,test,alert,fatigue,8,G4__g4_b_class_weights_w150__transformer__r0__w150__fold_3__seed_42,G4,R0,150,42,,B,class_weights,g4_b_class_weights_w150
transformer,temporal_r0,3,test,alert,distraction,104,G4__g4_b_class_weights_w150__transformer__r0__w150__fold_3__seed_42,G4,R0,150,42,,B,class_weights,g4_b_class_weights_w150
transformer,temporal_r0,3,test,fatigue,alert,16,G4__g4_b_class_weights_w150__transformer__r0__w150__fold_3__seed_42,G4,R0,150,42,,B,class_weights,g4_b_class_weights_w150
transformer,temporal_r0,3,test,fatigue,fatigue,0,G4__g4_b_class_weights_w150__transformer__r0__w150__fold_3__seed_42,G4,R0,150,42,,B,class_weights,g4_b_class_weights_w150
transformer,temporal_r0,3,test,fatigue,distraction,6,G4__g4_b_class_weights_w150__transformer__r0__w150__fold_3__seed_42,G4,R0,150,42,,B,class_weights,g4_b_class_weights_w150
transformer,temporal_r0,3,test,distraction,alert,30,G4__g4_b_class_weights_w150__transformer__r0__w150__fold_3__seed_42,G4,R0,150,42,,B,class_weights,g4_b_class_weights_w150
transformer,temporal_r0,3,test,distraction,fatigue,10,G4__g4_b_class_weights_w150__transformer__r0__w150__fold_3__seed_42,G4,R0,150,42,,B,class_weights,g4_b_class_weights_w150
transformer,temporal_r0,3,test,distraction,distraction,66,G4__g4_b_class_weights_w150__transformer__r0__w150__fold_3__seed_42,G4,R0,150,42,,B,class_weights,g4_b_class_weights_w150
transformer,temporal_r0,4,validation,alert,alert,689,G4__g4_b_class_weights_w150__transformer__r0__w150__fold_4__seed_42,G4,R0,150,42,,B,class_weights,g4_b_class_weights_w150
transformer,temporal_r0,4,validation,alert,fatigue,171,G4__g4_b_class_weights_w150__transformer__r0__w150__fold_4__seed_42,G4,R0,150,42,,B,class_weights,g4_b_class_weights_w150
transformer,temporal_r0,4,validation,alert,distraction,142,G4__g4_b_class_weights_w150__transformer__r0__w150__fold_4__seed_42,G4,R0,150,42,,B,class_weights,g4_b_class_weights_w150
transformer,temporal_r0,4,validation,fatigue,alert,6,G4__g4_b_class_weights_w150__transformer__r0__w150__fold_4__seed_42,G4,R0,150,42,,B,class_weights,g4_b_class_weights_w150
transformer,temporal_r0,4,validation,fatigue,fatigue,6,G4__g4_b_class_weights_w150__transformer__r0__w150__fold_4__seed_42,G4,R0,150,42,,B,class_weights,g4_b_class_weights_w150
transformer,temporal_r0,4,validation,fatigue,distraction,0,G4__g4_b_class_weights_w150__transformer__r0__w150__fold_4__seed_42,G4,R0,150,42,,B,class_weights,g4_b_class_weights_w150
transformer,temporal_r0,4,validation,distraction,alert,37,G4__g4_b_class_weights_w150__transformer__r0__w150__fold_4__seed_42,G4,R0,150,42,,B,class_weights,g4_b_class_weights_w150
transformer,temporal_r0,4,validation,distraction,fatigue,12,G4__g4_b_class_weights_w150__transformer__r0__w150__fold_4__seed_42,G4,R0,150,42,,B,class_weights,g4_b_class_weights_w150
transformer,temporal_r0,4,validation,distraction,distraction,42,G4__g4_b_class_weights_w150__transformer__r0__w150__fold_4__seed_42,G4,R0,150,42,,B,class_weights,g4_b_class_weights_w150
transformer,temporal_r0,4,test,alert,alert,682,G4__g4_b_class_weights_w150__transformer__r0__w150__fold_4__seed_42,G4,R0,150,42,,B,class_weights,g4_b_class_weights_w150
transformer,temporal_r0,4,test,alert,fatigue,82,G4__g4_b_class_weights_w150__transformer__r0__w150__fold_4__seed_42,G4,R0,150,42,,B,class_weights,g4_b_class_weights_w150
transformer,temporal_r0,4,test,alert,distraction,182,G4__g4_b_class_weights_w150__transformer__r0__w150__fold_4__seed_42,G4,R0,150,42,,B,class_weights,g4_b_class_weights_w150
transformer,temporal_r0,4,test,fatigue,alert,0,G4__g4_b_class_weights_w150__transformer__r0__w150__fold_4__seed_42,G4,R0,150,42,,B,class_weights,g4_b_class_weights_w150
transformer,temporal_r0,4,test,fatigue,fatigue,0,G4__g4_b_class_weights_w150__transformer__r0__w150__fold_4__seed_42,G4,R0,150,42,,B,class_weights,g4_b_class_weights_w150
transformer,temporal_r0,4,test,fatigue,distraction,0,G4__g4_b_class_weights_w150__transformer__r0__w150__fold_4__seed_42,G4,R0,150,42,,B,class_weights,g4_b_class_weights_w150
transformer,temporal_r0,4,test,distraction,alert,65,G4__g4_b_class_weights_w150__transformer__r0__w150__fold_4__seed_42,G4,R0,150,42,,B,class_weights,g4_b_class_weights_w150
transformer,temporal_r0,4,test,distraction,fatigue,14,G4__g4_b_class_weights_w150__transformer__r0__w150__fold_4__seed_42,G4,R0,150,42,,B,class_weights,g4_b_class_weights_w150
transformer,temporal_r0,4,test,distraction,distraction,51,G4__g4_b_class_weights_w150__transformer__r0__w150__fold_4__seed_42,G4,R0,150,42,,B,class_weights,g4_b_class_weights_w150
lstm,temporal_r0,1,validation,alert,alert,852,G4__g4_b_class_weights_w60__lstm__r0__w60__fold_1__seed_42,G4,R0,60,42,,B,class_weights,g4_b_class_weights_w60
lstm,temporal_r0,1,validation,alert,fatigue,19,G4__g4_b_class_weights_w60__lstm__r0__w60__fold_1__seed_42,G4,R0,60,42,,B,class_weights,g4_b_class_weights_w60
lstm,temporal_r0,1,validation,alert,distraction,143,G4__g4_b_class_weights_w60__lstm__r0__w60__fold_1__seed_42,G4,R0,60,42,,B,class_weights,g4_b_class_weights_w60
lstm,temporal_r0,1,validation,fatigue,alert,2,G4__g4_b_class_weights_w60__lstm__r0__w60__fold_1__seed_42,G4,R0,60,42,,B,class_weights,g4_b_class_weights_w60
lstm,temporal_r0,1,validation,fatigue,fatigue,2,G4__g4_b_class_weights_w60__lstm__r0__w60__fold_1__seed_42,G4,R0,60,42,,B,class_weights,g4_b_class_weights_w60
lstm,temporal_r0,1,validation,fatigue,distraction,0,G4__g4_b_class_weights_w60__lstm__r0__w60__fold_1__seed_42,G4,R0,60,42,,B,class_weights,g4_b_class_weights_w60
lstm,temporal_r0,1,validation,distraction,alert,89,G4__g4_b_class_weights_w60__lstm__r0__w60__fold_1__seed_42,G4,R0,60,42,,B,class_weights,g4_b_class_weights_w60
lstm,temporal_r0,1,validation,distraction,fatigue,3,G4__g4_b_class_weights_w60__lstm__r0__w60__fold_1__seed_42,G4,R0,60,42,,B,class_weights,g4_b_class_weights_w60
lstm,temporal_r0,1,validation,distraction,distraction,70,G4__g4_b_class_weights_w60__lstm__r0__w60__fold_1__seed_42,G4,R0,60,42,,B,class_weights,g4_b_class_weights_w60
lstm,temporal_r0,1,test,alert,alert,734,G4__g4_b_class_weights_w60__lstm__r0__w60__fold_1__seed_42,G4,R0,60,42,,B,class_weights,g4_b_class_weights_w60
lstm,temporal_r0,1,test,alert,fatigue,174,G4__g4_b_class_weights_w60__lstm__r0__w60__fold_1__seed_42,G4,R0,60,42,,B,class_weights,g4_b_class_weights_w60
lstm,temporal_r0,1,test,alert,distraction,180,G4__g4_b_class_weights_w60__lstm__r0__w60__fold_1__seed_42,G4,R0,60,42,,B,class_weights,g4_b_class_weights_w60
lstm,temporal_r0,1,test,fatigue,alert,21,G4__g4_b_class_weights_w60__lstm__r0__w60__fold_1__seed_42,G4,R0,60,42,,B,class_weights,g4_b_class_weights_w60
lstm,temporal_r0,1,test,fatigue,fatigue,5,G4__g4_b_class_weights_w60__lstm__r0__w60__fold_1__seed_42,G4,R0,60,42,,B,class_weights,g4_b_class_weights_w60
lstm,temporal_r0,1,test,fatigue,distraction,41,G4__g4_b_class_weights_w60__lstm__r0__w60__fold_1__seed_42,G4,R0,60,42,,B,class_weights,g4_b_class_weights_w60
lstm,temporal_r0,1,test,distraction,alert,28,G4__g4_b_class_weights_w60__lstm__r0__w60__fold_1__seed_42,G4,R0,60,42,,B,class_weights,g4_b_class_weights_w60
lstm,temporal_r0,1,test,distraction,fatigue,51,G4__g4_b_class_weights_w60__lstm__r0__w60__fold_1__seed_42,G4,R0,60,42,,B,class_weights,g4_b_class_weights_w60
lstm,temporal_r0,1,test,distraction,distraction,300,G4__g4_b_class_weights_w60__lstm__r0__w60__fold_1__seed_42,G4,R0,60,42,,B,class_weights,g4_b_class_weights_w60
lstm,temporal_r0,2,validation,alert,alert,829,G4__g4_b_class_weights_w60__lstm__r0__w60__fold_2__seed_42,G4,R0,60,42,,B,class_weights,g4_b_class_weights_w60
lstm,temporal_r0,2,validation,alert,fatigue,1,G4__g4_b_class_weights_w60__lstm__r0__w60__fold_2__seed_42,G4,R0,60,42,,B,class_weights,g4_b_class_weights_w60
lstm,temporal_r0,2,validation,alert,distraction,250,G4__g4_b_class_weights_w60__lstm__r0__w60__fold_2__seed_42,G4,R0,60,42,,B,class_weights,g4_b_class_weights_w60
lstm,temporal_r0,2,validation,fatigue,alert,8,G4__g4_b_class_weights_w60__lstm__r0__w60__fold_2__seed_42,G4,R0,60,42,,B,class_weights,g4_b_class_weights_w60
lstm,temporal_r0,2,validation,fatigue,fatigue,0,G4__g4_b_class_weights_w60__lstm__r0__w60__fold_2__seed_42,G4,R0,60,42,,B,class_weights,g4_b_class_weights_w60
lstm,temporal_r0,2,validation,fatigue,distraction,9,G4__g4_b_class_weights_w60__lstm__r0__w60__fold_2__seed_42,G4,R0,60,42,,B,class_weights,g4_b_class_weights_w60
lstm,temporal_r0,2,validation,distraction,alert,45,G4__g4_b_class_weights_w60__lstm__r0__w60__fold_2__seed_42,G4,R0,60,42,,B,class_weights,g4_b_class_weights_w60
lstm,temporal_r0,2,validation,distraction,fatigue,0,G4__g4_b_class_weights_w60__lstm__r0__w60__fold_2__seed_42,G4,R0,60,42,,B,class_weights,g4_b_class_weights_w60
lstm,temporal_r0,2,validation,distraction,distraction,31,G4__g4_b_class_weights_w60__lstm__r0__w60__fold_2__seed_42,G4,R0,60,42,,B,class_weights,g4_b_class_weights_w60
lstm,temporal_r0,2,test,alert,alert,1435,G4__g4_b_class_weights_w60__lstm__r0__w60__fold_2__seed_42,G4,R0,60,42,,B,class_weights,g4_b_class_weights_w60
lstm,temporal_r0,2,test,alert,fatigue,1,G4__g4_b_class_weights_w60__lstm__r0__w60__fold_2__seed_42,G4,R0,60,42,,B,class_weights,g4_b_class_weights_w60
lstm,temporal_r0,2,test,alert,distraction,135,G4__g4_b_class_weights_w60__lstm__r0__w60__fold_2__seed_42,G4,R0,60,42,,B,class_weights,g4_b_class_weights_w60
lstm,temporal_r0,2,test,fatigue,alert,0,G4__g4_b_class_weights_w60__lstm__r0__w60__fold_2__seed_42,G4,R0,60,42,,B,class_weights,g4_b_class_weights_w60
lstm,temporal_r0,2,test,fatigue,fatigue,0,G4__g4_b_class_weights_w60__lstm__r0__w60__fold_2__seed_42,G4,R0,60,42,,B,class_weights,g4_b_class_weights_w60
lstm,temporal_r0,2,test,fatigue,distraction,0,G4__g4_b_class_weights_w60__lstm__r0__w60__fold_2__seed_42,G4,R0,60,42,,B,class_weights,g4_b_class_weights_w60
lstm,temporal_r0,2,test,distraction,alert,105,G4__g4_b_class_weights_w60__lstm__r0__w60__fold_2__seed_42,G4,R0,60,42,,B,class_weights,g4_b_class_weights_w60
lstm,temporal_r0,2,test,distraction,fatigue,0,G4__g4_b_class_weights_w60__lstm__r0__w60__fold_2__seed_42,G4,R0,60,42,,B,class_weights,g4_b_class_weights_w60
lstm,temporal_r0,2,test,distraction,distraction,188,G4__g4_b_class_weights_w60__lstm__r0__w60__fold_2__seed_42,G4,R0,60,42,,B,class_weights,g4_b_class_weights_w60
lstm,temporal_r0,3,validation,alert,alert,695,G4__g4_b_class_weights_w60__lstm__r0__w60__fold_3__seed_42,G4,R0,60,42,,B,class_weights,g4_b_class_weights_w60
lstm,temporal_r0,3,validation,alert,fatigue,110,G4__g4_b_class_weights_w60__lstm__r0__w60__fold_3__seed_42,G4,R0,60,42,,B,class_weights,g4_b_class_weights_w60
lstm,temporal_r0,3,validation,alert,distraction,181,G4__g4_b_class_weights_w60__lstm__r0__w60__fold_3__seed_42,G4,R0,60,42,,B,class_weights,g4_b_class_weights_w60
lstm,temporal_r0,3,validation,fatigue,alert,6,G4__g4_b_class_weights_w60__lstm__r0__w60__fold_3__seed_42,G4,R0,60,42,,B,class_weights,g4_b_class_weights_w60
lstm,temporal_r0,3,validation,fatigue,fatigue,7,G4__g4_b_class_weights_w60__lstm__r0__w60__fold_3__seed_42,G4,R0,60,42,,B,class_weights,g4_b_class_weights_w60
lstm,temporal_r0,3,validation,fatigue,distraction,0,G4__g4_b_class_weights_w60__lstm__r0__w60__fold_3__seed_42,G4,R0,60,42,,B,class_weights,g4_b_class_weights_w60
lstm,temporal_r0,3,validation,distraction,alert,88,G4__g4_b_class_weights_w60__lstm__r0__w60__fold_3__seed_42,G4,R0,60,42,,B,class_weights,g4_b_class_weights_w60
lstm,temporal_r0,3,validation,distraction,fatigue,4,G4__g4_b_class_weights_w60__lstm__r0__w60__fold_3__seed_42,G4,R0,60,42,,B,class_weights,g4_b_class_weights_w60
lstm,temporal_r0,3,validation,distraction,distraction,60,G4__g4_b_class_weights_w60__lstm__r0__w60__fold_3__seed_42,G4,R0,60,42,,B,class_weights,g4_b_class_weights_w60
lstm,temporal_r0,3,test,alert,alert,1191,G4__g4_b_class_weights_w60__lstm__r0__w60__fold_3__seed_42,G4,R0,60,42,,B,class_weights,g4_b_class_weights_w60
lstm,temporal_r0,3,test,alert,fatigue,33,G4__g4_b_class_weights_w60__lstm__r0__w60__fold_3__seed_42,G4,R0,60,42,,B,class_weights,g4_b_class_weights_w60
lstm,temporal_r0,3,test,alert,distraction,143,G4__g4_b_class_weights_w60__lstm__r0__w60__fold_3__seed_42,G4,R0,60,42,,B,class_weights,g4_b_class_weights_w60
lstm,temporal_r0,3,test,fatigue,alert,14,G4__g4_b_class_weights_w60__lstm__r0__w60__fold_3__seed_42,G4,R0,60,42,,B,class_weights,g4_b_class_weights_w60
lstm,temporal_r0,3,test,fatigue,fatigue,4,G4__g4_b_class_weights_w60__lstm__r0__w60__fold_3__seed_42,G4,R0,60,42,,B,class_weights,g4_b_class_weights_w60
lstm,temporal_r0,3,test,fatigue,distraction,3,G4__g4_b_class_weights_w60__lstm__r0__w60__fold_3__seed_42,G4,R0,60,42,,B,class_weights,g4_b_class_weights_w60
lstm,temporal_r0,3,test,distraction,alert,33,G4__g4_b_class_weights_w60__lstm__r0__w60__fold_3__seed_42,G4,R0,60,42,,B,class_weights,g4_b_class_weights_w60
lstm,temporal_r0,3,test,distraction,fatigue,12,G4__g4_b_class_weights_w60__lstm__r0__w60__fold_3__seed_42,G4,R0,60,42,,B,class_weights,g4_b_class_weights_w60
lstm,temporal_r0,3,test,distraction,distraction,67,G4__g4_b_class_weights_w60__lstm__r0__w60__fold_3__seed_42,G4,R0,60,42,,B,class_weights,g4_b_class_weights_w60
lstm,temporal_r0,4,validation,alert,alert,711,G4__g4_b_class_weights_w60__lstm__r0__w60__fold_4__seed_42,G4,R0,60,42,,B,class_weights,g4_b_class_weights_w60
lstm,temporal_r0,4,validation,alert,fatigue,142,G4__g4_b_class_weights_w60__lstm__r0__w60__fold_4__seed_42,G4,R0,60,42,,B,class_weights,g4_b_class_weights_w60
lstm,temporal_r0,4,validation,alert,distraction,159,G4__g4_b_class_weights_w60__lstm__r0__w60__fold_4__seed_42,G4,R0,60,42,,B,class_weights,g4_b_class_weights_w60
lstm,temporal_r0,4,validation,fatigue,alert,8,G4__g4_b_class_weights_w60__lstm__r0__w60__fold_4__seed_42,G4,R0,60,42,,B,class_weights,g4_b_class_weights_w60
lstm,temporal_r0,4,validation,fatigue,fatigue,9,G4__g4_b_class_weights_w60__lstm__r0__w60__fold_4__seed_42,G4,R0,60,42,,B,class_weights,g4_b_class_weights_w60
lstm,temporal_r0,4,validation,fatigue,distraction,0,G4__g4_b_class_weights_w60__lstm__r0__w60__fold_4__seed_42,G4,R0,60,42,,B,class_weights,g4_b_class_weights_w60
lstm,temporal_r0,4,validation,distraction,alert,49,G4__g4_b_class_weights_w60__lstm__r0__w60__fold_4__seed_42,G4,R0,60,42,,B,class_weights,g4_b_class_weights_w60
lstm,temporal_r0,4,validation,distraction,fatigue,1,G4__g4_b_class_weights_w60__lstm__r0__w60__fold_4__seed_42,G4,R0,60,42,,B,class_weights,g4_b_class_weights_w60
lstm,temporal_r0,4,validation,distraction,distraction,46,G4__g4_b_class_weights_w60__lstm__r0__w60__fold_4__seed_42,G4,R0,60,42,,B,class_weights,g4_b_class_weights_w60
lstm,temporal_r0,4,test,alert,alert,720,G4__g4_b_class_weights_w60__lstm__r0__w60__fold_4__seed_42,G4,R0,60,42,,B,class_weights,g4_b_class_weights_w60
lstm,temporal_r0,4,test,alert,fatigue,38,G4__g4_b_class_weights_w60__lstm__r0__w60__fold_4__seed_42,G4,R0,60,42,,B,class_weights,g4_b_class_weights_w60
lstm,temporal_r0,4,test,alert,distraction,199,G4__g4_b_class_weights_w60__lstm__r0__w60__fold_4__seed_42,G4,R0,60,42,,B,class_weights,g4_b_class_weights_w60
lstm,temporal_r0,4,test,fatigue,alert,0,G4__g4_b_class_weights_w60__lstm__r0__w60__fold_4__seed_42,G4,R0,60,42,,B,class_weights,g4_b_class_weights_w60
lstm,temporal_r0,4,test,fatigue,fatigue,0,G4__g4_b_class_weights_w60__lstm__r0__w60__fold_4__seed_42,G4,R0,60,42,,B,class_weights,g4_b_class_weights_w60
lstm,temporal_r0,4,test,fatigue,distraction,0,G4__g4_b_class_weights_w60__lstm__r0__w60__fold_4__seed_42,G4,R0,60,42,,B,class_weights,g4_b_class_weights_w60
lstm,temporal_r0,4,test,distraction,alert,81,G4__g4_b_class_weights_w60__lstm__r0__w60__fold_4__seed_42,G4,R0,60,42,,B,class_weights,g4_b_class_weights_w60
lstm,temporal_r0,4,test,distraction,fatigue,7,G4__g4_b_class_weights_w60__lstm__r0__w60__fold_4__seed_42,G4,R0,60,42,,B,class_weights,g4_b_class_weights_w60
lstm,temporal_r0,4,test,distraction,distraction,50,G4__g4_b_class_weights_w60__lstm__r0__w60__fold_4__seed_42,G4,R0,60,42,,B,class_weights,g4_b_class_weights_w60
svm,r0_flat,1,validation,alert,alert,856,G4__g4_b_class_weights_w60__svm__r0__w60__fold_1__seed_42,G4,R0,60,42,class_weights,B,class_weights,g4_b_class_weights_w60
svm,r0_flat,1,validation,alert,fatigue,9,G4__g4_b_class_weights_w60__svm__r0__w60__fold_1__seed_42,G4,R0,60,42,class_weights,B,class_weights,g4_b_class_weights_w60
svm,r0_flat,1,validation,alert,distraction,149,G4__g4_b_class_weights_w60__svm__r0__w60__fold_1__seed_42,G4,R0,60,42,class_weights,B,class_weights,g4_b_class_weights_w60
svm,r0_flat,1,validation,fatigue,alert,2,G4__g4_b_class_weights_w60__svm__r0__w60__fold_1__seed_42,G4,R0,60,42,class_weights,B,class_weights,g4_b_class_weights_w60
svm,r0_flat,1,validation,fatigue,fatigue,2,G4__g4_b_class_weights_w60__svm__r0__w60__fold_1__seed_42,G4,R0,60,42,class_weights,B,class_weights,g4_b_class_weights_w60
svm,r0_flat,1,validation,fatigue,distraction,0,G4__g4_b_class_weights_w60__svm__r0__w60__fold_1__seed_42,G4,R0,60,42,class_weights,B,class_weights,g4_b_class_weights_w60
svm,r0_flat,1,validation,distraction,alert,97,G4__g4_b_class_weights_w60__svm__r0__w60__fold_1__seed_42,G4,R0,60,42,class_weights,B,class_weights,g4_b_class_weights_w60
svm,r0_flat,1,validation,distraction,fatigue,0,G4__g4_b_class_weights_w60__svm__r0__w60__fold_1__seed_42,G4,R0,60,42,class_weights,B,class_weights,g4_b_class_weights_w60
svm,r0_flat,1,validation,distraction,distraction,65,G4__g4_b_class_weights_w60__svm__r0__w60__fold_1__seed_42,G4,R0,60,42,class_weights,B,class_weights,g4_b_class_weights_w60
svm,r0_flat,1,test,alert,alert,753,G4__g4_b_class_weights_w60__svm__r0__w60__fold_1__seed_42,G4,R0,60,42,class_weights,B,class_weights,g4_b_class_weights_w60
svm,r0_flat,1,test,alert,fatigue,6,G4__g4_b_class_weights_w60__svm__r0__w60__fold_1__seed_42,G4,R0,60,42,class_weights,B,class_weights,g4_b_class_weights_w60
svm,r0_flat,1,test,alert,distraction,329,G4__g4_b_class_weights_w60__svm__r0__w60__fold_1__seed_42,G4,R0,60,42,class_weights,B,class_weights,g4_b_class_weights_w60
svm,r0_flat,1,test,fatigue,alert,21,G4__g4_b_class_weights_w60__svm__r0__w60__fold_1__seed_42,G4,R0,60,42,class_weights,B,class_weights,g4_b_class_weights_w60
svm,r0_flat,1,test,fatigue,fatigue,0,G4__g4_b_class_weights_w60__svm__r0__w60__fold_1__seed_42,G4,R0,60,42,class_weights,B,class_weights,g4_b_class_weights_w60
svm,r0_flat,1,test,fatigue,distraction,46,G4__g4_b_class_weights_w60__svm__r0__w60__fold_1__seed_42,G4,R0,60,42,class_weights,B,class_weights,g4_b_class_weights_w60
svm,r0_flat,1,test,distraction,alert,89,G4__g4_b_class_weights_w60__svm__r0__w60__fold_1__seed_42,G4,R0,60,42,class_weights,B,class_weights,g4_b_class_weights_w60
svm,r0_flat,1,test,distraction,fatigue,2,G4__g4_b_class_weights_w60__svm__r0__w60__fold_1__seed_42,G4,R0,60,42,class_weights,B,class_weights,g4_b_class_weights_w60
svm,r0_flat,1,test,distraction,distraction,288,G4__g4_b_class_weights_w60__svm__r0__w60__fold_1__seed_42,G4,R0,60,42,class_weights,B,class_weights,g4_b_class_weights_w60
svm,r0_flat,2,validation,alert,alert,800,G4__g4_b_class_weights_w60__svm__r0__w60__fold_2__seed_42,G4,R0,60,42,class_weights,B,class_weights,g4_b_class_weights_w60
svm,r0_flat,2,validation,alert,fatigue,44,G4__g4_b_class_weights_w60__svm__r0__w60__fold_2__seed_42,G4,R0,60,42,class_weights,B,class_weights,g4_b_class_weights_w60
svm,r0_flat,2,validation,alert,distraction,236,G4__g4_b_class_weights_w60__svm__r0__w60__fold_2__seed_42,G4,R0,60,42,class_weights,B,class_weights,g4_b_class_weights_w60
svm,r0_flat,2,validation,fatigue,alert,13,G4__g4_b_class_weights_w60__svm__r0__w60__fold_2__seed_42,G4,R0,60,42,class_weights,B,class_weights,g4_b_class_weights_w60
svm,r0_flat,2,validation,fatigue,fatigue,1,G4__g4_b_class_weights_w60__svm__r0__w60__fold_2__seed_42,G4,R0,60,42,class_weights,B,class_weights,g4_b_class_weights_w60
svm,r0_flat,2,validation,fatigue,distraction,3,G4__g4_b_class_weights_w60__svm__r0__w60__fold_2__seed_42,G4,R0,60,42,class_weights,B,class_weights,g4_b_class_weights_w60
svm,r0_flat,2,validation,distraction,alert,44,G4__g4_b_class_weights_w60__svm__r0__w60__fold_2__seed_42,G4,R0,60,42,class_weights,B,class_weights,g4_b_class_weights_w60
svm,r0_flat,2,validation,distraction,fatigue,2,G4__g4_b_class_weights_w60__svm__r0__w60__fold_2__seed_42,G4,R0,60,42,class_weights,B,class_weights,g4_b_class_weights_w60
svm,r0_flat,2,validation,distraction,distraction,30,G4__g4_b_class_weights_w60__svm__r0__w60__fold_2__seed_42,G4,R0,60,42,class_weights,B,class_weights,g4_b_class_weights_w60
svm,r0_flat,2,test,alert,alert,1407,G4__g4_b_class_weights_w60__svm__r0__w60__fold_2__seed_42,G4,R0,60,42,class_weights,B,class_weights,g4_b_class_weights_w60
svm,r0_flat,2,test,alert,fatigue,36,G4__g4_b_class_weights_w60__svm__r0__w60__fold_2__seed_42,G4,R0,60,42,class_weights,B,class_weights,g4_b_class_weights_w60
svm,r0_flat,2,test,alert,distraction,128,G4__g4_b_class_weights_w60__svm__r0__w60__fold_2__seed_42,G4,R0,60,42,class_weights,B,class_weights,g4_b_class_weights_w60
svm,r0_flat,2,test,fatigue,alert,0,G4__g4_b_class_weights_w60__svm__r0__w60__fold_2__seed_42,G4,R0,60,42,class_weights,B,class_weights,g4_b_class_weights_w60
svm,r0_flat,2,test,fatigue,fatigue,0,G4__g4_b_class_weights_w60__svm__r0__w60__fold_2__seed_42,G4,R0,60,42,class_weights,B,class_weights,g4_b_class_weights_w60
svm,r0_flat,2,test,fatigue,distraction,0,G4__g4_b_class_weights_w60__svm__r0__w60__fold_2__seed_42,G4,R0,60,42,class_weights,B,class_weights,g4_b_class_weights_w60
svm,r0_flat,2,test,distraction,alert,115,G4__g4_b_class_weights_w60__svm__r0__w60__fold_2__seed_42,G4,R0,60,42,class_weights,B,class_weights,g4_b_class_weights_w60
svm,r0_flat,2,test,distraction,fatigue,7,G4__g4_b_class_weights_w60__svm__r0__w60__fold_2__seed_42,G4,R0,60,42,class_weights,B,class_weights,g4_b_class_weights_w60
svm,r0_flat,2,test,distraction,distraction,171,G4__g4_b_class_weights_w60__svm__r0__w60__fold_2__seed_42,G4,R0,60,42,class_weights,B,class_weights,g4_b_class_weights_w60
svm,r0_flat,3,validation,alert,alert,766,G4__g4_b_class_weights_w60__svm__r0__w60__fold_3__seed_42,G4,R0,60,42,class_weights,B,class_weights,g4_b_class_weights_w60
svm,r0_flat,3,validation,alert,fatigue,20,G4__g4_b_class_weights_w60__svm__r0__w60__fold_3__seed_42,G4,R0,60,42,class_weights,B,class_weights,g4_b_class_weights_w60
svm,r0_flat,3,validation,alert,distraction,200,G4__g4_b_class_weights_w60__svm__r0__w60__fold_3__seed_42,G4,R0,60,42,class_weights,B,class_weights,g4_b_class_weights_w60
svm,r0_flat,3,validation,fatigue,alert,13,G4__g4_b_class_weights_w60__svm__r0__w60__fold_3__seed_42,G4,R0,60,42,class_weights,B,class_weights,g4_b_class_weights_w60
svm,r0_flat,3,validation,fatigue,fatigue,0,G4__g4_b_class_weights_w60__svm__r0__w60__fold_3__seed_42,G4,R0,60,42,class_weights,B,class_weights,g4_b_class_weights_w60
svm,r0_flat,3,validation,fatigue,distraction,0,G4__g4_b_class_weights_w60__svm__r0__w60__fold_3__seed_42,G4,R0,60,42,class_weights,B,class_weights,g4_b_class_weights_w60
svm,r0_flat,3,validation,distraction,alert,88,G4__g4_b_class_weights_w60__svm__r0__w60__fold_3__seed_42,G4,R0,60,42,class_weights,B,class_weights,g4_b_class_weights_w60
svm,r0_flat,3,validation,distraction,fatigue,2,G4__g4_b_class_weights_w60__svm__r0__w60__fold_3__seed_42,G4,R0,60,42,class_weights,B,class_weights,g4_b_class_weights_w60
svm,r0_flat,3,validation,distraction,distraction,62,G4__g4_b_class_weights_w60__svm__r0__w60__fold_3__seed_42,G4,R0,60,42,class_weights,B,class_weights,g4_b_class_weights_w60
svm,r0_flat,3,test,alert,alert,1152,G4__g4_b_class_weights_w60__svm__r0__w60__fold_3__seed_42,G4,R0,60,42,class_weights,B,class_weights,g4_b_class_weights_w60
svm,r0_flat,3,test,alert,fatigue,9,G4__g4_b_class_weights_w60__svm__r0__w60__fold_3__seed_42,G4,R0,60,42,class_weights,B,class_weights,g4_b_class_weights_w60
svm,r0_flat,3,test,alert,distraction,206,G4__g4_b_class_weights_w60__svm__r0__w60__fold_3__seed_42,G4,R0,60,42,class_weights,B,class_weights,g4_b_class_weights_w60
svm,r0_flat,3,test,fatigue,alert,14,G4__g4_b_class_weights_w60__svm__r0__w60__fold_3__seed_42,G4,R0,60,42,class_weights,B,class_weights,g4_b_class_weights_w60
svm,r0_flat,3,test,fatigue,fatigue,0,G4__g4_b_class_weights_w60__svm__r0__w60__fold_3__seed_42,G4,R0,60,42,class_weights,B,class_weights,g4_b_class_weights_w60
svm,r0_flat,3,test,fatigue,distraction,7,G4__g4_b_class_weights_w60__svm__r0__w60__fold_3__seed_42,G4,R0,60,42,class_weights,B,class_weights,g4_b_class_weights_w60
svm,r0_flat,3,test,distraction,alert,36,G4__g4_b_class_weights_w60__svm__r0__w60__fold_3__seed_42,G4,R0,60,42,class_weights,B,class_weights,g4_b_class_weights_w60
svm,r0_flat,3,test,distraction,fatigue,6,G4__g4_b_class_weights_w60__svm__r0__w60__fold_3__seed_42,G4,R0,60,42,class_weights,B,class_weights,g4_b_class_weights_w60
svm,r0_flat,3,test,distraction,distraction,70,G4__g4_b_class_weights_w60__svm__r0__w60__fold_3__seed_42,G4,R0,60,42,class_weights,B,class_weights,g4_b_class_weights_w60
svm,r0_flat,4,validation,alert,alert,764,G4__g4_b_class_weights_w60__svm__r0__w60__fold_4__seed_42,G4,R0,60,42,class_weights,B,class_weights,g4_b_class_weights_w60
svm,r0_flat,4,validation,alert,fatigue,40,G4__g4_b_class_weights_w60__svm__r0__w60__fold_4__seed_42,G4,R0,60,42,class_weights,B,class_weights,g4_b_class_weights_w60
svm,r0_flat,4,validation,alert,distraction,208,G4__g4_b_class_weights_w60__svm__r0__w60__fold_4__seed_42,G4,R0,60,42,class_weights,B,class_weights,g4_b_class_weights_w60
svm,r0_flat,4,validation,fatigue,alert,15,G4__g4_b_class_weights_w60__svm__r0__w60__fold_4__seed_42,G4,R0,60,42,class_weights,B,class_weights,g4_b_class_weights_w60
svm,r0_flat,4,validation,fatigue,fatigue,0,G4__g4_b_class_weights_w60__svm__r0__w60__fold_4__seed_42,G4,R0,60,42,class_weights,B,class_weights,g4_b_class_weights_w60
svm,r0_flat,4,validation,fatigue,distraction,2,G4__g4_b_class_weights_w60__svm__r0__w60__fold_4__seed_42,G4,R0,60,42,class_weights,B,class_weights,g4_b_class_weights_w60
svm,r0_flat,4,validation,distraction,alert,55,G4__g4_b_class_weights_w60__svm__r0__w60__fold_4__seed_42,G4,R0,60,42,class_weights,B,class_weights,g4_b_class_weights_w60
svm,r0_flat,4,validation,distraction,fatigue,5,G4__g4_b_class_weights_w60__svm__r0__w60__fold_4__seed_42,G4,R0,60,42,class_weights,B,class_weights,g4_b_class_weights_w60
svm,r0_flat,4,validation,distraction,distraction,36,G4__g4_b_class_weights_w60__svm__r0__w60__fold_4__seed_42,G4,R0,60,42,class_weights,B,class_weights,g4_b_class_weights_w60
svm,r0_flat,4,test,alert,alert,751,G4__g4_b_class_weights_w60__svm__r0__w60__fold_4__seed_42,G4,R0,60,42,class_weights,B,class_weights,g4_b_class_weights_w60
svm,r0_flat,4,test,alert,fatigue,34,G4__g4_b_class_weights_w60__svm__r0__w60__fold_4__seed_42,G4,R0,60,42,class_weights,B,class_weights,g4_b_class_weights_w60
svm,r0_flat,4,test,alert,distraction,172,G4__g4_b_class_weights_w60__svm__r0__w60__fold_4__seed_42,G4,R0,60,42,class_weights,B,class_weights,g4_b_class_weights_w60
svm,r0_flat,4,test,fatigue,alert,0,G4__g4_b_class_weights_w60__svm__r0__w60__fold_4__seed_42,G4,R0,60,42,class_weights,B,class_weights,g4_b_class_weights_w60
svm,r0_flat,4,test,fatigue,fatigue,0,G4__g4_b_class_weights_w60__svm__r0__w60__fold_4__seed_42,G4,R0,60,42,class_weights,B,class_weights,g4_b_class_weights_w60
svm,r0_flat,4,test,fatigue,distraction,0,G4__g4_b_class_weights_w60__svm__r0__w60__fold_4__seed_42,G4,R0,60,42,class_weights,B,class_weights,g4_b_class_weights_w60
svm,r0_flat,4,test,distraction,alert,91,G4__g4_b_class_weights_w60__svm__r0__w60__fold_4__seed_42,G4,R0,60,42,class_weights,B,class_weights,g4_b_class_weights_w60
svm,r0_flat,4,test,distraction,fatigue,3,G4__g4_b_class_weights_w60__svm__r0__w60__fold_4__seed_42,G4,R0,60,42,class_weights,B,class_weights,g4_b_class_weights_w60
svm,r0_flat,4,test,distraction,distraction,44,G4__g4_b_class_weights_w60__svm__r0__w60__fold_4__seed_42,G4,R0,60,42,class_weights,B,class_weights,g4_b_class_weights_w60
tcn,temporal_r0,1,validation,alert,alert,740,G4__g4_b_class_weights_w60__tcn__r0__w60__fold_1__seed_42,G4,R0,60,42,,B,class_weights,g4_b_class_weights_w60
tcn,temporal_r0,1,validation,alert,fatigue,138,G4__g4_b_class_weights_w60__tcn__r0__w60__fold_1__seed_42,G4,R0,60,42,,B,class_weights,g4_b_class_weights_w60
tcn,temporal_r0,1,validation,alert,distraction,136,G4__g4_b_class_weights_w60__tcn__r0__w60__fold_1__seed_42,G4,R0,60,42,,B,class_weights,g4_b_class_weights_w60
tcn,temporal_r0,1,validation,fatigue,alert,0,G4__g4_b_class_weights_w60__tcn__r0__w60__fold_1__seed_42,G4,R0,60,42,,B,class_weights,g4_b_class_weights_w60
tcn,temporal_r0,1,validation,fatigue,fatigue,4,G4__g4_b_class_weights_w60__tcn__r0__w60__fold_1__seed_42,G4,R0,60,42,,B,class_weights,g4_b_class_weights_w60
tcn,temporal_r0,1,validation,fatigue,distraction,0,G4__g4_b_class_weights_w60__tcn__r0__w60__fold_1__seed_42,G4,R0,60,42,,B,class_weights,g4_b_class_weights_w60
tcn,temporal_r0,1,validation,distraction,alert,74,G4__g4_b_class_weights_w60__tcn__r0__w60__fold_1__seed_42,G4,R0,60,42,,B,class_weights,g4_b_class_weights_w60
tcn,temporal_r0,1,validation,distraction,fatigue,15,G4__g4_b_class_weights_w60__tcn__r0__w60__fold_1__seed_42,G4,R0,60,42,,B,class_weights,g4_b_class_weights_w60
tcn,temporal_r0,1,validation,distraction,distraction,73,G4__g4_b_class_weights_w60__tcn__r0__w60__fold_1__seed_42,G4,R0,60,42,,B,class_weights,g4_b_class_weights_w60
tcn,temporal_r0,1,test,alert,alert,694,G4__g4_b_class_weights_w60__tcn__r0__w60__fold_1__seed_42,G4,R0,60,42,,B,class_weights,g4_b_class_weights_w60
tcn,temporal_r0,1,test,alert,fatigue,279,G4__g4_b_class_weights_w60__tcn__r0__w60__fold_1__seed_42,G4,R0,60,42,,B,class_weights,g4_b_class_weights_w60
tcn,temporal_r0,1,test,alert,distraction,115,G4__g4_b_class_weights_w60__tcn__r0__w60__fold_1__seed_42,G4,R0,60,42,,B,class_weights,g4_b_class_weights_w60
tcn,temporal_r0,1,test,fatigue,alert,17,G4__g4_b_class_weights_w60__tcn__r0__w60__fold_1__seed_42,G4,R0,60,42,,B,class_weights,g4_b_class_weights_w60
tcn,temporal_r0,1,test,fatigue,fatigue,12,G4__g4_b_class_weights_w60__tcn__r0__w60__fold_1__seed_42,G4,R0,60,42,,B,class_weights,g4_b_class_weights_w60
tcn,temporal_r0,1,test,fatigue,distraction,38,G4__g4_b_class_weights_w60__tcn__r0__w60__fold_1__seed_42,G4,R0,60,42,,B,class_weights,g4_b_class_weights_w60
tcn,temporal_r0,1,test,distraction,alert,21,G4__g4_b_class_weights_w60__tcn__r0__w60__fold_1__seed_42,G4,R0,60,42,,B,class_weights,g4_b_class_weights_w60
tcn,temporal_r0,1,test,distraction,fatigue,57,G4__g4_b_class_weights_w60__tcn__r0__w60__fold_1__seed_42,G4,R0,60,42,,B,class_weights,g4_b_class_weights_w60
tcn,temporal_r0,1,test,distraction,distraction,301,G4__g4_b_class_weights_w60__tcn__r0__w60__fold_1__seed_42,G4,R0,60,42,,B,class_weights,g4_b_class_weights_w60
tcn,temporal_r0,2,validation,alert,alert,812,G4__g4_b_class_weights_w60__tcn__r0__w60__fold_2__seed_42,G4,R0,60,42,,B,class_weights,g4_b_class_weights_w60
tcn,temporal_r0,2,validation,alert,fatigue,77,G4__g4_b_class_weights_w60__tcn__r0__w60__fold_2__seed_42,G4,R0,60,42,,B,class_weights,g4_b_class_weights_w60
tcn,temporal_r0,2,validation,alert,distraction,191,G4__g4_b_class_weights_w60__tcn__r0__w60__fold_2__seed_42,G4,R0,60,42,,B,class_weights,g4_b_class_weights_w60
tcn,temporal_r0,2,validation,fatigue,alert,12,G4__g4_b_class_weights_w60__tcn__r0__w60__fold_2__seed_42,G4,R0,60,42,,B,class_weights,g4_b_class_weights_w60
tcn,temporal_r0,2,validation,fatigue,fatigue,5,G4__g4_b_class_weights_w60__tcn__r0__w60__fold_2__seed_42,G4,R0,60,42,,B,class_weights,g4_b_class_weights_w60
tcn,temporal_r0,2,validation,fatigue,distraction,0,G4__g4_b_class_weights_w60__tcn__r0__w60__fold_2__seed_42,G4,R0,60,42,,B,class_weights,g4_b_class_weights_w60
tcn,temporal_r0,2,validation,distraction,alert,36,G4__g4_b_class_weights_w60__tcn__r0__w60__fold_2__seed_42,G4,R0,60,42,,B,class_weights,g4_b_class_weights_w60
tcn,temporal_r0,2,validation,distraction,fatigue,7,G4__g4_b_class_weights_w60__tcn__r0__w60__fold_2__seed_42,G4,R0,60,42,,B,class_weights,g4_b_class_weights_w60
tcn,temporal_r0,2,validation,distraction,distraction,33,G4__g4_b_class_weights_w60__tcn__r0__w60__fold_2__seed_42,G4,R0,60,42,,B,class_weights,g4_b_class_weights_w60
tcn,temporal_r0,2,test,alert,alert,1414,G4__g4_b_class_weights_w60__tcn__r0__w60__fold_2__seed_42,G4,R0,60,42,,B,class_weights,g4_b_class_weights_w60
tcn,temporal_r0,2,test,alert,fatigue,35,G4__g4_b_class_weights_w60__tcn__r0__w60__fold_2__seed_42,G4,R0,60,42,,B,class_weights,g4_b_class_weights_w60
tcn,temporal_r0,2,test,alert,distraction,122,G4__g4_b_class_weights_w60__tcn__r0__w60__fold_2__seed_42,G4,R0,60,42,,B,class_weights,g4_b_class_weights_w60
tcn,temporal_r0,2,test,fatigue,alert,0,G4__g4_b_class_weights_w60__tcn__r0__w60__fold_2__seed_42,G4,R0,60,42,,B,class_weights,g4_b_class_weights_w60
tcn,temporal_r0,2,test,fatigue,fatigue,0,G4__g4_b_class_weights_w60__tcn__r0__w60__fold_2__seed_42,G4,R0,60,42,,B,class_weights,g4_b_class_weights_w60
tcn,temporal_r0,2,test,fatigue,distraction,0,G4__g4_b_class_weights_w60__tcn__r0__w60__fold_2__seed_42,G4,R0,60,42,,B,class_weights,g4_b_class_weights_w60
tcn,temporal_r0,2,test,distraction,alert,96,G4__g4_b_class_weights_w60__tcn__r0__w60__fold_2__seed_42,G4,R0,60,42,,B,class_weights,g4_b_class_weights_w60
tcn,temporal_r0,2,test,distraction,fatigue,3,G4__g4_b_class_weights_w60__tcn__r0__w60__fold_2__seed_42,G4,R0,60,42,,B,class_weights,g4_b_class_weights_w60
tcn,temporal_r0,2,test,distraction,distraction,194,G4__g4_b_class_weights_w60__tcn__r0__w60__fold_2__seed_42,G4,R0,60,42,,B,class_weights,g4_b_class_weights_w60
tcn,temporal_r0,3,validation,alert,alert,799,G4__g4_b_class_weights_w60__tcn__r0__w60__fold_3__seed_42,G4,R0,60,42,,B,class_weights,g4_b_class_weights_w60
tcn,temporal_r0,3,validation,alert,fatigue,33,G4__g4_b_class_weights_w60__tcn__r0__w60__fold_3__seed_42,G4,R0,60,42,,B,class_weights,g4_b_class_weights_w60
tcn,temporal_r0,3,validation,alert,distraction,154,G4__g4_b_class_weights_w60__tcn__r0__w60__fold_3__seed_42,G4,R0,60,42,,B,class_weights,g4_b_class_weights_w60
tcn,temporal_r0,3,validation,fatigue,alert,13,G4__g4_b_class_weights_w60__tcn__r0__w60__fold_3__seed_42,G4,R0,60,42,,B,class_weights,g4_b_class_weights_w60
tcn,temporal_r0,3,validation,fatigue,fatigue,0,G4__g4_b_class_weights_w60__tcn__r0__w60__fold_3__seed_42,G4,R0,60,42,,B,class_weights,g4_b_class_weights_w60
tcn,temporal_r0,3,validation,fatigue,distraction,0,G4__g4_b_class_weights_w60__tcn__r0__w60__fold_3__seed_42,G4,R0,60,42,,B,class_weights,g4_b_class_weights_w60
tcn,temporal_r0,3,validation,distraction,alert,84,G4__g4_b_class_weights_w60__tcn__r0__w60__fold_3__seed_42,G4,R0,60,42,,B,class_weights,g4_b_class_weights_w60
tcn,temporal_r0,3,validation,distraction,fatigue,7,G4__g4_b_class_weights_w60__tcn__r0__w60__fold_3__seed_42,G4,R0,60,42,,B,class_weights,g4_b_class_weights_w60
tcn,temporal_r0,3,validation,distraction,distraction,61,G4__g4_b_class_weights_w60__tcn__r0__w60__fold_3__seed_42,G4,R0,60,42,,B,class_weights,g4_b_class_weights_w60
tcn,temporal_r0,3,test,alert,alert,1248,G4__g4_b_class_weights_w60__tcn__r0__w60__fold_3__seed_42,G4,R0,60,42,,B,class_weights,g4_b_class_weights_w60
tcn,temporal_r0,3,test,alert,fatigue,32,G4__g4_b_class_weights_w60__tcn__r0__w60__fold_3__seed_42,G4,R0,60,42,,B,class_weights,g4_b_class_weights_w60
tcn,temporal_r0,3,test,alert,distraction,87,G4__g4_b_class_weights_w60__tcn__r0__w60__fold_3__seed_42,G4,R0,60,42,,B,class_weights,g4_b_class_weights_w60
tcn,temporal_r0,3,test,fatigue,alert,17,G4__g4_b_class_weights_w60__tcn__r0__w60__fold_3__seed_42,G4,R0,60,42,,B,class_weights,g4_b_class_weights_w60
tcn,temporal_r0,3,test,fatigue,fatigue,1,G4__g4_b_class_weights_w60__tcn__r0__w60__fold_3__seed_42,G4,R0,60,42,,B,class_weights,g4_b_class_weights_w60
tcn,temporal_r0,3,test,fatigue,distraction,3,G4__g4_b_class_weights_w60__tcn__r0__w60__fold_3__seed_42,G4,R0,60,42,,B,class_weights,g4_b_class_weights_w60
tcn,temporal_r0,3,test,distraction,alert,42,G4__g4_b_class_weights_w60__tcn__r0__w60__fold_3__seed_42,G4,R0,60,42,,B,class_weights,g4_b_class_weights_w60
tcn,temporal_r0,3,test,distraction,fatigue,12,G4__g4_b_class_weights_w60__tcn__r0__w60__fold_3__seed_42,G4,R0,60,42,,B,class_weights,g4_b_class_weights_w60
tcn,temporal_r0,3,test,distraction,distraction,58,G4__g4_b_class_weights_w60__tcn__r0__w60__fold_3__seed_42,G4,R0,60,42,,B,class_weights,g4_b_class_weights_w60
tcn,temporal_r0,4,validation,alert,alert,759,G4__g4_b_class_weights_w60__tcn__r0__w60__fold_4__seed_42,G4,R0,60,42,,B,class_weights,g4_b_class_weights_w60
tcn,temporal_r0,4,validation,alert,fatigue,124,G4__g4_b_class_weights_w60__tcn__r0__w60__fold_4__seed_42,G4,R0,60,42,,B,class_weights,g4_b_class_weights_w60
tcn,temporal_r0,4,validation,alert,distraction,129,G4__g4_b_class_weights_w60__tcn__r0__w60__fold_4__seed_42,G4,R0,60,42,,B,class_weights,g4_b_class_weights_w60
tcn,temporal_r0,4,validation,fatigue,alert,12,G4__g4_b_class_weights_w60__tcn__r0__w60__fold_4__seed_42,G4,R0,60,42,,B,class_weights,g4_b_class_weights_w60
tcn,temporal_r0,4,validation,fatigue,fatigue,5,G4__g4_b_class_weights_w60__tcn__r0__w60__fold_4__seed_42,G4,R0,60,42,,B,class_weights,g4_b_class_weights_w60
tcn,temporal_r0,4,validation,fatigue,distraction,0,G4__g4_b_class_weights_w60__tcn__r0__w60__fold_4__seed_42,G4,R0,60,42,,B,class_weights,g4_b_class_weights_w60
tcn,temporal_r0,4,validation,distraction,alert,45,G4__g4_b_class_weights_w60__tcn__r0__w60__fold_4__seed_42,G4,R0,60,42,,B,class_weights,g4_b_class_weights_w60
tcn,temporal_r0,4,validation,distraction,fatigue,3,G4__g4_b_class_weights_w60__tcn__r0__w60__fold_4__seed_42,G4,R0,60,42,,B,class_weights,g4_b_class_weights_w60
tcn,temporal_r0,4,validation,distraction,distraction,48,G4__g4_b_class_weights_w60__tcn__r0__w60__fold_4__seed_42,G4,R0,60,42,,B,class_weights,g4_b_class_weights_w60
tcn,temporal_r0,4,test,alert,alert,733,G4__g4_b_class_weights_w60__tcn__r0__w60__fold_4__seed_42,G4,R0,60,42,,B,class_weights,g4_b_class_weights_w60
tcn,temporal_r0,4,test,alert,fatigue,51,G4__g4_b_class_weights_w60__tcn__r0__w60__fold_4__seed_42,G4,R0,60,42,,B,class_weights,g4_b_class_weights_w60
tcn,temporal_r0,4,test,alert,distraction,173,G4__g4_b_class_weights_w60__tcn__r0__w60__fold_4__seed_42,G4,R0,60,42,,B,class_weights,g4_b_class_weights_w60
tcn,temporal_r0,4,test,fatigue,alert,0,G4__g4_b_class_weights_w60__tcn__r0__w60__fold_4__seed_42,G4,R0,60,42,,B,class_weights,g4_b_class_weights_w60
tcn,temporal_r0,4,test,fatigue,fatigue,0,G4__g4_b_class_weights_w60__tcn__r0__w60__fold_4__seed_42,G4,R0,60,42,,B,class_weights,g4_b_class_weights_w60
tcn,temporal_r0,4,test,fatigue,distraction,0,G4__g4_b_class_weights_w60__tcn__r0__w60__fold_4__seed_42,G4,R0,60,42,,B,class_weights,g4_b_class_weights_w60
tcn,temporal_r0,4,test,distraction,alert,79,G4__g4_b_class_weights_w60__tcn__r0__w60__fold_4__seed_42,G4,R0,60,42,,B,class_weights,g4_b_class_weights_w60
tcn,temporal_r0,4,test,distraction,fatigue,10,G4__g4_b_class_weights_w60__tcn__r0__w60__fold_4__seed_42,G4,R0,60,42,,B,class_weights,g4_b_class_weights_w60
tcn,temporal_r0,4,test,distraction,distraction,49,G4__g4_b_class_weights_w60__tcn__r0__w60__fold_4__seed_42,G4,R0,60,42,,B,class_weights,g4_b_class_weights_w60
transformer,temporal_r0,1,validation,alert,alert,756,G4__g4_c_weighted_sampling_w150__transformer__r0__w150__fold_1__seed_42,G4,R0,150,42,,C,weighted_sampling,g4_c_weighted_sampling_w150
transformer,temporal_r0,1,validation,alert,fatigue,126,G4__g4_c_weighted_sampling_w150__transformer__r0__w150__fold_1__seed_42,G4,R0,150,42,,C,weighted_sampling,g4_c_weighted_sampling_w150
transformer,temporal_r0,1,validation,alert,distraction,117,G4__g4_c_weighted_sampling_w150__transformer__r0__w150__fold_1__seed_42,G4,R0,150,42,,C,weighted_sampling,g4_c_weighted_sampling_w150
transformer,temporal_r0,1,validation,fatigue,alert,1,G4__g4_c_weighted_sampling_w150__transformer__r0__w150__fold_1__seed_42,G4,R0,150,42,,C,weighted_sampling,g4_c_weighted_sampling_w150
transformer,temporal_r0,1,validation,fatigue,fatigue,0,G4__g4_c_weighted_sampling_w150__transformer__r0__w150__fold_1__seed_42,G4,R0,150,42,,C,weighted_sampling,g4_c_weighted_sampling_w150
transformer,temporal_r0,1,validation,fatigue,distraction,0,G4__g4_c_weighted_sampling_w150__transformer__r0__w150__fold_1__seed_42,G4,R0,150,42,,C,weighted_sampling,g4_c_weighted_sampling_w150
transformer,temporal_r0,1,validation,distraction,alert,69,G4__g4_c_weighted_sampling_w150__transformer__r0__w150__fold_1__seed_42,G4,R0,150,42,,C,weighted_sampling,g4_c_weighted_sampling_w150
transformer,temporal_r0,1,validation,distraction,fatigue,9,G4__g4_c_weighted_sampling_w150__transformer__r0__w150__fold_1__seed_42,G4,R0,150,42,,C,weighted_sampling,g4_c_weighted_sampling_w150
transformer,temporal_r0,1,validation,distraction,distraction,77,G4__g4_c_weighted_sampling_w150__transformer__r0__w150__fold_1__seed_42,G4,R0,150,42,,C,weighted_sampling,g4_c_weighted_sampling_w150
transformer,temporal_r0,1,test,alert,alert,663,G4__g4_c_weighted_sampling_w150__transformer__r0__w150__fold_1__seed_42,G4,R0,150,42,,C,weighted_sampling,g4_c_weighted_sampling_w150
transformer,temporal_r0,1,test,alert,fatigue,43,G4__g4_c_weighted_sampling_w150__transformer__r0__w150__fold_1__seed_42,G4,R0,150,42,,C,weighted_sampling,g4_c_weighted_sampling_w150
transformer,temporal_r0,1,test,alert,distraction,384,G4__g4_c_weighted_sampling_w150__transformer__r0__w150__fold_1__seed_42,G4,R0,150,42,,C,weighted_sampling,g4_c_weighted_sampling_w150
transformer,temporal_r0,1,test,fatigue,alert,7,G4__g4_c_weighted_sampling_w150__transformer__r0__w150__fold_1__seed_42,G4,R0,150,42,,C,weighted_sampling,g4_c_weighted_sampling_w150
transformer,temporal_r0,1,test,fatigue,fatigue,0,G4__g4_c_weighted_sampling_w150__transformer__r0__w150__fold_1__seed_42,G4,R0,150,42,,C,weighted_sampling,g4_c_weighted_sampling_w150
transformer,temporal_r0,1,test,fatigue,distraction,55,G4__g4_c_weighted_sampling_w150__transformer__r0__w150__fold_1__seed_42,G4,R0,150,42,,C,weighted_sampling,g4_c_weighted_sampling_w150
transformer,temporal_r0,1,test,distraction,alert,7,G4__g4_c_weighted_sampling_w150__transformer__r0__w150__fold_1__seed_42,G4,R0,150,42,,C,weighted_sampling,g4_c_weighted_sampling_w150
transformer,temporal_r0,1,test,distraction,fatigue,11,G4__g4_c_weighted_sampling_w150__transformer__r0__w150__fold_1__seed_42,G4,R0,150,42,,C,weighted_sampling,g4_c_weighted_sampling_w150
transformer,temporal_r0,1,test,distraction,distraction,358,G4__g4_c_weighted_sampling_w150__transformer__r0__w150__fold_1__seed_42,G4,R0,150,42,,C,weighted_sampling,g4_c_weighted_sampling_w150
transformer,temporal_r0,2,validation,alert,alert,804,G4__g4_c_weighted_sampling_w150__transformer__r0__w150__fold_2__seed_42,G4,R0,150,42,,C,weighted_sampling,g4_c_weighted_sampling_w150
transformer,temporal_r0,2,validation,alert,fatigue,43,G4__g4_c_weighted_sampling_w150__transformer__r0__w150__fold_2__seed_42,G4,R0,150,42,,C,weighted_sampling,g4_c_weighted_sampling_w150
transformer,temporal_r0,2,validation,alert,distraction,227,G4__g4_c_weighted_sampling_w150__transformer__r0__w150__fold_2__seed_42,G4,R0,150,42,,C,weighted_sampling,g4_c_weighted_sampling_w150
transformer,temporal_r0,2,validation,fatigue,alert,12,G4__g4_c_weighted_sampling_w150__transformer__r0__w150__fold_2__seed_42,G4,R0,150,42,,C,weighted_sampling,g4_c_weighted_sampling_w150
transformer,temporal_r0,2,validation,fatigue,fatigue,0,G4__g4_c_weighted_sampling_w150__transformer__r0__w150__fold_2__seed_42,G4,R0,150,42,,C,weighted_sampling,g4_c_weighted_sampling_w150
transformer,temporal_r0,2,validation,fatigue,distraction,0,G4__g4_c_weighted_sampling_w150__transformer__r0__w150__fold_2__seed_42,G4,R0,150,42,,C,weighted_sampling,g4_c_weighted_sampling_w150
transformer,temporal_r0,2,validation,distraction,alert,32,G4__g4_c_weighted_sampling_w150__transformer__r0__w150__fold_2__seed_42,G4,R0,150,42,,C,weighted_sampling,g4_c_weighted_sampling_w150
transformer,temporal_r0,2,validation,distraction,fatigue,1,G4__g4_c_weighted_sampling_w150__transformer__r0__w150__fold_2__seed_42,G4,R0,150,42,,C,weighted_sampling,g4_c_weighted_sampling_w150
transformer,temporal_r0,2,validation,distraction,distraction,41,G4__g4_c_weighted_sampling_w150__transformer__r0__w150__fold_2__seed_42,G4,R0,150,42,,C,weighted_sampling,g4_c_weighted_sampling_w150
transformer,temporal_r0,2,test,alert,alert,1400,G4__g4_c_weighted_sampling_w150__transformer__r0__w150__fold_2__seed_42,G4,R0,150,42,,C,weighted_sampling,g4_c_weighted_sampling_w150
transformer,temporal_r0,2,test,alert,fatigue,46,G4__g4_c_weighted_sampling_w150__transformer__r0__w150__fold_2__seed_42,G4,R0,150,42,,C,weighted_sampling,g4_c_weighted_sampling_w150
transformer,temporal_r0,2,test,alert,distraction,114,G4__g4_c_weighted_sampling_w150__transformer__r0__w150__fold_2__seed_42,G4,R0,150,42,,C,weighted_sampling,g4_c_weighted_sampling_w150
transformer,temporal_r0,2,test,fatigue,alert,0,G4__g4_c_weighted_sampling_w150__transformer__r0__w150__fold_2__seed_42,G4,R0,150,42,,C,weighted_sampling,g4_c_weighted_sampling_w150
transformer,temporal_r0,2,test,fatigue,fatigue,0,G4__g4_c_weighted_sampling_w150__transformer__r0__w150__fold_2__seed_42,G4,R0,150,42,,C,weighted_sampling,g4_c_weighted_sampling_w150
transformer,temporal_r0,2,test,fatigue,distraction,0,G4__g4_c_weighted_sampling_w150__transformer__r0__w150__fold_2__seed_42,G4,R0,150,42,,C,weighted_sampling,g4_c_weighted_sampling_w150
transformer,temporal_r0,2,test,distraction,alert,81,G4__g4_c_weighted_sampling_w150__transformer__r0__w150__fold_2__seed_42,G4,R0,150,42,,C,weighted_sampling,g4_c_weighted_sampling_w150
transformer,temporal_r0,2,test,distraction,fatigue,17,G4__g4_c_weighted_sampling_w150__transformer__r0__w150__fold_2__seed_42,G4,R0,150,42,,C,weighted_sampling,g4_c_weighted_sampling_w150
transformer,temporal_r0,2,test,distraction,distraction,183,G4__g4_c_weighted_sampling_w150__transformer__r0__w150__fold_2__seed_42,G4,R0,150,42,,C,weighted_sampling,g4_c_weighted_sampling_w150
transformer,temporal_r0,3,validation,alert,alert,742,G4__g4_c_weighted_sampling_w150__transformer__r0__w150__fold_3__seed_42,G4,R0,150,42,,C,weighted_sampling,g4_c_weighted_sampling_w150
transformer,temporal_r0,3,validation,alert,fatigue,40,G4__g4_c_weighted_sampling_w150__transformer__r0__w150__fold_3__seed_42,G4,R0,150,42,,C,weighted_sampling,g4_c_weighted_sampling_w150
transformer,temporal_r0,3,validation,alert,distraction,187,G4__g4_c_weighted_sampling_w150__transformer__r0__w150__fold_3__seed_42,G4,R0,150,42,,C,weighted_sampling,g4_c_weighted_sampling_w150
transformer,temporal_r0,3,validation,fatigue,alert,11,G4__g4_c_weighted_sampling_w150__transformer__r0__w150__fold_3__seed_42,G4,R0,150,42,,C,weighted_sampling,g4_c_weighted_sampling_w150
transformer,temporal_r0,3,validation,fatigue,fatigue,0,G4__g4_c_weighted_sampling_w150__transformer__r0__w150__fold_3__seed_42,G4,R0,150,42,,C,weighted_sampling,g4_c_weighted_sampling_w150
transformer,temporal_r0,3,validation,fatigue,distraction,0,G4__g4_c_weighted_sampling_w150__transformer__r0__w150__fold_3__seed_42,G4,R0,150,42,,C,weighted_sampling,g4_c_weighted_sampling_w150
transformer,temporal_r0,3,validation,distraction,alert,69,G4__g4_c_weighted_sampling_w150__transformer__r0__w150__fold_3__seed_42,G4,R0,150,42,,C,weighted_sampling,g4_c_weighted_sampling_w150
transformer,temporal_r0,3,validation,distraction,fatigue,0,G4__g4_c_weighted_sampling_w150__transformer__r0__w150__fold_3__seed_42,G4,R0,150,42,,C,weighted_sampling,g4_c_weighted_sampling_w150
transformer,temporal_r0,3,validation,distraction,distraction,76,G4__g4_c_weighted_sampling_w150__transformer__r0__w150__fold_3__seed_42,G4,R0,150,42,,C,weighted_sampling,g4_c_weighted_sampling_w150
transformer,temporal_r0,3,test,alert,alert,1250,G4__g4_c_weighted_sampling_w150__transformer__r0__w150__fold_3__seed_42,G4,R0,150,42,,C,weighted_sampling,g4_c_weighted_sampling_w150
transformer,temporal_r0,3,test,alert,fatigue,7,G4__g4_c_weighted_sampling_w150__transformer__r0__w150__fold_3__seed_42,G4,R0,150,42,,C,weighted_sampling,g4_c_weighted_sampling_w150
transformer,temporal_r0,3,test,alert,distraction,108,G4__g4_c_weighted_sampling_w150__transformer__r0__w150__fold_3__seed_42,G4,R0,150,42,,C,weighted_sampling,g4_c_weighted_sampling_w150
transformer,temporal_r0,3,test,fatigue,alert,17,G4__g4_c_weighted_sampling_w150__transformer__r0__w150__fold_3__seed_42,G4,R0,150,42,,C,weighted_sampling,g4_c_weighted_sampling_w150
transformer,temporal_r0,3,test,fatigue,fatigue,0,G4__g4_c_weighted_sampling_w150__transformer__r0__w150__fold_3__seed_42,G4,R0,150,42,,C,weighted_sampling,g4_c_weighted_sampling_w150
transformer,temporal_r0,3,test,fatigue,distraction,5,G4__g4_c_weighted_sampling_w150__transformer__r0__w150__fold_3__seed_42,G4,R0,150,42,,C,weighted_sampling,g4_c_weighted_sampling_w150
transformer,temporal_r0,3,test,distraction,alert,31,G4__g4_c_weighted_sampling_w150__transformer__r0__w150__fold_3__seed_42,G4,R0,150,42,,C,weighted_sampling,g4_c_weighted_sampling_w150
transformer,temporal_r0,3,test,distraction,fatigue,10,G4__g4_c_weighted_sampling_w150__transformer__r0__w150__fold_3__seed_42,G4,R0,150,42,,C,weighted_sampling,g4_c_weighted_sampling_w150
transformer,temporal_r0,3,test,distraction,distraction,65,G4__g4_c_weighted_sampling_w150__transformer__r0__w150__fold_3__seed_42,G4,R0,150,42,,C,weighted_sampling,g4_c_weighted_sampling_w150
transformer,temporal_r0,4,validation,alert,alert,683,G4__g4_c_weighted_sampling_w150__transformer__r0__w150__fold_4__seed_42,G4,R0,150,42,,C,weighted_sampling,g4_c_weighted_sampling_w150
transformer,temporal_r0,4,validation,alert,fatigue,172,G4__g4_c_weighted_sampling_w150__transformer__r0__w150__fold_4__seed_42,G4,R0,150,42,,C,weighted_sampling,g4_c_weighted_sampling_w150
transformer,temporal_r0,4,validation,alert,distraction,147,G4__g4_c_weighted_sampling_w150__transformer__r0__w150__fold_4__seed_42,G4,R0,150,42,,C,weighted_sampling,g4_c_weighted_sampling_w150
transformer,temporal_r0,4,validation,fatigue,alert,5,G4__g4_c_weighted_sampling_w150__transformer__r0__w150__fold_4__seed_42,G4,R0,150,42,,C,weighted_sampling,g4_c_weighted_sampling_w150
transformer,temporal_r0,4,validation,fatigue,fatigue,7,G4__g4_c_weighted_sampling_w150__transformer__r0__w150__fold_4__seed_42,G4,R0,150,42,,C,weighted_sampling,g4_c_weighted_sampling_w150
transformer,temporal_r0,4,validation,fatigue,distraction,0,G4__g4_c_weighted_sampling_w150__transformer__r0__w150__fold_4__seed_42,G4,R0,150,42,,C,weighted_sampling,g4_c_weighted_sampling_w150
transformer,temporal_r0,4,validation,distraction,alert,36,G4__g4_c_weighted_sampling_w150__transformer__r0__w150__fold_4__seed_42,G4,R0,150,42,,C,weighted_sampling,g4_c_weighted_sampling_w150
transformer,temporal_r0,4,validation,distraction,fatigue,13,G4__g4_c_weighted_sampling_w150__transformer__r0__w150__fold_4__seed_42,G4,R0,150,42,,C,weighted_sampling,g4_c_weighted_sampling_w150
transformer,temporal_r0,4,validation,distraction,distraction,42,G4__g4_c_weighted_sampling_w150__transformer__r0__w150__fold_4__seed_42,G4,R0,150,42,,C,weighted_sampling,g4_c_weighted_sampling_w150
transformer,temporal_r0,4,test,alert,alert,674,G4__g4_c_weighted_sampling_w150__transformer__r0__w150__fold_4__seed_42,G4,R0,150,42,,C,weighted_sampling,g4_c_weighted_sampling_w150
transformer,temporal_r0,4,test,alert,fatigue,87,G4__g4_c_weighted_sampling_w150__transformer__r0__w150__fold_4__seed_42,G4,R0,150,42,,C,weighted_sampling,g4_c_weighted_sampling_w150
transformer,temporal_r0,4,test,alert,distraction,185,G4__g4_c_weighted_sampling_w150__transformer__r0__w150__fold_4__seed_42,G4,R0,150,42,,C,weighted_sampling,g4_c_weighted_sampling_w150
transformer,temporal_r0,4,test,fatigue,alert,0,G4__g4_c_weighted_sampling_w150__transformer__r0__w150__fold_4__seed_42,G4,R0,150,42,,C,weighted_sampling,g4_c_weighted_sampling_w150
transformer,temporal_r0,4,test,fatigue,fatigue,0,G4__g4_c_weighted_sampling_w150__transformer__r0__w150__fold_4__seed_42,G4,R0,150,42,,C,weighted_sampling,g4_c_weighted_sampling_w150
transformer,temporal_r0,4,test,fatigue,distraction,0,G4__g4_c_weighted_sampling_w150__transformer__r0__w150__fold_4__seed_42,G4,R0,150,42,,C,weighted_sampling,g4_c_weighted_sampling_w150
transformer,temporal_r0,4,test,distraction,alert,65,G4__g4_c_weighted_sampling_w150__transformer__r0__w150__fold_4__seed_42,G4,R0,150,42,,C,weighted_sampling,g4_c_weighted_sampling_w150
transformer,temporal_r0,4,test,distraction,fatigue,11,G4__g4_c_weighted_sampling_w150__transformer__r0__w150__fold_4__seed_42,G4,R0,150,42,,C,weighted_sampling,g4_c_weighted_sampling_w150
transformer,temporal_r0,4,test,distraction,distraction,54,G4__g4_c_weighted_sampling_w150__transformer__r0__w150__fold_4__seed_42,G4,R0,150,42,,C,weighted_sampling,g4_c_weighted_sampling_w150
lstm,temporal_r0,1,validation,alert,alert,753,G4__g4_c_weighted_sampling_w60__lstm__r0__w60__fold_1__seed_42,G4,R0,60,42,,C,weighted_sampling,g4_c_weighted_sampling_w60
lstm,temporal_r0,1,validation,alert,fatigue,126,G4__g4_c_weighted_sampling_w60__lstm__r0__w60__fold_1__seed_42,G4,R0,60,42,,C,weighted_sampling,g4_c_weighted_sampling_w60
lstm,temporal_r0,1,validation,alert,distraction,135,G4__g4_c_weighted_sampling_w60__lstm__r0__w60__fold_1__seed_42,G4,R0,60,42,,C,weighted_sampling,g4_c_weighted_sampling_w60
lstm,temporal_r0,1,validation,fatigue,alert,0,G4__g4_c_weighted_sampling_w60__lstm__r0__w60__fold_1__seed_42,G4,R0,60,42,,C,weighted_sampling,g4_c_weighted_sampling_w60
lstm,temporal_r0,1,validation,fatigue,fatigue,4,G4__g4_c_weighted_sampling_w60__lstm__r0__w60__fold_1__seed_42,G4,R0,60,42,,C,weighted_sampling,g4_c_weighted_sampling_w60
lstm,temporal_r0,1,validation,fatigue,distraction,0,G4__g4_c_weighted_sampling_w60__lstm__r0__w60__fold_1__seed_42,G4,R0,60,42,,C,weighted_sampling,g4_c_weighted_sampling_w60
lstm,temporal_r0,1,validation,distraction,alert,82,G4__g4_c_weighted_sampling_w60__lstm__r0__w60__fold_1__seed_42,G4,R0,60,42,,C,weighted_sampling,g4_c_weighted_sampling_w60
lstm,temporal_r0,1,validation,distraction,fatigue,16,G4__g4_c_weighted_sampling_w60__lstm__r0__w60__fold_1__seed_42,G4,R0,60,42,,C,weighted_sampling,g4_c_weighted_sampling_w60
lstm,temporal_r0,1,validation,distraction,distraction,64,G4__g4_c_weighted_sampling_w60__lstm__r0__w60__fold_1__seed_42,G4,R0,60,42,,C,weighted_sampling,g4_c_weighted_sampling_w60
lstm,temporal_r0,1,test,alert,alert,644,G4__g4_c_weighted_sampling_w60__lstm__r0__w60__fold_1__seed_42,G4,R0,60,42,,C,weighted_sampling,g4_c_weighted_sampling_w60
lstm,temporal_r0,1,test,alert,fatigue,330,G4__g4_c_weighted_sampling_w60__lstm__r0__w60__fold_1__seed_42,G4,R0,60,42,,C,weighted_sampling,g4_c_weighted_sampling_w60
lstm,temporal_r0,1,test,alert,distraction,114,G4__g4_c_weighted_sampling_w60__lstm__r0__w60__fold_1__seed_42,G4,R0,60,42,,C,weighted_sampling,g4_c_weighted_sampling_w60
lstm,temporal_r0,1,test,fatigue,alert,15,G4__g4_c_weighted_sampling_w60__lstm__r0__w60__fold_1__seed_42,G4,R0,60,42,,C,weighted_sampling,g4_c_weighted_sampling_w60
lstm,temporal_r0,1,test,fatigue,fatigue,15,G4__g4_c_weighted_sampling_w60__lstm__r0__w60__fold_1__seed_42,G4,R0,60,42,,C,weighted_sampling,g4_c_weighted_sampling_w60
lstm,temporal_r0,1,test,fatigue,distraction,37,G4__g4_c_weighted_sampling_w60__lstm__r0__w60__fold_1__seed_42,G4,R0,60,42,,C,weighted_sampling,g4_c_weighted_sampling_w60
lstm,temporal_r0,1,test,distraction,alert,21,G4__g4_c_weighted_sampling_w60__lstm__r0__w60__fold_1__seed_42,G4,R0,60,42,,C,weighted_sampling,g4_c_weighted_sampling_w60
lstm,temporal_r0,1,test,distraction,fatigue,67,G4__g4_c_weighted_sampling_w60__lstm__r0__w60__fold_1__seed_42,G4,R0,60,42,,C,weighted_sampling,g4_c_weighted_sampling_w60
lstm,temporal_r0,1,test,distraction,distraction,291,G4__g4_c_weighted_sampling_w60__lstm__r0__w60__fold_1__seed_42,G4,R0,60,42,,C,weighted_sampling,g4_c_weighted_sampling_w60
lstm,temporal_r0,2,validation,alert,alert,821,G4__g4_c_weighted_sampling_w60__lstm__r0__w60__fold_2__seed_42,G4,R0,60,42,,C,weighted_sampling,g4_c_weighted_sampling_w60
lstm,temporal_r0,2,validation,alert,fatigue,3,G4__g4_c_weighted_sampling_w60__lstm__r0__w60__fold_2__seed_42,G4,R0,60,42,,C,weighted_sampling,g4_c_weighted_sampling_w60
lstm,temporal_r0,2,validation,alert,distraction,256,G4__g4_c_weighted_sampling_w60__lstm__r0__w60__fold_2__seed_42,G4,R0,60,42,,C,weighted_sampling,g4_c_weighted_sampling_w60
lstm,temporal_r0,2,validation,fatigue,alert,8,G4__g4_c_weighted_sampling_w60__lstm__r0__w60__fold_2__seed_42,G4,R0,60,42,,C,weighted_sampling,g4_c_weighted_sampling_w60
lstm,temporal_r0,2,validation,fatigue,fatigue,1,G4__g4_c_weighted_sampling_w60__lstm__r0__w60__fold_2__seed_42,G4,R0,60,42,,C,weighted_sampling,g4_c_weighted_sampling_w60
lstm,temporal_r0,2,validation,fatigue,distraction,8,G4__g4_c_weighted_sampling_w60__lstm__r0__w60__fold_2__seed_42,G4,R0,60,42,,C,weighted_sampling,g4_c_weighted_sampling_w60
lstm,temporal_r0,2,validation,distraction,alert,43,G4__g4_c_weighted_sampling_w60__lstm__r0__w60__fold_2__seed_42,G4,R0,60,42,,C,weighted_sampling,g4_c_weighted_sampling_w60
lstm,temporal_r0,2,validation,distraction,fatigue,1,G4__g4_c_weighted_sampling_w60__lstm__r0__w60__fold_2__seed_42,G4,R0,60,42,,C,weighted_sampling,g4_c_weighted_sampling_w60
lstm,temporal_r0,2,validation,distraction,distraction,32,G4__g4_c_weighted_sampling_w60__lstm__r0__w60__fold_2__seed_42,G4,R0,60,42,,C,weighted_sampling,g4_c_weighted_sampling_w60
lstm,temporal_r0,2,test,alert,alert,1428,G4__g4_c_weighted_sampling_w60__lstm__r0__w60__fold_2__seed_42,G4,R0,60,42,,C,weighted_sampling,g4_c_weighted_sampling_w60
lstm,temporal_r0,2,test,alert,fatigue,7,G4__g4_c_weighted_sampling_w60__lstm__r0__w60__fold_2__seed_42,G4,R0,60,42,,C,weighted_sampling,g4_c_weighted_sampling_w60
lstm,temporal_r0,2,test,alert,distraction,136,G4__g4_c_weighted_sampling_w60__lstm__r0__w60__fold_2__seed_42,G4,R0,60,42,,C,weighted_sampling,g4_c_weighted_sampling_w60
lstm,temporal_r0,2,test,fatigue,alert,0,G4__g4_c_weighted_sampling_w60__lstm__r0__w60__fold_2__seed_42,G4,R0,60,42,,C,weighted_sampling,g4_c_weighted_sampling_w60
lstm,temporal_r0,2,test,fatigue,fatigue,0,G4__g4_c_weighted_sampling_w60__lstm__r0__w60__fold_2__seed_42,G4,R0,60,42,,C,weighted_sampling,g4_c_weighted_sampling_w60
lstm,temporal_r0,2,test,fatigue,distraction,0,G4__g4_c_weighted_sampling_w60__lstm__r0__w60__fold_2__seed_42,G4,R0,60,42,,C,weighted_sampling,g4_c_weighted_sampling_w60
lstm,temporal_r0,2,test,distraction,alert,105,G4__g4_c_weighted_sampling_w60__lstm__r0__w60__fold_2__seed_42,G4,R0,60,42,,C,weighted_sampling,g4_c_weighted_sampling_w60
lstm,temporal_r0,2,test,distraction,fatigue,0,G4__g4_c_weighted_sampling_w60__lstm__r0__w60__fold_2__seed_42,G4,R0,60,42,,C,weighted_sampling,g4_c_weighted_sampling_w60
lstm,temporal_r0,2,test,distraction,distraction,188,G4__g4_c_weighted_sampling_w60__lstm__r0__w60__fold_2__seed_42,G4,R0,60,42,,C,weighted_sampling,g4_c_weighted_sampling_w60
lstm,temporal_r0,3,validation,alert,alert,773,G4__g4_c_weighted_sampling_w60__lstm__r0__w60__fold_3__seed_42,G4,R0,60,42,,C,weighted_sampling,g4_c_weighted_sampling_w60
lstm,temporal_r0,3,validation,alert,fatigue,38,G4__g4_c_weighted_sampling_w60__lstm__r0__w60__fold_3__seed_42,G4,R0,60,42,,C,weighted_sampling,g4_c_weighted_sampling_w60
lstm,temporal_r0,3,validation,alert,distraction,175,G4__g4_c_weighted_sampling_w60__lstm__r0__w60__fold_3__seed_42,G4,R0,60,42,,C,weighted_sampling,g4_c_weighted_sampling_w60
lstm,temporal_r0,3,validation,fatigue,alert,13,G4__g4_c_weighted_sampling_w60__lstm__r0__w60__fold_3__seed_42,G4,R0,60,42,,C,weighted_sampling,g4_c_weighted_sampling_w60
lstm,temporal_r0,3,validation,fatigue,fatigue,0,G4__g4_c_weighted_sampling_w60__lstm__r0__w60__fold_3__seed_42,G4,R0,60,42,,C,weighted_sampling,g4_c_weighted_sampling_w60
lstm,temporal_r0,3,validation,fatigue,distraction,0,G4__g4_c_weighted_sampling_w60__lstm__r0__w60__fold_3__seed_42,G4,R0,60,42,,C,weighted_sampling,g4_c_weighted_sampling_w60
lstm,temporal_r0,3,validation,distraction,alert,82,G4__g4_c_weighted_sampling_w60__lstm__r0__w60__fold_3__seed_42,G4,R0,60,42,,C,weighted_sampling,g4_c_weighted_sampling_w60
lstm,temporal_r0,3,validation,distraction,fatigue,8,G4__g4_c_weighted_sampling_w60__lstm__r0__w60__fold_3__seed_42,G4,R0,60,42,,C,weighted_sampling,g4_c_weighted_sampling_w60
lstm,temporal_r0,3,validation,distraction,distraction,62,G4__g4_c_weighted_sampling_w60__lstm__r0__w60__fold_3__seed_42,G4,R0,60,42,,C,weighted_sampling,g4_c_weighted_sampling_w60
lstm,temporal_r0,3,test,alert,alert,1168,G4__g4_c_weighted_sampling_w60__lstm__r0__w60__fold_3__seed_42,G4,R0,60,42,,C,weighted_sampling,g4_c_weighted_sampling_w60
lstm,temporal_r0,3,test,alert,fatigue,73,G4__g4_c_weighted_sampling_w60__lstm__r0__w60__fold_3__seed_42,G4,R0,60,42,,C,weighted_sampling,g4_c_weighted_sampling_w60
lstm,temporal_r0,3,test,alert,distraction,126,G4__g4_c_weighted_sampling_w60__lstm__r0__w60__fold_3__seed_42,G4,R0,60,42,,C,weighted_sampling,g4_c_weighted_sampling_w60
lstm,temporal_r0,3,test,fatigue,alert,16,G4__g4_c_weighted_sampling_w60__lstm__r0__w60__fold_3__seed_42,G4,R0,60,42,,C,weighted_sampling,g4_c_weighted_sampling_w60
lstm,temporal_r0,3,test,fatigue,fatigue,3,G4__g4_c_weighted_sampling_w60__lstm__r0__w60__fold_3__seed_42,G4,R0,60,42,,C,weighted_sampling,g4_c_weighted_sampling_w60
lstm,temporal_r0,3,test,fatigue,distraction,2,G4__g4_c_weighted_sampling_w60__lstm__r0__w60__fold_3__seed_42,G4,R0,60,42,,C,weighted_sampling,g4_c_weighted_sampling_w60
lstm,temporal_r0,3,test,distraction,alert,36,G4__g4_c_weighted_sampling_w60__lstm__r0__w60__fold_3__seed_42,G4,R0,60,42,,C,weighted_sampling,g4_c_weighted_sampling_w60
lstm,temporal_r0,3,test,distraction,fatigue,9,G4__g4_c_weighted_sampling_w60__lstm__r0__w60__fold_3__seed_42,G4,R0,60,42,,C,weighted_sampling,g4_c_weighted_sampling_w60
lstm,temporal_r0,3,test,distraction,distraction,67,G4__g4_c_weighted_sampling_w60__lstm__r0__w60__fold_3__seed_42,G4,R0,60,42,,C,weighted_sampling,g4_c_weighted_sampling_w60
lstm,temporal_r0,4,validation,alert,alert,721,G4__g4_c_weighted_sampling_w60__lstm__r0__w60__fold_4__seed_42,G4,R0,60,42,,C,weighted_sampling,g4_c_weighted_sampling_w60
lstm,temporal_r0,4,validation,alert,fatigue,139,G4__g4_c_weighted_sampling_w60__lstm__r0__w60__fold_4__seed_42,G4,R0,60,42,,C,weighted_sampling,g4_c_weighted_sampling_w60
lstm,temporal_r0,4,validation,alert,distraction,152,G4__g4_c_weighted_sampling_w60__lstm__r0__w60__fold_4__seed_42,G4,R0,60,42,,C,weighted_sampling,g4_c_weighted_sampling_w60
lstm,temporal_r0,4,validation,fatigue,alert,8,G4__g4_c_weighted_sampling_w60__lstm__r0__w60__fold_4__seed_42,G4,R0,60,42,,C,weighted_sampling,g4_c_weighted_sampling_w60
lstm,temporal_r0,4,validation,fatigue,fatigue,9,G4__g4_c_weighted_sampling_w60__lstm__r0__w60__fold_4__seed_42,G4,R0,60,42,,C,weighted_sampling,g4_c_weighted_sampling_w60
lstm,temporal_r0,4,validation,fatigue,distraction,0,G4__g4_c_weighted_sampling_w60__lstm__r0__w60__fold_4__seed_42,G4,R0,60,42,,C,weighted_sampling,g4_c_weighted_sampling_w60
lstm,temporal_r0,4,validation,distraction,alert,50,G4__g4_c_weighted_sampling_w60__lstm__r0__w60__fold_4__seed_42,G4,R0,60,42,,C,weighted_sampling,g4_c_weighted_sampling_w60
lstm,temporal_r0,4,validation,distraction,fatigue,3,G4__g4_c_weighted_sampling_w60__lstm__r0__w60__fold_4__seed_42,G4,R0,60,42,,C,weighted_sampling,g4_c_weighted_sampling_w60
lstm,temporal_r0,4,validation,distraction,distraction,43,G4__g4_c_weighted_sampling_w60__lstm__r0__w60__fold_4__seed_42,G4,R0,60,42,,C,weighted_sampling,g4_c_weighted_sampling_w60
lstm,temporal_r0,4,test,alert,alert,727,G4__g4_c_weighted_sampling_w60__lstm__r0__w60__fold_4__seed_42,G4,R0,60,42,,C,weighted_sampling,g4_c_weighted_sampling_w60
lstm,temporal_r0,4,test,alert,fatigue,46,G4__g4_c_weighted_sampling_w60__lstm__r0__w60__fold_4__seed_42,G4,R0,60,42,,C,weighted_sampling,g4_c_weighted_sampling_w60
lstm,temporal_r0,4,test,alert,distraction,184,G4__g4_c_weighted_sampling_w60__lstm__r0__w60__fold_4__seed_42,G4,R0,60,42,,C,weighted_sampling,g4_c_weighted_sampling_w60
lstm,temporal_r0,4,test,fatigue,alert,0,G4__g4_c_weighted_sampling_w60__lstm__r0__w60__fold_4__seed_42,G4,R0,60,42,,C,weighted_sampling,g4_c_weighted_sampling_w60
lstm,temporal_r0,4,test,fatigue,fatigue,0,G4__g4_c_weighted_sampling_w60__lstm__r0__w60__fold_4__seed_42,G4,R0,60,42,,C,weighted_sampling,g4_c_weighted_sampling_w60
lstm,temporal_r0,4,test,fatigue,distraction,0,G4__g4_c_weighted_sampling_w60__lstm__r0__w60__fold_4__seed_42,G4,R0,60,42,,C,weighted_sampling,g4_c_weighted_sampling_w60
lstm,temporal_r0,4,test,distraction,alert,84,G4__g4_c_weighted_sampling_w60__lstm__r0__w60__fold_4__seed_42,G4,R0,60,42,,C,weighted_sampling,g4_c_weighted_sampling_w60
lstm,temporal_r0,4,test,distraction,fatigue,6,G4__g4_c_weighted_sampling_w60__lstm__r0__w60__fold_4__seed_42,G4,R0,60,42,,C,weighted_sampling,g4_c_weighted_sampling_w60
lstm,temporal_r0,4,test,distraction,distraction,48,G4__g4_c_weighted_sampling_w60__lstm__r0__w60__fold_4__seed_42,G4,R0,60,42,,C,weighted_sampling,g4_c_weighted_sampling_w60
svm,r0_flat,1,validation,alert,alert,784,G4__g4_c_weighted_sampling_w60__svm__r0__w60__fold_1__seed_42,G4,R0,60,42,weighted_sampling,C,weighted_sampling,g4_c_weighted_sampling_w60
svm,r0_flat,1,validation,alert,fatigue,40,G4__g4_c_weighted_sampling_w60__svm__r0__w60__fold_1__seed_42,G4,R0,60,42,weighted_sampling,C,weighted_sampling,g4_c_weighted_sampling_w60
svm,r0_flat,1,validation,alert,distraction,190,G4__g4_c_weighted_sampling_w60__svm__r0__w60__fold_1__seed_42,G4,R0,60,42,weighted_sampling,C,weighted_sampling,g4_c_weighted_sampling_w60
svm,r0_flat,1,validation,fatigue,alert,1,G4__g4_c_weighted_sampling_w60__svm__r0__w60__fold_1__seed_42,G4,R0,60,42,weighted_sampling,C,weighted_sampling,g4_c_weighted_sampling_w60
svm,r0_flat,1,validation,fatigue,fatigue,2,G4__g4_c_weighted_sampling_w60__svm__r0__w60__fold_1__seed_42,G4,R0,60,42,weighted_sampling,C,weighted_sampling,g4_c_weighted_sampling_w60
svm,r0_flat,1,validation,fatigue,distraction,1,G4__g4_c_weighted_sampling_w60__svm__r0__w60__fold_1__seed_42,G4,R0,60,42,weighted_sampling,C,weighted_sampling,g4_c_weighted_sampling_w60
svm,r0_flat,1,validation,distraction,alert,96,G4__g4_c_weighted_sampling_w60__svm__r0__w60__fold_1__seed_42,G4,R0,60,42,weighted_sampling,C,weighted_sampling,g4_c_weighted_sampling_w60
svm,r0_flat,1,validation,distraction,fatigue,2,G4__g4_c_weighted_sampling_w60__svm__r0__w60__fold_1__seed_42,G4,R0,60,42,weighted_sampling,C,weighted_sampling,g4_c_weighted_sampling_w60
svm,r0_flat,1,validation,distraction,distraction,64,G4__g4_c_weighted_sampling_w60__svm__r0__w60__fold_1__seed_42,G4,R0,60,42,weighted_sampling,C,weighted_sampling,g4_c_weighted_sampling_w60
svm,r0_flat,1,test,alert,alert,758,G4__g4_c_weighted_sampling_w60__svm__r0__w60__fold_1__seed_42,G4,R0,60,42,weighted_sampling,C,weighted_sampling,g4_c_weighted_sampling_w60
svm,r0_flat,1,test,alert,fatigue,16,G4__g4_c_weighted_sampling_w60__svm__r0__w60__fold_1__seed_42,G4,R0,60,42,weighted_sampling,C,weighted_sampling,g4_c_weighted_sampling_w60
svm,r0_flat,1,test,alert,distraction,314,G4__g4_c_weighted_sampling_w60__svm__r0__w60__fold_1__seed_42,G4,R0,60,42,weighted_sampling,C,weighted_sampling,g4_c_weighted_sampling_w60
svm,r0_flat,1,test,fatigue,alert,32,G4__g4_c_weighted_sampling_w60__svm__r0__w60__fold_1__seed_42,G4,R0,60,42,weighted_sampling,C,weighted_sampling,g4_c_weighted_sampling_w60
svm,r0_flat,1,test,fatigue,fatigue,1,G4__g4_c_weighted_sampling_w60__svm__r0__w60__fold_1__seed_42,G4,R0,60,42,weighted_sampling,C,weighted_sampling,g4_c_weighted_sampling_w60
svm,r0_flat,1,test,fatigue,distraction,34,G4__g4_c_weighted_sampling_w60__svm__r0__w60__fold_1__seed_42,G4,R0,60,42,weighted_sampling,C,weighted_sampling,g4_c_weighted_sampling_w60
svm,r0_flat,1,test,distraction,alert,98,G4__g4_c_weighted_sampling_w60__svm__r0__w60__fold_1__seed_42,G4,R0,60,42,weighted_sampling,C,weighted_sampling,g4_c_weighted_sampling_w60
svm,r0_flat,1,test,distraction,fatigue,2,G4__g4_c_weighted_sampling_w60__svm__r0__w60__fold_1__seed_42,G4,R0,60,42,weighted_sampling,C,weighted_sampling,g4_c_weighted_sampling_w60
svm,r0_flat,1,test,distraction,distraction,279,G4__g4_c_weighted_sampling_w60__svm__r0__w60__fold_1__seed_42,G4,R0,60,42,weighted_sampling,C,weighted_sampling,g4_c_weighted_sampling_w60
svm,r0_flat,2,validation,alert,alert,772,G4__g4_c_weighted_sampling_w60__svm__r0__w60__fold_2__seed_42,G4,R0,60,42,weighted_sampling,C,weighted_sampling,g4_c_weighted_sampling_w60
svm,r0_flat,2,validation,alert,fatigue,47,G4__g4_c_weighted_sampling_w60__svm__r0__w60__fold_2__seed_42,G4,R0,60,42,weighted_sampling,C,weighted_sampling,g4_c_weighted_sampling_w60
svm,r0_flat,2,validation,alert,distraction,261,G4__g4_c_weighted_sampling_w60__svm__r0__w60__fold_2__seed_42,G4,R0,60,42,weighted_sampling,C,weighted_sampling,g4_c_weighted_sampling_w60
svm,r0_flat,2,validation,fatigue,alert,12,G4__g4_c_weighted_sampling_w60__svm__r0__w60__fold_2__seed_42,G4,R0,60,42,weighted_sampling,C,weighted_sampling,g4_c_weighted_sampling_w60
svm,r0_flat,2,validation,fatigue,fatigue,1,G4__g4_c_weighted_sampling_w60__svm__r0__w60__fold_2__seed_42,G4,R0,60,42,weighted_sampling,C,weighted_sampling,g4_c_weighted_sampling_w60
svm,r0_flat,2,validation,fatigue,distraction,4,G4__g4_c_weighted_sampling_w60__svm__r0__w60__fold_2__seed_42,G4,R0,60,42,weighted_sampling,C,weighted_sampling,g4_c_weighted_sampling_w60
svm,r0_flat,2,validation,distraction,alert,46,G4__g4_c_weighted_sampling_w60__svm__r0__w60__fold_2__seed_42,G4,R0,60,42,weighted_sampling,C,weighted_sampling,g4_c_weighted_sampling_w60
svm,r0_flat,2,validation,distraction,fatigue,4,G4__g4_c_weighted_sampling_w60__svm__r0__w60__fold_2__seed_42,G4,R0,60,42,weighted_sampling,C,weighted_sampling,g4_c_weighted_sampling_w60
svm,r0_flat,2,validation,distraction,distraction,26,G4__g4_c_weighted_sampling_w60__svm__r0__w60__fold_2__seed_42,G4,R0,60,42,weighted_sampling,C,weighted_sampling,g4_c_weighted_sampling_w60
svm,r0_flat,2,test,alert,alert,1313,G4__g4_c_weighted_sampling_w60__svm__r0__w60__fold_2__seed_42,G4,R0,60,42,weighted_sampling,C,weighted_sampling,g4_c_weighted_sampling_w60
svm,r0_flat,2,test,alert,fatigue,65,G4__g4_c_weighted_sampling_w60__svm__r0__w60__fold_2__seed_42,G4,R0,60,42,weighted_sampling,C,weighted_sampling,g4_c_weighted_sampling_w60
svm,r0_flat,2,test,alert,distraction,193,G4__g4_c_weighted_sampling_w60__svm__r0__w60__fold_2__seed_42,G4,R0,60,42,weighted_sampling,C,weighted_sampling,g4_c_weighted_sampling_w60
svm,r0_flat,2,test,fatigue,alert,0,G4__g4_c_weighted_sampling_w60__svm__r0__w60__fold_2__seed_42,G4,R0,60,42,weighted_sampling,C,weighted_sampling,g4_c_weighted_sampling_w60
svm,r0_flat,2,test,fatigue,fatigue,0,G4__g4_c_weighted_sampling_w60__svm__r0__w60__fold_2__seed_42,G4,R0,60,42,weighted_sampling,C,weighted_sampling,g4_c_weighted_sampling_w60
svm,r0_flat,2,test,fatigue,distraction,0,G4__g4_c_weighted_sampling_w60__svm__r0__w60__fold_2__seed_42,G4,R0,60,42,weighted_sampling,C,weighted_sampling,g4_c_weighted_sampling_w60
svm,r0_flat,2,test,distraction,alert,105,G4__g4_c_weighted_sampling_w60__svm__r0__w60__fold_2__seed_42,G4,R0,60,42,weighted_sampling,C,weighted_sampling,g4_c_weighted_sampling_w60
svm,r0_flat,2,test,distraction,fatigue,9,G4__g4_c_weighted_sampling_w60__svm__r0__w60__fold_2__seed_42,G4,R0,60,42,weighted_sampling,C,weighted_sampling,g4_c_weighted_sampling_w60
svm,r0_flat,2,test,distraction,distraction,179,G4__g4_c_weighted_sampling_w60__svm__r0__w60__fold_2__seed_42,G4,R0,60,42,weighted_sampling,C,weighted_sampling,g4_c_weighted_sampling_w60
svm,r0_flat,3,validation,alert,alert,698,G4__g4_c_weighted_sampling_w60__svm__r0__w60__fold_3__seed_42,G4,R0,60,42,weighted_sampling,C,weighted_sampling,g4_c_weighted_sampling_w60
svm,r0_flat,3,validation,alert,fatigue,22,G4__g4_c_weighted_sampling_w60__svm__r0__w60__fold_3__seed_42,G4,R0,60,42,weighted_sampling,C,weighted_sampling,g4_c_weighted_sampling_w60
svm,r0_flat,3,validation,alert,distraction,266,G4__g4_c_weighted_sampling_w60__svm__r0__w60__fold_3__seed_42,G4,R0,60,42,weighted_sampling,C,weighted_sampling,g4_c_weighted_sampling_w60
svm,r0_flat,3,validation,fatigue,alert,11,G4__g4_c_weighted_sampling_w60__svm__r0__w60__fold_3__seed_42,G4,R0,60,42,weighted_sampling,C,weighted_sampling,g4_c_weighted_sampling_w60
svm,r0_flat,3,validation,fatigue,fatigue,0,G4__g4_c_weighted_sampling_w60__svm__r0__w60__fold_3__seed_42,G4,R0,60,42,weighted_sampling,C,weighted_sampling,g4_c_weighted_sampling_w60
svm,r0_flat,3,validation,fatigue,distraction,2,G4__g4_c_weighted_sampling_w60__svm__r0__w60__fold_3__seed_42,G4,R0,60,42,weighted_sampling,C,weighted_sampling,g4_c_weighted_sampling_w60
svm,r0_flat,3,validation,distraction,alert,87,G4__g4_c_weighted_sampling_w60__svm__r0__w60__fold_3__seed_42,G4,R0,60,42,weighted_sampling,C,weighted_sampling,g4_c_weighted_sampling_w60
svm,r0_flat,3,validation,distraction,fatigue,4,G4__g4_c_weighted_sampling_w60__svm__r0__w60__fold_3__seed_42,G4,R0,60,42,weighted_sampling,C,weighted_sampling,g4_c_weighted_sampling_w60
svm,r0_flat,3,validation,distraction,distraction,61,G4__g4_c_weighted_sampling_w60__svm__r0__w60__fold_3__seed_42,G4,R0,60,42,weighted_sampling,C,weighted_sampling,g4_c_weighted_sampling_w60
svm,r0_flat,3,test,alert,alert,1084,G4__g4_c_weighted_sampling_w60__svm__r0__w60__fold_3__seed_42,G4,R0,60,42,weighted_sampling,C,weighted_sampling,g4_c_weighted_sampling_w60
svm,r0_flat,3,test,alert,fatigue,21,G4__g4_c_weighted_sampling_w60__svm__r0__w60__fold_3__seed_42,G4,R0,60,42,weighted_sampling,C,weighted_sampling,g4_c_weighted_sampling_w60
svm,r0_flat,3,test,alert,distraction,262,G4__g4_c_weighted_sampling_w60__svm__r0__w60__fold_3__seed_42,G4,R0,60,42,weighted_sampling,C,weighted_sampling,g4_c_weighted_sampling_w60
svm,r0_flat,3,test,fatigue,alert,15,G4__g4_c_weighted_sampling_w60__svm__r0__w60__fold_3__seed_42,G4,R0,60,42,weighted_sampling,C,weighted_sampling,g4_c_weighted_sampling_w60
svm,r0_flat,3,test,fatigue,fatigue,0,G4__g4_c_weighted_sampling_w60__svm__r0__w60__fold_3__seed_42,G4,R0,60,42,weighted_sampling,C,weighted_sampling,g4_c_weighted_sampling_w60
svm,r0_flat,3,test,fatigue,distraction,6,G4__g4_c_weighted_sampling_w60__svm__r0__w60__fold_3__seed_42,G4,R0,60,42,weighted_sampling,C,weighted_sampling,g4_c_weighted_sampling_w60
svm,r0_flat,3,test,distraction,alert,35,G4__g4_c_weighted_sampling_w60__svm__r0__w60__fold_3__seed_42,G4,R0,60,42,weighted_sampling,C,weighted_sampling,g4_c_weighted_sampling_w60
svm,r0_flat,3,test,distraction,fatigue,9,G4__g4_c_weighted_sampling_w60__svm__r0__w60__fold_3__seed_42,G4,R0,60,42,weighted_sampling,C,weighted_sampling,g4_c_weighted_sampling_w60
svm,r0_flat,3,test,distraction,distraction,68,G4__g4_c_weighted_sampling_w60__svm__r0__w60__fold_3__seed_42,G4,R0,60,42,weighted_sampling,C,weighted_sampling,g4_c_weighted_sampling_w60
svm,r0_flat,4,validation,alert,alert,726,G4__g4_c_weighted_sampling_w60__svm__r0__w60__fold_4__seed_42,G4,R0,60,42,weighted_sampling,C,weighted_sampling,g4_c_weighted_sampling_w60
svm,r0_flat,4,validation,alert,fatigue,49,G4__g4_c_weighted_sampling_w60__svm__r0__w60__fold_4__seed_42,G4,R0,60,42,weighted_sampling,C,weighted_sampling,g4_c_weighted_sampling_w60
svm,r0_flat,4,validation,alert,distraction,237,G4__g4_c_weighted_sampling_w60__svm__r0__w60__fold_4__seed_42,G4,R0,60,42,weighted_sampling,C,weighted_sampling,g4_c_weighted_sampling_w60
svm,r0_flat,4,validation,fatigue,alert,11,G4__g4_c_weighted_sampling_w60__svm__r0__w60__fold_4__seed_42,G4,R0,60,42,weighted_sampling,C,weighted_sampling,g4_c_weighted_sampling_w60
svm,r0_flat,4,validation,fatigue,fatigue,2,G4__g4_c_weighted_sampling_w60__svm__r0__w60__fold_4__seed_42,G4,R0,60,42,weighted_sampling,C,weighted_sampling,g4_c_weighted_sampling_w60
svm,r0_flat,4,validation,fatigue,distraction,4,G4__g4_c_weighted_sampling_w60__svm__r0__w60__fold_4__seed_42,G4,R0,60,42,weighted_sampling,C,weighted_sampling,g4_c_weighted_sampling_w60
svm,r0_flat,4,validation,distraction,alert,51,G4__g4_c_weighted_sampling_w60__svm__r0__w60__fold_4__seed_42,G4,R0,60,42,weighted_sampling,C,weighted_sampling,g4_c_weighted_sampling_w60
svm,r0_flat,4,validation,distraction,fatigue,7,G4__g4_c_weighted_sampling_w60__svm__r0__w60__fold_4__seed_42,G4,R0,60,42,weighted_sampling,C,weighted_sampling,g4_c_weighted_sampling_w60
svm,r0_flat,4,validation,distraction,distraction,38,G4__g4_c_weighted_sampling_w60__svm__r0__w60__fold_4__seed_42,G4,R0,60,42,weighted_sampling,C,weighted_sampling,g4_c_weighted_sampling_w60
svm,r0_flat,4,test,alert,alert,721,G4__g4_c_weighted_sampling_w60__svm__r0__w60__fold_4__seed_42,G4,R0,60,42,weighted_sampling,C,weighted_sampling,g4_c_weighted_sampling_w60
svm,r0_flat,4,test,alert,fatigue,48,G4__g4_c_weighted_sampling_w60__svm__r0__w60__fold_4__seed_42,G4,R0,60,42,weighted_sampling,C,weighted_sampling,g4_c_weighted_sampling_w60
svm,r0_flat,4,test,alert,distraction,188,G4__g4_c_weighted_sampling_w60__svm__r0__w60__fold_4__seed_42,G4,R0,60,42,weighted_sampling,C,weighted_sampling,g4_c_weighted_sampling_w60
svm,r0_flat,4,test,fatigue,alert,0,G4__g4_c_weighted_sampling_w60__svm__r0__w60__fold_4__seed_42,G4,R0,60,42,weighted_sampling,C,weighted_sampling,g4_c_weighted_sampling_w60
svm,r0_flat,4,test,fatigue,fatigue,0,G4__g4_c_weighted_sampling_w60__svm__r0__w60__fold_4__seed_42,G4,R0,60,42,weighted_sampling,C,weighted_sampling,g4_c_weighted_sampling_w60
svm,r0_flat,4,test,fatigue,distraction,0,G4__g4_c_weighted_sampling_w60__svm__r0__w60__fold_4__seed_42,G4,R0,60,42,weighted_sampling,C,weighted_sampling,g4_c_weighted_sampling_w60
svm,r0_flat,4,test,distraction,alert,96,G4__g4_c_weighted_sampling_w60__svm__r0__w60__fold_4__seed_42,G4,R0,60,42,weighted_sampling,C,weighted_sampling,g4_c_weighted_sampling_w60
svm,r0_flat,4,test,distraction,fatigue,9,G4__g4_c_weighted_sampling_w60__svm__r0__w60__fold_4__seed_42,G4,R0,60,42,weighted_sampling,C,weighted_sampling,g4_c_weighted_sampling_w60
svm,r0_flat,4,test,distraction,distraction,33,G4__g4_c_weighted_sampling_w60__svm__r0__w60__fold_4__seed_42,G4,R0,60,42,weighted_sampling,C,weighted_sampling,g4_c_weighted_sampling_w60
tcn,temporal_r0,1,validation,alert,alert,724,G4__g4_c_weighted_sampling_w60__tcn__r0__w60__fold_1__seed_42,G4,R0,60,42,,C,weighted_sampling,g4_c_weighted_sampling_w60
tcn,temporal_r0,1,validation,alert,fatigue,182,G4__g4_c_weighted_sampling_w60__tcn__r0__w60__fold_1__seed_42,G4,R0,60,42,,C,weighted_sampling,g4_c_weighted_sampling_w60
tcn,temporal_r0,1,validation,alert,distraction,108,G4__g4_c_weighted_sampling_w60__tcn__r0__w60__fold_1__seed_42,G4,R0,60,42,,C,weighted_sampling,g4_c_weighted_sampling_w60
tcn,temporal_r0,1,validation,fatigue,alert,0,G4__g4_c_weighted_sampling_w60__tcn__r0__w60__fold_1__seed_42,G4,R0,60,42,,C,weighted_sampling,g4_c_weighted_sampling_w60
tcn,temporal_r0,1,validation,fatigue,fatigue,4,G4__g4_c_weighted_sampling_w60__tcn__r0__w60__fold_1__seed_42,G4,R0,60,42,,C,weighted_sampling,g4_c_weighted_sampling_w60
tcn,temporal_r0,1,validation,fatigue,distraction,0,G4__g4_c_weighted_sampling_w60__tcn__r0__w60__fold_1__seed_42,G4,R0,60,42,,C,weighted_sampling,g4_c_weighted_sampling_w60
tcn,temporal_r0,1,validation,distraction,alert,66,G4__g4_c_weighted_sampling_w60__tcn__r0__w60__fold_1__seed_42,G4,R0,60,42,,C,weighted_sampling,g4_c_weighted_sampling_w60
tcn,temporal_r0,1,validation,distraction,fatigue,27,G4__g4_c_weighted_sampling_w60__tcn__r0__w60__fold_1__seed_42,G4,R0,60,42,,C,weighted_sampling,g4_c_weighted_sampling_w60
tcn,temporal_r0,1,validation,distraction,distraction,69,G4__g4_c_weighted_sampling_w60__tcn__r0__w60__fold_1__seed_42,G4,R0,60,42,,C,weighted_sampling,g4_c_weighted_sampling_w60
tcn,temporal_r0,1,test,alert,alert,656,G4__g4_c_weighted_sampling_w60__tcn__r0__w60__fold_1__seed_42,G4,R0,60,42,,C,weighted_sampling,g4_c_weighted_sampling_w60
tcn,temporal_r0,1,test,alert,fatigue,235,G4__g4_c_weighted_sampling_w60__tcn__r0__w60__fold_1__seed_42,G4,R0,60,42,,C,weighted_sampling,g4_c_weighted_sampling_w60
tcn,temporal_r0,1,test,alert,distraction,197,G4__g4_c_weighted_sampling_w60__tcn__r0__w60__fold_1__seed_42,G4,R0,60,42,,C,weighted_sampling,g4_c_weighted_sampling_w60
tcn,temporal_r0,1,test,fatigue,alert,14,G4__g4_c_weighted_sampling_w60__tcn__r0__w60__fold_1__seed_42,G4,R0,60,42,,C,weighted_sampling,g4_c_weighted_sampling_w60
tcn,temporal_r0,1,test,fatigue,fatigue,8,G4__g4_c_weighted_sampling_w60__tcn__r0__w60__fold_1__seed_42,G4,R0,60,42,,C,weighted_sampling,g4_c_weighted_sampling_w60
tcn,temporal_r0,1,test,fatigue,distraction,45,G4__g4_c_weighted_sampling_w60__tcn__r0__w60__fold_1__seed_42,G4,R0,60,42,,C,weighted_sampling,g4_c_weighted_sampling_w60
tcn,temporal_r0,1,test,distraction,alert,18,G4__g4_c_weighted_sampling_w60__tcn__r0__w60__fold_1__seed_42,G4,R0,60,42,,C,weighted_sampling,g4_c_weighted_sampling_w60
tcn,temporal_r0,1,test,distraction,fatigue,64,G4__g4_c_weighted_sampling_w60__tcn__r0__w60__fold_1__seed_42,G4,R0,60,42,,C,weighted_sampling,g4_c_weighted_sampling_w60
tcn,temporal_r0,1,test,distraction,distraction,297,G4__g4_c_weighted_sampling_w60__tcn__r0__w60__fold_1__seed_42,G4,R0,60,42,,C,weighted_sampling,g4_c_weighted_sampling_w60
tcn,temporal_r0,2,validation,alert,alert,817,G4__g4_c_weighted_sampling_w60__tcn__r0__w60__fold_2__seed_42,G4,R0,60,42,,C,weighted_sampling,g4_c_weighted_sampling_w60
tcn,temporal_r0,2,validation,alert,fatigue,69,G4__g4_c_weighted_sampling_w60__tcn__r0__w60__fold_2__seed_42,G4,R0,60,42,,C,weighted_sampling,g4_c_weighted_sampling_w60
tcn,temporal_r0,2,validation,alert,distraction,194,G4__g4_c_weighted_sampling_w60__tcn__r0__w60__fold_2__seed_42,G4,R0,60,42,,C,weighted_sampling,g4_c_weighted_sampling_w60
tcn,temporal_r0,2,validation,fatigue,alert,13,G4__g4_c_weighted_sampling_w60__tcn__r0__w60__fold_2__seed_42,G4,R0,60,42,,C,weighted_sampling,g4_c_weighted_sampling_w60
tcn,temporal_r0,2,validation,fatigue,fatigue,4,G4__g4_c_weighted_sampling_w60__tcn__r0__w60__fold_2__seed_42,G4,R0,60,42,,C,weighted_sampling,g4_c_weighted_sampling_w60
tcn,temporal_r0,2,validation,fatigue,distraction,0,G4__g4_c_weighted_sampling_w60__tcn__r0__w60__fold_2__seed_42,G4,R0,60,42,,C,weighted_sampling,g4_c_weighted_sampling_w60
tcn,temporal_r0,2,validation,distraction,alert,34,G4__g4_c_weighted_sampling_w60__tcn__r0__w60__fold_2__seed_42,G4,R0,60,42,,C,weighted_sampling,g4_c_weighted_sampling_w60
tcn,temporal_r0,2,validation,distraction,fatigue,7,G4__g4_c_weighted_sampling_w60__tcn__r0__w60__fold_2__seed_42,G4,R0,60,42,,C,weighted_sampling,g4_c_weighted_sampling_w60
tcn,temporal_r0,2,validation,distraction,distraction,35,G4__g4_c_weighted_sampling_w60__tcn__r0__w60__fold_2__seed_42,G4,R0,60,42,,C,weighted_sampling,g4_c_weighted_sampling_w60
tcn,temporal_r0,2,test,alert,alert,1387,G4__g4_c_weighted_sampling_w60__tcn__r0__w60__fold_2__seed_42,G4,R0,60,42,,C,weighted_sampling,g4_c_weighted_sampling_w60
tcn,temporal_r0,2,test,alert,fatigue,55,G4__g4_c_weighted_sampling_w60__tcn__r0__w60__fold_2__seed_42,G4,R0,60,42,,C,weighted_sampling,g4_c_weighted_sampling_w60
tcn,temporal_r0,2,test,alert,distraction,129,G4__g4_c_weighted_sampling_w60__tcn__r0__w60__fold_2__seed_42,G4,R0,60,42,,C,weighted_sampling,g4_c_weighted_sampling_w60
tcn,temporal_r0,2,test,fatigue,alert,0,G4__g4_c_weighted_sampling_w60__tcn__r0__w60__fold_2__seed_42,G4,R0,60,42,,C,weighted_sampling,g4_c_weighted_sampling_w60
tcn,temporal_r0,2,test,fatigue,fatigue,0,G4__g4_c_weighted_sampling_w60__tcn__r0__w60__fold_2__seed_42,G4,R0,60,42,,C,weighted_sampling,g4_c_weighted_sampling_w60
tcn,temporal_r0,2,test,fatigue,distraction,0,G4__g4_c_weighted_sampling_w60__tcn__r0__w60__fold_2__seed_42,G4,R0,60,42,,C,weighted_sampling,g4_c_weighted_sampling_w60
tcn,temporal_r0,2,test,distraction,alert,87,G4__g4_c_weighted_sampling_w60__tcn__r0__w60__fold_2__seed_42,G4,R0,60,42,,C,weighted_sampling,g4_c_weighted_sampling_w60
tcn,temporal_r0,2,test,distraction,fatigue,16,G4__g4_c_weighted_sampling_w60__tcn__r0__w60__fold_2__seed_42,G4,R0,60,42,,C,weighted_sampling,g4_c_weighted_sampling_w60
tcn,temporal_r0,2,test,distraction,distraction,190,G4__g4_c_weighted_sampling_w60__tcn__r0__w60__fold_2__seed_42,G4,R0,60,42,,C,weighted_sampling,g4_c_weighted_sampling_w60
tcn,temporal_r0,3,validation,alert,alert,682,G4__g4_c_weighted_sampling_w60__tcn__r0__w60__fold_3__seed_42,G4,R0,60,42,,C,weighted_sampling,g4_c_weighted_sampling_w60
tcn,temporal_r0,3,validation,alert,fatigue,92,G4__g4_c_weighted_sampling_w60__tcn__r0__w60__fold_3__seed_42,G4,R0,60,42,,C,weighted_sampling,g4_c_weighted_sampling_w60
tcn,temporal_r0,3,validation,alert,distraction,212,G4__g4_c_weighted_sampling_w60__tcn__r0__w60__fold_3__seed_42,G4,R0,60,42,,C,weighted_sampling,g4_c_weighted_sampling_w60
tcn,temporal_r0,3,validation,fatigue,alert,8,G4__g4_c_weighted_sampling_w60__tcn__r0__w60__fold_3__seed_42,G4,R0,60,42,,C,weighted_sampling,g4_c_weighted_sampling_w60
tcn,temporal_r0,3,validation,fatigue,fatigue,5,G4__g4_c_weighted_sampling_w60__tcn__r0__w60__fold_3__seed_42,G4,R0,60,42,,C,weighted_sampling,g4_c_weighted_sampling_w60
tcn,temporal_r0,3,validation,fatigue,distraction,0,G4__g4_c_weighted_sampling_w60__tcn__r0__w60__fold_3__seed_42,G4,R0,60,42,,C,weighted_sampling,g4_c_weighted_sampling_w60
tcn,temporal_r0,3,validation,distraction,alert,78,G4__g4_c_weighted_sampling_w60__tcn__r0__w60__fold_3__seed_42,G4,R0,60,42,,C,weighted_sampling,g4_c_weighted_sampling_w60
tcn,temporal_r0,3,validation,distraction,fatigue,3,G4__g4_c_weighted_sampling_w60__tcn__r0__w60__fold_3__seed_42,G4,R0,60,42,,C,weighted_sampling,g4_c_weighted_sampling_w60
tcn,temporal_r0,3,validation,distraction,distraction,71,G4__g4_c_weighted_sampling_w60__tcn__r0__w60__fold_3__seed_42,G4,R0,60,42,,C,weighted_sampling,g4_c_weighted_sampling_w60
tcn,temporal_r0,3,test,alert,alert,1209,G4__g4_c_weighted_sampling_w60__tcn__r0__w60__fold_3__seed_42,G4,R0,60,42,,C,weighted_sampling,g4_c_weighted_sampling_w60
tcn,temporal_r0,3,test,alert,fatigue,25,G4__g4_c_weighted_sampling_w60__tcn__r0__w60__fold_3__seed_42,G4,R0,60,42,,C,weighted_sampling,g4_c_weighted_sampling_w60
tcn,temporal_r0,3,test,alert,distraction,133,G4__g4_c_weighted_sampling_w60__tcn__r0__w60__fold_3__seed_42,G4,R0,60,42,,C,weighted_sampling,g4_c_weighted_sampling_w60
tcn,temporal_r0,3,test,fatigue,alert,13,G4__g4_c_weighted_sampling_w60__tcn__r0__w60__fold_3__seed_42,G4,R0,60,42,,C,weighted_sampling,g4_c_weighted_sampling_w60
tcn,temporal_r0,3,test,fatigue,fatigue,2,G4__g4_c_weighted_sampling_w60__tcn__r0__w60__fold_3__seed_42,G4,R0,60,42,,C,weighted_sampling,g4_c_weighted_sampling_w60
tcn,temporal_r0,3,test,fatigue,distraction,6,G4__g4_c_weighted_sampling_w60__tcn__r0__w60__fold_3__seed_42,G4,R0,60,42,,C,weighted_sampling,g4_c_weighted_sampling_w60
tcn,temporal_r0,3,test,distraction,alert,29,G4__g4_c_weighted_sampling_w60__tcn__r0__w60__fold_3__seed_42,G4,R0,60,42,,C,weighted_sampling,g4_c_weighted_sampling_w60
tcn,temporal_r0,3,test,distraction,fatigue,8,G4__g4_c_weighted_sampling_w60__tcn__r0__w60__fold_3__seed_42,G4,R0,60,42,,C,weighted_sampling,g4_c_weighted_sampling_w60
tcn,temporal_r0,3,test,distraction,distraction,75,G4__g4_c_weighted_sampling_w60__tcn__r0__w60__fold_3__seed_42,G4,R0,60,42,,C,weighted_sampling,g4_c_weighted_sampling_w60
tcn,temporal_r0,4,validation,alert,alert,754,G4__g4_c_weighted_sampling_w60__tcn__r0__w60__fold_4__seed_42,G4,R0,60,42,,C,weighted_sampling,g4_c_weighted_sampling_w60
tcn,temporal_r0,4,validation,alert,fatigue,160,G4__g4_c_weighted_sampling_w60__tcn__r0__w60__fold_4__seed_42,G4,R0,60,42,,C,weighted_sampling,g4_c_weighted_sampling_w60
tcn,temporal_r0,4,validation,alert,distraction,98,G4__g4_c_weighted_sampling_w60__tcn__r0__w60__fold_4__seed_42,G4,R0,60,42,,C,weighted_sampling,g4_c_weighted_sampling_w60
tcn,temporal_r0,4,validation,fatigue,alert,12,G4__g4_c_weighted_sampling_w60__tcn__r0__w60__fold_4__seed_42,G4,R0,60,42,,C,weighted_sampling,g4_c_weighted_sampling_w60
tcn,temporal_r0,4,validation,fatigue,fatigue,5,G4__g4_c_weighted_sampling_w60__tcn__r0__w60__fold_4__seed_42,G4,R0,60,42,,C,weighted_sampling,g4_c_weighted_sampling_w60
tcn,temporal_r0,4,validation,fatigue,distraction,0,G4__g4_c_weighted_sampling_w60__tcn__r0__w60__fold_4__seed_42,G4,R0,60,42,,C,weighted_sampling,g4_c_weighted_sampling_w60
tcn,temporal_r0,4,validation,distraction,alert,45,G4__g4_c_weighted_sampling_w60__tcn__r0__w60__fold_4__seed_42,G4,R0,60,42,,C,weighted_sampling,g4_c_weighted_sampling_w60
tcn,temporal_r0,4,validation,distraction,fatigue,7,G4__g4_c_weighted_sampling_w60__tcn__r0__w60__fold_4__seed_42,G4,R0,60,42,,C,weighted_sampling,g4_c_weighted_sampling_w60
tcn,temporal_r0,4,validation,distraction,distraction,44,G4__g4_c_weighted_sampling_w60__tcn__r0__w60__fold_4__seed_42,G4,R0,60,42,,C,weighted_sampling,g4_c_weighted_sampling_w60
tcn,temporal_r0,4,test,alert,alert,730,G4__g4_c_weighted_sampling_w60__tcn__r0__w60__fold_4__seed_42,G4,R0,60,42,,C,weighted_sampling,g4_c_weighted_sampling_w60
tcn,temporal_r0,4,test,alert,fatigue,80,G4__g4_c_weighted_sampling_w60__tcn__r0__w60__fold_4__seed_42,G4,R0,60,42,,C,weighted_sampling,g4_c_weighted_sampling_w60
tcn,temporal_r0,4,test,alert,distraction,147,G4__g4_c_weighted_sampling_w60__tcn__r0__w60__fold_4__seed_42,G4,R0,60,42,,C,weighted_sampling,g4_c_weighted_sampling_w60
tcn,temporal_r0,4,test,fatigue,alert,0,G4__g4_c_weighted_sampling_w60__tcn__r0__w60__fold_4__seed_42,G4,R0,60,42,,C,weighted_sampling,g4_c_weighted_sampling_w60
tcn,temporal_r0,4,test,fatigue,fatigue,0,G4__g4_c_weighted_sampling_w60__tcn__r0__w60__fold_4__seed_42,G4,R0,60,42,,C,weighted_sampling,g4_c_weighted_sampling_w60
tcn,temporal_r0,4,test,fatigue,distraction,0,G4__g4_c_weighted_sampling_w60__tcn__r0__w60__fold_4__seed_42,G4,R0,60,42,,C,weighted_sampling,g4_c_weighted_sampling_w60
tcn,temporal_r0,4,test,distraction,alert,79,G4__g4_c_weighted_sampling_w60__tcn__r0__w60__fold_4__seed_42,G4,R0,60,42,,C,weighted_sampling,g4_c_weighted_sampling_w60
tcn,temporal_r0,4,test,distraction,fatigue,18,G4__g4_c_weighted_sampling_w60__tcn__r0__w60__fold_4__seed_42,G4,R0,60,42,,C,weighted_sampling,g4_c_weighted_sampling_w60
tcn,temporal_r0,4,test,distraction,distraction,41,G4__g4_c_weighted_sampling_w60__tcn__r0__w60__fold_4__seed_42,G4,R0,60,42,,C,weighted_sampling,g4_c_weighted_sampling_w60
transformer,temporal_r0,1,validation,alert,alert,892,G4__g4_d_augmentation_w150__transformer__r0__w150__fold_1__seed_42,G4,R0,150,42,,D,augmentation,g4_d_augmentation_w150
transformer,temporal_r0,1,validation,alert,fatigue,0,G4__g4_d_augmentation_w150__transformer__r0__w150__fold_1__seed_42,G4,R0,150,42,,D,augmentation,g4_d_augmentation_w150
transformer,temporal_r0,1,validation,alert,distraction,107,G4__g4_d_augmentation_w150__transformer__r0__w150__fold_1__seed_42,G4,R0,150,42,,D,augmentation,g4_d_augmentation_w150
transformer,temporal_r0,1,validation,fatigue,alert,1,G4__g4_d_augmentation_w150__transformer__r0__w150__fold_1__seed_42,G4,R0,150,42,,D,augmentation,g4_d_augmentation_w150
transformer,temporal_r0,1,validation,fatigue,fatigue,0,G4__g4_d_augmentation_w150__transformer__r0__w150__fold_1__seed_42,G4,R0,150,42,,D,augmentation,g4_d_augmentation_w150
transformer,temporal_r0,1,validation,fatigue,distraction,0,G4__g4_d_augmentation_w150__transformer__r0__w150__fold_1__seed_42,G4,R0,150,42,,D,augmentation,g4_d_augmentation_w150
transformer,temporal_r0,1,validation,distraction,alert,79,G4__g4_d_augmentation_w150__transformer__r0__w150__fold_1__seed_42,G4,R0,150,42,,D,augmentation,g4_d_augmentation_w150
transformer,temporal_r0,1,validation,distraction,fatigue,0,G4__g4_d_augmentation_w150__transformer__r0__w150__fold_1__seed_42,G4,R0,150,42,,D,augmentation,g4_d_augmentation_w150
transformer,temporal_r0,1,validation,distraction,distraction,76,G4__g4_d_augmentation_w150__transformer__r0__w150__fold_1__seed_42,G4,R0,150,42,,D,augmentation,g4_d_augmentation_w150
transformer,temporal_r0,1,test,alert,alert,866,G4__g4_d_augmentation_w150__transformer__r0__w150__fold_1__seed_42,G4,R0,150,42,,D,augmentation,g4_d_augmentation_w150
transformer,temporal_r0,1,test,alert,fatigue,0,G4__g4_d_augmentation_w150__transformer__r0__w150__fold_1__seed_42,G4,R0,150,42,,D,augmentation,g4_d_augmentation_w150
transformer,temporal_r0,1,test,alert,distraction,224,G4__g4_d_augmentation_w150__transformer__r0__w150__fold_1__seed_42,G4,R0,150,42,,D,augmentation,g4_d_augmentation_w150
transformer,temporal_r0,1,test,fatigue,alert,24,G4__g4_d_augmentation_w150__transformer__r0__w150__fold_1__seed_42,G4,R0,150,42,,D,augmentation,g4_d_augmentation_w150
transformer,temporal_r0,1,test,fatigue,fatigue,0,G4__g4_d_augmentation_w150__transformer__r0__w150__fold_1__seed_42,G4,R0,150,42,,D,augmentation,g4_d_augmentation_w150
transformer,temporal_r0,1,test,fatigue,distraction,38,G4__g4_d_augmentation_w150__transformer__r0__w150__fold_1__seed_42,G4,R0,150,42,,D,augmentation,g4_d_augmentation_w150
transformer,temporal_r0,1,test,distraction,alert,57,G4__g4_d_augmentation_w150__transformer__r0__w150__fold_1__seed_42,G4,R0,150,42,,D,augmentation,g4_d_augmentation_w150
transformer,temporal_r0,1,test,distraction,fatigue,0,G4__g4_d_augmentation_w150__transformer__r0__w150__fold_1__seed_42,G4,R0,150,42,,D,augmentation,g4_d_augmentation_w150
transformer,temporal_r0,1,test,distraction,distraction,319,G4__g4_d_augmentation_w150__transformer__r0__w150__fold_1__seed_42,G4,R0,150,42,,D,augmentation,g4_d_augmentation_w150
transformer,temporal_r0,2,validation,alert,alert,920,G4__g4_d_augmentation_w150__transformer__r0__w150__fold_2__seed_42,G4,R0,150,42,,D,augmentation,g4_d_augmentation_w150
transformer,temporal_r0,2,validation,alert,fatigue,0,G4__g4_d_augmentation_w150__transformer__r0__w150__fold_2__seed_42,G4,R0,150,42,,D,augmentation,g4_d_augmentation_w150
transformer,temporal_r0,2,validation,alert,distraction,154,G4__g4_d_augmentation_w150__transformer__r0__w150__fold_2__seed_42,G4,R0,150,42,,D,augmentation,g4_d_augmentation_w150
transformer,temporal_r0,2,validation,fatigue,alert,12,G4__g4_d_augmentation_w150__transformer__r0__w150__fold_2__seed_42,G4,R0,150,42,,D,augmentation,g4_d_augmentation_w150
transformer,temporal_r0,2,validation,fatigue,fatigue,0,G4__g4_d_augmentation_w150__transformer__r0__w150__fold_2__seed_42,G4,R0,150,42,,D,augmentation,g4_d_augmentation_w150
transformer,temporal_r0,2,validation,fatigue,distraction,0,G4__g4_d_augmentation_w150__transformer__r0__w150__fold_2__seed_42,G4,R0,150,42,,D,augmentation,g4_d_augmentation_w150
transformer,temporal_r0,2,validation,distraction,alert,37,G4__g4_d_augmentation_w150__transformer__r0__w150__fold_2__seed_42,G4,R0,150,42,,D,augmentation,g4_d_augmentation_w150
transformer,temporal_r0,2,validation,distraction,fatigue,0,G4__g4_d_augmentation_w150__transformer__r0__w150__fold_2__seed_42,G4,R0,150,42,,D,augmentation,g4_d_augmentation_w150
transformer,temporal_r0,2,validation,distraction,distraction,37,G4__g4_d_augmentation_w150__transformer__r0__w150__fold_2__seed_42,G4,R0,150,42,,D,augmentation,g4_d_augmentation_w150
transformer,temporal_r0,2,test,alert,alert,1462,G4__g4_d_augmentation_w150__transformer__r0__w150__fold_2__seed_42,G4,R0,150,42,,D,augmentation,g4_d_augmentation_w150
transformer,temporal_r0,2,test,alert,fatigue,0,G4__g4_d_augmentation_w150__transformer__r0__w150__fold_2__seed_42,G4,R0,150,42,,D,augmentation,g4_d_augmentation_w150
transformer,temporal_r0,2,test,alert,distraction,98,G4__g4_d_augmentation_w150__transformer__r0__w150__fold_2__seed_42,G4,R0,150,42,,D,augmentation,g4_d_augmentation_w150
transformer,temporal_r0,2,test,fatigue,alert,0,G4__g4_d_augmentation_w150__transformer__r0__w150__fold_2__seed_42,G4,R0,150,42,,D,augmentation,g4_d_augmentation_w150
transformer,temporal_r0,2,test,fatigue,fatigue,0,G4__g4_d_augmentation_w150__transformer__r0__w150__fold_2__seed_42,G4,R0,150,42,,D,augmentation,g4_d_augmentation_w150
transformer,temporal_r0,2,test,fatigue,distraction,0,G4__g4_d_augmentation_w150__transformer__r0__w150__fold_2__seed_42,G4,R0,150,42,,D,augmentation,g4_d_augmentation_w150
transformer,temporal_r0,2,test,distraction,alert,95,G4__g4_d_augmentation_w150__transformer__r0__w150__fold_2__seed_42,G4,R0,150,42,,D,augmentation,g4_d_augmentation_w150
transformer,temporal_r0,2,test,distraction,fatigue,0,G4__g4_d_augmentation_w150__transformer__r0__w150__fold_2__seed_42,G4,R0,150,42,,D,augmentation,g4_d_augmentation_w150
transformer,temporal_r0,2,test,distraction,distraction,186,G4__g4_d_augmentation_w150__transformer__r0__w150__fold_2__seed_42,G4,R0,150,42,,D,augmentation,g4_d_augmentation_w150
transformer,temporal_r0,3,validation,alert,alert,795,G4__g4_d_augmentation_w150__transformer__r0__w150__fold_3__seed_42,G4,R0,150,42,,D,augmentation,g4_d_augmentation_w150
transformer,temporal_r0,3,validation,alert,fatigue,0,G4__g4_d_augmentation_w150__transformer__r0__w150__fold_3__seed_42,G4,R0,150,42,,D,augmentation,g4_d_augmentation_w150
transformer,temporal_r0,3,validation,alert,distraction,174,G4__g4_d_augmentation_w150__transformer__r0__w150__fold_3__seed_42,G4,R0,150,42,,D,augmentation,g4_d_augmentation_w150
transformer,temporal_r0,3,validation,fatigue,alert,11,G4__g4_d_augmentation_w150__transformer__r0__w150__fold_3__seed_42,G4,R0,150,42,,D,augmentation,g4_d_augmentation_w150
transformer,temporal_r0,3,validation,fatigue,fatigue,0,G4__g4_d_augmentation_w150__transformer__r0__w150__fold_3__seed_42,G4,R0,150,42,,D,augmentation,g4_d_augmentation_w150
transformer,temporal_r0,3,validation,fatigue,distraction,0,G4__g4_d_augmentation_w150__transformer__r0__w150__fold_3__seed_42,G4,R0,150,42,,D,augmentation,g4_d_augmentation_w150
transformer,temporal_r0,3,validation,distraction,alert,76,G4__g4_d_augmentation_w150__transformer__r0__w150__fold_3__seed_42,G4,R0,150,42,,D,augmentation,g4_d_augmentation_w150
transformer,temporal_r0,3,validation,distraction,fatigue,0,G4__g4_d_augmentation_w150__transformer__r0__w150__fold_3__seed_42,G4,R0,150,42,,D,augmentation,g4_d_augmentation_w150
transformer,temporal_r0,3,validation,distraction,distraction,69,G4__g4_d_augmentation_w150__transformer__r0__w150__fold_3__seed_42,G4,R0,150,42,,D,augmentation,g4_d_augmentation_w150
transformer,temporal_r0,3,test,alert,alert,1280,G4__g4_d_augmentation_w150__transformer__r0__w150__fold_3__seed_42,G4,R0,150,42,,D,augmentation,g4_d_augmentation_w150
transformer,temporal_r0,3,test,alert,fatigue,0,G4__g4_d_augmentation_w150__transformer__r0__w150__fold_3__seed_42,G4,R0,150,42,,D,augmentation,g4_d_augmentation_w150
transformer,temporal_r0,3,test,alert,distraction,85,G4__g4_d_augmentation_w150__transformer__r0__w150__fold_3__seed_42,G4,R0,150,42,,D,augmentation,g4_d_augmentation_w150
transformer,temporal_r0,3,test,fatigue,alert,19,G4__g4_d_augmentation_w150__transformer__r0__w150__fold_3__seed_42,G4,R0,150,42,,D,augmentation,g4_d_augmentation_w150
transformer,temporal_r0,3,test,fatigue,fatigue,0,G4__g4_d_augmentation_w150__transformer__r0__w150__fold_3__seed_42,G4,R0,150,42,,D,augmentation,g4_d_augmentation_w150
transformer,temporal_r0,3,test,fatigue,distraction,3,G4__g4_d_augmentation_w150__transformer__r0__w150__fold_3__seed_42,G4,R0,150,42,,D,augmentation,g4_d_augmentation_w150
transformer,temporal_r0,3,test,distraction,alert,50,G4__g4_d_augmentation_w150__transformer__r0__w150__fold_3__seed_42,G4,R0,150,42,,D,augmentation,g4_d_augmentation_w150
transformer,temporal_r0,3,test,distraction,fatigue,0,G4__g4_d_augmentation_w150__transformer__r0__w150__fold_3__seed_42,G4,R0,150,42,,D,augmentation,g4_d_augmentation_w150
transformer,temporal_r0,3,test,distraction,distraction,56,G4__g4_d_augmentation_w150__transformer__r0__w150__fold_3__seed_42,G4,R0,150,42,,D,augmentation,g4_d_augmentation_w150
transformer,temporal_r0,4,validation,alert,alert,882,G4__g4_d_augmentation_w150__transformer__r0__w150__fold_4__seed_42,G4,R0,150,42,,D,augmentation,g4_d_augmentation_w150
transformer,temporal_r0,4,validation,alert,fatigue,0,G4__g4_d_augmentation_w150__transformer__r0__w150__fold_4__seed_42,G4,R0,150,42,,D,augmentation,g4_d_augmentation_w150
transformer,temporal_r0,4,validation,alert,distraction,120,G4__g4_d_augmentation_w150__transformer__r0__w150__fold_4__seed_42,G4,R0,150,42,,D,augmentation,g4_d_augmentation_w150
transformer,temporal_r0,4,validation,fatigue,alert,12,G4__g4_d_augmentation_w150__transformer__r0__w150__fold_4__seed_42,G4,R0,150,42,,D,augmentation,g4_d_augmentation_w150
transformer,temporal_r0,4,validation,fatigue,fatigue,0,G4__g4_d_augmentation_w150__transformer__r0__w150__fold_4__seed_42,G4,R0,150,42,,D,augmentation,g4_d_augmentation_w150
transformer,temporal_r0,4,validation,fatigue,distraction,0,G4__g4_d_augmentation_w150__transformer__r0__w150__fold_4__seed_42,G4,R0,150,42,,D,augmentation,g4_d_augmentation_w150
transformer,temporal_r0,4,validation,distraction,alert,52,G4__g4_d_augmentation_w150__transformer__r0__w150__fold_4__seed_42,G4,R0,150,42,,D,augmentation,g4_d_augmentation_w150
transformer,temporal_r0,4,validation,distraction,fatigue,0,G4__g4_d_augmentation_w150__transformer__r0__w150__fold_4__seed_42,G4,R0,150,42,,D,augmentation,g4_d_augmentation_w150
transformer,temporal_r0,4,validation,distraction,distraction,39,G4__g4_d_augmentation_w150__transformer__r0__w150__fold_4__seed_42,G4,R0,150,42,,D,augmentation,g4_d_augmentation_w150
transformer,temporal_r0,4,test,alert,alert,820,G4__g4_d_augmentation_w150__transformer__r0__w150__fold_4__seed_42,G4,R0,150,42,,D,augmentation,g4_d_augmentation_w150
transformer,temporal_r0,4,test,alert,fatigue,0,G4__g4_d_augmentation_w150__transformer__r0__w150__fold_4__seed_42,G4,R0,150,42,,D,augmentation,g4_d_augmentation_w150
transformer,temporal_r0,4,test,alert,distraction,126,G4__g4_d_augmentation_w150__transformer__r0__w150__fold_4__seed_42,G4,R0,150,42,,D,augmentation,g4_d_augmentation_w150
transformer,temporal_r0,4,test,fatigue,alert,0,G4__g4_d_augmentation_w150__transformer__r0__w150__fold_4__seed_42,G4,R0,150,42,,D,augmentation,g4_d_augmentation_w150
transformer,temporal_r0,4,test,fatigue,fatigue,0,G4__g4_d_augmentation_w150__transformer__r0__w150__fold_4__seed_42,G4,R0,150,42,,D,augmentation,g4_d_augmentation_w150
transformer,temporal_r0,4,test,fatigue,distraction,0,G4__g4_d_augmentation_w150__transformer__r0__w150__fold_4__seed_42,G4,R0,150,42,,D,augmentation,g4_d_augmentation_w150
transformer,temporal_r0,4,test,distraction,alert,105,G4__g4_d_augmentation_w150__transformer__r0__w150__fold_4__seed_42,G4,R0,150,42,,D,augmentation,g4_d_augmentation_w150
transformer,temporal_r0,4,test,distraction,fatigue,0,G4__g4_d_augmentation_w150__transformer__r0__w150__fold_4__seed_42,G4,R0,150,42,,D,augmentation,g4_d_augmentation_w150
transformer,temporal_r0,4,test,distraction,distraction,25,G4__g4_d_augmentation_w150__transformer__r0__w150__fold_4__seed_42,G4,R0,150,42,,D,augmentation,g4_d_augmentation_w150
lstm,temporal_r0,1,validation,alert,alert,921,G4__g4_d_augmentation_w60__lstm__r0__w60__fold_1__seed_42,G4,R0,60,42,,D,augmentation,g4_d_augmentation_w60
lstm,temporal_r0,1,validation,alert,fatigue,0,G4__g4_d_augmentation_w60__lstm__r0__w60__fold_1__seed_42,G4,R0,60,42,,D,augmentation,g4_d_augmentation_w60
lstm,temporal_r0,1,validation,alert,distraction,93,G4__g4_d_augmentation_w60__lstm__r0__w60__fold_1__seed_42,G4,R0,60,42,,D,augmentation,g4_d_augmentation_w60
lstm,temporal_r0,1,validation,fatigue,alert,4,G4__g4_d_augmentation_w60__lstm__r0__w60__fold_1__seed_42,G4,R0,60,42,,D,augmentation,g4_d_augmentation_w60
lstm,temporal_r0,1,validation,fatigue,fatigue,0,G4__g4_d_augmentation_w60__lstm__r0__w60__fold_1__seed_42,G4,R0,60,42,,D,augmentation,g4_d_augmentation_w60
lstm,temporal_r0,1,validation,fatigue,distraction,0,G4__g4_d_augmentation_w60__lstm__r0__w60__fold_1__seed_42,G4,R0,60,42,,D,augmentation,g4_d_augmentation_w60
lstm,temporal_r0,1,validation,distraction,alert,106,G4__g4_d_augmentation_w60__lstm__r0__w60__fold_1__seed_42,G4,R0,60,42,,D,augmentation,g4_d_augmentation_w60
lstm,temporal_r0,1,validation,distraction,fatigue,0,G4__g4_d_augmentation_w60__lstm__r0__w60__fold_1__seed_42,G4,R0,60,42,,D,augmentation,g4_d_augmentation_w60
lstm,temporal_r0,1,validation,distraction,distraction,56,G4__g4_d_augmentation_w60__lstm__r0__w60__fold_1__seed_42,G4,R0,60,42,,D,augmentation,g4_d_augmentation_w60
lstm,temporal_r0,1,test,alert,alert,849,G4__g4_d_augmentation_w60__lstm__r0__w60__fold_1__seed_42,G4,R0,60,42,,D,augmentation,g4_d_augmentation_w60
lstm,temporal_r0,1,test,alert,fatigue,0,G4__g4_d_augmentation_w60__lstm__r0__w60__fold_1__seed_42,G4,R0,60,42,,D,augmentation,g4_d_augmentation_w60
lstm,temporal_r0,1,test,alert,distraction,239,G4__g4_d_augmentation_w60__lstm__r0__w60__fold_1__seed_42,G4,R0,60,42,,D,augmentation,g4_d_augmentation_w60
lstm,temporal_r0,1,test,fatigue,alert,33,G4__g4_d_augmentation_w60__lstm__r0__w60__fold_1__seed_42,G4,R0,60,42,,D,augmentation,g4_d_augmentation_w60
lstm,temporal_r0,1,test,fatigue,fatigue,0,G4__g4_d_augmentation_w60__lstm__r0__w60__fold_1__seed_42,G4,R0,60,42,,D,augmentation,g4_d_augmentation_w60
lstm,temporal_r0,1,test,fatigue,distraction,34,G4__g4_d_augmentation_w60__lstm__r0__w60__fold_1__seed_42,G4,R0,60,42,,D,augmentation,g4_d_augmentation_w60
lstm,temporal_r0,1,test,distraction,alert,100,G4__g4_d_augmentation_w60__lstm__r0__w60__fold_1__seed_42,G4,R0,60,42,,D,augmentation,g4_d_augmentation_w60
lstm,temporal_r0,1,test,distraction,fatigue,0,G4__g4_d_augmentation_w60__lstm__r0__w60__fold_1__seed_42,G4,R0,60,42,,D,augmentation,g4_d_augmentation_w60
lstm,temporal_r0,1,test,distraction,distraction,279,G4__g4_d_augmentation_w60__lstm__r0__w60__fold_1__seed_42,G4,R0,60,42,,D,augmentation,g4_d_augmentation_w60
lstm,temporal_r0,2,validation,alert,alert,939,G4__g4_d_augmentation_w60__lstm__r0__w60__fold_2__seed_42,G4,R0,60,42,,D,augmentation,g4_d_augmentation_w60
lstm,temporal_r0,2,validation,alert,fatigue,0,G4__g4_d_augmentation_w60__lstm__r0__w60__fold_2__seed_42,G4,R0,60,42,,D,augmentation,g4_d_augmentation_w60
lstm,temporal_r0,2,validation,alert,distraction,141,G4__g4_d_augmentation_w60__lstm__r0__w60__fold_2__seed_42,G4,R0,60,42,,D,augmentation,g4_d_augmentation_w60
lstm,temporal_r0,2,validation,fatigue,alert,17,G4__g4_d_augmentation_w60__lstm__r0__w60__fold_2__seed_42,G4,R0,60,42,,D,augmentation,g4_d_augmentation_w60
lstm,temporal_r0,2,validation,fatigue,fatigue,0,G4__g4_d_augmentation_w60__lstm__r0__w60__fold_2__seed_42,G4,R0,60,42,,D,augmentation,g4_d_augmentation_w60
lstm,temporal_r0,2,validation,fatigue,distraction,0,G4__g4_d_augmentation_w60__lstm__r0__w60__fold_2__seed_42,G4,R0,60,42,,D,augmentation,g4_d_augmentation_w60
lstm,temporal_r0,2,validation,distraction,alert,44,G4__g4_d_augmentation_w60__lstm__r0__w60__fold_2__seed_42,G4,R0,60,42,,D,augmentation,g4_d_augmentation_w60
lstm,temporal_r0,2,validation,distraction,fatigue,0,G4__g4_d_augmentation_w60__lstm__r0__w60__fold_2__seed_42,G4,R0,60,42,,D,augmentation,g4_d_augmentation_w60
lstm,temporal_r0,2,validation,distraction,distraction,32,G4__g4_d_augmentation_w60__lstm__r0__w60__fold_2__seed_42,G4,R0,60,42,,D,augmentation,g4_d_augmentation_w60
lstm,temporal_r0,2,test,alert,alert,1441,G4__g4_d_augmentation_w60__lstm__r0__w60__fold_2__seed_42,G4,R0,60,42,,D,augmentation,g4_d_augmentation_w60
lstm,temporal_r0,2,test,alert,fatigue,0,G4__g4_d_augmentation_w60__lstm__r0__w60__fold_2__seed_42,G4,R0,60,42,,D,augmentation,g4_d_augmentation_w60
lstm,temporal_r0,2,test,alert,distraction,130,G4__g4_d_augmentation_w60__lstm__r0__w60__fold_2__seed_42,G4,R0,60,42,,D,augmentation,g4_d_augmentation_w60
lstm,temporal_r0,2,test,fatigue,alert,0,G4__g4_d_augmentation_w60__lstm__r0__w60__fold_2__seed_42,G4,R0,60,42,,D,augmentation,g4_d_augmentation_w60
lstm,temporal_r0,2,test,fatigue,fatigue,0,G4__g4_d_augmentation_w60__lstm__r0__w60__fold_2__seed_42,G4,R0,60,42,,D,augmentation,g4_d_augmentation_w60
lstm,temporal_r0,2,test,fatigue,distraction,0,G4__g4_d_augmentation_w60__lstm__r0__w60__fold_2__seed_42,G4,R0,60,42,,D,augmentation,g4_d_augmentation_w60
lstm,temporal_r0,2,test,distraction,alert,106,G4__g4_d_augmentation_w60__lstm__r0__w60__fold_2__seed_42,G4,R0,60,42,,D,augmentation,g4_d_augmentation_w60
lstm,temporal_r0,2,test,distraction,fatigue,0,G4__g4_d_augmentation_w60__lstm__r0__w60__fold_2__seed_42,G4,R0,60,42,,D,augmentation,g4_d_augmentation_w60
lstm,temporal_r0,2,test,distraction,distraction,187,G4__g4_d_augmentation_w60__lstm__r0__w60__fold_2__seed_42,G4,R0,60,42,,D,augmentation,g4_d_augmentation_w60
lstm,temporal_r0,3,validation,alert,alert,822,G4__g4_d_augmentation_w60__lstm__r0__w60__fold_3__seed_42,G4,R0,60,42,,D,augmentation,g4_d_augmentation_w60
lstm,temporal_r0,3,validation,alert,fatigue,0,G4__g4_d_augmentation_w60__lstm__r0__w60__fold_3__seed_42,G4,R0,60,42,,D,augmentation,g4_d_augmentation_w60
lstm,temporal_r0,3,validation,alert,distraction,164,G4__g4_d_augmentation_w60__lstm__r0__w60__fold_3__seed_42,G4,R0,60,42,,D,augmentation,g4_d_augmentation_w60
lstm,temporal_r0,3,validation,fatigue,alert,13,G4__g4_d_augmentation_w60__lstm__r0__w60__fold_3__seed_42,G4,R0,60,42,,D,augmentation,g4_d_augmentation_w60
lstm,temporal_r0,3,validation,fatigue,fatigue,0,G4__g4_d_augmentation_w60__lstm__r0__w60__fold_3__seed_42,G4,R0,60,42,,D,augmentation,g4_d_augmentation_w60
lstm,temporal_r0,3,validation,fatigue,distraction,0,G4__g4_d_augmentation_w60__lstm__r0__w60__fold_3__seed_42,G4,R0,60,42,,D,augmentation,g4_d_augmentation_w60
lstm,temporal_r0,3,validation,distraction,alert,91,G4__g4_d_augmentation_w60__lstm__r0__w60__fold_3__seed_42,G4,R0,60,42,,D,augmentation,g4_d_augmentation_w60
lstm,temporal_r0,3,validation,distraction,fatigue,0,G4__g4_d_augmentation_w60__lstm__r0__w60__fold_3__seed_42,G4,R0,60,42,,D,augmentation,g4_d_augmentation_w60
lstm,temporal_r0,3,validation,distraction,distraction,61,G4__g4_d_augmentation_w60__lstm__r0__w60__fold_3__seed_42,G4,R0,60,42,,D,augmentation,g4_d_augmentation_w60
lstm,temporal_r0,3,test,alert,alert,1267,G4__g4_d_augmentation_w60__lstm__r0__w60__fold_3__seed_42,G4,R0,60,42,,D,augmentation,g4_d_augmentation_w60
lstm,temporal_r0,3,test,alert,fatigue,0,G4__g4_d_augmentation_w60__lstm__r0__w60__fold_3__seed_42,G4,R0,60,42,,D,augmentation,g4_d_augmentation_w60
lstm,temporal_r0,3,test,alert,distraction,100,G4__g4_d_augmentation_w60__lstm__r0__w60__fold_3__seed_42,G4,R0,60,42,,D,augmentation,g4_d_augmentation_w60
lstm,temporal_r0,3,test,fatigue,alert,19,G4__g4_d_augmentation_w60__lstm__r0__w60__fold_3__seed_42,G4,R0,60,42,,D,augmentation,g4_d_augmentation_w60
lstm,temporal_r0,3,test,fatigue,fatigue,0,G4__g4_d_augmentation_w60__lstm__r0__w60__fold_3__seed_42,G4,R0,60,42,,D,augmentation,g4_d_augmentation_w60
lstm,temporal_r0,3,test,fatigue,distraction,2,G4__g4_d_augmentation_w60__lstm__r0__w60__fold_3__seed_42,G4,R0,60,42,,D,augmentation,g4_d_augmentation_w60
lstm,temporal_r0,3,test,distraction,alert,50,G4__g4_d_augmentation_w60__lstm__r0__w60__fold_3__seed_42,G4,R0,60,42,,D,augmentation,g4_d_augmentation_w60
lstm,temporal_r0,3,test,distraction,fatigue,0,G4__g4_d_augmentation_w60__lstm__r0__w60__fold_3__seed_42,G4,R0,60,42,,D,augmentation,g4_d_augmentation_w60
lstm,temporal_r0,3,test,distraction,distraction,62,G4__g4_d_augmentation_w60__lstm__r0__w60__fold_3__seed_42,G4,R0,60,42,,D,augmentation,g4_d_augmentation_w60
lstm,temporal_r0,4,validation,alert,alert,862,G4__g4_d_augmentation_w60__lstm__r0__w60__fold_4__seed_42,G4,R0,60,42,,D,augmentation,g4_d_augmentation_w60
lstm,temporal_r0,4,validation,alert,fatigue,0,G4__g4_d_augmentation_w60__lstm__r0__w60__fold_4__seed_42,G4,R0,60,42,,D,augmentation,g4_d_augmentation_w60
lstm,temporal_r0,4,validation,alert,distraction,150,G4__g4_d_augmentation_w60__lstm__r0__w60__fold_4__seed_42,G4,R0,60,42,,D,augmentation,g4_d_augmentation_w60
lstm,temporal_r0,4,validation,fatigue,alert,17,G4__g4_d_augmentation_w60__lstm__r0__w60__fold_4__seed_42,G4,R0,60,42,,D,augmentation,g4_d_augmentation_w60
lstm,temporal_r0,4,validation,fatigue,fatigue,0,G4__g4_d_augmentation_w60__lstm__r0__w60__fold_4__seed_42,G4,R0,60,42,,D,augmentation,g4_d_augmentation_w60
lstm,temporal_r0,4,validation,fatigue,distraction,0,G4__g4_d_augmentation_w60__lstm__r0__w60__fold_4__seed_42,G4,R0,60,42,,D,augmentation,g4_d_augmentation_w60
lstm,temporal_r0,4,validation,distraction,alert,50,G4__g4_d_augmentation_w60__lstm__r0__w60__fold_4__seed_42,G4,R0,60,42,,D,augmentation,g4_d_augmentation_w60
lstm,temporal_r0,4,validation,distraction,fatigue,0,G4__g4_d_augmentation_w60__lstm__r0__w60__fold_4__seed_42,G4,R0,60,42,,D,augmentation,g4_d_augmentation_w60
lstm,temporal_r0,4,validation,distraction,distraction,46,G4__g4_d_augmentation_w60__lstm__r0__w60__fold_4__seed_42,G4,R0,60,42,,D,augmentation,g4_d_augmentation_w60
lstm,temporal_r0,4,test,alert,alert,765,G4__g4_d_augmentation_w60__lstm__r0__w60__fold_4__seed_42,G4,R0,60,42,,D,augmentation,g4_d_augmentation_w60
lstm,temporal_r0,4,test,alert,fatigue,0,G4__g4_d_augmentation_w60__lstm__r0__w60__fold_4__seed_42,G4,R0,60,42,,D,augmentation,g4_d_augmentation_w60
lstm,temporal_r0,4,test,alert,distraction,192,G4__g4_d_augmentation_w60__lstm__r0__w60__fold_4__seed_42,G4,R0,60,42,,D,augmentation,g4_d_augmentation_w60
lstm,temporal_r0,4,test,fatigue,alert,0,G4__g4_d_augmentation_w60__lstm__r0__w60__fold_4__seed_42,G4,R0,60,42,,D,augmentation,g4_d_augmentation_w60
lstm,temporal_r0,4,test,fatigue,fatigue,0,G4__g4_d_augmentation_w60__lstm__r0__w60__fold_4__seed_42,G4,R0,60,42,,D,augmentation,g4_d_augmentation_w60
lstm,temporal_r0,4,test,fatigue,distraction,0,G4__g4_d_augmentation_w60__lstm__r0__w60__fold_4__seed_42,G4,R0,60,42,,D,augmentation,g4_d_augmentation_w60
lstm,temporal_r0,4,test,distraction,alert,88,G4__g4_d_augmentation_w60__lstm__r0__w60__fold_4__seed_42,G4,R0,60,42,,D,augmentation,g4_d_augmentation_w60
lstm,temporal_r0,4,test,distraction,fatigue,0,G4__g4_d_augmentation_w60__lstm__r0__w60__fold_4__seed_42,G4,R0,60,42,,D,augmentation,g4_d_augmentation_w60
lstm,temporal_r0,4,test,distraction,distraction,50,G4__g4_d_augmentation_w60__lstm__r0__w60__fold_4__seed_42,G4,R0,60,42,,D,augmentation,g4_d_augmentation_w60
svm,r0_flat,1,validation,alert,alert,905,G4__g4_d_augmentation_w60__svm__r0__w60__fold_1__seed_42,G4,R0,60,42,augmentation,D,augmentation,g4_d_augmentation_w60
svm,r0_flat,1,validation,alert,fatigue,9,G4__g4_d_augmentation_w60__svm__r0__w60__fold_1__seed_42,G4,R0,60,42,augmentation,D,augmentation,g4_d_augmentation_w60
svm,r0_flat,1,validation,alert,distraction,100,G4__g4_d_augmentation_w60__svm__r0__w60__fold_1__seed_42,G4,R0,60,42,augmentation,D,augmentation,g4_d_augmentation_w60
svm,r0_flat,1,validation,fatigue,alert,1,G4__g4_d_augmentation_w60__svm__r0__w60__fold_1__seed_42,G4,R0,60,42,augmentation,D,augmentation,g4_d_augmentation_w60
svm,r0_flat,1,validation,fatigue,fatigue,2,G4__g4_d_augmentation_w60__svm__r0__w60__fold_1__seed_42,G4,R0,60,42,augmentation,D,augmentation,g4_d_augmentation_w60
svm,r0_flat,1,validation,fatigue,distraction,1,G4__g4_d_augmentation_w60__svm__r0__w60__fold_1__seed_42,G4,R0,60,42,augmentation,D,augmentation,g4_d_augmentation_w60
svm,r0_flat,1,validation,distraction,alert,103,G4__g4_d_augmentation_w60__svm__r0__w60__fold_1__seed_42,G4,R0,60,42,augmentation,D,augmentation,g4_d_augmentation_w60
svm,r0_flat,1,validation,distraction,fatigue,0,G4__g4_d_augmentation_w60__svm__r0__w60__fold_1__seed_42,G4,R0,60,42,augmentation,D,augmentation,g4_d_augmentation_w60
svm,r0_flat,1,validation,distraction,distraction,59,G4__g4_d_augmentation_w60__svm__r0__w60__fold_1__seed_42,G4,R0,60,42,augmentation,D,augmentation,g4_d_augmentation_w60
svm,r0_flat,1,test,alert,alert,935,G4__g4_d_augmentation_w60__svm__r0__w60__fold_1__seed_42,G4,R0,60,42,augmentation,D,augmentation,g4_d_augmentation_w60
svm,r0_flat,1,test,alert,fatigue,6,G4__g4_d_augmentation_w60__svm__r0__w60__fold_1__seed_42,G4,R0,60,42,augmentation,D,augmentation,g4_d_augmentation_w60
svm,r0_flat,1,test,alert,distraction,147,G4__g4_d_augmentation_w60__svm__r0__w60__fold_1__seed_42,G4,R0,60,42,augmentation,D,augmentation,g4_d_augmentation_w60
svm,r0_flat,1,test,fatigue,alert,25,G4__g4_d_augmentation_w60__svm__r0__w60__fold_1__seed_42,G4,R0,60,42,augmentation,D,augmentation,g4_d_augmentation_w60
svm,r0_flat,1,test,fatigue,fatigue,0,G4__g4_d_augmentation_w60__svm__r0__w60__fold_1__seed_42,G4,R0,60,42,augmentation,D,augmentation,g4_d_augmentation_w60
svm,r0_flat,1,test,fatigue,distraction,42,G4__g4_d_augmentation_w60__svm__r0__w60__fold_1__seed_42,G4,R0,60,42,augmentation,D,augmentation,g4_d_augmentation_w60
svm,r0_flat,1,test,distraction,alert,108,G4__g4_d_augmentation_w60__svm__r0__w60__fold_1__seed_42,G4,R0,60,42,augmentation,D,augmentation,g4_d_augmentation_w60
svm,r0_flat,1,test,distraction,fatigue,1,G4__g4_d_augmentation_w60__svm__r0__w60__fold_1__seed_42,G4,R0,60,42,augmentation,D,augmentation,g4_d_augmentation_w60
svm,r0_flat,1,test,distraction,distraction,270,G4__g4_d_augmentation_w60__svm__r0__w60__fold_1__seed_42,G4,R0,60,42,augmentation,D,augmentation,g4_d_augmentation_w60
svm,r0_flat,2,validation,alert,alert,908,G4__g4_d_augmentation_w60__svm__r0__w60__fold_2__seed_42,G4,R0,60,42,augmentation,D,augmentation,g4_d_augmentation_w60
svm,r0_flat,2,validation,alert,fatigue,30,G4__g4_d_augmentation_w60__svm__r0__w60__fold_2__seed_42,G4,R0,60,42,augmentation,D,augmentation,g4_d_augmentation_w60
svm,r0_flat,2,validation,alert,distraction,142,G4__g4_d_augmentation_w60__svm__r0__w60__fold_2__seed_42,G4,R0,60,42,augmentation,D,augmentation,g4_d_augmentation_w60
svm,r0_flat,2,validation,fatigue,alert,15,G4__g4_d_augmentation_w60__svm__r0__w60__fold_2__seed_42,G4,R0,60,42,augmentation,D,augmentation,g4_d_augmentation_w60
svm,r0_flat,2,validation,fatigue,fatigue,1,G4__g4_d_augmentation_w60__svm__r0__w60__fold_2__seed_42,G4,R0,60,42,augmentation,D,augmentation,g4_d_augmentation_w60
svm,r0_flat,2,validation,fatigue,distraction,1,G4__g4_d_augmentation_w60__svm__r0__w60__fold_2__seed_42,G4,R0,60,42,augmentation,D,augmentation,g4_d_augmentation_w60
svm,r0_flat,2,validation,distraction,alert,45,G4__g4_d_augmentation_w60__svm__r0__w60__fold_2__seed_42,G4,R0,60,42,augmentation,D,augmentation,g4_d_augmentation_w60
svm,r0_flat,2,validation,distraction,fatigue,1,G4__g4_d_augmentation_w60__svm__r0__w60__fold_2__seed_42,G4,R0,60,42,augmentation,D,augmentation,g4_d_augmentation_w60
svm,r0_flat,2,validation,distraction,distraction,30,G4__g4_d_augmentation_w60__svm__r0__w60__fold_2__seed_42,G4,R0,60,42,augmentation,D,augmentation,g4_d_augmentation_w60
svm,r0_flat,2,test,alert,alert,1414,G4__g4_d_augmentation_w60__svm__r0__w60__fold_2__seed_42,G4,R0,60,42,augmentation,D,augmentation,g4_d_augmentation_w60
svm,r0_flat,2,test,alert,fatigue,32,G4__g4_d_augmentation_w60__svm__r0__w60__fold_2__seed_42,G4,R0,60,42,augmentation,D,augmentation,g4_d_augmentation_w60
svm,r0_flat,2,test,alert,distraction,125,G4__g4_d_augmentation_w60__svm__r0__w60__fold_2__seed_42,G4,R0,60,42,augmentation,D,augmentation,g4_d_augmentation_w60
svm,r0_flat,2,test,fatigue,alert,0,G4__g4_d_augmentation_w60__svm__r0__w60__fold_2__seed_42,G4,R0,60,42,augmentation,D,augmentation,g4_d_augmentation_w60
svm,r0_flat,2,test,fatigue,fatigue,0,G4__g4_d_augmentation_w60__svm__r0__w60__fold_2__seed_42,G4,R0,60,42,augmentation,D,augmentation,g4_d_augmentation_w60
svm,r0_flat,2,test,fatigue,distraction,0,G4__g4_d_augmentation_w60__svm__r0__w60__fold_2__seed_42,G4,R0,60,42,augmentation,D,augmentation,g4_d_augmentation_w60
svm,r0_flat,2,test,distraction,alert,117,G4__g4_d_augmentation_w60__svm__r0__w60__fold_2__seed_42,G4,R0,60,42,augmentation,D,augmentation,g4_d_augmentation_w60
svm,r0_flat,2,test,distraction,fatigue,5,G4__g4_d_augmentation_w60__svm__r0__w60__fold_2__seed_42,G4,R0,60,42,augmentation,D,augmentation,g4_d_augmentation_w60
svm,r0_flat,2,test,distraction,distraction,171,G4__g4_d_augmentation_w60__svm__r0__w60__fold_2__seed_42,G4,R0,60,42,augmentation,D,augmentation,g4_d_augmentation_w60
svm,r0_flat,3,validation,alert,alert,803,G4__g4_d_augmentation_w60__svm__r0__w60__fold_3__seed_42,G4,R0,60,42,augmentation,D,augmentation,g4_d_augmentation_w60
svm,r0_flat,3,validation,alert,fatigue,14,G4__g4_d_augmentation_w60__svm__r0__w60__fold_3__seed_42,G4,R0,60,42,augmentation,D,augmentation,g4_d_augmentation_w60
svm,r0_flat,3,validation,alert,distraction,169,G4__g4_d_augmentation_w60__svm__r0__w60__fold_3__seed_42,G4,R0,60,42,augmentation,D,augmentation,g4_d_augmentation_w60
svm,r0_flat,3,validation,fatigue,alert,13,G4__g4_d_augmentation_w60__svm__r0__w60__fold_3__seed_42,G4,R0,60,42,augmentation,D,augmentation,g4_d_augmentation_w60
svm,r0_flat,3,validation,fatigue,fatigue,0,G4__g4_d_augmentation_w60__svm__r0__w60__fold_3__seed_42,G4,R0,60,42,augmentation,D,augmentation,g4_d_augmentation_w60
svm,r0_flat,3,validation,fatigue,distraction,0,G4__g4_d_augmentation_w60__svm__r0__w60__fold_3__seed_42,G4,R0,60,42,augmentation,D,augmentation,g4_d_augmentation_w60
svm,r0_flat,3,validation,distraction,alert,94,G4__g4_d_augmentation_w60__svm__r0__w60__fold_3__seed_42,G4,R0,60,42,augmentation,D,augmentation,g4_d_augmentation_w60
svm,r0_flat,3,validation,distraction,fatigue,1,G4__g4_d_augmentation_w60__svm__r0__w60__fold_3__seed_42,G4,R0,60,42,augmentation,D,augmentation,g4_d_augmentation_w60
svm,r0_flat,3,validation,distraction,distraction,57,G4__g4_d_augmentation_w60__svm__r0__w60__fold_3__seed_42,G4,R0,60,42,augmentation,D,augmentation,g4_d_augmentation_w60
svm,r0_flat,3,test,alert,alert,1182,G4__g4_d_augmentation_w60__svm__r0__w60__fold_3__seed_42,G4,R0,60,42,augmentation,D,augmentation,g4_d_augmentation_w60
svm,r0_flat,3,test,alert,fatigue,8,G4__g4_d_augmentation_w60__svm__r0__w60__fold_3__seed_42,G4,R0,60,42,augmentation,D,augmentation,g4_d_augmentation_w60
svm,r0_flat,3,test,alert,distraction,177,G4__g4_d_augmentation_w60__svm__r0__w60__fold_3__seed_42,G4,R0,60,42,augmentation,D,augmentation,g4_d_augmentation_w60
svm,r0_flat,3,test,fatigue,alert,15,G4__g4_d_augmentation_w60__svm__r0__w60__fold_3__seed_42,G4,R0,60,42,augmentation,D,augmentation,g4_d_augmentation_w60
svm,r0_flat,3,test,fatigue,fatigue,0,G4__g4_d_augmentation_w60__svm__r0__w60__fold_3__seed_42,G4,R0,60,42,augmentation,D,augmentation,g4_d_augmentation_w60
svm,r0_flat,3,test,fatigue,distraction,6,G4__g4_d_augmentation_w60__svm__r0__w60__fold_3__seed_42,G4,R0,60,42,augmentation,D,augmentation,g4_d_augmentation_w60
svm,r0_flat,3,test,distraction,alert,43,G4__g4_d_augmentation_w60__svm__r0__w60__fold_3__seed_42,G4,R0,60,42,augmentation,D,augmentation,g4_d_augmentation_w60
svm,r0_flat,3,test,distraction,fatigue,4,G4__g4_d_augmentation_w60__svm__r0__w60__fold_3__seed_42,G4,R0,60,42,augmentation,D,augmentation,g4_d_augmentation_w60
svm,r0_flat,3,test,distraction,distraction,65,G4__g4_d_augmentation_w60__svm__r0__w60__fold_3__seed_42,G4,R0,60,42,augmentation,D,augmentation,g4_d_augmentation_w60
svm,r0_flat,4,validation,alert,alert,839,G4__g4_d_augmentation_w60__svm__r0__w60__fold_4__seed_42,G4,R0,60,42,augmentation,D,augmentation,g4_d_augmentation_w60
svm,r0_flat,4,validation,alert,fatigue,29,G4__g4_d_augmentation_w60__svm__r0__w60__fold_4__seed_42,G4,R0,60,42,augmentation,D,augmentation,g4_d_augmentation_w60
svm,r0_flat,4,validation,alert,distraction,144,G4__g4_d_augmentation_w60__svm__r0__w60__fold_4__seed_42,G4,R0,60,42,augmentation,D,augmentation,g4_d_augmentation_w60
svm,r0_flat,4,validation,fatigue,alert,14,G4__g4_d_augmentation_w60__svm__r0__w60__fold_4__seed_42,G4,R0,60,42,augmentation,D,augmentation,g4_d_augmentation_w60
svm,r0_flat,4,validation,fatigue,fatigue,1,G4__g4_d_augmentation_w60__svm__r0__w60__fold_4__seed_42,G4,R0,60,42,augmentation,D,augmentation,g4_d_augmentation_w60
svm,r0_flat,4,validation,fatigue,distraction,2,G4__g4_d_augmentation_w60__svm__r0__w60__fold_4__seed_42,G4,R0,60,42,augmentation,D,augmentation,g4_d_augmentation_w60
svm,r0_flat,4,validation,distraction,alert,53,G4__g4_d_augmentation_w60__svm__r0__w60__fold_4__seed_42,G4,R0,60,42,augmentation,D,augmentation,g4_d_augmentation_w60
svm,r0_flat,4,validation,distraction,fatigue,3,G4__g4_d_augmentation_w60__svm__r0__w60__fold_4__seed_42,G4,R0,60,42,augmentation,D,augmentation,g4_d_augmentation_w60
svm,r0_flat,4,validation,distraction,distraction,40,G4__g4_d_augmentation_w60__svm__r0__w60__fold_4__seed_42,G4,R0,60,42,augmentation,D,augmentation,g4_d_augmentation_w60
svm,r0_flat,4,test,alert,alert,774,G4__g4_d_augmentation_w60__svm__r0__w60__fold_4__seed_42,G4,R0,60,42,augmentation,D,augmentation,g4_d_augmentation_w60
svm,r0_flat,4,test,alert,fatigue,25,G4__g4_d_augmentation_w60__svm__r0__w60__fold_4__seed_42,G4,R0,60,42,augmentation,D,augmentation,g4_d_augmentation_w60
svm,r0_flat,4,test,alert,distraction,158,G4__g4_d_augmentation_w60__svm__r0__w60__fold_4__seed_42,G4,R0,60,42,augmentation,D,augmentation,g4_d_augmentation_w60
svm,r0_flat,4,test,fatigue,alert,0,G4__g4_d_augmentation_w60__svm__r0__w60__fold_4__seed_42,G4,R0,60,42,augmentation,D,augmentation,g4_d_augmentation_w60
svm,r0_flat,4,test,fatigue,fatigue,0,G4__g4_d_augmentation_w60__svm__r0__w60__fold_4__seed_42,G4,R0,60,42,augmentation,D,augmentation,g4_d_augmentation_w60
svm,r0_flat,4,test,fatigue,distraction,0,G4__g4_d_augmentation_w60__svm__r0__w60__fold_4__seed_42,G4,R0,60,42,augmentation,D,augmentation,g4_d_augmentation_w60
svm,r0_flat,4,test,distraction,alert,88,G4__g4_d_augmentation_w60__svm__r0__w60__fold_4__seed_42,G4,R0,60,42,augmentation,D,augmentation,g4_d_augmentation_w60
svm,r0_flat,4,test,distraction,fatigue,3,G4__g4_d_augmentation_w60__svm__r0__w60__fold_4__seed_42,G4,R0,60,42,augmentation,D,augmentation,g4_d_augmentation_w60
svm,r0_flat,4,test,distraction,distraction,47,G4__g4_d_augmentation_w60__svm__r0__w60__fold_4__seed_42,G4,R0,60,42,augmentation,D,augmentation,g4_d_augmentation_w60
tcn,temporal_r0,1,validation,alert,alert,906,G4__g4_d_augmentation_w60__tcn__r0__w60__fold_1__seed_42,G4,R0,60,42,,D,augmentation,g4_d_augmentation_w60
tcn,temporal_r0,1,validation,alert,fatigue,0,G4__g4_d_augmentation_w60__tcn__r0__w60__fold_1__seed_42,G4,R0,60,42,,D,augmentation,g4_d_augmentation_w60
tcn,temporal_r0,1,validation,alert,distraction,108,G4__g4_d_augmentation_w60__tcn__r0__w60__fold_1__seed_42,G4,R0,60,42,,D,augmentation,g4_d_augmentation_w60
tcn,temporal_r0,1,validation,fatigue,alert,4,G4__g4_d_augmentation_w60__tcn__r0__w60__fold_1__seed_42,G4,R0,60,42,,D,augmentation,g4_d_augmentation_w60
tcn,temporal_r0,1,validation,fatigue,fatigue,0,G4__g4_d_augmentation_w60__tcn__r0__w60__fold_1__seed_42,G4,R0,60,42,,D,augmentation,g4_d_augmentation_w60
tcn,temporal_r0,1,validation,fatigue,distraction,0,G4__g4_d_augmentation_w60__tcn__r0__w60__fold_1__seed_42,G4,R0,60,42,,D,augmentation,g4_d_augmentation_w60
tcn,temporal_r0,1,validation,distraction,alert,95,G4__g4_d_augmentation_w60__tcn__r0__w60__fold_1__seed_42,G4,R0,60,42,,D,augmentation,g4_d_augmentation_w60
tcn,temporal_r0,1,validation,distraction,fatigue,0,G4__g4_d_augmentation_w60__tcn__r0__w60__fold_1__seed_42,G4,R0,60,42,,D,augmentation,g4_d_augmentation_w60
tcn,temporal_r0,1,validation,distraction,distraction,67,G4__g4_d_augmentation_w60__tcn__r0__w60__fold_1__seed_42,G4,R0,60,42,,D,augmentation,g4_d_augmentation_w60
tcn,temporal_r0,1,test,alert,alert,893,G4__g4_d_augmentation_w60__tcn__r0__w60__fold_1__seed_42,G4,R0,60,42,,D,augmentation,g4_d_augmentation_w60
tcn,temporal_r0,1,test,alert,fatigue,0,G4__g4_d_augmentation_w60__tcn__r0__w60__fold_1__seed_42,G4,R0,60,42,,D,augmentation,g4_d_augmentation_w60
tcn,temporal_r0,1,test,alert,distraction,195,G4__g4_d_augmentation_w60__tcn__r0__w60__fold_1__seed_42,G4,R0,60,42,,D,augmentation,g4_d_augmentation_w60
tcn,temporal_r0,1,test,fatigue,alert,37,G4__g4_d_augmentation_w60__tcn__r0__w60__fold_1__seed_42,G4,R0,60,42,,D,augmentation,g4_d_augmentation_w60
tcn,temporal_r0,1,test,fatigue,fatigue,0,G4__g4_d_augmentation_w60__tcn__r0__w60__fold_1__seed_42,G4,R0,60,42,,D,augmentation,g4_d_augmentation_w60
tcn,temporal_r0,1,test,fatigue,distraction,30,G4__g4_d_augmentation_w60__tcn__r0__w60__fold_1__seed_42,G4,R0,60,42,,D,augmentation,g4_d_augmentation_w60
tcn,temporal_r0,1,test,distraction,alert,54,G4__g4_d_augmentation_w60__tcn__r0__w60__fold_1__seed_42,G4,R0,60,42,,D,augmentation,g4_d_augmentation_w60
tcn,temporal_r0,1,test,distraction,fatigue,0,G4__g4_d_augmentation_w60__tcn__r0__w60__fold_1__seed_42,G4,R0,60,42,,D,augmentation,g4_d_augmentation_w60
tcn,temporal_r0,1,test,distraction,distraction,325,G4__g4_d_augmentation_w60__tcn__r0__w60__fold_1__seed_42,G4,R0,60,42,,D,augmentation,g4_d_augmentation_w60
tcn,temporal_r0,2,validation,alert,alert,987,G4__g4_d_augmentation_w60__tcn__r0__w60__fold_2__seed_42,G4,R0,60,42,,D,augmentation,g4_d_augmentation_w60
tcn,temporal_r0,2,validation,alert,fatigue,0,G4__g4_d_augmentation_w60__tcn__r0__w60__fold_2__seed_42,G4,R0,60,42,,D,augmentation,g4_d_augmentation_w60
tcn,temporal_r0,2,validation,alert,distraction,93,G4__g4_d_augmentation_w60__tcn__r0__w60__fold_2__seed_42,G4,R0,60,42,,D,augmentation,g4_d_augmentation_w60
tcn,temporal_r0,2,validation,fatigue,alert,17,G4__g4_d_augmentation_w60__tcn__r0__w60__fold_2__seed_42,G4,R0,60,42,,D,augmentation,g4_d_augmentation_w60
tcn,temporal_r0,2,validation,fatigue,fatigue,0,G4__g4_d_augmentation_w60__tcn__r0__w60__fold_2__seed_42,G4,R0,60,42,,D,augmentation,g4_d_augmentation_w60
tcn,temporal_r0,2,validation,fatigue,distraction,0,G4__g4_d_augmentation_w60__tcn__r0__w60__fold_2__seed_42,G4,R0,60,42,,D,augmentation,g4_d_augmentation_w60
tcn,temporal_r0,2,validation,distraction,alert,52,G4__g4_d_augmentation_w60__tcn__r0__w60__fold_2__seed_42,G4,R0,60,42,,D,augmentation,g4_d_augmentation_w60
tcn,temporal_r0,2,validation,distraction,fatigue,0,G4__g4_d_augmentation_w60__tcn__r0__w60__fold_2__seed_42,G4,R0,60,42,,D,augmentation,g4_d_augmentation_w60
tcn,temporal_r0,2,validation,distraction,distraction,24,G4__g4_d_augmentation_w60__tcn__r0__w60__fold_2__seed_42,G4,R0,60,42,,D,augmentation,g4_d_augmentation_w60
tcn,temporal_r0,2,test,alert,alert,1481,G4__g4_d_augmentation_w60__tcn__r0__w60__fold_2__seed_42,G4,R0,60,42,,D,augmentation,g4_d_augmentation_w60
tcn,temporal_r0,2,test,alert,fatigue,0,G4__g4_d_augmentation_w60__tcn__r0__w60__fold_2__seed_42,G4,R0,60,42,,D,augmentation,g4_d_augmentation_w60
tcn,temporal_r0,2,test,alert,distraction,90,G4__g4_d_augmentation_w60__tcn__r0__w60__fold_2__seed_42,G4,R0,60,42,,D,augmentation,g4_d_augmentation_w60
tcn,temporal_r0,2,test,fatigue,alert,0,G4__g4_d_augmentation_w60__tcn__r0__w60__fold_2__seed_42,G4,R0,60,42,,D,augmentation,g4_d_augmentation_w60
tcn,temporal_r0,2,test,fatigue,fatigue,0,G4__g4_d_augmentation_w60__tcn__r0__w60__fold_2__seed_42,G4,R0,60,42,,D,augmentation,g4_d_augmentation_w60
tcn,temporal_r0,2,test,fatigue,distraction,0,G4__g4_d_augmentation_w60__tcn__r0__w60__fold_2__seed_42,G4,R0,60,42,,D,augmentation,g4_d_augmentation_w60
tcn,temporal_r0,2,test,distraction,alert,114,G4__g4_d_augmentation_w60__tcn__r0__w60__fold_2__seed_42,G4,R0,60,42,,D,augmentation,g4_d_augmentation_w60
tcn,temporal_r0,2,test,distraction,fatigue,0,G4__g4_d_augmentation_w60__tcn__r0__w60__fold_2__seed_42,G4,R0,60,42,,D,augmentation,g4_d_augmentation_w60
tcn,temporal_r0,2,test,distraction,distraction,179,G4__g4_d_augmentation_w60__tcn__r0__w60__fold_2__seed_42,G4,R0,60,42,,D,augmentation,g4_d_augmentation_w60
tcn,temporal_r0,3,validation,alert,alert,824,G4__g4_d_augmentation_w60__tcn__r0__w60__fold_3__seed_42,G4,R0,60,42,,D,augmentation,g4_d_augmentation_w60
tcn,temporal_r0,3,validation,alert,fatigue,0,G4__g4_d_augmentation_w60__tcn__r0__w60__fold_3__seed_42,G4,R0,60,42,,D,augmentation,g4_d_augmentation_w60
tcn,temporal_r0,3,validation,alert,distraction,162,G4__g4_d_augmentation_w60__tcn__r0__w60__fold_3__seed_42,G4,R0,60,42,,D,augmentation,g4_d_augmentation_w60
tcn,temporal_r0,3,validation,fatigue,alert,13,G4__g4_d_augmentation_w60__tcn__r0__w60__fold_3__seed_42,G4,R0,60,42,,D,augmentation,g4_d_augmentation_w60
tcn,temporal_r0,3,validation,fatigue,fatigue,0,G4__g4_d_augmentation_w60__tcn__r0__w60__fold_3__seed_42,G4,R0,60,42,,D,augmentation,g4_d_augmentation_w60
tcn,temporal_r0,3,validation,fatigue,distraction,0,G4__g4_d_augmentation_w60__tcn__r0__w60__fold_3__seed_42,G4,R0,60,42,,D,augmentation,g4_d_augmentation_w60
tcn,temporal_r0,3,validation,distraction,alert,91,G4__g4_d_augmentation_w60__tcn__r0__w60__fold_3__seed_42,G4,R0,60,42,,D,augmentation,g4_d_augmentation_w60
tcn,temporal_r0,3,validation,distraction,fatigue,0,G4__g4_d_augmentation_w60__tcn__r0__w60__fold_3__seed_42,G4,R0,60,42,,D,augmentation,g4_d_augmentation_w60
tcn,temporal_r0,3,validation,distraction,distraction,61,G4__g4_d_augmentation_w60__tcn__r0__w60__fold_3__seed_42,G4,R0,60,42,,D,augmentation,g4_d_augmentation_w60
tcn,temporal_r0,3,test,alert,alert,1268,G4__g4_d_augmentation_w60__tcn__r0__w60__fold_3__seed_42,G4,R0,60,42,,D,augmentation,g4_d_augmentation_w60
tcn,temporal_r0,3,test,alert,fatigue,0,G4__g4_d_augmentation_w60__tcn__r0__w60__fold_3__seed_42,G4,R0,60,42,,D,augmentation,g4_d_augmentation_w60
tcn,temporal_r0,3,test,alert,distraction,99,G4__g4_d_augmentation_w60__tcn__r0__w60__fold_3__seed_42,G4,R0,60,42,,D,augmentation,g4_d_augmentation_w60
tcn,temporal_r0,3,test,fatigue,alert,18,G4__g4_d_augmentation_w60__tcn__r0__w60__fold_3__seed_42,G4,R0,60,42,,D,augmentation,g4_d_augmentation_w60
tcn,temporal_r0,3,test,fatigue,fatigue,0,G4__g4_d_augmentation_w60__tcn__r0__w60__fold_3__seed_42,G4,R0,60,42,,D,augmentation,g4_d_augmentation_w60
tcn,temporal_r0,3,test,fatigue,distraction,3,G4__g4_d_augmentation_w60__tcn__r0__w60__fold_3__seed_42,G4,R0,60,42,,D,augmentation,g4_d_augmentation_w60
tcn,temporal_r0,3,test,distraction,alert,52,G4__g4_d_augmentation_w60__tcn__r0__w60__fold_3__seed_42,G4,R0,60,42,,D,augmentation,g4_d_augmentation_w60
tcn,temporal_r0,3,test,distraction,fatigue,0,G4__g4_d_augmentation_w60__tcn__r0__w60__fold_3__seed_42,G4,R0,60,42,,D,augmentation,g4_d_augmentation_w60
tcn,temporal_r0,3,test,distraction,distraction,60,G4__g4_d_augmentation_w60__tcn__r0__w60__fold_3__seed_42,G4,R0,60,42,,D,augmentation,g4_d_augmentation_w60
tcn,temporal_r0,4,validation,alert,alert,908,G4__g4_d_augmentation_w60__tcn__r0__w60__fold_4__seed_42,G4,R0,60,42,,D,augmentation,g4_d_augmentation_w60
tcn,temporal_r0,4,validation,alert,fatigue,0,G4__g4_d_augmentation_w60__tcn__r0__w60__fold_4__seed_42,G4,R0,60,42,,D,augmentation,g4_d_augmentation_w60
tcn,temporal_r0,4,validation,alert,distraction,104,G4__g4_d_augmentation_w60__tcn__r0__w60__fold_4__seed_42,G4,R0,60,42,,D,augmentation,g4_d_augmentation_w60
tcn,temporal_r0,4,validation,fatigue,alert,17,G4__g4_d_augmentation_w60__tcn__r0__w60__fold_4__seed_42,G4,R0,60,42,,D,augmentation,g4_d_augmentation_w60
tcn,temporal_r0,4,validation,fatigue,fatigue,0,G4__g4_d_augmentation_w60__tcn__r0__w60__fold_4__seed_42,G4,R0,60,42,,D,augmentation,g4_d_augmentation_w60
tcn,temporal_r0,4,validation,fatigue,distraction,0,G4__g4_d_augmentation_w60__tcn__r0__w60__fold_4__seed_42,G4,R0,60,42,,D,augmentation,g4_d_augmentation_w60
tcn,temporal_r0,4,validation,distraction,alert,51,G4__g4_d_augmentation_w60__tcn__r0__w60__fold_4__seed_42,G4,R0,60,42,,D,augmentation,g4_d_augmentation_w60
tcn,temporal_r0,4,validation,distraction,fatigue,0,G4__g4_d_augmentation_w60__tcn__r0__w60__fold_4__seed_42,G4,R0,60,42,,D,augmentation,g4_d_augmentation_w60
tcn,temporal_r0,4,validation,distraction,distraction,45,G4__g4_d_augmentation_w60__tcn__r0__w60__fold_4__seed_42,G4,R0,60,42,,D,augmentation,g4_d_augmentation_w60
tcn,temporal_r0,4,test,alert,alert,801,G4__g4_d_augmentation_w60__tcn__r0__w60__fold_4__seed_42,G4,R0,60,42,,D,augmentation,g4_d_augmentation_w60
tcn,temporal_r0,4,test,alert,fatigue,0,G4__g4_d_augmentation_w60__tcn__r0__w60__fold_4__seed_42,G4,R0,60,42,,D,augmentation,g4_d_augmentation_w60
tcn,temporal_r0,4,test,alert,distraction,156,G4__g4_d_augmentation_w60__tcn__r0__w60__fold_4__seed_42,G4,R0,60,42,,D,augmentation,g4_d_augmentation_w60
tcn,temporal_r0,4,test,fatigue,alert,0,G4__g4_d_augmentation_w60__tcn__r0__w60__fold_4__seed_42,G4,R0,60,42,,D,augmentation,g4_d_augmentation_w60
tcn,temporal_r0,4,test,fatigue,fatigue,0,G4__g4_d_augmentation_w60__tcn__r0__w60__fold_4__seed_42,G4,R0,60,42,,D,augmentation,g4_d_augmentation_w60
tcn,temporal_r0,4,test,fatigue,distraction,0,G4__g4_d_augmentation_w60__tcn__r0__w60__fold_4__seed_42,G4,R0,60,42,,D,augmentation,g4_d_augmentation_w60
tcn,temporal_r0,4,test,distraction,alert,95,G4__g4_d_augmentation_w60__tcn__r0__w60__fold_4__seed_42,G4,R0,60,42,,D,augmentation,g4_d_augmentation_w60
tcn,temporal_r0,4,test,distraction,fatigue,0,G4__g4_d_augmentation_w60__tcn__r0__w60__fold_4__seed_42,G4,R0,60,42,,D,augmentation,g4_d_augmentation_w60
tcn,temporal_r0,4,test,distraction,distraction,43,G4__g4_d_augmentation_w60__tcn__r0__w60__fold_4__seed_42,G4,R0,60,42,,D,augmentation,g4_d_augmentation_w60
