configuration_id,epoch,fold,generation,learning_rate,model,representation,run_id,seed,training_accuracy,training_loss,training_macro_f1,validation_accuracy,validation_loss,validation_macro_f1,window_size_frames,scenario,strategy
qualification_r0_w60_b1024,1,1,G2,0.001,lstm,R0,G2__qualification_r0_w60_b1024__lstm__r0__w60__fold_1__seed_42,42,0.27269910133250697,1.076000134716619,0.18073633260985433,0.7813559322033898,1.0296862638602822,0.40779159862035436,60,A,none
qualification_r0_w60_b1024,2,1,G2,0.001,lstm,R0,G2__qualification_r0_w60_b1024__lstm__r0__w60__fold_1__seed_42,42,0.8360706538580726,1.003332024615063,0.45974338181929797,0.7991525423728814,0.9512786354048778,0.4094168656552269,60,A,none
qualification_r0_w60_b1024,3,1,G2,0.001,lstm,R0,G2__qualification_r0_w60_b1024__lstm__r0__w60__fold_1__seed_42,42,0.8611713665943601,0.9093446157131544,0.4388241388241388,0.8550847457627119,0.8353217708862434,0.3072940459875133,60,A,none
qualification_r0_w60_b1024,4,1,G2,0.001,lstm,R0,G2__qualification_r0_w60_b1024__lstm__r0__w60__fold_1__seed_42,42,0.8732568949488689,0.7639664775785145,0.3777409644524867,0.8576271186440678,0.6514662916377439,0.3077858880778589,60,A,none
qualification_r0_w60_b1024,5,1,G2,0.001,lstm,R0,G2__qualification_r0_w60_b1024__lstm__r0__w60__fold_1__seed_42,42,0.8757359776882554,0.5415368158823941,0.3228369986883539,0.8593220338983051,0.48077733870279993,0.3081130355515041,60,A,none
qualification_r0_w60_b1024,6,1,G2,0.001,lstm,R0,G2__qualification_r0_w60_b1024__lstm__r0__w60__fold_1__seed_42,42,0.8769755190579486,0.38174621415906623,0.3114853337735953,0.8593220338983051,0.46456381562402693,0.3081130355515041,60,A,none
qualification_r0_w60_b1024,7,1,G2,0.0005,lstm,R0,G2__qualification_r0_w60_b1024__lstm__r0__w60__fold_1__seed_42,42,0.8775952897427952,0.3611857404567008,0.3116025746822908,0.8593220338983051,0.4708631872878236,0.3081130355515041,60,A,none
qualification_r0_w60_b1024,8,1,G2,0.0005,lstm,R0,G2__qualification_r0_w60_b1024__lstm__r0__w60__fold_1__seed_42,42,0.8775952897427952,0.3578480288252433,0.3116025746822908,0.8593220338983051,0.46840512626251934,0.3081130355515041,60,A,none
qualification_r0_w60_b1024,9,1,G2,0.0005,lstm,R0,G2__qualification_r0_w60_b1024__lstm__r0__w60__fold_1__seed_42,42,0.8772854044003718,0.3503783027989819,0.31327287905474827,0.8593220338983051,0.46430110658629464,0.3081130355515041,60,A,none
qualification_r0_w60_b1024,10,1,G2,0.0005,lstm,R0,G2__qualification_r0_w60_b1024__lstm__r0__w60__fold_1__seed_42,42,0.8757359776882554,0.34717742067614243,0.33062743374581655,0.8593220338983051,0.45187926120677235,0.3081130355515041,60,A,none
qualification_r0_w60_b1024,11,1,G2,0.00025,lstm,R0,G2__qualification_r0_w60_b1024__lstm__r0__w60__fold_1__seed_42,42,0.8769755190579486,0.34306666888539034,0.3215685453333473,0.8593220338983051,0.44397050162493173,0.3081130355515041,60,A,none
qualification_r0_w60_b1024,12,1,G2,0.00025,lstm,R0,G2__qualification_r0_w60_b1024__lstm__r0__w60__fold_1__seed_42,42,0.8769755190579486,0.33872959381624534,0.31320971899006583,0.8593220338983051,0.43673977574049416,0.3081130355515041,60,A,none
qualification_r0_w60_b1024,13,1,G2,0.00025,lstm,R0,G2__qualification_r0_w60_b1024__lstm__r0__w60__fold_1__seed_42,42,0.8769755190579486,0.335294886209073,0.3114853337735953,0.8593220338983051,0.4319572832119667,0.3081130355515041,60,A,none
qualification_r0_w60_b1024,14,1,G2,0.00025,lstm,R0,G2__qualification_r0_w60_b1024__lstm__r0__w60__fold_1__seed_42,42,0.8775952897427952,0.3305408486667564,0.3116025746822908,0.8593220338983051,0.4281942853988227,0.3081130355515041,60,A,none
qualification_r0_w60_b1024,15,1,G2,0.000125,lstm,R0,G2__qualification_r0_w60_b1024__lstm__r0__w60__fold_1__seed_42,42,0.8775952897427952,0.33056106250057804,0.3116025746822908,0.8593220338983051,0.4266747419611882,0.3081130355515041,60,A,none
qualification_r0_w60_b1024,16,1,G2,0.000125,lstm,R0,G2__qualification_r0_w60_b1024__lstm__r0__w60__fold_1__seed_42,42,0.8775952897427952,0.3319269925642206,0.3116025746822908,0.8593220338983051,0.4256554804616055,0.3081130355515041,60,A,none
qualification_r0_w60_b1024,1,2,G2,0.001,lstm,R0,G2__qualification_r0_w60_b1024__lstm__r0__w60__fold_2__seed_42,42,0.31519118153634174,1.0749635321084607,0.21106246166211898,0.7016197783461211,1.0486974231422406,0.33067949942795133,60,A,none
qualification_r0_w60_b1024,2,2,G2,0.001,lstm,R0,G2__qualification_r0_w60_b1024__lstm__r0__w60__fold_2__seed_42,42,0.7533585945573544,1.0272036286169113,0.46758787391698786,0.7408354646206309,0.9911913710685236,0.33663268412173025,60,A,none
qualification_r0_w60_b1024,3,2,G2,0.001,lstm,R0,G2__qualification_r0_w60_b1024__lstm__r0__w60__fold_2__seed_42,42,0.7950396141922149,0.9726543968150092,0.4832322723132543,0.7604433077578857,0.9194735528969501,0.3431698531449155,60,A,none
qualification_r0_w60_b1024,4,2,G2,0.001,lstm,R0,G2__qualification_r0_w60_b1024__lstm__r0__w60__fold_2__seed_42,42,0.7984843265587324,0.9027827534846425,0.47078669714370003,0.8235294117647058,0.8201068625527371,0.371896866473684,60,A,none
qualification_r0_w60_b1024,5,2,G2,0.001,lstm,R0,G2__qualification_r0_w60_b1024__lstm__r0__w60__fold_2__seed_42,42,0.8091629348949363,0.8031672363522707,0.4596023966116434,0.8456947996589941,0.6796477460901857,0.3826885545318633,60,A,none
qualification_r0_w60_b1024,6,2,G2,0.001,lstm,R0,G2__qualification_r0_w60_b1024__lstm__r0__w60__fold_2__seed_42,42,0.8022735101619015,0.6695081117520282,0.4310846249537706,0.9173060528559249,0.5195738145000185,0.3189565732918334,60,A,none
qualification_r0_w60_b1024,7,2,G2,0.001,lstm,R0,G2__qualification_r0_w60_b1024__lstm__r0__w60__fold_2__seed_42,42,0.7971064416121254,0.5466126094716933,0.3998117900114271,0.9198635976129582,0.41476656276754914,0.3194197750148016,60,A,none
qualification_r0_w60_b1024,8,2,G2,0.001,lstm,R0,G2__qualification_r0_w60_b1024__lstm__r0__w60__fold_2__seed_42,42,0.7946951429555632,0.4951553230362845,0.3621894473960112,0.9207161125319693,0.3688030837441954,0.3195739014647137,60,A,none
qualification_r0_w60_b1024,9,2,G2,0.001,lstm,R0,G2__qualification_r0_w60_b1024__lstm__r0__w60__fold_2__seed_42,42,0.7878057182225284,0.4860490839767982,0.3300316344191124,0.9207161125319693,0.36081010582146233,0.3195739014647137,60,A,none
qualification_r0_w60_b1024,10,2,G2,0.0005,lstm,R0,G2__qualification_r0_w60_b1024__lstm__r0__w60__fold_2__seed_42,42,0.8122631760248019,0.48328300141236963,0.4421792773895448,0.8644501278772379,0.3678393736545184,0.3874546953739524,60,A,none
qualification_r0_w60_b1024,11,2,G2,0.0005,lstm,R0,G2__qualification_r0_w60_b1024__lstm__r0__w60__fold_2__seed_42,42,0.826730967964175,0.4779855497861541,0.4893708876855567,0.8567774936061381,0.3749416449312867,0.3849010961800364,60,A,none
qualification_r0_w60_b1024,12,2,G2,0.0005,lstm,R0,G2__qualification_r0_w60_b1024__lstm__r0__w60__fold_2__seed_42,42,0.8315535652772994,0.46640566767514513,0.4993094760536621,0.8567774936061381,0.374555635241393,0.38993628349480663,60,A,none
qualification_r0_w60_b1024,13,2,G2,0.0005,lstm,R0,G2__qualification_r0_w60_b1024__lstm__r0__w60__fold_2__seed_42,42,0.8329314502239064,0.4583872658114905,0.503413460878949,0.8499573742540495,0.37250198075787594,0.3854051939454124,60,A,none
qualification_r0_w60_b1024,14,2,G2,0.0005,lstm,R0,G2__qualification_r0_w60_b1024__lstm__r0__w60__fold_2__seed_42,42,0.8353427488804684,0.45236186327459565,0.506487460050181,0.8465473145780051,0.3701278536063631,0.3832252071555567,60,A,none
qualification_r0_w60_b1024,15,2,G2,0.0005,lstm,R0,G2__qualification_r0_w60_b1024__lstm__r0__w60__fold_2__seed_42,42,0.8353427488804684,0.448595459733057,0.5059382741353091,0.8456947996589941,0.3686809094665605,0.3803055825408567,60,A,none
qualification_r0_w60_b1024,16,2,G2,0.0005,lstm,R0,G2__qualification_r0_w60_b1024__lstm__r0__w60__fold_2__seed_42,42,0.8374095763003789,0.44772408252291296,0.5083224037501738,0.8448422847399829,0.36986956046060526,0.38448569799376253,60,A,none
qualification_r0_w60_b1024,17,2,G2,0.00025,lstm,R0,G2__qualification_r0_w60_b1024__lstm__r0__w60__fold_2__seed_42,42,0.8363761625904237,0.44315567215352153,0.507151348279817,0.8439897698209718,0.37229213161744934,0.38394777899947413,60,A,none
qualification_r0_w60_b1024,18,2,G2,0.00025,lstm,R0,G2__qualification_r0_w60_b1024__lstm__r0__w60__fold_2__seed_42,42,0.8391319324836376,0.44219943412903295,0.5114415798598876,0.8431372549019608,0.37450521442489754,0.3834130436350783,60,A,none
qualification_r0_w60_b1024,19,2,G2,0.00025,lstm,R0,G2__qualification_r0_w60_b1024__lstm__r0__w60__fold_2__seed_42,42,0.8401653461935928,0.4434674220930245,0.5128961037996546,0.8414322250639387,0.3762580108307207,0.38235294117647056,60,A,none
qualification_r0_w60_b1024,20,2,G2,0.00025,lstm,R0,G2__qualification_r0_w60_b1024__lstm__r0__w60__fold_2__seed_42,42,0.8429211160868068,0.44097655403831687,0.5163757549534025,0.8414322250639387,0.3761742375441728,0.38235294117647056,60,A,none
qualification_r0_w60_b1024,21,2,G2,0.000125,lstm,R0,G2__qualification_r0_w60_b1024__lstm__r0__w60__fold_2__seed_42,42,0.8415432311401998,0.4433825902186547,0.5150975563883047,0.8414322250639387,0.3759648039212922,0.38235294117647056,60,A,none
qualification_r0_w60_b1024,22,2,G2,0.000125,lstm,R0,G2__qualification_r0_w60_b1024__lstm__r0__w60__fold_2__seed_42,42,0.8408542886668963,0.4449369438118332,0.5149570123647638,0.8414322250639387,0.37568793239394316,0.38235294117647056,60,A,none
qualification_r0_w60_b1024,23,2,G2,0.000125,lstm,R0,G2__qualification_r0_w60_b1024__lstm__r0__w60__fold_2__seed_42,42,0.8391319324836376,0.4394192087354637,0.5131201660064139,0.8422847399829497,0.37475398640193597,0.38288144603934077,60,A,none
qualification_r0_w60_b1024,24,2,G2,0.000125,lstm,R0,G2__qualification_r0_w60_b1024__lstm__r0__w60__fold_2__seed_42,42,0.8394764037202893,0.4409574970289875,0.5134586732708121,0.8431372549019608,0.3737098336067346,0.3834130436350783,60,A,none
qualification_r0_w60_b1024,25,2,G2,6.25e-05,lstm,R0,G2__qualification_r0_w60_b1024__lstm__r0__w60__fold_2__seed_42,42,0.8401653461935928,0.4435459362959558,0.5140926442780643,0.8431372549019608,0.37323435056138426,0.3834130436350783,60,A,none
qualification_r0_w60_b1024,26,2,G2,6.25e-05,lstm,R0,G2__qualification_r0_w60_b1024__lstm__r0__w60__fold_2__seed_42,42,0.8387874612469859,0.4421840198299534,0.5128605362184107,0.8431372549019608,0.3730948502856854,0.3834130436350783,60,A,none
qualification_r0_w60_b1024,27,2,G2,6.25e-05,lstm,R0,G2__qualification_r0_w60_b1024__lstm__r0__w60__fold_2__seed_42,42,0.8387874612469859,0.4391649777812051,0.512473720940715,0.8431372549019608,0.3727610033237314,0.3834130436350783,60,A,none
qualification_r0_w60_b1024,1,3,G2,0.001,lstm,R0,G2__qualification_r0_w60_b1024__lstm__r0__w60__fold_3__seed_42,42,0.36413208118751894,1.070250525614667,0.24471030871750107,0.6498696785403997,1.0374818431305741,0.3397732426303855,60,A,none
qualification_r0_w60_b1024,2,3,G2,0.001,lstm,R0,G2__qualification_r0_w60_b1024__lstm__r0__w60__fold_3__seed_42,42,0.8073311117843078,1.004847461510629,0.5005127022493724,0.6750651607298002,0.9662504722303561,0.3454668014829794,60,A,none
qualification_r0_w60_b1024,3,3,G2,0.001,lstm,R0,G2__qualification_r0_w60_b1024__lstm__r0__w60__fold_3__seed_42,42,0.8267191760072705,0.9180246626417119,0.5086913013202735,0.6907037358818419,0.8636333528132567,0.34847747672175156,60,A,none
qualification_r0_w60_b1024,4,3,G2,0.001,lstm,R0,G2__qualification_r0_w60_b1024__lstm__r0__w60__fold_3__seed_42,42,0.8309603150560436,0.787074614062305,0.506071776952154,0.7341442224152911,0.7116955875003991,0.3667437067647952,60,A,none
qualification_r0_w60_b1024,5,3,G2,0.001,lstm,R0,G2__qualification_r0_w60_b1024__lstm__r0__w60__fold_3__seed_42,42,0.8379279006361708,0.6025377690376783,0.5086393856335767,0.7593397046046916,0.5927681354182788,0.37821425425323024,60,A,none
qualification_r0_w60_b1024,6,3,G2,0.001,lstm,R0,G2__qualification_r0_w60_b1024__lstm__r0__w60__fold_3__seed_42,42,0.8476219327476522,0.4779267494821505,0.5159444510532694,0.7810599478714162,0.5674913078028673,0.3858669803490225,60,A,none
qualification_r0_w60_b1024,7,3,G2,0.001,lstm,R0,G2__qualification_r0_w60_b1024__lstm__r0__w60__fold_3__seed_42,42,0.846410178733717,0.44945897804322077,0.5040941946020663,0.787141615986099,0.5569322519230905,0.3835237853394278,60,A,none
qualification_r0_w60_b1024,8,3,G2,0.001,lstm,R0,G2__qualification_r0_w60_b1024__lstm__r0__w60__fold_3__seed_42,42,0.8600424113904878,0.4349382076072751,0.5275475223646575,0.7775847089487402,0.5711306951338058,0.3892963175113844,60,A,none
qualification_r0_w60_b1024,9,3,G2,0.001,lstm,R0,G2__qualification_r0_w60_b1024__lstm__r0__w60__fold_3__seed_42,42,0.8682217509845501,0.4196955627273408,0.5392288930630765,0.7767158992180713,0.5559044914412353,0.38881486613725597,60,A,none
qualification_r0_w60_b1024,10,3,G2,0.001,lstm,R0,G2__qualification_r0_w60_b1024__lstm__r0__w60__fold_3__seed_42,42,0.8679188124810664,0.40757626679694064,0.5393811596221793,0.7767158992180713,0.5284794762562297,0.39010486505071346,60,A,none
qualification_r0_w60_b1024,11,3,G2,0.001,lstm,R0,G2__qualification_r0_w60_b1024__lstm__r0__w60__fold_3__seed_42,42,0.8694335049984853,0.4020146477930259,0.5404764813741763,0.7775847089487402,0.5268204708419397,0.39312777530650306,60,A,none
qualification_r0_w60_b1024,12,3,G2,0.001,lstm,R0,G2__qualification_r0_w60_b1024__lstm__r0__w60__fold_3__seed_42,42,0.8694335049984853,0.39960073572474875,0.5406657954933736,0.7775847089487402,0.5246598996953483,0.39058872182672144,60,A,none
qualification_r0_w60_b1024,13,3,G2,0.001,lstm,R0,G2__qualification_r0_w60_b1024__lstm__r0__w60__fold_3__seed_42,42,0.8679188124810664,0.4006280541889453,0.5396597492092692,0.7784535186794093,0.5318284816166093,0.3910740405170934,60,A,none
qualification_r0_w60_b1024,14,3,G2,0.001,lstm,R0,G2__qualification_r0_w60_b1024__lstm__r0__w60__fold_3__seed_42,42,0.8691305664950015,0.3994656857740731,0.5403483501678209,0.7801911381407471,0.5174913190039835,0.38538999829322407,60,A,none
qualification_r0_w60_b1024,15,3,G2,0.001,lstm,R0,G2__qualification_r0_w60_b1024__lstm__r0__w60__fold_3__seed_42,42,0.8697364435019691,0.3985907025985088,0.538902895471983,0.7819287576020851,0.5316956206236996,0.39172576193093595,60,A,none
qualification_r0_w60_b1024,16,3,G2,0.0005,lstm,R0,G2__qualification_r0_w60_b1024__lstm__r0__w60__fold_3__seed_42,42,0.8697364435019691,0.3976493041575298,0.5405047330864355,0.7810599478714162,0.5417183771354027,0.3950964464006144,60,A,none
qualification_r0_w60_b1024,17,3,G2,0.0005,lstm,R0,G2__qualification_r0_w60_b1024__lstm__r0__w60__fold_3__seed_42,42,0.8718570130263557,0.39574119303306643,0.5427715754704159,0.787141615986099,0.5320549382917991,0.3946919269499915,60,A,none
qualification_r0_w60_b1024,18,3,G2,0.0005,lstm,R0,G2__qualification_r0_w60_b1024__lstm__r0__w60__fold_3__seed_42,42,0.8718570130263557,0.3926948383247372,0.5419139281411722,0.788010425716768,0.5307724038147077,0.38833150556164814,60,A,none
qualification_r0_w60_b1024,19,3,G2,0.0005,lstm,R0,G2__qualification_r0_w60_b1024__lstm__r0__w60__fold_3__seed_42,42,0.8718570130263557,0.3977561063818482,0.5421302815160678,0.7862728062554301,0.5327948886062869,0.3873598369011213,60,A,none
qualification_r0_w60_b1024,20,3,G2,0.0005,lstm,R0,G2__qualification_r0_w60_b1024__lstm__r0__w60__fold_3__seed_42,42,0.8730687670402908,0.39445462861735686,0.5419827821377771,0.790616854908775,0.5249790748003563,0.38691530334504404,60,A,none
qualification_r0_w60_b1024,21,3,G2,0.00025,lstm,R0,G2__qualification_r0_w60_b1024__lstm__r0__w60__fold_3__seed_42,42,0.8733717055437746,0.39373729858966133,0.5430869450942192,0.7862728062554301,0.529301753570265,0.3873598369011213,60,A,none
qualification_r0_w60_b1024,22,3,G2,0.00025,lstm,R0,G2__qualification_r0_w60_b1024__lstm__r0__w60__fold_3__seed_42,42,0.8712511360193881,0.3943492114110558,0.5412810006286262,0.788010425716768,0.5282799590162149,0.39112751483572145,60,A,none
qualification_r0_w60_b1024,23,3,G2,0.00025,lstm,R0,G2__qualification_r0_w60_b1024__lstm__r0__w60__fold_3__seed_42,42,0.8727658285368071,0.39363561828401517,0.5430322789536141,0.787141615986099,0.5249116231730252,0.38784486413788005,60,A,none
qualification_r0_w60_b1024,24,3,G2,0.00025,lstm,R0,G2__qualification_r0_w60_b1024__lstm__r0__w60__fold_3__seed_42,42,0.874280521054226,0.39434217141816486,0.5437499298249554,0.788010425716768,0.5208180265308566,0.3854633639794342,60,A,none
qualification_r0_w60_b1024,25,3,G2,0.000125,lstm,R0,G2__qualification_r0_w60_b1024__lstm__r0__w60__fold_3__seed_42,42,0.8718570130263557,0.3958589584763864,0.5413000707140019,0.788010425716768,0.5215226083372491,0.3854633639794342,60,A,none
qualification_r0_w60_b1024,26,3,G2,0.000125,lstm,R0,G2__qualification_r0_w60_b1024__lstm__r0__w60__fold_3__seed_42,42,0.8736746440472584,0.3926165848654424,0.5427885795957664,0.788010425716768,0.5234712794306586,0.3854633639794342,60,A,none
qualification_r0_w60_b1024,1,4,G2,0.001,lstm,R0,G2__qualification_r0_w60_b1024__lstm__r0__w60__fold_4__seed_42,42,0.4012362268207471,1.0667408687137399,0.2688957556886981,0.6995555555555556,1.0369965287314522,0.3430863660528732,60,A,none
qualification_r0_w60_b1024,2,4,G2,0.001,lstm,R0,G2__qualification_r0_w60_b1024__lstm__r0__w60__fold_4__seed_42,42,0.8395592582639075,0.9977266853998118,0.5218686864633396,0.7271111111111112,0.9604075504938762,0.3501514092709061,60,A,none
qualification_r0_w60_b1024,3,4,G2,0.001,lstm,R0,G2__qualification_r0_w60_b1024__lstm__r0__w60__fold_4__seed_42,42,0.8570276807309863,0.9067588882784599,0.5315875144408435,0.7395555555555555,0.8493077262242635,0.35581483282018045,60,A,none
qualification_r0_w60_b1024,4,4,G2,0.001,lstm,R0,G2__qualification_r0_w60_b1024__lstm__r0__w60__fold_4__seed_42,42,0.8597151303413061,0.7650969615869386,0.5320618683498927,0.7457777777777778,0.6782187513245477,0.35597096831297576,60,A,none
qualification_r0_w60_b1024,5,4,G2,0.001,lstm,R0,G2__qualification_r0_w60_b1024__lstm__r0__w60__fold_4__seed_42,42,0.8591776404192422,0.5642077530288978,0.5304143312898963,0.7573333333333333,0.5229456373320686,0.36146254319686055,60,A,none
qualification_r0_w60_b1024,6,4,G2,0.001,lstm,R0,G2__qualification_r0_w60_b1024__lstm__r0__w60__fold_4__seed_42,42,0.8637463047567858,0.4325823574673582,0.532977806265031,0.7768888888888889,0.48211366078588697,0.37132325133366256,60,A,none
qualification_r0_w60_b1024,7,4,G2,0.001,lstm,R0,G2__qualification_r0_w60_b1024__lstm__r0__w60__fold_4__seed_42,42,0.8731523783929052,0.40947895685500657,0.5393878326603461,0.8337777777777777,0.46159174275398257,0.40308719816916544,60,A,none
qualification_r0_w60_b1024,8,4,G2,0.001,lstm,R0,G2__qualification_r0_w60_b1024__lstm__r0__w60__fold_4__seed_42,42,0.8833646869121204,0.40027284720705836,0.5474727200380888,0.8355555555555556,0.4460378016100989,0.4061546154120889,60,A,none
qualification_r0_w60_b1024,9,4,G2,0.001,lstm,R0,G2__qualification_r0_w60_b1024__lstm__r0__w60__fold_4__seed_42,42,0.8852459016393442,0.3824969245698048,0.55044174609392,0.8275555555555556,0.4508971078528298,0.40260116179940125,60,A,none
qualification_r0_w60_b1024,10,4,G2,0.001,lstm,R0,G2__qualification_r0_w60_b1024__lstm__r0__w60__fold_4__seed_42,42,0.8868583714055361,0.37223151152379347,0.5532329428372328,0.8266666666666667,0.46392502148946124,0.40378111405488504,60,A,none
qualification_r0_w60_b1024,11,4,G2,0.001,lstm,R0,G2__qualification_r0_w60_b1024__lstm__r0__w60__fold_4__seed_42,42,0.8879333512496641,0.36239476984497426,0.5551382942704626,0.8248888888888889,0.4612571079995897,0.4043426116346051,60,A,none
qualification_r0_w60_b1024,12,4,G2,0.001,lstm,R0,G2__qualification_r0_w60_b1024__lstm__r0__w60__fold_4__seed_42,42,0.889277076054824,0.3642626619489563,0.5562990165604065,0.8275555555555556,0.4397222772174411,0.4043686363469284,60,A,none
qualification_r0_w60_b1024,13,4,G2,0.0005,lstm,R0,G2__qualification_r0_w60_b1024__lstm__r0__w60__fold_4__seed_42,42,0.8879333512496641,0.360202560739407,0.5546535824394608,0.8275555555555556,0.4380017637676663,0.4043686363469284,60,A,none
qualification_r0_w60_b1024,14,4,G2,0.0005,lstm,R0,G2__qualification_r0_w60_b1024__lstm__r0__w60__fold_4__seed_42,42,0.888470841171728,0.3581930551356572,0.5552409558875001,0.8275555555555556,0.4463816188706292,0.4078205995041695,60,A,none
qualification_r0_w60_b1024,15,4,G2,0.0005,lstm,R0,G2__qualification_r0_w60_b1024__lstm__r0__w60__fold_4__seed_42,42,0.8876646062886321,0.36330155932560493,0.5541805386591615,0.8284444444444444,0.4520304370721181,0.41010814572109844,60,A,none
qualification_r0_w60_b1024,16,4,G2,0.0005,lstm,R0,G2__qualification_r0_w60_b1024__lstm__r0__w60__fold_4__seed_42,42,0.888470841171728,0.3599576533673688,0.5551207956961628,0.8284444444444444,0.45102392522494,0.41010814572109844,60,A,none
qualification_r0_w60_b1024,17,4,G2,0.0005,lstm,R0,G2__qualification_r0_w60_b1024__lstm__r0__w60__fold_4__seed_42,42,0.8898145659768879,0.3578904676953172,0.5567627990163201,0.8302222222222222,0.4456873642338647,0.41132077923765703,60,A,none
qualification_r0_w60_b1024,18,4,G2,0.0005,lstm,R0,G2__qualification_r0_w60_b1024__lstm__r0__w60__fold_4__seed_42,42,0.8873958613276001,0.35850531461097257,0.5540649162242733,0.832,0.4419845390319824,0.4142227767164412,60,A,none
qualification_r0_w60_b1024,19,4,G2,0.0005,lstm,R0,G2__qualification_r0_w60_b1024__lstm__r0__w60__fold_4__seed_42,42,0.889545821015856,0.354868427099191,0.5562923830930532,0.832,0.4406446115175883,0.4142227767164412,60,A,none
qualification_r0_w60_b1024,20,4,G2,0.0005,lstm,R0,G2__qualification_r0_w60_b1024__lstm__r0__w60__fold_4__seed_42,42,0.889545821015856,0.35680481690580057,0.5564160568814067,0.8337777777777777,0.43979576230049133,0.41546724233801063,60,A,none
qualification_r0_w60_b1024,21,4,G2,0.0005,lstm,R0,G2__qualification_r0_w60_b1024__lstm__r0__w60__fold_4__seed_42,42,0.8903520558989519,0.3526857704588945,0.5568756884124311,0.8328888888888889,0.4426737734741635,0.41484341484341486,60,A,none
qualification_r0_w60_b1024,22,4,G2,0.0005,lstm,R0,G2__qualification_r0_w60_b1024__lstm__r0__w60__fold_4__seed_42,42,0.8898145659768879,0.3523199557136765,0.5565298489513228,0.8382222222222222,0.4399984004232619,0.41863563167910994,60,A,none
qualification_r0_w60_b1024,23,4,G2,0.0005,lstm,R0,G2__qualification_r0_w60_b1024__lstm__r0__w60__fold_4__seed_42,42,0.8906208008599839,0.35095739747464927,0.5566292246872597,0.8444444444444444,0.43783056569099427,0.4214917016267064,60,A,none
qualification_r0_w60_b1024,24,4,G2,0.0005,lstm,R0,G2__qualification_r0_w60_b1024__lstm__r0__w60__fold_4__seed_42,42,0.8919645256651437,0.35246437701510025,0.5579463470064562,0.8471111111111111,0.4428368062178294,0.42694260802912715,60,A,none
qualification_r0_w60_b1024,25,4,G2,0.0005,lstm,R0,G2__qualification_r0_w60_b1024__lstm__r0__w60__fold_4__seed_42,42,0.8903520558989519,0.34748766877035464,0.5561530558123323,0.8426666666666667,0.4506134161154429,0.4235804336863338,60,A,none
qualification_r0_w60_b1024,26,4,G2,0.0005,lstm,R0,G2__qualification_r0_w60_b1024__lstm__r0__w60__fold_4__seed_42,42,0.8906208008599839,0.3483165660410022,0.5567567567567567,0.8462222222222222,0.4483820529248979,0.4228269637611677,60,A,none
qualification_r0_w60_b1024,27,4,G2,0.0005,lstm,R0,G2__qualification_r0_w60_b1024__lstm__r0__w60__fold_4__seed_42,42,0.8898145659768879,0.3487651353560286,0.5551900688824875,0.8524444444444444,0.441259088145362,0.424020424020424,60,A,none
qualification_r0_w60_b1024,28,4,G2,0.0005,lstm,R0,G2__qualification_r0_w60_b1024__lstm__r0__w60__fold_4__seed_42,42,0.8911582907820479,0.3486919807061429,0.5573700178963338,0.8382222222222222,0.45946866856680973,0.4203096810008129,60,A,none
qualification_r0_w60_b1024,29,4,G2,0.00025,lstm,R0,G2__qualification_r0_w60_b1024__lstm__r0__w60__fold_4__seed_42,42,0.8900833109379199,0.3476066086856757,0.5564018838405212,0.8364444444444444,0.46383488074938456,0.41902571454076676,60,A,none
qualification_r0_w60_b1024,30,4,G2,0.00025,lstm,R0,G2__qualification_r0_w60_b1024__lstm__r0__w60__fold_4__seed_42,42,0.8908895458210159,0.3428761405638551,0.557601494475242,0.8373333333333334,0.4617688530551063,0.4196660027819929,60,A,none
qualification_r0_w60_b1024,31,4,G2,0.00025,lstm,R0,G2__qualification_r0_w60_b1024__lstm__r0__w60__fold_4__seed_42,42,0.8908895458210159,0.3484914372185807,0.557731904317511,0.84,0.45694799717267354,0.4199267511186335,60,A,none
qualification_r0_w60_b1024,32,4,G2,0.00025,lstm,R0,G2__qualification_r0_w60_b1024__lstm__r0__w60__fold_4__seed_42,42,0.8908895458210159,0.3451183517672496,0.558340827879906,0.8373333333333334,0.4629888790713416,0.4196660027819929,60,A,none
qualification_r0_w60_b1024,33,4,G2,0.000125,lstm,R0,G2__qualification_r0_w60_b1024__lstm__r0__w60__fold_4__seed_42,42,0.8898145659768879,0.3476558948309631,0.5565349927678707,0.8382222222222222,0.46281759950849743,0.4203096810008129,60,A,none
qualification_r0_w60_b1024,34,4,G2,0.000125,lstm,R0,G2__qualification_r0_w60_b1024__lstm__r0__w60__fold_4__seed_42,42,0.8925020155872078,0.3422373052615371,0.5591344259501826,0.8364444444444444,0.4629752332104577,0.4173582611339109,60,A,none
qualification_r0_w60_b1024,35,4,G2,0.000125,lstm,R0,G2__qualification_r0_w60_b1024__lstm__r0__w60__fold_4__seed_42,42,0.8916957807041118,0.3423697607663331,0.5586748292159114,0.8382222222222222,0.46329771569040085,0.41863563167910994,60,A,none
qualification_r0_w60_b1024,36,4,G2,0.000125,lstm,R0,G2__qualification_r0_w60_b1024__lstm__r0__w60__fold_4__seed_42,42,0.8916957807041118,0.3442294299442324,0.5585560069608628,0.8391111111111111,0.46453808622890047,0.41927945108157116,60,A,none
qualification_r0_w60_b1024,37,4,G2,6.25e-05,lstm,R0,G2__qualification_r0_w60_b1024__lstm__r0__w60__fold_4__seed_42,42,0.8930395055092717,0.34165273685668046,0.559853287914025,0.8391111111111111,0.46513397969139947,0.41927945108157116,60,A,none
qualification_r0_w60_b1024,38,4,G2,6.25e-05,lstm,R0,G2__qualification_r0_w60_b1024__lstm__r0__w60__fold_4__seed_42,42,0.8906208008599839,0.34404940809879336,0.5573700226131543,0.8391111111111111,0.46667833087179394,0.42095679171988293,60,A,none
qualification_r0_w60_b1024,39,4,G2,6.25e-05,lstm,R0,G2__qualification_r0_w60_b1024__lstm__r0__w60__fold_4__seed_42,42,0.8922332706261757,0.34005557061907615,0.5588908676779542,0.8373333333333334,0.46798537895414566,0.4196660027819929,60,A,none
qualification_r0_w60_b1024,1,1,G2,0.001,tcn,R0,G2__qualification_r0_w60_b1024__tcn__r0__w60__fold_1__seed_42,42,0.1279826464208243,1.1046142943288875,0.07871831659493066,0.7194915254237289,0.9084058860601005,0.309422679505782,60,A,none
qualification_r0_w60_b1024,2,1,G2,0.001,tcn,R0,G2__qualification_r0_w60_b1024__tcn__r0__w60__fold_1__seed_42,42,0.8509451502943911,0.8105402827669231,0.31343342177764516,0.8593220338983051,0.6106431868116734,0.3081130355515041,60,A,none
qualification_r0_w60_b1024,3,1,G2,0.001,tcn,R0,G2__qualification_r0_w60_b1024__tcn__r0__w60__fold_1__seed_42,42,0.8775952897427952,0.5630004171952767,0.3116025746822908,0.8593220338983051,0.46593433999914236,0.3081130355515041,60,A,none
qualification_r0_w60_b1024,4,1,G2,0.001,tcn,R0,G2__qualification_r0_w60_b1024__tcn__r0__w60__fold_1__seed_42,42,0.8775952897427952,0.4144284106423916,0.3116025746822908,0.8593220338983051,0.4005732649968842,0.3081130355515041,60,A,none
qualification_r0_w60_b1024,5,1,G2,0.001,tcn,R0,G2__qualification_r0_w60_b1024__tcn__r0__w60__fold_1__seed_42,42,0.8769755190579486,0.3213902970641473,0.3215685453333473,0.8432203389830508,0.4062344057075048,0.41283118662826285,60,A,none
qualification_r0_w60_b1024,6,1,G2,0.001,tcn,R0,G2__qualification_r0_w60_b1024__tcn__r0__w60__fold_1__seed_42,42,0.8791447164549117,0.3114096233543317,0.4795477623256841,0.8296610169491525,0.42788352334903457,0.4214223567100854,60,A,none
qualification_r0_w60_b1024,7,1,G2,0.001,tcn,R0,G2__qualification_r0_w60_b1024__tcn__r0__w60__fold_1__seed_42,42,0.8800743724821816,0.3150767494105022,0.48725318062079825,0.8330508474576271,0.42942934127177224,0.4289865860568595,60,A,none
qualification_r0_w60_b1024,8,1,G2,0.001,tcn,R0,G2__qualification_r0_w60_b1024__tcn__r0__w60__fold_1__seed_42,42,0.8782150604276417,0.3138895055477118,0.4865370542446433,0.8313559322033899,0.4240884027743744,0.42522661341677215,60,A,none
qualification_r0_w60_b1024,9,1,G2,0.001,tcn,R0,G2__qualification_r0_w60_b1024__tcn__r0__w60__fold_1__seed_42,42,0.879454601797335,0.30845455769455243,0.48629754014580345,0.8372881355932204,0.4153113672288798,0.4238869937899064,60,A,none
qualification_r0_w60_b1024,10,1,G2,0.001,tcn,R0,G2__qualification_r0_w60_b1024__tcn__r0__w60__fold_1__seed_42,42,0.8797644871397583,0.30413683615382475,0.48178422297616524,0.8449152542372881,0.41046936628171954,0.41065244338512646,60,A,none
qualification_r0_w60_b1024,11,1,G2,0.001,tcn,R0,G2__qualification_r0_w60_b1024__tcn__r0__w60__fold_1__seed_42,42,0.8800743724821816,0.29896421508409304,0.4390490556417175,0.8593220338983051,0.4092423643601143,0.3081130355515041,60,A,none
qualification_r0_w60_b1024,12,1,G2,0.0005,tcn,R0,G2__qualification_r0_w60_b1024__tcn__r0__w60__fold_1__seed_42,42,0.8775952897427952,0.29721817886788743,0.3116025746822908,0.8593220338983051,0.40566574446225573,0.3081130355515041,60,A,none
qualification_r0_w60_b1024,13,1,G2,0.0005,tcn,R0,G2__qualification_r0_w60_b1024__tcn__r0__w60__fold_1__seed_42,42,0.8775952897427952,0.2959508768980962,0.3116025746822908,0.8593220338983051,0.40370851947089376,0.3081130355515041,60,A,none
qualification_r0_w60_b1024,14,1,G2,0.0005,tcn,R0,G2__qualification_r0_w60_b1024__tcn__r0__w60__fold_1__seed_42,42,0.8775952897427952,0.2964697747563739,0.3116025746822908,0.8593220338983051,0.40190213787353646,0.3081130355515041,60,A,none
qualification_r0_w60_b1024,15,1,G2,0.0005,tcn,R0,G2__qualification_r0_w60_b1024__tcn__r0__w60__fold_1__seed_42,42,0.8775952897427952,0.29414641241152517,0.3116025746822908,0.8593220338983051,0.402624641434621,0.3081130355515041,60,A,none
qualification_r0_w60_b1024,16,1,G2,0.00025,tcn,R0,G2__qualification_r0_w60_b1024__tcn__r0__w60__fold_1__seed_42,42,0.8775952897427952,0.29428756443900816,0.3116025746822908,0.8593220338983051,0.4039510054608523,0.3081130355515041,60,A,none
qualification_r0_w60_b1024,17,1,G2,0.00025,tcn,R0,G2__qualification_r0_w60_b1024__tcn__r0__w60__fold_1__seed_42,42,0.8775952897427952,0.2927866231177959,0.3116025746822908,0.8593220338983051,0.4050984137139078,0.3081130355515041,60,A,none
qualification_r0_w60_b1024,18,1,G2,0.00025,tcn,R0,G2__qualification_r0_w60_b1024__tcn__r0__w60__fold_1__seed_42,42,0.8782150604276417,0.292589507837727,0.32516464072201107,0.8516949152542372,0.4064951630467075,0.40449188737562297,60,A,none
qualification_r0_w60_b1024,19,1,G2,0.00025,tcn,R0,G2__qualification_r0_w60_b1024__tcn__r0__w60__fold_1__seed_42,42,0.8803842578246049,0.29352118417061923,0.37323505957406883,0.8525423728813559,0.4052378129656032,0.4124596391263058,60,A,none
qualification_r0_w60_b1024,20,1,G2,0.000125,tcn,R0,G2__qualification_r0_w60_b1024__tcn__r0__w60__fold_1__seed_42,42,0.8806941431670282,0.2916512549625375,0.43263435102260434,0.8508474576271187,0.4048803692652007,0.41127004244874965,60,A,none
qualification_r0_w60_b1024,21,1,G2,0.000125,tcn,R0,G2__qualification_r0_w60_b1024__tcn__r0__w60__fold_1__seed_42,42,0.8803842578246049,0.2914481674753035,0.4519208649643433,0.85,0.40407056727651824,0.4124410100387926,60,A,none
qualification_r0_w60_b1024,22,1,G2,0.000125,tcn,R0,G2__qualification_r0_w60_b1024__tcn__r0__w60__fold_1__seed_42,42,0.8803842578246049,0.2915559479113071,0.4661055614254154,0.8457627118644068,0.4029059710644059,0.40951751810530435,60,A,none
qualification_r0_w60_b1024,1,2,G2,0.001,tcn,R0,G2__qualification_r0_w60_b1024__tcn__r0__w60__fold_2__seed_42,42,0.19565966241818808,1.0921781707376683,0.11164754953911421,0.22847399829497017,0.9886941811211172,0.14799047887444353,60,A,none
qualification_r0_w60_b1024,2,2,G2,0.001,tcn,R0,G2__qualification_r0_w60_b1024__tcn__r0__w60__fold_2__seed_42,42,0.5952462969342059,0.9011307823177539,0.35510082141599425,0.9207161125319693,0.7142113359789511,0.3195739014647137,60,A,none
qualification_r0_w60_b1024,3,2,G2,0.001,tcn,R0,G2__qualification_r0_w60_b1024__tcn__r0__w60__fold_2__seed_42,42,0.7860833620392698,0.7185974690037845,0.2934104789456766,0.9207161125319693,0.44645627291407836,0.3195739014647137,60,A,none
qualification_r0_w60_b1024,4,2,G2,0.001,tcn,R0,G2__qualification_r0_w60_b1024__tcn__r0__w60__fold_2__seed_42,42,0.7860833620392698,0.6034832043849802,0.2934104789456766,0.9207161125319693,0.34665307309875504,0.3195739014647137,60,A,none
qualification_r0_w60_b1024,5,2,G2,0.001,tcn,R0,G2__qualification_r0_w60_b1024__tcn__r0__w60__fold_2__seed_42,42,0.7860833620392698,0.5098828602937678,0.2934104789456766,0.8772378516624041,0.36189903583114,0.38791986407513207,60,A,none
qualification_r0_w60_b1024,6,2,G2,0.001,tcn,R0,G2__qualification_r0_w60_b1024__tcn__r0__w60__fold_2__seed_42,42,0.8287977953840854,0.451850714958252,0.49059497976846494,0.8593350383631714,0.39644220080115505,0.38918070744472194,60,A,none
qualification_r0_w60_b1024,7,2,G2,0.001,tcn,R0,G2__qualification_r0_w60_b1024__tcn__r0__w60__fold_2__seed_42,42,0.836031691353772,0.43900118162005347,0.5086979015436475,0.8499573742540495,0.41712853917177173,0.3829811453054497,60,A,none
qualification_r0_w60_b1024,8,2,G2,0.001,tcn,R0,G2__qualification_r0_w60_b1024__tcn__r0__w60__fold_2__seed_42,42,0.8374095763003789,0.43632297996525266,0.5137925497899968,0.8456947996589941,0.42563141878608546,0.3826885545318633,60,A,none
qualification_r0_w60_b1024,9,2,G2,0.001,tcn,R0,G2__qualification_r0_w60_b1024__tcn__r0__w60__fold_2__seed_42,42,0.8387874612469859,0.43300986021007704,0.5159655501367676,0.8465473145780051,0.423957166616874,0.3855712745594156,60,A,none
qualification_r0_w60_b1024,10,2,G2,0.001,tcn,R0,G2__qualification_r0_w60_b1024__tcn__r0__w60__fold_2__seed_42,42,0.8391319324836376,0.4294105734736436,0.5157482178203813,0.8491048593350383,0.4134695002235923,0.3872247127922211,60,A,none
qualification_r0_w60_b1024,11,2,G2,0.0005,tcn,R0,G2__qualification_r0_w60_b1024__tcn__r0__w60__fold_2__seed_42,42,0.8408542886668963,0.4277462210997688,0.5172015235480861,0.8508098891730606,0.40537257590358927,0.38595878818651097,60,A,none
qualification_r0_w60_b1024,12,2,G2,0.0005,tcn,R0,G2__qualification_r0_w60_b1024__tcn__r0__w60__fold_2__seed_42,42,0.842576644850155,0.42521721470614693,0.518259058277048,0.855924978687127,0.3964643028945061,0.3868733364646939,60,A,none
qualification_r0_w60_b1024,13,2,G2,0.0005,tcn,R0,G2__qualification_r0_w60_b1024__tcn__r0__w60__fold_2__seed_42,42,0.8446434722700654,0.42288670738401224,0.5199578820283776,0.8593350383631714,0.389199453190871,0.38918070744472194,60,A,none
qualification_r0_w60_b1024,14,2,G2,0.0005,tcn,R0,G2__qualification_r0_w60_b1024__tcn__r0__w60__fold_2__seed_42,42,0.845332414743369,0.42086988910288387,0.5196875404868274,0.8593350383631714,0.38399049789602696,0.38918070744472194,60,A,none
qualification_r0_w60_b1024,15,2,G2,0.00025,tcn,R0,G2__qualification_r0_w60_b1024__tcn__r0__w60__fold_2__seed_42,42,0.8463658284533242,0.4191294516463383,0.5210394019827025,0.8593350383631714,0.3820137218949333,0.38918070744472194,60,A,none
qualification_r0_w60_b1024,16,2,G2,0.00025,tcn,R0,G2__qualification_r0_w60_b1024__tcn__r0__w60__fold_2__seed_42,42,0.8460213572166724,0.4184931099538018,0.5202846378673193,0.8593350383631714,0.3808433372854475,0.38918070744472194,60,A,none
qualification_r0_w60_b1024,17,2,G2,0.00025,tcn,R0,G2__qualification_r0_w60_b1024__tcn__r0__w60__fold_2__seed_42,42,0.845332414743369,0.41733226790906147,0.5195675255080728,0.8584825234441603,0.38037849712453126,0.3885978863693362,60,A,none
qualification_r0_w60_b1024,18,2,G2,0.00025,tcn,R0,G2__qualification_r0_w60_b1024__tcn__r0__w60__fold_2__seed_42,42,0.8470547709266276,0.41643024212608576,0.5214519448857448,0.8567774936061381,0.37983857231168594,0.387444263571378,60,A,none
qualification_r0_w60_b1024,19,2,G2,0.000125,tcn,R0,G2__qualification_r0_w60_b1024__tcn__r0__w60__fold_2__seed_42,42,0.8460213572166724,0.4161764935218504,0.5206529022827472,0.8567774936061381,0.3795198671653143,0.387444263571378,60,A,none
qualification_r0_w60_b1024,20,2,G2,0.000125,tcn,R0,G2__qualification_r0_w60_b1024__tcn__r0__w60__fold_2__seed_42,42,0.8460213572166724,0.4165439481699093,0.5206529022827472,0.8567774936061381,0.3787584891709525,0.387444263571378,60,A,none
qualification_r0_w60_b1024,1,3,G2,0.001,tcn,R0,G2__qualification_r0_w60_b1024__tcn__r0__w60__fold_3__seed_42,42,0.20811875189336565,1.0727576039408742,0.11927614853948827,0.5456125108601216,0.9090630277978349,0.3194444444444444,60,A,none
qualification_r0_w60_b1024,2,3,G2,0.001,tcn,R0,G2__qualification_r0_w60_b1024__tcn__r0__w60__fold_3__seed_42,42,0.7737049378976067,0.8211959846559275,0.43430404490008917,0.8566463944396178,0.5823620906816577,0.30759631882701605,60,A,none
qualification_r0_w60_b1024,3,3,G2,0.001,tcn,R0,G2__qualification_r0_w60_b1024__tcn__r0__w60__fold_3__seed_42,42,0.7843077855195395,0.6018996085318172,0.2930390492359932,0.8566463944396178,0.45449306727180677,0.30759631882701605,60,A,none
qualification_r0_w60_b1024,4,3,G2,0.001,tcn,R0,G2__qualification_r0_w60_b1024__tcn__r0__w60__fold_3__seed_42,42,0.8345955770978492,0.4507863099594544,0.4674394679701334,0.7775847089487402,0.5498949682241311,0.39437493627743714,60,A,none
qualification_r0_w60_b1024,5,3,G2,0.001,tcn,R0,G2__qualification_r0_w60_b1024__tcn__r0__w60__fold_3__seed_42,42,0.8664041199636474,0.4103944692709922,0.5387077331422158,0.7454387489139879,0.6275155587133172,0.38273655569529147,60,A,none
qualification_r0_w60_b1024,6,3,G2,0.001,tcn,R0,G2__qualification_r0_w60_b1024__tcn__r0__w60__fold_3__seed_42,42,0.8657982429566798,0.4064119639125097,0.5404920115076545,0.7636837532580365,0.6005717393732609,0.39255077392055554,60,A,none
qualification_r0_w60_b1024,7,3,G2,0.001,tcn,R0,G2__qualification_r0_w60_b1024__tcn__r0__w60__fold_3__seed_42,42,0.8661011814601636,0.39245830964262074,0.540441538364119,0.7715030408340573,0.5571225559214319,0.39575792572144836,60,A,none
qualification_r0_w60_b1024,8,3,G2,0.001,tcn,R0,G2__qualification_r0_w60_b1024__tcn__r0__w60__fold_3__seed_42,42,0.8697364435019691,0.38581888331170877,0.5432845169882338,0.7819287576020851,0.5293528201474406,0.40173702223932367,60,A,none
qualification_r0_w60_b1024,9,3,G2,0.001,tcn,R0,G2__qualification_r0_w60_b1024__tcn__r0__w60__fold_3__seed_42,42,0.8730687670402908,0.3832215248491142,0.5458942040385472,0.7836663770634231,0.520893364976428,0.3965889111349769,60,A,none
qualification_r0_w60_b1024,10,3,G2,0.001,tcn,R0,G2__qualification_r0_w60_b1024__tcn__r0__w60__fold_3__seed_42,42,0.8727658285368071,0.3819520578749864,0.5444234818301733,0.7862728062554301,0.5174403587933937,0.399364823760959,60,A,none
qualification_r0_w60_b1024,11,3,G2,0.001,tcn,R0,G2__qualification_r0_w60_b1024__tcn__r0__w60__fold_3__seed_42,42,0.8730687670402908,0.37626196264823397,0.545172353973073,0.7819287576020851,0.5176434562218697,0.40173702223932367,60,A,none
qualification_r0_w60_b1024,12,3,G2,0.001,tcn,R0,G2__qualification_r0_w60_b1024__tcn__r0__w60__fold_3__seed_42,42,0.8727658285368071,0.37348222428291217,0.5455844190876965,0.7801911381407471,0.5287866663741195,0.39709484809997225,60,A,none
qualification_r0_w60_b1024,13,3,G2,0.0005,tcn,R0,G2__qualification_r0_w60_b1024__tcn__r0__w60__fold_3__seed_42,42,0.8724628900333232,0.37208461927594794,0.5450813332468736,0.7793223284100782,0.532142102420589,0.39659757927086825,60,A,none
qualification_r0_w60_b1024,14,3,G2,0.0005,tcn,R0,G2__qualification_r0_w60_b1024__tcn__r0__w60__fold_3__seed_42,42,0.8721599515298395,0.3709861338860842,0.5448571187966856,0.7775847089487402,0.5307882194489008,0.39560751836966673,60,A,none
qualification_r0_w60_b1024,15,3,G2,0.0005,tcn,R0,G2__qualification_r0_w60_b1024__tcn__r0__w60__fold_3__seed_42,42,0.8724628900333232,0.3693381105271732,0.5453423201552494,0.7775847089487402,0.5290569632365122,0.39560751836966673,60,A,none
qualification_r0_w60_b1024,16,3,G2,0.0005,tcn,R0,G2__qualification_r0_w60_b1024__tcn__r0__w60__fold_3__seed_42,42,0.8721599515298395,0.3692587806181054,0.5449700398647483,0.7836663770634231,0.5277099204027166,0.3990991920233798,60,A,none
qualification_r0_w60_b1024,17,3,G2,0.00025,tcn,R0,G2__qualification_r0_w60_b1024__tcn__r0__w60__fold_3__seed_42,42,0.8715540745228718,0.3677748213642043,0.5440922780386206,0.7845351867940921,0.5273539182106171,0.39960417097450746,60,A,none
qualification_r0_w60_b1024,18,3,G2,0.00025,tcn,R0,G2__qualification_r0_w60_b1024__tcn__r0__w60__fold_3__seed_42,42,0.8718570130263557,0.36799077896846494,0.5445973266763097,0.7845351867940921,0.5284950927637848,0.39960417097450746,60,A,none
qualification_r0_w60_b1024,19,3,G2,0.00025,tcn,R0,G2__qualification_r0_w60_b1024__tcn__r0__w60__fold_3__seed_42,42,0.8730687670402908,0.36711962749040045,0.54545239989576,0.7845351867940921,0.5289853091451212,0.39960417097450746,60,A,none
qualification_r0_w60_b1024,20,3,G2,0.00025,tcn,R0,G2__qualification_r0_w60_b1024__tcn__r0__w60__fold_3__seed_42,42,0.8721599515298395,0.36756224836843804,0.5445763154353727,0.7845351867940921,0.5276378428775471,0.3983543906823333,60,A,none
qualification_r0_w60_b1024,21,3,G2,0.000125,tcn,R0,G2__qualification_r0_w60_b1024__tcn__r0__w60__fold_3__seed_42,42,0.8712511360193881,0.3661817136821296,0.5438312789292898,0.7836663770634231,0.5262360887797785,0.3978515636566055,60,A,none
qualification_r0_w60_b1024,22,3,G2,0.000125,tcn,R0,G2__qualification_r0_w60_b1024__tcn__r0__w60__fold_3__seed_42,42,0.8724628900333232,0.3669517405175397,0.5448186734913568,0.7845351867940921,0.5248301988394751,0.39960417097450746,60,A,none
qualification_r0_w60_b1024,23,3,G2,0.000125,tcn,R0,G2__qualification_r0_w60_b1024__tcn__r0__w60__fold_3__seed_42,42,0.8721599515298395,0.36694181956727734,0.5447079764776492,0.7810599478714162,0.5244879971940449,0.39759362879373183,60,A,none
qualification_r0_w60_b1024,1,4,G2,0.001,tcn,R0,G2__qualification_r0_w60_b1024__tcn__r0__w60__fold_4__seed_42,42,0.20075248589088954,1.0621051532195096,0.11929227487269166,0.5608888888888889,0.912012584315406,0.2949527010206622,60,A,none
qualification_r0_w60_b1024,2,4,G2,0.001,tcn,R0,G2__qualification_r0_w60_b1024__tcn__r0__w60__fold_4__seed_42,42,0.8032786885245902,0.8061640252992691,0.4514337427804442,0.8995555555555556,0.5579428154627483,0.3157073779441585,60,A,none
qualification_r0_w60_b1024,3,4,G2,0.001,tcn,R0,G2__qualification_r0_w60_b1024__tcn__r0__w60__fold_4__seed_42,42,0.7968288094598226,0.5751418644175418,0.2956426363545717,0.8613333333333333,0.38589195415708755,0.40110738595956513,60,A,none
qualification_r0_w60_b1024,4,4,G2,0.001,tcn,R0,G2__qualification_r0_w60_b1024__tcn__r0__w60__fold_4__seed_42,42,0.8548777210427304,0.41290829999252726,0.494732239716354,0.8462222222222222,0.46443741949399314,0.43120758315104607,60,A,none
qualification_r0_w60_b1024,5,4,G2,0.001,tcn,R0,G2__qualification_r0_w60_b1024__tcn__r0__w60__fold_4__seed_42,42,0.8817522171459286,0.3699646542963563,0.5499760594594618,0.7751111111111111,0.5384758565690783,0.38508344028110186,60,A,none
qualification_r0_w60_b1024,6,4,G2,0.001,tcn,R0,G2__qualification_r0_w60_b1024__tcn__r0__w60__fold_4__seed_42,42,0.8790647675356087,0.36272086409335813,0.5499013736231015,0.7813333333333333,0.511342014948527,0.3886681615359621,60,A,none
qualification_r0_w60_b1024,7,4,G2,0.001,tcn,R0,G2__qualification_r0_w60_b1024__tcn__r0__w60__fold_4__seed_42,42,0.8844396667562483,0.3487782960247526,0.5538167320684916,0.8266666666666667,0.4739143076207903,0.41694146052469794,60,A,none
qualification_r0_w60_b1024,8,4,G2,0.001,tcn,R0,G2__qualification_r0_w60_b1024__tcn__r0__w60__fold_4__seed_42,42,0.88873958613276,0.34258188263635037,0.5561947308821756,0.8373333333333334,0.44591397998068066,0.4229287691527935,60,A,none
qualification_r0_w60_b1024,9,4,G2,0.0005,tcn,R0,G2__qualification_r0_w60_b1024__tcn__r0__w60__fold_4__seed_42,42,0.8900833109379199,0.34083696138599295,0.5571231287297609,0.84,0.437383288330502,0.4248885458183021,60,A,none
qualification_r0_w60_b1024,10,4,G2,0.0005,tcn,R0,G2__qualification_r0_w60_b1024__tcn__r0__w60__fold_4__seed_42,42,0.8898145659768879,0.33892318757750983,0.5570149628694735,0.8391111111111111,0.43476091906759473,0.4242318385503549,60,A,none
qualification_r0_w60_b1024,11,4,G2,0.0005,tcn,R0,G2__qualification_r0_w60_b1024__tcn__r0__w60__fold_4__seed_42,42,0.8898145659768879,0.3357168303257482,0.5570082834065367,0.8346666666666667,0.4368682600392236,0.4209994016714597,60,A,none
qualification_r0_w60_b1024,12,4,G2,0.0005,tcn,R0,G2__qualification_r0_w60_b1024__tcn__r0__w60__fold_4__seed_42,42,0.88873958613276,0.33219083523724674,0.5559558857773667,0.8328888888888889,0.44005209011501734,0.41972950861584085,60,A,none
qualification_r0_w60_b1024,13,4,G2,0.00025,tcn,R0,G2__qualification_r0_w60_b1024__tcn__r0__w60__fold_4__seed_42,42,0.8903520558989519,0.3303349354884792,0.5578219126338578,0.8328888888888889,0.441130797651079,0.41972950861584085,60,A,none
qualification_r0_w60_b1024,14,4,G2,0.00025,tcn,R0,G2__qualification_r0_w60_b1024__tcn__r0__w60__fold_4__seed_42,42,0.889277076054824,0.3299409145791183,0.5566558764039548,0.832,0.4423662934568193,0.41909934979798247,60,A,none
qualification_r0_w60_b1024,15,4,G2,0.00025,tcn,R0,G2__qualification_r0_w60_b1024__tcn__r0__w60__fold_4__seed_42,42,0.889545821015856,0.32873401499922256,0.5568860215848649,0.8311111111111111,0.44306138865152994,0.41847233176230625,60,A,none
qualification_r0_w60_b1024,16,4,G2,0.00025,tcn,R0,G2__qualification_r0_w60_b1024__tcn__r0__w60__fold_4__seed_42,42,0.88873958613276,0.32667305105253436,0.5561917177393844,0.8311111111111111,0.4427123271359338,0.41847233176230625,60,A,none
qualification_r0_w60_b1024,17,4,G2,0.000125,tcn,R0,G2__qualification_r0_w60_b1024__tcn__r0__w60__fold_4__seed_42,42,0.889277076054824,0.3271466169072812,0.5566539831511638,0.8311111111111111,0.4423304116990831,0.41847233176230625,60,A,none
qualification_r0_w60_b1024,18,4,G2,0.000125,tcn,R0,G2__qualification_r0_w60_b1024__tcn__r0__w60__fold_4__seed_42,42,0.889545821015856,0.3268332498684201,0.5572445859641711,0.8311111111111111,0.44171529195043774,0.41847233176230625,60,A,none
qualification_r0_w60_b1024,19,4,G2,0.000125,tcn,R0,G2__qualification_r0_w60_b1024__tcn__r0__w60__fold_4__seed_42,42,0.889008331093792,0.3254607789893203,0.5565403464049591,0.8311111111111111,0.44071665472454497,0.41847233176230625,60,A,none
qualification_r0_w150_b1024,1,1,G2,0.001,transformer,R0,G2__qualification_r0_w150_b1024__transformer__r0__w150__fold_1__seed_42,42,0.7783715812637535,0.7132980122351864,0.31401545172982415,0.8242424242424242,0.49860300955834325,0.3094942382805512,150,A,none
qualification_r0_w150_b1024,2,1,G2,0.001,transformer,R0,G2__qualification_r0_w150_b1024__transformer__r0__w150__fold_1__seed_42,42,0.8698522477208425,0.3893948185372675,0.4459737821798148,0.8649350649350649,0.4052165243016693,0.30919220055710306,150,A,none
qualification_r0_w150_b1024,3,1,G2,0.001,transformer,R0,G2__qualification_r0_w150_b1024__transformer__r0__w150__fold_1__seed_42,42,0.8817981766740018,0.3161690553772641,0.31239558970932174,0.8649350649350649,0.38760539811927003,0.30919220055710306,150,A,none
qualification_r0_w150_b1024,4,1,G2,0.001,transformer,R0,G2__qualification_r0_w150_b1024__transformer__r0__w150__fold_1__seed_42,42,0.8874567745991826,0.2984279712128662,0.3695839418791896,0.8597402597402597,0.3794567290967677,0.3792126495409441,150,A,none
qualification_r0_w150_b1024,5,1,G2,0.001,transformer,R0,G2__qualification_r0_w150_b1024__transformer__r0__w150__fold_1__seed_42,42,0.8912291732159698,0.2903022467855836,0.484043491057599,0.8571428571428571,0.37811593666221155,0.41041757118105576,150,A,none
qualification_r0_w150_b1024,6,1,G2,0.001,transformer,R0,G2__qualification_r0_w150_b1024__transformer__r0__w150__fold_1__seed_42,42,0.8912291732159698,0.2878305147894146,0.48990864286572905,0.8536796536796537,0.37767754140354337,0.39609204536740766,150,A,none
qualification_r0_w150_b1024,7,1,G2,0.001,transformer,R0,G2__qualification_r0_w150_b1024__transformer__r0__w150__fold_1__seed_42,42,0.8915435397673688,0.28574367248386157,0.48666589749893435,0.8597402597402597,0.3760398960926316,0.3792126495409441,150,A,none
qualification_r0_w150_b1024,8,1,G2,0.001,transformer,R0,G2__qualification_r0_w150_b1024__transformer__r0__w150__fold_1__seed_42,42,0.890600440113172,0.2841545805096139,0.4790841527905942,0.8597402597402597,0.3741063762794841,0.3792126495409441,150,A,none
qualification_r0_w150_b1024,9,1,G2,0.001,transformer,R0,G2__qualification_r0_w150_b1024__transformer__r0__w150__fold_1__seed_42,42,0.8915435397673688,0.2831122820546364,0.48002271066061225,0.8606060606060606,0.3731531705691185,0.3822478905924192,150,A,none
qualification_r0_w150_b1024,10,1,G2,0.0005,transformer,R0,G2__qualification_r0_w150_b1024__transformer__r0__w150__fold_1__seed_42,42,0.8912291732159698,0.2818248354200671,0.4831005186954056,0.8588744588744589,0.37419296174725414,0.3811905807979106,150,A,none
qualification_r0_w150_b1024,11,1,G2,0.0005,transformer,R0,G2__qualification_r0_w150_b1024__transformer__r0__w150__fold_1__seed_42,42,0.8924866394215656,0.2814237610025625,0.48483223586294,0.8588744588744589,0.3762361076100048,0.3811905807979106,150,A,none
qualification_r0_w150_b1024,12,1,G2,0.0005,transformer,R0,G2__qualification_r0_w150_b1024__transformer__r0__w150__fold_1__seed_42,42,0.8915435397673688,0.28073461610953865,0.4838870384567457,0.8554112554112554,0.3777364360499176,0.3791145181946056,150,A,none
qualification_r0_w150_b1024,13,1,G2,0.0005,transformer,R0,G2__qualification_r0_w150_b1024__transformer__r0__w150__fold_1__seed_42,42,0.8928010059729645,0.2801346838268159,0.4860859077952222,0.8528138528138528,0.3769683703844681,0.3775897173911434,150,A,none
qualification_r0_w150_b1024,14,1,G2,0.00025,transformer,R0,G2__qualification_r0_w150_b1024__transformer__r0__w150__fold_1__seed_42,42,0.8918579063187677,0.27981659482856547,0.48652381735009725,0.8493506493506493,0.376985412900582,0.3779537456008044,150,A,none
qualification_r0_w150_b1024,15,1,G2,0.00025,transformer,R0,G2__qualification_r0_w150_b1024__transformer__r0__w150__fold_1__seed_42,42,0.8928010059729645,0.27938674908413597,0.48792691998445914,0.8502164502164502,0.37763140755040303,0.3807770396174804,150,A,none
qualification_r0_w150_b1024,16,1,G2,0.00025,transformer,R0,G2__qualification_r0_w150_b1024__transformer__r0__w150__fold_1__seed_42,42,0.8928010059729645,0.2789354991215799,0.4883803776867756,0.8502164502164502,0.37880333619458334,0.3807770396174804,150,A,none
qualification_r0_w150_b1024,17,1,G2,0.00025,transformer,R0,G2__qualification_r0_w150_b1024__transformer__r0__w150__fold_1__seed_42,42,0.8940584721785602,0.2784810551857656,0.4905511623212931,0.8493506493506493,0.3807538452215525,0.3802673385241779,150,A,none
qualification_r0_w150_b1024,18,1,G2,0.000125,transformer,R0,G2__qualification_r0_w150_b1024__transformer__r0__w150__fold_1__seed_42,42,0.8934297390757623,0.27827223859954575,0.4890150875252339,0.8502164502164502,0.3817489032169957,0.3807770396174804,150,A,none
qualification_r0_w150_b1024,19,1,G2,0.000125,transformer,R0,G2__qualification_r0_w150_b1024__transformer__r0__w150__fold_1__seed_42,42,0.8931153725243635,0.27800553346609624,0.489148108872393,0.8502164502164502,0.3824950513063055,0.3807770396174804,150,A,none
qualification_r0_w150_b1024,20,1,G2,0.000125,transformer,R0,G2__qualification_r0_w150_b1024__transformer__r0__w150__fold_1__seed_42,42,0.8931153725243635,0.27827934264031196,0.4877878547593088,0.8493506493506493,0.38293229758868486,0.3779537456008044,150,A,none
qualification_r0_w150_b1024,1,2,G2,0.001,transformer,R0,G2__qualification_r0_w150_b1024__transformer__r0__w150__fold_2__seed_42,42,0.6851851851851852,0.8177810979422616,0.3419132964449266,0.8620689655172413,0.49870374099961645,0.3105107902499612,150,A,none
qualification_r0_w150_b1024,2,2,G2,0.001,transformer,R0,G2__qualification_r0_w150_b1024__transformer__r0__w150__fold_2__seed_42,42,0.7833682739343116,0.5363305864594018,0.4403861967677427,0.9008620689655172,0.37315316046106406,0.3699900156896305,150,A,none
qualification_r0_w150_b1024,3,2,G2,0.001,transformer,R0,G2__qualification_r0_w150_b1024__transformer__r0__w150__fold_2__seed_42,42,0.822501747030049,0.4478866393586125,0.47403958361067255,0.8870689655172413,0.3429383369355366,0.36910802823043004,150,A,none
qualification_r0_w150_b1024,4,2,G2,0.001,transformer,R0,G2__qualification_r0_w150_b1024__transformer__r0__w150__fold_2__seed_42,42,0.8361285814116003,0.42119269588458463,0.4986136383509107,0.875,0.34624155040445,0.37215000405184456,150,A,none
qualification_r0_w150_b1024,5,2,G2,0.001,transformer,R0,G2__qualification_r0_w150_b1024__transformer__r0__w150__fold_2__seed_42,42,0.8389238294898672,0.4141438392223302,0.5053284281123617,0.8637931034482759,0.3576837204653641,0.37154692286271235,150,A,none
qualification_r0_w150_b1024,6,2,G2,0.001,transformer,R0,G2__qualification_r0_w150_b1024__transformer__r0__w150__fold_2__seed_42,42,0.8410202655485675,0.411281859204121,0.5097907879407294,0.8612068965517241,0.36025035432700453,0.3757669884635522,150,A,none
qualification_r0_w150_b1024,7,2,G2,0.001,transformer,R0,G2__qualification_r0_w150_b1024__transformer__r0__w150__fold_2__seed_42,42,0.8406708595387841,0.40696793919589286,0.509735647144005,0.8612068965517241,0.35541326660534434,0.3757669884635522,150,A,none
qualification_r0_w150_b1024,8,2,G2,0.001,transformer,R0,G2__qualification_r0_w150_b1024__transformer__r0__w150__fold_2__seed_42,42,0.8410202655485675,0.4016859038862459,0.5097907879407294,0.8620689655172413,0.35289603985589124,0.3763001699215253,150,A,none
qualification_r0_w150_b1024,9,2,G2,0.001,transformer,R0,G2__qualification_r0_w150_b1024__transformer__r0__w150__fold_2__seed_42,42,0.8420684835779175,0.39666509584560833,0.5107213362493283,0.8620689655172413,0.35572638614424346,0.3763001699215253,150,A,none
qualification_r0_w150_b1024,10,2,G2,0.001,transformer,R0,G2__qualification_r0_w150_b1024__transformer__r0__w150__fold_2__seed_42,42,0.8427672955974843,0.39120956909648197,0.512106705457089,0.8525862068965517,0.36375210285186765,0.37062971254431504,150,A,none
qualification_r0_w150_b1024,11,2,G2,0.001,transformer,R0,G2__qualification_r0_w150_b1024__transformer__r0__w150__fold_2__seed_42,42,0.8469601677148847,0.3850943572991049,0.5181355008767268,0.8551724137931035,0.3734226617319831,0.396932937007382,150,A,none
qualification_r0_w150_b1024,12,2,G2,0.001,transformer,R0,G2__qualification_r0_w150_b1024__transformer__r0__w150__fold_2__seed_42,42,0.8490566037735849,0.3792330579354495,0.5224012486075762,0.8568965517241379,0.37617523012490106,0.40471738144360064,150,A,none
qualification_r0_w150_b1024,13,2,G2,0.001,transformer,R0,G2__qualification_r0_w150_b1024__transformer__r0__w150__fold_2__seed_42,42,0.8508036338225018,0.37159834447063655,0.524822254785836,0.8568965517241379,0.3739833965383727,0.4025623775464438,150,A,none
qualification_r0_w150_b1024,14,2,G2,0.001,transformer,R0,G2__qualification_r0_w150_b1024__transformer__r0__w150__fold_2__seed_42,42,0.8535988819007687,0.3654846921615214,0.5906032026721681,0.8568965517241379,0.377578564347892,0.40471738144360064,150,A,none
qualification_r0_w150_b1024,15,2,G2,0.001,transformer,R0,G2__qualification_r0_w150_b1024__transformer__r0__w150__fold_2__seed_42,42,0.8570929419986024,0.3613035149252723,0.6519670678542041,0.853448275862069,0.38355440641271654,0.4084289248762933,150,A,none
qualification_r0_w150_b1024,16,2,G2,0.001,transformer,R0,G2__qualification_r0_w150_b1024__transformer__r0__w150__fold_2__seed_42,42,0.8574423480083857,0.3565920818151918,0.6784717044400689,0.8525862068965517,0.38981819204215346,0.40780859121470475,150,A,none
qualification_r0_w150_b1024,17,2,G2,0.001,transformer,R0,G2__qualification_r0_w150_b1024__transformer__r0__w150__fold_2__seed_42,42,0.8598881900768693,0.3532905409504366,0.7117390697854504,0.8525862068965517,0.39119573143021813,0.41023773139910547,150,A,none
qualification_r0_w150_b1024,18,2,G2,0.001,transformer,R0,G2__qualification_r0_w150_b1024__transformer__r0__w150__fold_2__seed_42,42,0.8574423480083857,0.350596953487996,0.7102557128725272,0.8517241379310345,0.38699456514983344,0.4085327159996552,150,A,none
qualification_r0_w150_b1024,19,2,G2,0.001,transformer,R0,G2__qualification_r0_w150_b1024__transformer__r0__w150__fold_2__seed_42,42,0.8588399720475192,0.3470696325613684,0.7114805370580695,0.8525862068965517,0.38809378979534936,0.4071331319649436,150,A,none
qualification_r0_w150_b1024,20,2,G2,0.001,transformer,R0,G2__qualification_r0_w150_b1024__transformer__r0__w150__fold_2__seed_42,42,0.8588399720475192,0.34304662787106216,0.7133057915603289,0.8517241379310345,0.3901699324106348,0.4085327159996552,150,A,none
qualification_r0_w150_b1024,21,2,G2,0.001,transformer,R0,G2__qualification_r0_w150_b1024__transformer__r0__w150__fold_2__seed_42,42,0.8577917540181691,0.34047357016389473,0.7114238004989056,0.85,0.3899268586060097,0.40728727566448747,150,A,none
qualification_r0_w150_b1024,22,2,G2,0.0005,transformer,R0,G2__qualification_r0_w150_b1024__transformer__r0__w150__fold_2__seed_42,42,0.856743535988819,0.3379056521598315,0.7099835432834007,0.8491379310344828,0.3917657529485637,0.4046631584578522,150,A,none
qualification_r0_w150_b1024,23,2,G2,0.0005,transformer,R0,G2__qualification_r0_w150_b1024__transformer__r0__w150__fold_2__seed_42,42,0.8588399720475192,0.336264842169673,0.7183300841873885,0.8456896551724138,0.39403903597387774,0.4042378745420754,150,A,none
qualification_r0_w150_b1024,24,2,G2,0.0005,transformer,R0,G2__qualification_r0_w150_b1024__transformer__r0__w150__fold_2__seed_42,42,0.8581411600279525,0.3353888161485633,0.7209624268505769,0.8405172413793104,0.4012502610683441,0.40069276298089856,150,A,none
qualification_r0_w150_b1024,25,2,G2,0.0005,transformer,R0,G2__qualification_r0_w150_b1024__transformer__r0__w150__fold_2__seed_42,42,0.859538784067086,0.3331722120235718,0.725464405815325,0.8396551724137931,0.40495438370211373,0.4020308701847661,150,A,none
qualification_r0_w150_b1024,26,2,G2,0.00025,transformer,R0,G2__qualification_r0_w150_b1024__transformer__r0__w150__fold_2__seed_42,42,0.8574423480083857,0.3324647832383316,0.7168064879960436,0.8405172413793104,0.40295085208169346,0.4010995505215773,150,A,none
qualification_r0_w150_b1024,27,2,G2,0.00025,transformer,R0,G2__qualification_r0_w150_b1024__transformer__r0__w150__fold_2__seed_42,42,0.8591893780573026,0.33158662963130103,0.7251477460444185,0.8413793103448276,0.40235532614691505,0.40168555321450944,150,A,none
qualification_r0_w150_b1024,28,2,G2,0.00025,transformer,R0,G2__qualification_r0_w150_b1024__transformer__r0__w150__fold_2__seed_42,42,0.8609364081062194,0.3302524979925922,0.728374337570275,0.8413793103448276,0.40313286627161093,0.40209922079124477,150,A,none
qualification_r0_w150_b1024,29,2,G2,0.00025,transformer,R0,G2__qualification_r0_w150_b1024__transformer__r0__w150__fold_2__seed_42,42,0.860587002096436,0.3298324419434132,0.7285340578498416,0.8396551724137931,0.40454350154975366,0.3989635965324325,150,A,none
qualification_r0_w150_b1024,30,2,G2,0.000125,transformer,R0,G2__qualification_r0_w150_b1024__transformer__r0__w150__fold_2__seed_42,42,0.860587002096436,0.3291081501877783,0.7207220075659247,0.8396551724137931,0.40503622889518737,0.3989635965324325,150,A,none
qualification_r0_w150_b1024,1,3,G2,0.001,transformer,R0,G2__qualification_r0_w150_b1024__transformer__r0__w150__fold_3__seed_42,42,0.7129714811407544,0.7707640820578979,0.3455694157950375,0.808,0.5782246089378993,0.35869568145149344,150,A,none
qualification_r0_w150_b1024,2,3,G2,0.001,transformer,R0,G2__qualification_r0_w150_b1024__transformer__r0__w150__fold_3__seed_42,42,0.8656853725850966,0.45945609248294966,0.5469269273807847,0.8142222222222222,0.49584673368930815,0.38323634733056666,150,A,none
qualification_r0_w150_b1024,3,3,G2,0.001,transformer,R0,G2__qualification_r0_w150_b1024__transformer__r0__w150__fold_3__seed_42,42,0.8721251149954001,0.3854414101156564,0.5367168343685947,0.8,0.5087802194025781,0.39020915706836284,150,A,none
qualification_r0_w150_b1024,4,3,G2,0.001,transformer,R0,G2__qualification_r0_w150_b1024__transformer__r0__w150__fold_3__seed_42,42,0.8739650413983441,0.3711854893438877,0.541101825676502,0.7875555555555556,0.5323309464454651,0.38765198888309876,150,A,none
qualification_r0_w150_b1024,5,3,G2,0.001,transformer,R0,G2__qualification_r0_w150_b1024__transformer__r0__w150__fold_3__seed_42,42,0.8736583869978534,0.36892528064738606,0.5416382758109909,0.7866666666666666,0.5323600532677438,0.38571055381400204,150,A,none
qualification_r0_w150_b1024,6,3,G2,0.001,transformer,R0,G2__qualification_r0_w150_b1024__transformer__r0__w150__fold_3__seed_42,42,0.8742716957988347,0.36542975945510736,0.54196836515227,0.7893333333333333,0.5212301973369386,0.3857126313177269,150,A,none
qualification_r0_w150_b1024,7,3,G2,0.001,transformer,R0,G2__qualification_r0_w150_b1024__transformer__r0__w150__fold_3__seed_42,42,0.8745783501993254,0.3612106958440168,0.5414565956174339,0.7946666666666666,0.5066424967977736,0.3886957165051417,150,A,none
qualification_r0_w150_b1024,8,3,G2,0.0005,transformer,R0,G2__qualification_r0_w150_b1024__transformer__r0__w150__fold_3__seed_42,42,0.874885004599816,0.3568407312030991,0.5415597167021017,0.7902222222222223,0.5087030979163117,0.38620547034747865,150,A,none
qualification_r0_w150_b1024,9,3,G2,0.0005,transformer,R0,G2__qualification_r0_w150_b1024__transformer__r0__w150__fold_3__seed_42,42,0.8751916590003067,0.3528531386657786,0.5424290698294216,0.7857777777777778,0.5186513671974341,0.3866656730506495,150,A,none
qualification_r0_w150_b1024,10,3,G2,0.0005,transformer,R0,G2__qualification_r0_w150_b1024__transformer__r0__w150__fold_3__seed_42,42,0.8767249310027599,0.3488602861784894,0.5455527245781524,0.7822222222222223,0.5239701606267029,0.38612674588284346,150,A,none
qualification_r0_w150_b1024,11,3,G2,0.0005,transformer,R0,G2__qualification_r0_w150_b1024__transformer__r0__w150__fold_3__seed_42,42,0.8776448942042319,0.34468058471809826,0.5468628854695917,0.784,0.521478298717075,0.3856858889641019,150,A,none
qualification_r0_w150_b1024,12,3,G2,0.00025,transformer,R0,G2__qualification_r0_w150_b1024__transformer__r0__w150__fold_3__seed_42,42,0.8773382398037411,0.34105265283102054,0.5463346485219459,0.7857777777777778,0.5208528103695975,0.3866656730506495,150,A,none
qualification_r0_w150_b1024,13,3,G2,0.00025,transformer,R0,G2__qualification_r0_w150_b1024__transformer__r0__w150__fold_3__seed_42,42,0.8770315854032505,0.3379283570614522,0.5458042583646449,0.7857777777777778,0.5211963975694445,0.3866656730506495,150,A,none
qualification_r0_w150_b1024,14,3,G2,0.00025,transformer,R0,G2__qualification_r0_w150_b1024__transformer__r0__w150__fold_3__seed_42,42,0.8797914750076664,0.33565118081801437,0.5616545955563562,0.7857777777777778,0.5225966253942913,0.3866656730506495,150,A,none
qualification_r0_w150_b1024,15,3,G2,0.00025,transformer,R0,G2__qualification_r0_w150_b1024__transformer__r0__w150__fold_3__seed_42,42,0.8825513646120822,0.3334966928671562,0.6582163432531559,0.784,0.5249018826451567,0.38710598135456786,150,A,none
qualification_r0_w150_b1024,16,3,G2,0.000125,transformer,R0,G2__qualification_r0_w150_b1024__transformer__r0__w150__fold_3__seed_42,42,0.8831646734130635,0.331298210629288,0.6906883174687367,0.784,0.5241508790022797,0.38710598135456786,150,A,none
qualification_r0_w150_b1024,17,3,G2,0.000125,transformer,R0,G2__qualification_r0_w150_b1024__transformer__r0__w150__fold_3__seed_42,42,0.8831646734130635,0.33040732444155185,0.6945432064315303,0.7866666666666666,0.5218840331170294,0.38715800575409004,150,A,none
qualification_r0_w150_b1024,18,3,G2,0.000125,transformer,R0,G2__qualification_r0_w150_b1024__transformer__r0__w150__fold_3__seed_42,42,0.8837779822140448,0.32940797362909546,0.7021058254383612,0.7866666666666666,0.5212986652652423,0.38715800575409004,150,A,none
qualification_r0_w150_b1024,1,4,G2,0.001,transformer,R0,G2__qualification_r0_w150_b1024__transformer__r0__w150__fold_4__seed_42,42,0.7396144447461309,0.7155637062181768,0.3554570487593443,0.8398190045248869,0.49151318512890674,0.3712341566409753,150,A,none
qualification_r0_w150_b1024,2,4,G2,0.001,transformer,R0,G2__qualification_r0_w150_b1024__transformer__r0__w150__fold_4__seed_42,42,0.8685853923431984,0.42011594912328054,0.5440007135113332,0.865158371040724,0.3967439260013503,0.4189818837475881,150,A,none
qualification_r0_w150_b1024,3,4,G2,0.001,transformer,R0,G2__qualification_r0_w150_b1024__transformer__r0__w150__fold_4__seed_42,42,0.8881346728210697,0.34877615476023593,0.5497856340182619,0.8552036199095022,0.40292383285399475,0.42321963962359366,150,A,none
qualification_r0_w150_b1024,4,4,G2,0.001,transformer,R0,G2__qualification_r0_w150_b1024__transformer__r0__w150__fold_4__seed_42,42,0.8903068150963888,0.3322796584259968,0.5544121302510564,0.8452488687782805,0.42864976393151605,0.4228759811052292,150,A,none
qualification_r0_w150_b1024,5,4,G2,0.001,transformer,R0,G2__qualification_r0_w150_b1024__transformer__r0__w150__fold_4__seed_42,42,0.8881346728210697,0.329568681997221,0.553413145972039,0.8443438914027149,0.43637706329919634,0.4239014373716632,150,A,none
qualification_r0_w150_b1024,6,4,G2,0.001,transformer,R0,G2__qualification_r0_w150_b1024__transformer__r0__w150__fold_4__seed_42,42,0.8894922617431442,0.3245637989419652,0.5554645709925039,0.8443438914027149,0.4283377393068771,0.4239014373716632,150,A,none
qualification_r0_w150_b1024,7,4,G2,0.001,transformer,R0,G2__qualification_r0_w150_b1024__transformer__r0__w150__fold_4__seed_42,42,0.892207439587293,0.3189756304891479,0.5580944204808641,0.8443438914027149,0.4174985307643856,0.4222111938240971,150,A,none
qualification_r0_w150_b1024,8,4,G2,0.001,transformer,R0,G2__qualification_r0_w150_b1024__transformer__r0__w150__fold_4__seed_42,42,0.8924789573717078,0.3127255840952747,0.5588235511299654,0.8389140271493213,0.4222678343904504,0.4199681385169927,150,A,none
qualification_r0_w150_b1024,9,4,G2,0.001,transformer,R0,G2__qualification_r0_w150_b1024__transformer__r0__w150__fold_4__seed_42,42,0.8949226174314417,0.30643892026031727,0.5624766804004223,0.8352941176470589,0.4310351892159535,0.41741419914794525,150,A,none
qualification_r0_w150_b1024,10,4,G2,0.0005,transformer,R0,G2__qualification_r0_w150_b1024__transformer__r0__w150__fold_4__seed_42,42,0.8941080640781971,0.3004983101822001,0.5624282809857225,0.8334841628959276,0.43650261351156017,0.4177817471509302,150,A,none
qualification_r0_w150_b1024,11,4,G2,0.0005,transformer,R0,G2__qualification_r0_w150_b1024__transformer__r0__w150__fold_4__seed_42,42,0.8946510996470268,0.29716832627914797,0.5632359150518669,0.8334841628959276,0.43939045991293446,0.4177817471509302,150,A,none
qualification_r0_w150_b1024,12,4,G2,0.0005,transformer,R0,G2__qualification_r0_w150_b1024__transformer__r0__w150__fold_4__seed_42,42,0.896551724137931,0.29428810377241377,0.6292945059669065,0.8343891402714932,0.4388478276551579,0.4184120808402354,150,A,none
qualification_r0_w150_b1024,13,4,G2,0.0005,transformer,R0,G2__qualification_r0_w150_b1024__transformer__r0__w150__fold_4__seed_42,42,0.8987238664132501,0.29145250144355683,0.6841199051905114,0.8352941176470589,0.43910021153510426,0.419045591235043,150,A,none
qualification_r0_w150_b1024,14,4,G2,0.00025,transformer,R0,G2__qualification_r0_w150_b1024__transformer__r0__w150__fold_4__seed_42,42,0.8998099375509095,0.28868370845270586,0.690626718826786,0.8352941176470589,0.441281086260377,0.419045591235043,150,A,none
qualification_r0_w150_b1024,15,4,G2,0.00025,transformer,R0,G2__qualification_r0_w150_b1024__transformer__r0__w150__fold_4__seed_42,42,0.8989953841976649,0.2876998132705171,0.7043561634729496,0.8343891402714932,0.44206692084198085,0.4184120808402354,150,A,none
qualification_r0_w150_b1024,16,4,G2,0.00025,transformer,R0,G2__qualification_r0_w150_b1024__transformer__r0__w150__fold_4__seed_42,42,0.8992669019820798,0.28666235186501493,0.7089815731148873,0.8343891402714932,0.4418070663558951,0.4184120808402354,150,A,none
qualification_r0_w150_b1024,17,4,G2,0.00025,transformer,R0,G2__qualification_r0_w150_b1024__transformer__r0__w150__fold_4__seed_42,42,0.8995384197664947,0.2855213878758731,0.7177662780205024,0.8352941176470589,0.44093277212990895,0.419045591235043,150,A,none
qualification_r0_w150_b1024,18,4,G2,0.000125,transformer,R0,G2__qualification_r0_w150_b1024__transformer__r0__w150__fold_4__seed_42,42,0.9014390442573988,0.2844682488627904,0.7446823874947363,0.8352941176470589,0.4402928970653007,0.419045591235043,150,A,none
g4_b_class_weights_w150,1,1,G4,0.001,transformer,R0,G4__g4_b_class_weights_w150__transformer__r0__w150__fold_1__seed_42,42,0.7431625275070732,0.9956504106521606,0.31234223362808006,0.6909090909090909,1.0318594991386711,0.2990271193115767,150,B,class_weights
g4_b_class_weights_w150,2,1,G4,0.001,transformer,R0,G4__g4_b_class_weights_w150__transformer__r0__w150__fold_1__seed_42,42,0.7972335743476894,0.8421727302913132,0.4379576439805888,0.6909090909090909,1.0301736659301823,0.39102835378755824,150,B,class_weights
g4_b_class_weights_w150,3,1,G4,0.001,transformer,R0,G4__g4_b_class_weights_w150__transformer__r0__w150__fold_1__seed_42,42,0.8292989625903804,0.7641545362121764,0.521269752087183,0.6874458874458874,1.0735850283593842,0.4054126687988628,150,B,class_weights
g4_b_class_weights_w150,4,1,G4,0.001,transformer,R0,G4__g4_b_class_weights_w150__transformer__r0__w150__fold_1__seed_42,42,0.821754165356806,0.7064867575226321,0.5208732679310994,0.6718614718614718,1.1528228314407976,0.3935033276859179,150,B,class_weights
g4_b_class_weights_w150,5,1,G4,0.001,transformer,R0,G4__g4_b_class_weights_w150__transformer__r0__w150__fold_1__seed_42,42,0.8135806350204339,0.6599059113913532,0.5160849957162924,0.6874458874458874,1.1638858697631143,0.40166850404082055,150,B,class_weights
g4_b_class_weights_w150,6,1,G4,0.001,transformer,R0,G4__g4_b_class_weights_w150__transformer__r0__w150__fold_1__seed_42,42,0.8330713612071675,0.60705167643494,0.5407720758026772,0.6995670995670996,1.0934021727863328,0.4078324298153013,150,B,class_weights
g4_b_class_weights_w150,7,1,G4,0.001,transformer,R0,G4__g4_b_class_weights_w150__transformer__r0__w150__fold_1__seed_42,42,0.8371581263753537,0.5581710478375821,0.553137595858399,0.6926406926406926,1.0934517409894373,0.40593925910944817,150,B,class_weights
g4_b_class_weights_w150,8,1,G4,0.001,transformer,R0,G4__g4_b_class_weights_w150__transformer__r0__w150__fold_1__seed_42,42,0.8314995284501729,0.5064171026503279,0.5439209959524428,0.6822510822510822,1.146296351761013,0.3983925133310265,150,B,class_weights
g4_b_class_weights_w150,9,1,G4,0.001,transformer,R0,G4__g4_b_class_weights_w150__transformer__r0__w150__fold_1__seed_42,42,0.8267840301791889,0.4776535854891238,0.5347138200196703,0.6822510822510822,1.2102516840030622,0.3975446428571428,150,B,class_weights
g4_b_class_weights_w150,10,1,G4,0.001,transformer,R0,G4__g4_b_class_weights_w150__transformer__r0__w150__fold_1__seed_42,42,0.8289845960389814,0.4586360220244305,0.534471761027148,0.6961038961038961,1.178251496847574,0.4053122280133161,150,B,class_weights
g4_b_class_weights_w150,11,1,G4,0.0005,transformer,R0,G4__g4_b_class_weights_w150__transformer__r0__w150__fold_1__seed_42,42,0.8365293932725558,0.4489538515936987,0.5432668637760605,0.7004329004329004,1.1733423581371059,0.4076600539611139,150,B,class_weights
g4_b_class_weights_w150,12,1,G4,0.0005,transformer,R0,G4__g4_b_class_weights_w150__transformer__r0__w150__fold_1__seed_42,42,0.840301791889343,0.4415136433292282,0.5487509676340551,0.6995670995670996,1.1608024289081622,0.40833574242787174,150,B,class_weights
g4_b_class_weights_w150,13,1,G4,0.0005,transformer,R0,G4__g4_b_class_weights_w150__transformer__r0__w150__fold_1__seed_42,42,0.8418736246463376,0.42845549785052783,0.5551716246556346,0.6917748917748918,1.1502961270736924,0.4032090509809518,150,B,class_weights
g4_b_class_weights_w150,14,1,G4,0.0005,transformer,R0,G4__g4_b_class_weights_w150__transformer__r0__w150__fold_1__seed_42,42,0.835900660169758,0.42231958619231363,0.5544431041858701,0.6891774891774892,1.1561439865595335,0.4006488863274955,150,B,class_weights
g4_b_class_weights_w150,15,1,G4,0.0005,transformer,R0,G4__g4_b_class_weights_w150__transformer__r0__w150__fold_1__seed_42,42,0.8352719270669601,0.41141533420656284,0.5560051235757838,0.6891774891774892,1.1677346422042683,0.3983579718209899,150,B,class_weights
g4_b_class_weights_w150,16,1,G4,0.0005,transformer,R0,G4__g4_b_class_weights_w150__transformer__r0__w150__fold_1__seed_42,42,0.8368437598239548,0.4081271071829012,0.5565054977284717,0.6943722943722944,1.190085772879712,0.401916032867184,150,B,class_weights
g4_b_class_weights_w150,17,1,G4,0.00025,transformer,R0,G4__g4_b_class_weights_w150__transformer__r0__w150__fold_1__seed_42,42,0.8384155925809493,0.40342781165979524,0.5572711895088576,0.6978354978354978,1.1985927629264401,0.4029570393019662,150,B,class_weights
g4_b_class_weights_w150,18,1,G4,0.00025,transformer,R0,G4__g4_b_class_weights_w150__transformer__r0__w150__fold_1__seed_42,42,0.8390443256837472,0.4101093188841663,0.55754288019443,0.7047619047619048,1.2004094309621043,0.4096385145425658,150,B,class_weights
g4_b_class_weights_w150,19,1,G4,0.00025,transformer,R0,G4__g4_b_class_weights_w150__transformer__r0__w150__fold_1__seed_42,42,0.839987425337944,0.38708851403764344,0.5597156603640087,0.7134199134199134,1.1832663203730727,0.4123478761661654,150,B,class_weights
g4_b_class_weights_w150,20,1,G4,0.00025,transformer,R0,G4__g4_b_class_weights_w150__transformer__r0__w150__fold_1__seed_42,42,0.8425023577491355,0.3879914648575589,0.5641925167892549,0.7168831168831169,1.177272716280702,0.41320310829115275,150,B,class_weights
g4_b_class_weights_w150,21,1,G4,0.00025,transformer,R0,G4__g4_b_class_weights_w150__transformer__r0__w150__fold_1__seed_42,42,0.8412448915435398,0.3844847483703904,0.5647066032097642,0.7186147186147186,1.1624236817999836,0.41470533295974593,150,B,class_weights
g4_b_class_weights_w150,22,1,G4,0.00025,transformer,R0,G4__g4_b_class_weights_w150__transformer__r0__w150__fold_1__seed_42,42,0.8418736246463376,0.3939384438404307,0.5724656354460134,0.7177489177489178,1.1549105993597022,0.4146123210324662,150,B,class_weights
g4_b_class_weights_w150,23,1,G4,0.00025,transformer,R0,G4__g4_b_class_weights_w150__transformer__r0__w150__fold_1__seed_42,42,0.8412448915435398,0.3848968960136334,0.5743298718809976,0.716017316017316,1.1730935830574531,0.4130264005626609,150,B,class_weights
g4_b_class_weights_w150,24,1,G4,0.00025,transformer,R0,G4__g4_b_class_weights_w150__transformer__r0__w150__fold_1__seed_42,42,0.8371581263753537,0.37585049883557053,0.5713638740610079,0.7134199134199134,1.179837252928581,0.41121390612319697,150,B,class_weights
g4_b_class_weights_w150,25,1,G4,0.00025,transformer,R0,G4__g4_b_class_weights_w150__transformer__r0__w150__fold_1__seed_42,42,0.8371581263753537,0.36924018124595676,0.5706999948088316,0.7134199134199134,1.1815777426158196,0.41044550785479866,150,B,class_weights
g4_b_class_weights_w150,26,1,G4,0.000125,transformer,R0,G4__g4_b_class_weights_w150__transformer__r0__w150__fold_1__seed_42,42,0.8365293932725558,0.36450362389134894,0.5732473501291074,0.7151515151515152,1.177077407341499,0.40936370722758,150,B,class_weights
g4_b_class_weights_w150,27,1,G4,0.000125,transformer,R0,G4__g4_b_class_weights_w150__transformer__r0__w150__fold_1__seed_42,42,0.8362150267211569,0.36645430375179827,0.5736829045385322,0.7168831168831169,1.175254810475684,0.41107288140283554,150,B,class_weights
g4_b_class_weights_w150,28,1,G4,0.000125,transformer,R0,G4__g4_b_class_weights_w150__transformer__r0__w150__fold_1__seed_42,42,0.8377868594781516,0.3650037121403633,0.5793573074591506,0.7177489177489178,1.1707263661669447,0.4118042850754157,150,B,class_weights
g4_b_class_weights_w150,29,1,G4,0.000125,transformer,R0,G4__g4_b_class_weights_w150__transformer__r0__w150__fold_1__seed_42,42,0.8381012260295505,0.36051817228493543,0.5805345878083564,0.7168831168831169,1.1749487340708316,0.4103238352662751,150,B,class_weights
g4_b_class_weights_w150,30,1,G4,6.25e-05,transformer,R0,G4__g4_b_class_weights_w150__transformer__r0__w150__fold_1__seed_42,42,0.8371581263753537,0.3594226794436232,0.5785646363263691,0.7177489177489178,1.1754985319071518,0.4118042850754157,150,B,class_weights
g4_b_class_weights_w150,31,1,G4,6.25e-05,transformer,R0,G4__g4_b_class_weights_w150__transformer__r0__w150__fold_1__seed_42,42,0.8381012260295505,0.357040926481485,0.5827685706255202,0.7168831168831169,1.17651112946597,0.4115900909146379,150,B,class_weights
g4_b_class_weights_w150,32,1,G4,6.25e-05,transformer,R0,G4__g4_b_class_weights_w150__transformer__r0__w150__fold_1__seed_42,42,0.835900660169758,0.35600736473049616,0.5790165702324365,0.7177489177489178,1.1764224507075884,0.41268483206462764,150,B,class_weights
g4_b_class_weights_w150,33,1,G4,6.25e-05,transformer,R0,G4__g4_b_class_weights_w150__transformer__r0__w150__fold_1__seed_42,42,0.8368437598239548,0.35449284746076504,0.5811887963528267,0.7177489177489178,1.1774715294053544,0.41268483206462764,150,B,class_weights
g4_b_class_weights_w150,34,1,G4,3.125e-05,transformer,R0,G4__g4_b_class_weights_w150__transformer__r0__w150__fold_1__seed_42,42,0.8377868594781516,0.360709980200462,0.5811014748618265,0.7186147186147186,1.1785187802273474,0.41327653294655553,150,B,class_weights
g4_b_class_weights_w150,35,1,G4,3.125e-05,transformer,R0,G4__g4_b_class_weights_w150__transformer__r0__w150__fold_1__seed_42,42,0.8371581263753537,0.35661680577161814,0.5798951048951049,0.7186147186147186,1.1781626182201104,0.41327653294655553,150,B,class_weights
g4_b_class_weights_w150,36,1,G4,3.125e-05,transformer,R0,G4__g4_b_class_weights_w150__transformer__r0__w150__fold_1__seed_42,42,0.8374724929267526,0.360285619797852,0.5818158001333279,0.7186147186147186,1.1791554551619987,0.41327653294655553,150,B,class_weights
g4_b_class_weights_w150,1,2,G4,0.001,transformer,R0,G4__g4_b_class_weights_w150__transformer__r0__w150__fold_2__seed_42,42,0.6795946890286513,0.9565375095310118,0.35870490858973286,0.743103448275862,0.9701196016936466,0.28965053763440857,150,B,class_weights
g4_b_class_weights_w150,2,2,G4,0.001,transformer,R0,G4__g4_b_class_weights_w150__transformer__r0__w150__fold_2__seed_42,42,0.7484276729559748,0.8227844762685497,0.49833817340492476,0.7258620689655172,0.9899587672332237,0.3517997529200359,150,B,class_weights
g4_b_class_weights_w150,3,2,G4,0.001,transformer,R0,G4__g4_b_class_weights_w150__transformer__r0__w150__fold_2__seed_42,42,0.8088749126484975,0.7541459907109216,0.6781205416764825,0.6844827586206896,1.0126691115313562,0.34632327576346983,150,B,class_weights
g4_b_class_weights_w150,4,2,G4,0.001,transformer,R0,G4__g4_b_class_weights_w150__transformer__r0__w150__fold_2__seed_42,42,0.7962962962962963,0.7150880427397189,0.6331575134165068,0.6931034482758621,1.0496220880541307,0.34782217075210703,150,B,class_weights
g4_b_class_weights_w150,5,2,G4,0.001,transformer,R0,G4__g4_b_class_weights_w150__transformer__r0__w150__fold_2__seed_42,42,0.8109713487071978,0.670424327785364,0.6536615183061353,0.721551724137931,1.1294702361369955,0.3561213932340807,150,B,class_weights
g4_b_class_weights_w150,6,2,G4,0.001,transformer,R0,G4__g4_b_class_weights_w150__transformer__r0__w150__fold_2__seed_42,42,0.826345213137666,0.6412090390899813,0.6961144103520218,0.7396551724137931,1.2218461620396581,0.36037836164034615,150,B,class_weights
g4_b_class_weights_w150,7,2,G4,0.001,transformer,R0,G4__g4_b_class_weights_w150__transformer__r0__w150__fold_2__seed_42,42,0.8298392732354997,0.6043196857433732,0.6998716095538882,0.728448275862069,1.2807083931462517,0.3570505393315148,150,B,class_weights
g4_b_class_weights_w150,8,2,G4,0.001,transformer,R0,G4__g4_b_class_weights_w150__transformer__r0__w150__fold_2__seed_42,42,0.8221523410202656,0.5759904678262755,0.6661999813959015,0.7034482758620689,1.3441032590537236,0.339186573667599,150,B,class_weights
g4_b_class_weights_w150,9,2,G4,0.001,transformer,R0,G4__g4_b_class_weights_w150__transformer__r0__w150__fold_2__seed_42,42,0.8186582809224319,0.5531790515994959,0.6623880796320354,0.6939655172413793,1.4186193145554642,0.337109411875767,150,B,class_weights
g4_b_class_weights_w150,10,2,G4,0.001,transformer,R0,G4__g4_b_class_weights_w150__transformer__r0__w150__fold_2__seed_42,42,0.8200559049615653,0.5325809069899393,0.6660899219300398,0.696551724137931,1.48012174326798,0.33900407584618114,150,B,class_weights
g4_b_class_weights_w150,11,2,G4,0.0005,transformer,R0,G4__g4_b_class_weights_w150__transformer__r0__w150__fold_2__seed_42,42,0.8214535290006988,0.5216288488907551,0.6775357312889082,0.6974137931034483,1.504339271167229,0.34210987440638435,150,B,class_weights
g4_b_class_weights_w150,12,2,G4,0.0005,transformer,R0,G4__g4_b_class_weights_w150__transformer__r0__w150__fold_2__seed_42,42,0.822501747030049,0.5192003983621577,0.6748853722490558,0.6948275862068966,1.527264235348537,0.33918625507410555,150,B,class_weights
g4_b_class_weights_w150,13,2,G4,0.0005,transformer,R0,G4__g4_b_class_weights_w150__transformer__r0__w150__fold_2__seed_42,42,0.8211041229909154,0.5023118724029936,0.6736126675272871,0.6879310344827586,1.5519590176385025,0.33992438996448615,150,B,class_weights
g4_b_class_weights_w150,14,2,G4,0.0005,transformer,R0,G4__g4_b_class_weights_w150__transformer__r0__w150__fold_2__seed_42,42,0.8200559049615653,0.49631361658134965,0.6654423276958742,0.6887931034482758,1.5775110766805451,0.342105983365304,150,B,class_weights
g4_b_class_weights_w150,15,2,G4,0.00025,transformer,R0,G4__g4_b_class_weights_w150__transformer__r0__w150__fold_2__seed_42,42,0.8165618448637316,0.48829364701636935,0.6547784792723056,0.6870689655172414,1.588080611311156,0.34152232826676093,150,B,class_weights
g4_b_class_weights_w150,16,2,G4,0.00025,transformer,R0,G4__g4_b_class_weights_w150__transformer__r0__w150__fold_2__seed_42,42,0.8155136268343816,0.4849848980298832,0.6549900532468315,0.6896551724137931,1.5914628127525592,0.3435772431808517,150,B,class_weights
g4_b_class_weights_w150,17,2,G4,0.00025,transformer,R0,G4__g4_b_class_weights_w150__transformer__r0__w150__fold_2__seed_42,42,0.8172606568832984,0.4754153503603572,0.6580557313161098,0.6922413793103448,1.5947793664603398,0.34269438800597474,150,B,class_weights
g4_b_class_weights_w150,18,2,G4,0.00025,transformer,R0,G4__g4_b_class_weights_w150__transformer__r0__w150__fold_2__seed_42,42,0.8211041229909154,0.47165018353405574,0.6663489107078443,0.6948275862068966,1.5978901711003535,0.34519644820754164,150,B,class_weights
g4_b_class_weights_w150,19,2,G4,0.000125,transformer,R0,G4__g4_b_class_weights_w150__transformer__r0__w150__fold_2__seed_42,42,0.8218029350104822,0.46948573586825804,0.6682859492227332,0.6948275862068966,1.6008808374404908,0.3449446674679561,150,B,class_weights
g4_b_class_weights_w150,20,2,G4,0.000125,transformer,R0,G4__g4_b_class_weights_w150__transformer__r0__w150__fold_2__seed_42,42,0.8221523410202656,0.46542355082903103,0.670753066136275,0.6948275862068966,1.6040476309842078,0.3449446674679561,150,B,class_weights
g4_b_class_weights_w150,21,2,G4,0.000125,transformer,R0,G4__g4_b_class_weights_w150__transformer__r0__w150__fold_2__seed_42,42,0.8218029350104822,0.4639192495955861,0.6703436921360613,0.6939655172413793,1.6078141709853864,0.344486531986532,150,B,class_weights
g4_b_class_weights_w150,1,3,G4,0.001,transformer,R0,G4__g4_b_class_weights_w150__transformer__r0__w150__fold_3__seed_42,42,0.7003986507206379,0.9012439370301558,0.35865162011042656,0.6604444444444444,1.1026168724695842,0.3506483600305111,150,B,class_weights
g4_b_class_weights_w150,2,3,G4,0.001,transformer,R0,G4__g4_b_class_weights_w150__transformer__r0__w150__fold_3__seed_42,42,0.8184605949095369,0.7451298650295886,0.6124124578221374,0.64,1.1366814293199115,0.3465135690966005,150,B,class_weights
g4_b_class_weights_w150,3,3,G4,0.001,transformer,R0,G4__g4_b_class_weights_w150__transformer__r0__w150__fold_3__seed_42,42,0.8276602269242563,0.6588669325887919,0.6807656765022839,0.6328888888888888,1.1876290191014607,0.35275692543201154,150,B,class_weights
g4_b_class_weights_w150,4,3,G4,0.001,transformer,R0,G4__g4_b_class_weights_w150__transformer__r0__w150__fold_3__seed_42,42,0.8221404477154247,0.5982889365798965,0.651087403123603,0.6568888888888889,1.3455897926224603,0.35938179286049726,150,B,class_weights
g4_b_class_weights_w150,5,3,G4,0.001,transformer,R0,G4__g4_b_class_weights_w150__transformer__r0__w150__fold_3__seed_42,42,0.8426862925482981,0.5369242983009141,0.6993049463186892,0.7075555555555556,1.5064767809973822,0.3792361365890778,150,B,class_weights
g4_b_class_weights_w150,6,3,G4,0.001,transformer,R0,G4__g4_b_class_weights_w150__transformer__r0__w150__fold_3__seed_42,42,0.8546458141674333,0.49119764111298647,0.7214143452758388,0.7075555555555556,1.552738558292389,0.3836336336336336,150,B,class_weights
g4_b_class_weights_w150,7,3,G4,0.001,transformer,R0,G4__g4_b_class_weights_w150__transformer__r0__w150__fold_3__seed_42,42,0.8521925789635081,0.4480708951472651,0.7028257024771042,0.696,1.5980856725374857,0.3761358574012548,150,B,class_weights
g4_b_class_weights_w150,8,3,G4,0.001,transformer,R0,G4__g4_b_class_weights_w150__transformer__r0__w150__fold_3__seed_42,42,0.848819380558111,0.4306446026527454,0.704907843479272,0.6888888888888889,1.6348271561728585,0.3741704718417047,150,B,class_weights
g4_b_class_weights_w150,9,3,G4,0.001,transformer,R0,G4__g4_b_class_weights_w150__transformer__r0__w150__fold_3__seed_42,42,0.848819380558111,0.4297413508225277,0.7185035274125942,0.6942222222222222,1.6671998791827096,0.37746342082820705,150,B,class_weights
g4_b_class_weights_w150,10,3,G4,0.001,transformer,R0,G4__g4_b_class_weights_w150__transformer__r0__w150__fold_3__seed_42,42,0.8506593069610549,0.41922393509742856,0.7207293353312402,0.704,1.6937324284182655,0.3824799958535072,150,B,class_weights
g4_b_class_weights_w150,11,3,G4,0.0005,transformer,R0,G4__g4_b_class_weights_w150__transformer__r0__w150__fold_3__seed_42,42,0.8543391597669426,0.4064694796556053,0.7218939026088185,0.7173333333333334,1.708216694633166,0.38945504381745993,150,B,class_weights
g4_b_class_weights_w150,12,3,G4,0.0005,transformer,R0,G4__g4_b_class_weights_w150__transformer__r0__w150__fold_3__seed_42,42,0.8561790861698866,0.40382377202435527,0.7207425187541743,0.7173333333333334,1.7244558447334501,0.38945504381745993,150,B,class_weights
g4_b_class_weights_w150,13,3,G4,0.0005,transformer,R0,G4__g4_b_class_weights_w150__transformer__r0__w150__fold_3__seed_42,42,0.8564857405703772,0.40764109482797367,0.7152278760593386,0.7128888888888889,1.7442819057835472,0.38922992600712525,150,B,class_weights
g4_b_class_weights_w150,14,3,G4,0.0005,transformer,R0,G4__g4_b_class_weights_w150__transformer__r0__w150__fold_3__seed_42,42,0.8524992333639988,0.3982358129980081,0.7064053498867091,0.7075555555555556,1.7613712066147063,0.38623601595698553,150,B,class_weights
g4_b_class_weights_w150,15,3,G4,0.0005,transformer,R0,G4__g4_b_class_weights_w150__transformer__r0__w150__fold_3__seed_42,42,0.8521925789635081,0.39174188682178307,0.7101107464849878,0.7004444444444444,1.7751033039887747,0.3823033967962279,150,B,class_weights
g4_b_class_weights_w150,16,3,G4,0.00025,transformer,R0,G4__g4_b_class_weights_w150__transformer__r0__w150__fold_3__seed_42,42,0.8518859245630175,0.39164191915812724,0.7131250960069792,0.6995555555555556,1.7813065366215175,0.3821073106787392,150,B,class_weights
g4_b_class_weights_w150,17,3,G4,0.00025,transformer,R0,G4__g4_b_class_weights_w150__transformer__r0__w150__fold_3__seed_42,42,0.8534191965654707,0.38793267215990795,0.7220216660290991,0.7031111111111111,1.7923508095211453,0.38486574271038076,150,B,class_weights
g4_b_class_weights_w150,18,3,G4,0.00025,transformer,R0,G4__g4_b_class_weights_w150__transformer__r0__w150__fold_3__seed_42,42,0.854952468567924,0.38419367935495924,0.7241645817314125,0.7084444444444444,1.8020205118523704,0.3894332436531925,150,B,class_weights
g4_b_class_weights_w150,19,3,G4,0.00025,transformer,R0,G4__g4_b_class_weights_w150__transformer__r0__w150__fold_3__seed_42,42,0.8574057037718491,0.3813318673250537,0.7324523447184444,0.7075555555555556,1.810064240641064,0.3889339805310204,150,B,class_weights
g4_b_class_weights_w150,20,3,G4,0.000125,transformer,R0,G4__g4_b_class_weights_w150__transformer__r0__w150__fold_3__seed_42,42,0.8570990493713585,0.3807556723404135,0.7334099683879848,0.7066666666666667,1.8137498948044246,0.38843575870144553,150,B,class_weights
g4_b_class_weights_w150,21,3,G4,0.000125,transformer,R0,G4__g4_b_class_weights_w150__transformer__r0__w150__fold_3__seed_42,42,0.8577123581723398,0.37946291162316254,0.7370672018540003,0.7066666666666667,1.8174089675479466,0.38843575870144553,150,B,class_weights
g4_b_class_weights_w150,22,3,G4,0.000125,transformer,R0,G4__g4_b_class_weights_w150__transformer__r0__w150__fold_3__seed_42,42,0.8586323213738117,0.3787895203806512,0.7399285606440178,0.7066666666666667,1.8203565581507153,0.3881621698726246,150,B,class_weights
g4_b_class_weights_w150,23,3,G4,0.000125,transformer,R0,G4__g4_b_class_weights_w150__transformer__r0__w150__fold_3__seed_42,42,0.8574057037718491,0.3773722249337114,0.7408531473308635,0.7075555555555556,1.8246807787418367,0.38865910724760405,150,B,class_weights
g4_b_class_weights_w150,24,3,G4,6.25e-05,transformer,R0,G4__g4_b_class_weights_w150__transformer__r0__w150__fold_3__seed_42,42,0.8570990493713585,0.37912943718880093,0.740938699812685,0.7093333333333334,1.827341586722268,0.3896560881689019,150,B,class_weights
g4_b_class_weights_w150,25,3,G4,6.25e-05,transformer,R0,G4__g4_b_class_weights_w150__transformer__r0__w150__fold_3__seed_42,42,0.859245630174793,0.3783555399856111,0.7421644042344197,0.7093333333333334,1.8304627859989802,0.3896560881689019,150,B,class_weights
g4_b_class_weights_w150,26,3,G4,6.25e-05,transformer,R0,G4__g4_b_class_weights_w150__transformer__r0__w150__fold_3__seed_42,42,0.8589389757743023,0.37099438191045103,0.7371617485686355,0.7093333333333334,1.8330495920976002,0.3896560881689019,150,B,class_weights
g4_b_class_weights_w150,1,4,G4,0.001,transformer,R0,G4__g4_b_class_weights_w150__transformer__r0__w150__fold_4__seed_42,42,0.7301113222916101,0.8959693453928843,0.3739606636057071,0.7122171945701358,1.0316148389518531,0.3464207290294247,150,B,class_weights
g4_b_class_weights_w150,2,4,G4,0.001,transformer,R0,G4__g4_b_class_weights_w150__transformer__r0__w150__fold_4__seed_42,42,0.8479500407276677,0.7384324931690559,0.6210330363081559,0.6787330316742082,1.027112626597892,0.3606346869451204,150,B,class_weights
g4_b_class_weights_w150,3,4,G4,0.001,transformer,R0,G4__g4_b_class_weights_w150__transformer__r0__w150__fold_4__seed_42,42,0.8465924518055933,0.662682087354093,0.6412345091831478,0.6669683257918552,1.0632419312701507,0.38661679543980837,150,B,class_weights
g4_b_class_weights_w150,4,4,G4,0.001,transformer,R0,G4__g4_b_class_weights_w150__transformer__r0__w150__fold_4__seed_42,42,0.849579147434157,0.6107313593800483,0.6450108445154479,0.6796380090497738,1.1753331666079043,0.36071317566612976,150,B,class_weights
g4_b_class_weights_w150,5,4,G4,0.001,transformer,R0,G4__g4_b_class_weights_w150__transformer__r0__w150__fold_4__seed_42,42,0.8685853923431984,0.5720926406847664,0.6825453411703947,0.702262443438914,1.3156474274747512,0.3630329580150369,150,B,class_weights
g4_b_class_weights_w150,6,4,G4,0.001,transformer,R0,G4__g4_b_class_weights_w150__transformer__r0__w150__fold_4__seed_42,42,0.8702144990496877,0.534352013267255,0.6804326089473007,0.6787330316742082,1.3627843165289761,0.36296615762613293,150,B,class_weights
g4_b_class_weights_w150,7,4,G4,0.001,transformer,R0,G4__g4_b_class_weights_w150__transformer__r0__w150__fold_4__seed_42,42,0.8655986967146349,0.5036309294942731,0.6716399232259245,0.6868778280542986,1.4879460683235755,0.35871849113585047,150,B,class_weights
g4_b_class_weights_w150,8,4,G4,0.0005,transformer,R0,G4__g4_b_class_weights_w150__transformer__r0__w150__fold_4__seed_42,42,0.8677708389899539,0.4768706083847976,0.6789497437610761,0.6904977375565611,1.5538496325997746,0.35933738318308744,150,B,class_weights
g4_b_class_weights_w150,9,4,G4,0.0005,transformer,R0,G4__g4_b_class_weights_w150__transformer__r0__w150__fold_4__seed_42,42,0.8677708389899539,0.46320213858536846,0.6792097482782905,0.6868778280542986,1.6148057432735667,0.35741603088833246,150,B,class_weights
g4_b_class_weights_w150,10,4,G4,0.0005,transformer,R0,G4__g4_b_class_weights_w150__transformer__r0__w150__fold_4__seed_42,42,0.8688569101276133,0.45111385436929374,0.6839429491603405,0.6832579185520362,1.6716327195793255,0.3570431601220174,150,B,class_weights
g4_b_class_weights_w150,11,4,G4,0.0005,transformer,R0,G4__g4_b_class_weights_w150__transformer__r0__w150__fold_4__seed_42,42,0.8685853923431984,0.43954326267835403,0.6842553257918721,0.6805429864253394,1.7237917449139901,0.3565590761030501,150,B,class_weights
g4_b_class_weights_w150,12,4,G4,0.00025,transformer,R0,G4__g4_b_class_weights_w150__transformer__r0__w150__fold_4__seed_42,42,0.8685853923431984,0.4279747232774532,0.688634703698738,0.6805429864253394,1.7452141727257637,0.3579971904475216,150,B,class_weights
g4_b_class_weights_w150,13,4,G4,0.00025,transformer,R0,G4__g4_b_class_weights_w150__transformer__r0__w150__fold_4__seed_42,42,0.8683138745587836,0.4228420514404013,0.6882330329403059,0.6778280542986426,1.7643027060711545,0.3547716703590604,150,B,class_weights
g4_b_class_weights_w150,14,4,G4,0.00025,transformer,R0,G4__g4_b_class_weights_w150__transformer__r0__w150__fold_4__seed_42,42,0.8685853923431984,0.41539439490202035,0.6891403973208555,0.6787330316742082,1.7856788533845098,0.35582544114967324,150,B,class_weights
g4_b_class_weights_w150,15,4,G4,0.00025,transformer,R0,G4__g4_b_class_weights_w150__transformer__r0__w150__fold_4__seed_42,42,0.8707575346185175,0.41236597287438015,0.6932720606611215,0.6805429864253394,1.8067438677964707,0.35461294632590185,150,B,class_weights
g4_b_class_weights_w150,16,4,G4,0.000125,transformer,R0,G4__g4_b_class_weights_w150__transformer__r0__w150__fold_4__seed_42,42,0.869671463480858,0.4065648900031914,0.6922304770042144,0.6832579185520362,1.818904078168567,0.3561234435294586,150,B,class_weights
g4_b_class_weights_w150,17,4,G4,0.000125,transformer,R0,G4__g4_b_class_weights_w150__transformer__r0__w150__fold_4__seed_42,42,0.8699429812652729,0.4015568499894625,0.6935366611591561,0.6823529411764706,1.8306316224698027,0.35646518639836017,150,B,class_weights
g4_b_class_weights_w150,18,4,G4,0.000125,transformer,R0,G4__g4_b_class_weights_w150__transformer__r0__w150__fold_4__seed_42,42,0.8691284279120283,0.40565012388503846,0.691649405411352,0.6841628959276018,1.842702125963582,0.35733484333710835,150,B,class_weights
g4_b_class_weights_w60,1,1,G4,0.001,lstm,R0,G4__g4_b_class_weights_w60__lstm__r0__w60__fold_1__seed_42,42,0.1391385187480632,1.089375562330943,0.08793915340208135,0.21101694915254238,1.0785868264861027,0.13997861499996753,60,B,class_weights
g4_b_class_weights_w60,2,1,G4,0.001,lstm,R0,G4__g4_b_class_weights_w60__lstm__r0__w60__fold_1__seed_42,42,0.45584133870467924,1.0678083732987396,0.27836157551448554,0.7059322033898305,1.0646515587628897,0.37702486000703184,60,B,class_weights
g4_b_class_weights_w60,3,1,G4,0.001,lstm,R0,G4__g4_b_class_weights_w60__lstm__r0__w60__fold_1__seed_42,42,0.7570498915401301,1.0493695479189977,0.4199169538533793,0.7533898305084745,1.0493597762059357,0.39747872655415234,60,B,class_weights
g4_b_class_weights_w60,4,1,G4,0.001,lstm,R0,G4__g4_b_class_weights_w60__lstm__r0__w60__fold_1__seed_42,42,0.8292531763247598,1.014924584101478,0.4833726321191502,0.7686440677966102,1.0376193062733796,0.40559289184223113,60,B,class_weights
g4_b_class_weights_w60,5,1,G4,0.001,lstm,R0,G4__g4_b_class_weights_w60__lstm__r0__w60__fold_1__seed_42,42,0.8397892779671522,0.9862806447194314,0.4903155662436192,0.7728813559322034,1.0364782701104374,0.4083330360828157,60,B,class_weights
g4_b_class_weights_w60,6,1,G4,0.001,lstm,R0,G4__g4_b_class_weights_w60__lstm__r0__w60__fold_1__seed_42,42,0.8456770994731949,0.9772281949277037,0.47339783551004677,0.7754237288135594,1.0381131507582584,0.4088017785737444,60,B,class_weights
g4_b_class_weights_w60,7,1,G4,0.001,lstm,R0,G4__g4_b_class_weights_w60__lstm__r0__w60__fold_1__seed_42,42,0.8481561822125814,0.9618998910570278,0.4746602499365342,0.7813559322033898,1.025817150584722,0.452271233790251,60,B,class_weights
g4_b_class_weights_w60,8,1,G4,0.001,lstm,R0,G4__g4_b_class_weights_w60__lstm__r0__w60__fold_1__seed_42,42,0.8503253796095445,0.9224721600036337,0.4996041895018877,0.785593220338983,1.0175923036316694,0.454840154540632,60,B,class_weights
g4_b_class_weights_w60,9,1,G4,0.001,lstm,R0,G4__g4_b_class_weights_w60__lstm__r0__w60__fold_1__seed_42,42,0.851874806321661,0.9416568554847795,0.5221544740588184,0.7830508474576271,1.0061415130809201,0.46230365557907716,60,B,class_weights
g4_b_class_weights_w60,10,1,G4,0.001,lstm,R0,G4__g4_b_class_weights_w60__lstm__r0__w60__fold_1__seed_42,42,0.847846296870158,0.9345277884370741,0.504172474854279,0.7694915254237288,0.9976682642758903,0.43400663024700004,60,B,class_weights
g4_b_class_weights_w60,11,1,G4,0.001,lstm,R0,G4__g4_b_class_weights_w60__lstm__r0__w60__fold_1__seed_42,42,0.8394793926247288,0.9198506411325462,0.49466615481566484,0.7288135593220338,0.9827513779624034,0.41160986622310536,60,B,class_weights
g4_b_class_weights_w60,12,1,G4,0.001,lstm,R0,G4__g4_b_class_weights_w60__lstm__r0__w60__fold_1__seed_42,42,0.8118995971490548,0.8993795038858065,0.4880660066656219,0.6516949152542373,0.9744320380485664,0.3951482853676955,60,B,class_weights
g4_b_class_weights_w60,13,1,G4,0.001,lstm,R0,G4__g4_b_class_weights_w60__lstm__r0__w60__fold_1__seed_42,42,0.7341183762008057,0.9031654321301416,0.4682021513927377,0.5305084745762711,0.9758782617116378,0.35704615372309156,60,B,class_weights
g4_b_class_weights_w60,14,1,G4,0.0005,lstm,R0,G4__g4_b_class_weights_w60__lstm__r0__w60__fold_1__seed_42,42,0.6151224047102573,0.8745573194247855,0.43405073418395895,0.5313559322033898,0.9667701111001483,0.3565932820527555,60,B,class_weights
g4_b_class_weights_w60,15,1,G4,0.0005,lstm,R0,G4__g4_b_class_weights_w60__lstm__r0__w60__fold_1__seed_42,42,0.6569569259374032,0.862065686819758,0.44663617395770316,0.5957627118644068,0.9420341265403618,0.37767578529221085,60,B,class_weights
g4_b_class_weights_w60,16,1,G4,0.0005,lstm,R0,G4__g4_b_class_weights_w60__lstm__r0__w60__fold_1__seed_42,42,0.7300898667493028,0.8476853588989064,0.4663306480930533,0.6288135593220339,0.911169964378163,0.38652549921405294,60,B,class_weights
g4_b_class_weights_w60,17,1,G4,0.0005,lstm,R0,G4__g4_b_class_weights_w60__lstm__r0__w60__fold_1__seed_42,42,0.7567400061977069,0.8356524182060462,0.474203510327114,0.6254237288135593,0.8977145698110937,0.38499656024493584,60,B,class_weights
g4_b_class_weights_w60,18,1,G4,0.00025,lstm,R0,G4__g4_b_class_weights_w60__lstm__r0__w60__fold_1__seed_42,42,0.7579795475674,0.8103173836340726,0.4753575928255103,0.6271186440677966,0.8913891404362048,0.38596359256448315,60,B,class_weights
g4_b_class_weights_w60,19,1,G4,0.00025,lstm,R0,G4__g4_b_class_weights_w60__lstm__r0__w60__fold_1__seed_42,42,0.7542609234583204,0.7898773560037841,0.47631001512086496,0.611864406779661,0.8930094177440061,0.3819311629130324,60,B,class_weights
g4_b_class_weights_w60,20,1,G4,0.00025,lstm,R0,G4__g4_b_class_weights_w60__lstm__r0__w60__fold_1__seed_42,42,0.7437248218159281,0.7907186418005213,0.47395975085902203,0.6076271186440678,0.8909376536385488,0.38102626128468003,60,B,class_weights
g4_b_class_weights_w60,21,1,G4,0.00025,lstm,R0,G4__g4_b_class_weights_w60__lstm__r0__w60__fold_1__seed_42,42,0.7338084908583824,0.768508423250232,0.47016696848087985,0.5932203389830508,0.8935521424826929,0.3784615295119973,60,B,class_weights
g4_b_class_weights_w60,22,1,G4,0.000125,lstm,R0,G4__g4_b_class_weights_w60__lstm__r0__w60__fold_1__seed_42,42,0.7217229625038736,0.7596890594259592,0.4678369651442605,0.5923728813559322,0.8927393755670321,0.37797091727063337,60,B,class_weights
g4_b_class_weights_w60,23,1,G4,0.000125,lstm,R0,G4__g4_b_class_weights_w60__lstm__r0__w60__fold_1__seed_42,42,0.7226526185311435,0.7243279931454382,0.46832604501985015,0.5932203389830508,0.888503223152484,0.37779236527663645,60,B,class_weights
g4_b_class_weights_w60,24,1,G4,0.000125,lstm,R0,G4__g4_b_class_weights_w60__lstm__r0__w60__fold_1__seed_42,42,0.7263712426402231,0.7273375944415962,0.46921762975178555,0.5966101694915255,0.883762673806336,0.3773982939523774,60,B,class_weights
g4_b_class_weights_w60,1,2,G4,0.001,lstm,R0,G4__g4_b_class_weights_w60__lstm__r0__w60__fold_2__seed_42,42,0.21873923527385464,1.0935962449424315,0.13277776107386138,0.13554987212276215,1.1032578110796514,0.09100321524438808,60,B,class_weights
g4_b_class_weights_w60,2,2,G4,0.001,lstm,R0,G4__g4_b_class_weights_w60__lstm__r0__w60__fold_2__seed_42,42,0.5125732001377885,1.0799615116231078,0.3367744633881042,0.6649616368286445,1.093853068372071,0.3175006243304494,60,B,class_weights
g4_b_class_weights_w60,3,2,G4,0.001,lstm,R0,G4__g4_b_class_weights_w60__lstm__r0__w60__fold_2__seed_42,42,0.7464691698243197,1.0619554162395028,0.46612341523723416,0.711849957374254,1.0829307516720796,0.33215819821887066,60,B,class_weights
g4_b_class_weights_w60,4,2,G4,0.001,lstm,R0,G4__g4_b_class_weights_w60__lstm__r0__w60__fold_2__seed_42,42,0.7747158112297623,1.0402087316897421,0.480934407813193,0.7203751065643649,1.0702557175563931,0.3356017838269791,60,B,class_weights
g4_b_class_weights_w60,5,2,G4,0.001,lstm,R0,G4__g4_b_class_weights_w60__lstm__r0__w60__fold_2__seed_42,42,0.7874612469858767,1.0106914985438606,0.4883065805862781,0.7246376811594203,1.0595564293942692,0.3373457937880968,60,B,class_weights
g4_b_class_weights_w60,6,2,G4,0.001,lstm,R0,G4__g4_b_class_weights_w60__lstm__r0__w60__fold_2__seed_42,42,0.7929727867723045,0.972645644684968,0.4917984663311766,0.7271952259164536,1.0641363301748714,0.3369901914857303,60,B,class_weights
g4_b_class_weights_w60,7,2,G4,0.001,lstm,R0,G4__g4_b_class_weights_w60__lstm__r0__w60__fold_2__seed_42,42,0.7940062004822598,0.9458088436456865,0.5016384429194559,0.7297527706734868,1.0748897476879227,0.3367547322603502,60,B,class_weights
g4_b_class_weights_w60,8,2,G4,0.001,lstm,R0,G4__g4_b_class_weights_w60__lstm__r0__w60__fold_2__seed_42,42,0.7953840854288667,0.9397821014928605,0.5026790249581323,0.7331628303495311,1.0815254412242112,0.33815165744779224,60,B,class_weights
g4_b_class_weights_w60,9,2,G4,0.001,lstm,R0,G4__g4_b_class_weights_w60__lstm__r0__w60__fold_2__seed_42,42,0.7946951429555632,0.9527131684106505,0.5015143143634764,0.7340153452685422,1.0748149170798311,0.3385024785006641,60,B,class_weights
g4_b_class_weights_w60,10,2,G4,0.001,lstm,R0,G4__g4_b_class_weights_w60__lstm__r0__w60__fold_2__seed_42,42,0.790905959352394,0.9451939898279672,0.4978882740567008,0.7297527706734868,1.0598890437392832,0.33750871422282164,60,B,class_weights
g4_b_class_weights_w60,11,2,G4,0.001,lstm,R0,G4__g4_b_class_weights_w60__lstm__r0__w60__fold_2__seed_42,42,0.7853944195659662,0.9386982776935536,0.5090548039650885,0.7237851662404092,1.0494043265055715,0.33581753994797475,60,B,class_weights
g4_b_class_weights_w60,12,2,G4,0.001,lstm,R0,G4__g4_b_class_weights_w60__lstm__r0__w60__fold_2__seed_42,42,0.776438167413021,0.9351153351338288,0.4986186025626674,0.7203751065643649,1.0422244255906583,0.33722269147699263,60,B,class_weights
g4_b_class_weights_w60,13,2,G4,0.001,lstm,R0,G4__g4_b_class_weights_w60__lstm__r0__w60__fold_2__seed_42,42,0.7781605235962797,0.926997204156239,0.5235242935686423,0.7203751065643649,1.0367361404198616,0.33722269147699263,60,B,class_weights
g4_b_class_weights_w60,14,2,G4,0.0005,lstm,R0,G4__g4_b_class_weights_w60__lstm__r0__w60__fold_2__seed_42,42,0.7754047537030658,0.9285349027887936,0.5099206624720206,0.7203751065643649,1.0341098266387738,0.33722269147699263,60,B,class_weights
g4_b_class_weights_w60,15,2,G4,0.0005,lstm,R0,G4__g4_b_class_weights_w60__lstm__r0__w60__fold_2__seed_42,42,0.7767826386496728,0.9330841420725876,0.4973115365315098,0.7203751065643649,1.032083029433996,0.3375412064011587,60,B,class_weights
g4_b_class_weights_w60,16,2,G4,0.0005,lstm,R0,G4__g4_b_class_weights_w60__lstm__r0__w60__fold_2__seed_42,42,0.7805718222528419,0.9241231946628174,0.5176380490124274,0.7195225916453538,1.0307949879996714,0.33718183686511655,60,B,class_weights
g4_b_class_weights_w60,17,2,G4,0.0005,lstm,R0,G4__g4_b_class_weights_w60__lstm__r0__w60__fold_2__seed_42,42,0.7795384085428867,0.9167620894049021,0.5196092302093017,0.7195225916453538,1.0323236335167394,0.33718183686511655,60,B,class_weights
g4_b_class_weights_w60,18,2,G4,0.00025,lstm,R0,G4__g4_b_class_weights_w60__lstm__r0__w60__fold_2__seed_42,42,0.7791939373062349,0.920067726272244,0.5152802258802973,0.7203751065643649,1.033535888026336,0.33722269147699263,60,B,class_weights
g4_b_class_weights_w60,19,2,G4,0.00025,lstm,R0,G4__g4_b_class_weights_w60__lstm__r0__w60__fold_2__seed_42,42,0.7812607647261454,0.9090532293781264,0.5229349192546607,0.7203751065643649,1.035113244054669,0.3370647323094375,60,B,class_weights
g4_b_class_weights_w60,20,2,G4,0.00025,lstm,R0,G4__g4_b_class_weights_w60__lstm__r0__w60__fold_2__seed_42,42,0.7791939373062349,0.9179044177193006,0.5294351866072893,0.7203751065643649,1.0369889377429764,0.3369076292891319,60,B,class_weights
g4_b_class_weights_w60,21,2,G4,0.00025,lstm,R0,G4__g4_b_class_weights_w60__lstm__r0__w60__fold_2__seed_42,42,0.7760936961763693,0.9145632075351803,0.5218048834013559,0.7178175618073316,1.0389448675658086,0.3361517267654452,60,B,class_weights
g4_b_class_weights_w60,22,2,G4,0.000125,lstm,R0,G4__g4_b_class_weights_w60__lstm__r0__w60__fold_2__seed_42,42,0.7754047537030658,0.9206131375989871,0.5197781749544809,0.7161125319693095,1.0397517056111485,0.33559551756335343,60,B,class_weights
g4_b_class_weights_w60,23,2,G4,0.000125,lstm,R0,G4__g4_b_class_weights_w60__lstm__r0__w60__fold_2__seed_42,42,0.7774715811229762,0.9129952305643632,0.510513706488584,0.7152600170502984,1.0403062659557925,0.33539480816496253,60,B,class_weights
g4_b_class_weights_w60,1,3,G4,0.001,lstm,R0,G4__g4_b_class_weights_w60__lstm__r0__w60__fold_3__seed_42,42,0.2662829445622539,1.0930192918713906,0.17133775487935632,0.5030408340573415,1.0946558618628388,0.2922815681178254,60,B,class_weights
g4_b_class_weights_w60,2,3,G4,0.001,lstm,R0,G4__g4_b_class_weights_w60__lstm__r0__w60__fold_3__seed_42,42,0.6879733414116934,1.0692720588356464,0.43232266460157914,0.6350999131190269,1.0867213784457288,0.3357661788413626,60,B,class_weights
g4_b_class_weights_w60,3,3,G4,0.001,lstm,R0,G4__g4_b_class_weights_w60__lstm__r0__w60__fold_3__seed_42,42,0.8046046652529536,1.0413929531697756,0.5005648179188058,0.6498696785403997,1.0784794739492036,0.3415091367359799,60,B,class_weights
g4_b_class_weights_w60,4,3,G4,0.001,lstm,R0,G4__g4_b_class_weights_w60__lstm__r0__w60__fold_3__seed_42,42,0.8127840048470161,0.995019984711159,0.5053629586824808,0.6542137271937446,1.0834244394385224,0.34345955063469064,60,B,class_weights
g4_b_class_weights_w60,5,3,G4,0.001,lstm,R0,G4__g4_b_class_weights_w60__lstm__r0__w60__fold_3__seed_42,42,0.8133898818539836,0.9360552349440151,0.5227539669561535,0.6542137271937446,1.138905010722597,0.3408213408213408,60,B,class_weights
g4_b_class_weights_w60,6,3,G4,0.001,lstm,R0,G4__g4_b_class_weights_w60__lstm__r0__w60__fold_3__seed_42,42,0.8118751893365647,0.9104775387711397,0.5174709338286622,0.6568201563857515,1.1948208455206724,0.3428735265822822,60,B,class_weights
g4_b_class_weights_w60,7,3,G4,0.001,lstm,R0,G4__g4_b_class_weights_w60__lstm__r0__w60__fold_3__seed_42,42,0.8149045743714026,0.9149673608208165,0.5204628455307105,0.6620330147697654,1.215217607576468,0.34521369760286813,60,B,class_weights
g4_b_class_weights_w60,8,3,G4,0.001,lstm,R0,G4__g4_b_class_weights_w60__lstm__r0__w60__fold_3__seed_42,42,0.8191457134201757,0.9097884189753921,0.5505648071756948,0.6602953953084274,1.1900197940738588,0.3444321514496953,60,B,class_weights
g4_b_class_weights_w60,9,3,G4,0.001,lstm,R0,G4__g4_b_class_weights_w60__lstm__r0__w60__fold_3__seed_42,42,0.8161163283853378,0.8961523099582652,0.5323523157482907,0.6602953953084274,1.1525211003839606,0.34459459459459457,60,B,class_weights
g4_b_class_weights_w60,10,3,G4,0.001,lstm,R0,G4__g4_b_class_weights_w60__lstm__r0__w60__fold_3__seed_42,42,0.8112693123295971,0.8891297162427789,0.5152930982325351,0.6611642050390965,1.1298790163417984,0.34498581387674127,60,B,class_weights
g4_b_class_weights_w60,11,3,G4,0.001,lstm,R0,G4__g4_b_class_weights_w60__lstm__r0__w60__fold_3__seed_42,42,0.8118751893365647,0.8876572192274993,0.5328538261327471,0.6602953953084274,1.12046241801682,0.3467656032786293,60,B,class_weights
g4_b_class_weights_w60,12,3,G4,0.001,lstm,R0,G4__g4_b_class_weights_w60__lstm__r0__w60__fold_3__seed_42,42,0.7961223871554075,0.879392947113467,0.532373356446005,0.6620330147697654,1.1256484369108928,0.39763990497999196,60,B,class_weights
g4_b_class_weights_w60,13,3,G4,0.001,lstm,R0,G4__g4_b_class_weights_w60__lstm__r0__w60__fold_3__seed_42,42,0.7570433202059982,0.8790907003199899,0.495486105666423,0.6090356211989574,1.1376854741086553,0.2813106467002575,60,B,class_weights
g4_b_class_weights_w60,14,3,G4,0.001,lstm,R0,G4__g4_b_class_weights_w60__lstm__r0__w60__fold_3__seed_42,42,0.7282641623750379,0.8657832908218682,0.45935788744012357,0.6099044309296264,1.1589999384304215,0.2761118543888785,60,B,class_weights
g4_b_class_weights_w60,15,3,G4,0.001,lstm,R0,G4__g4_b_class_weights_w60__lstm__r0__w60__fold_3__seed_42,42,0.7258406543471675,0.8652981752447921,0.4514813623489895,0.6481320590790617,1.1781935106144068,0.27561597923250963,60,B,class_weights
g4_b_class_weights_w60,16,3,G4,0.001,lstm,R0,G4__g4_b_class_weights_w60__lstm__r0__w60__fold_3__seed_42,42,0.7603756437443199,0.8559958178937092,0.48741614333359323,0.7228496959165943,1.1905310828203124,0.38262000264468643,60,B,class_weights
g4_b_class_weights_w60,17,3,G4,0.0005,lstm,R0,G4__g4_b_class_weights_w60__lstm__r0__w60__fold_3__seed_42,42,0.794001817631021,0.8455542682590214,0.528493929900164,0.7237185056472633,1.2037541361915662,0.3835177821212734,60,B,class_weights
g4_b_class_weights_w60,18,3,G4,0.0005,lstm,R0,G4__g4_b_class_weights_w60__lstm__r0__w60__fold_3__seed_42,42,0.7970312026658588,0.8478090158739584,0.5262861630294721,0.7219808861859253,1.2261539791895968,0.38310002310002306,60,B,class_weights
g4_b_class_weights_w60,19,3,G4,0.0005,lstm,R0,G4__g4_b_class_weights_w60__lstm__r0__w60__fold_3__seed_42,42,0.7870342320508936,0.8349023045680264,0.526406630388954,0.6646394439617723,1.2461446832823402,0.27627302275189597,60,B,class_weights
g4_b_class_weights_w60,20,3,G4,0.0005,lstm,R0,G4__g4_b_class_weights_w60__lstm__r0__w60__fold_3__seed_42,42,0.7476522265980006,0.8312040896027134,0.46559149112529163,0.6663770634231103,1.2642047206906004,0.27699530516431925,60,B,class_weights
g4_b_class_weights_w60,21,3,G4,0.00025,lstm,R0,G4__g4_b_class_weights_w60__lstm__r0__w60__fold_3__seed_42,42,0.7388670099969706,0.8188298327819538,0.4544193424143555,0.6655082536924414,1.266999081566891,0.2769342010122921,60,B,class_weights
g4_b_class_weights_w60,22,3,G4,0.00025,lstm,R0,G4__g4_b_class_weights_w60__lstm__r0__w60__fold_3__seed_42,42,0.7491669191154195,0.8171150659438662,0.4716607701634697,0.6655082536924414,1.268610700848411,0.2769342010122921,60,B,class_weights
g4_b_class_weights_w60,23,3,G4,0.00025,lstm,R0,G4__g4_b_class_weights_w60__lstm__r0__w60__fold_3__seed_42,42,0.7582550742199333,0.8161317499541254,0.4841257793162965,0.7124239791485665,1.2748420243155532,0.38206011197788553,60,B,class_weights
g4_b_class_weights_w60,24,3,G4,0.00025,lstm,R0,G4__g4_b_class_weights_w60__lstm__r0__w60__fold_3__seed_42,42,0.7794607694637988,0.8102853899650666,0.517425945249756,0.7202432667245873,1.2817171913038432,0.3855669625395735,60,B,class_weights
g4_b_class_weights_w60,25,3,G4,0.000125,lstm,R0,G4__g4_b_class_weights_w60__lstm__r0__w60__fold_3__seed_42,42,0.7936988791275371,0.8079118731526742,0.5358229552944954,0.7237185056472633,1.2849496704510872,0.38668564380957055,60,B,class_weights
g4_b_class_weights_w60,26,3,G4,0.000125,lstm,R0,G4__g4_b_class_weights_w60__lstm__r0__w60__fold_3__seed_42,42,0.7952135716449561,0.8078622958653625,0.5355112730525989,0.7263249348392702,1.288792490596672,0.38822944896115624,60,B,class_weights
g4_b_class_weights_w60,27,3,G4,0.000125,lstm,R0,G4__g4_b_class_weights_w60__lstm__r0__w60__fold_3__seed_42,42,0.7967282641623751,0.8008051095533212,0.5380704789524112,0.7263249348392702,1.29308074821502,0.3885051381842139,60,B,class_weights
g4_b_class_weights_w60,1,4,G4,0.001,lstm,R0,G4__g4_b_class_weights_w60__lstm__r0__w60__fold_4__seed_42,42,0.2445579145391024,1.088673567201655,0.1571445828235314,0.3368888888888889,1.1027027738359239,0.20642676981304442,60,B,class_weights
g4_b_class_weights_w60,2,4,G4,0.001,lstm,R0,G4__g4_b_class_weights_w60__lstm__r0__w60__fold_4__seed_42,42,0.6565439398011287,1.0663327484546057,0.41456861719046595,0.664,1.094781025144789,0.3313352470847727,60,B,class_weights
g4_b_class_weights_w60,3,4,G4,0.001,lstm,R0,G4__g4_b_class_weights_w60__lstm__r0__w60__fold_4__seed_42,42,0.819403386186509,1.0330982995718854,0.5092732890511328,0.6906666666666667,1.0883745947943793,0.34157806705465416,60,B,class_weights
g4_b_class_weights_w60,4,4,G4,0.001,lstm,R0,G4__g4_b_class_weights_w60__lstm__r0__w60__fold_4__seed_42,42,0.8403654931470035,0.9839659129314222,0.5332884644171861,0.6986666666666667,1.1000568623012967,0.3450578826151884,60,B,class_weights
g4_b_class_weights_w60,5,4,G4,0.001,lstm,R0,G4__g4_b_class_weights_w60__lstm__r0__w60__fold_4__seed_42,42,0.8468153722117711,0.9258226710793409,0.5376760418267851,0.7013333333333334,1.152384331703186,0.34622786051357474,60,B,class_weights
g4_b_class_weights_w60,6,4,G4,0.001,lstm,R0,G4__g4_b_class_weights_w60__lstm__r0__w60__fold_4__seed_42,42,0.846277882289707,0.8931413566640102,0.5291213994503606,0.7022222222222222,1.1888783311843871,0.3473244687681265,60,B,class_weights
g4_b_class_weights_w60,7,4,G4,0.001,lstm,R0,G4__g4_b_class_weights_w60__lstm__r0__w60__fold_4__seed_42,42,0.8422467078742274,0.8949811153916767,0.5636242265412208,0.7057777777777777,1.2084601675669353,0.34964217142434967,60,B,class_weights
g4_b_class_weights_w60,8,4,G4,0.001,lstm,R0,G4__g4_b_class_weights_w60__lstm__r0__w60__fold_4__seed_42,42,0.8374092985756517,0.9079330195281109,0.5389254573559648,0.7048888888888889,1.1922529088126288,0.35017409786170767,60,B,class_weights
g4_b_class_weights_w60,9,4,G4,0.001,lstm,R0,G4__g4_b_class_weights_w60__lstm__r0__w60__fold_4__seed_42,42,0.8398280032249396,0.8908313316415952,0.5353416399792876,0.6986666666666667,1.1566800763871934,0.34809351441090824,60,B,class_weights
g4_b_class_weights_w60,10,4,G4,0.001,lstm,R0,G4__g4_b_class_weights_w60__lstm__r0__w60__fold_4__seed_42,42,0.8379467884977156,0.8773882020484116,0.5396007463640314,0.6933333333333334,1.1262820631133186,0.3469692407361784,60,B,class_weights
g4_b_class_weights_w60,11,4,G4,0.001,lstm,R0,G4__g4_b_class_weights_w60__lstm__r0__w60__fold_4__seed_42,42,0.833378124160172,0.8673784413410751,0.5493795875886708,0.6871111111111111,1.1106645243432787,0.34599401434674154,60,B,class_weights
g4_b_class_weights_w60,12,4,G4,0.001,lstm,R0,G4__g4_b_class_weights_w60__lstm__r0__w60__fold_4__seed_42,42,0.8347218489653319,0.8783045371384174,0.551138174906324,0.6844444444444444,1.1048418465720282,0.3459037783980576,60,B,class_weights
g4_b_class_weights_w60,13,4,G4,0.0005,lstm,R0,G4__g4_b_class_weights_w60__lstm__r0__w60__fold_4__seed_42,42,0.8355280838484278,0.8679873929392807,0.5463216311705227,0.6844444444444444,1.1044575913217332,0.3572130203122695,60,B,class_weights
g4_b_class_weights_w60,14,4,G4,0.0005,lstm,R0,G4__g4_b_class_weights_w60__lstm__r0__w60__fold_4__seed_42,42,0.8363343187315238,0.8568963648266319,0.5577235793242562,0.6844444444444444,1.1083158604833814,0.3573109041119558,60,B,class_weights
g4_b_class_weights_w60,15,4,G4,0.0005,lstm,R0,G4__g4_b_class_weights_w60__lstm__r0__w60__fold_4__seed_42,42,0.8312281644719162,0.8553668447990181,0.5513768560217933,0.6844444444444444,1.1112984592119852,0.3664216367657598,60,B,class_weights
g4_b_class_weights_w60,16,4,G4,0.0005,lstm,R0,G4__g4_b_class_weights_w60__lstm__r0__w60__fold_4__seed_42,42,0.83310937919914,0.8500085690430946,0.5703547052836988,0.6835555555555556,1.1153586636649238,0.37342534779274844,60,B,class_weights
g4_b_class_weights_w60,17,4,G4,0.0005,lstm,R0,G4__g4_b_class_weights_w60__lstm__r0__w60__fold_4__seed_42,42,0.8309594195108841,0.8532284335947844,0.5556864538095392,0.6808888888888889,1.1168137271139358,0.40367770692186283,60,B,class_weights
g4_b_class_weights_w60,18,4,G4,0.0005,lstm,R0,G4__g4_b_class_weights_w60__lstm__r0__w60__fold_4__seed_42,42,0.8255845202902445,0.8467143123523422,0.5543490991314804,0.6728888888888889,1.113812233236101,0.4008209795608469,60,B,class_weights
g4_b_class_weights_w60,19,4,G4,0.0005,lstm,R0,G4__g4_b_class_weights_w60__lstm__r0__w60__fold_4__seed_42,42,0.820478366030637,0.8308806185823587,0.5621228569731578,0.6684444444444444,1.1182781405978732,0.3984821282557636,60,B,class_weights
g4_b_class_weights_w60,20,4,G4,0.0005,lstm,R0,G4__g4_b_class_weights_w60__lstm__r0__w60__fold_4__seed_42,42,0.8094598226283257,0.8237414069471741,0.5543804489365617,0.6595555555555556,1.1224357891082763,0.3977585824792211,60,B,class_weights
g4_b_class_weights_w60,21,4,G4,0.0005,lstm,R0,G4__g4_b_class_weights_w60__lstm__r0__w60__fold_4__seed_42,42,0.8070411179790379,0.8183413718022893,0.5566319869758383,0.6515555555555556,1.125704971631368,0.3980877309110205,60,B,class_weights
g4_b_class_weights_w60,22,4,G4,0.00025,lstm,R0,G4__g4_b_class_weights_w60__lstm__r0__w60__fold_4__seed_42,42,0.8089223327062618,0.7987352338121707,0.5657496860969461,0.6453333333333333,1.1284895278612772,0.3954042698771875,60,B,class_weights
g4_b_class_weights_w60,23,4,G4,0.00025,lstm,R0,G4__g4_b_class_weights_w60__lstm__r0__w60__fold_4__seed_42,42,0.8003224939532384,0.8050259094313889,0.5582069355818389,0.6337777777777778,1.1148497094578214,0.39109569167633246,60,B,class_weights
g4_b_class_weights_w60,24,4,G4,0.00025,lstm,R0,G4__g4_b_class_weights_w60__lstm__r0__w60__fold_4__seed_42,42,0.7909164203171191,0.7952966264933868,0.5612460696836825,0.624,1.1096296169492934,0.3876644031875751,60,B,class_weights
g4_b_class_weights_w60,25,4,G4,0.00025,lstm,R0,G4__g4_b_class_weights_w60__lstm__r0__w60__fold_4__seed_42,42,0.7769416823434561,0.7870889015814144,0.5492769483566425,0.6142222222222222,1.1232210149235196,0.38357654646607037,60,B,class_weights
g4_b_class_weights_w60,26,4,G4,0.000125,lstm,R0,G4__g4_b_class_weights_w60__lstm__r0__w60__fold_4__seed_42,42,0.77747917226552,0.7761778136761847,0.5566109343520202,0.6106666666666667,1.1297102408409119,0.38256062469206337,60,B,class_weights
g4_b_class_weights_w60,27,4,G4,0.000125,lstm,R0,G4__g4_b_class_weights_w60__lstm__r0__w60__fold_4__seed_42,42,0.7694168234345606,0.7700442215250052,0.5521887956541917,0.6044444444444445,1.130353824403551,0.38084446852052484,60,B,class_weights
g4_b_class_weights_w60,28,4,G4,0.000125,lstm,R0,G4__g4_b_class_weights_w60__lstm__r0__w60__fold_4__seed_42,42,0.7586670249932814,0.7729535360901435,0.5433661333012964,0.5964444444444444,1.1348049037191603,0.3784653264749476,60,B,class_weights
g4_b_class_weights_w60,29,4,G4,0.000125,lstm,R0,G4__g4_b_class_weights_w60__lstm__r0__w60__fold_4__seed_42,42,0.7557108304219295,0.7638669921582311,0.5486431862808606,0.5866666666666667,1.1395238415930007,0.3752454398849397,60,B,class_weights
g4_b_class_weights_w60,30,4,G4,6.25e-05,lstm,R0,G4__g4_b_class_weights_w60__lstm__r0__w60__fold_4__seed_42,42,0.7543671056167697,0.7585436887908962,0.5506912596968795,0.5822222222222222,1.1399717574119568,0.37405663780663784,60,B,class_weights
g4_b_class_weights_w60,31,4,G4,6.25e-05,lstm,R0,G4__g4_b_class_weights_w60__lstm__r0__w60__fold_4__seed_42,42,0.7481859715130341,0.763543253911179,0.5442978532032225,0.5786666666666667,1.146174106756846,0.37338987020284703,60,B,class_weights
g4_b_class_weights_w60,32,4,G4,6.25e-05,lstm,R0,G4__g4_b_class_weights_w60__lstm__r0__w60__fold_4__seed_42,42,0.750067186240258,0.7590998507609645,0.5508100120455007,0.5795555555555556,1.1507084414694044,0.3744570890423364,60,B,class_weights
g4_b_class_weights_w60,1,1,G4,0.001,tcn,R0,G4__g4_b_class_weights_w60__tcn__r0__w60__fold_1__seed_42,42,0.11806631546327859,1.0820166462525,0.07041863044080954,0.13644067796610168,1.0530615034749953,0.08064112196343602,60,B,class_weights
g4_b_class_weights_w60,2,1,G4,0.001,tcn,R0,G4__g4_b_class_weights_w60__tcn__r0__w60__fold_1__seed_42,42,0.2575147195537651,1.0150548530356376,0.18140898226621735,0.673728813559322,1.0165396508523974,0.4121439797738224,60,B,class_weights
g4_b_class_weights_w60,3,1,G4,0.001,tcn,R0,G4__g4_b_class_weights_w60__tcn__r0__w60__fold_1__seed_42,42,0.7982646420824295,0.9692896655147424,0.46606646512977035,0.6822033898305084,0.9902887873730417,0.4147439351018433,60,B,class_weights
g4_b_class_weights_w60,4,1,G4,0.001,tcn,R0,G4__g4_b_class_weights_w60__tcn__r0__w60__fold_1__seed_42,42,0.783390145646111,0.9269194539612131,0.48013316665796696,0.6661016949152543,0.9945386733038951,0.4067138826531284,60,B,class_weights
g4_b_class_weights_w60,5,1,G4,0.001,tcn,R0,G4__g4_b_class_weights_w60__tcn__r0__w60__fold_1__seed_42,42,0.789587852494577,0.8849148528473201,0.48146174159940297,0.6923728813559322,0.9798167952036454,0.41761614901703537,60,B,class_weights
g4_b_class_weights_w60,6,1,G4,0.001,tcn,R0,G4__g4_b_class_weights_w60__tcn__r0__w60__fold_1__seed_42,42,0.8149984505732879,0.8659437907935297,0.49086264465016677,0.6745762711864407,0.9293334185066869,0.4074833703844083,60,B,class_weights
g4_b_class_weights_w60,7,1,G4,0.001,tcn,R0,G4__g4_b_class_weights_w60__tcn__r0__w60__fold_1__seed_42,42,0.786488999070344,0.8336224000927536,0.48788798995621363,0.6372881355932203,0.8988105915360531,0.39480795035225985,60,B,class_weights
g4_b_class_weights_w60,8,1,G4,0.001,tcn,R0,G4__g4_b_class_weights_w60__tcn__r0__w60__fold_1__seed_42,42,0.7709947319491788,0.8007529488945657,0.48039577143632606,0.661864406779661,0.8299121604127399,0.4087719072375178,60,B,class_weights
g4_b_class_weights_w60,9,1,G4,0.001,tcn,R0,G4__g4_b_class_weights_w60__tcn__r0__w60__fold_1__seed_42,42,0.776262782770375,0.7497181046995394,0.4856739027675218,0.6313559322033898,0.83292574498613,0.3933269111081545,60,B,class_weights
g4_b_class_weights_w60,10,1,G4,0.0005,tcn,R0,G4__g4_b_class_weights_w60__tcn__r0__w60__fold_1__seed_42,42,0.7570498915401301,0.7223277383076727,0.4802599326182544,0.6271186440677966,0.8415611248905376,0.39541434725522756,60,B,class_weights
g4_b_class_weights_w60,11,1,G4,0.0005,tcn,R0,G4__g4_b_class_weights_w60__tcn__r0__w60__fold_1__seed_42,42,0.7623179423613263,0.6984994787991804,0.48471572857391204,0.638135593220339,0.8355096946328373,0.39724934077660484,60,B,class_weights
g4_b_class_weights_w60,12,1,G4,0.0005,tcn,R0,G4__g4_b_class_weights_w60__tcn__r0__w60__fold_1__seed_42,42,0.7688255345522157,0.6852591604059016,0.48537658323757554,0.6389830508474577,0.830483923524113,0.39729803230282174,60,B,class_weights
g4_b_class_weights_w60,13,1,G4,0.0005,tcn,R0,G4__g4_b_class_weights_w60__tcn__r0__w60__fold_1__seed_42,42,0.7719243879764487,0.6751098666429003,0.48775786564513374,0.635593220338983,0.8382943652443967,0.39621020605875956,60,B,class_weights
g4_b_class_weights_w60,14,1,G4,0.00025,tcn,R0,G4__g4_b_class_weights_w60__tcn__r0__w60__fold_1__seed_42,42,0.776262782770375,0.6628886105514068,0.48745384701933814,0.6415254237288136,0.827294328253148,0.3980294798077684,60,B,class_weights
g4_b_class_weights_w60,15,1,G4,0.00025,tcn,R0,G4__g4_b_class_weights_w60__tcn__r0__w60__fold_1__seed_42,42,0.779361636194608,0.6608390506665183,0.4876466220216315,0.6457627118644068,0.8342813501923771,0.4002680179847795,60,B,class_weights
g4_b_class_weights_w60,16,1,G4,0.00025,tcn,R0,G4__g4_b_class_weights_w60__tcn__r0__w60__fold_1__seed_42,42,0.7855593430430741,0.6397686613983956,0.49202983128617683,0.6559322033898305,0.8235170614921441,0.40162893648349424,60,B,class_weights
g4_b_class_weights_w60,17,1,G4,0.00025,tcn,R0,G4__g4_b_class_weights_w60__tcn__r0__w60__fold_1__seed_42,42,0.7954756740006198,0.6458816970876027,0.4976644943283126,0.6627118644067796,0.8315308459734513,0.40342601840580866,60,B,class_weights
g4_b_class_weights_w60,18,1,G4,0.000125,tcn,R0,G4__g4_b_class_weights_w60__tcn__r0__w60__fold_1__seed_42,42,0.7982646420824295,0.6334194267612513,0.49655426720203955,0.6635593220338983,0.8393569202746375,0.40470682221162546,60,B,class_weights
g4_b_class_weights_w60,19,1,G4,0.000125,tcn,R0,G4__g4_b_class_weights_w60__tcn__r0__w60__fold_1__seed_42,42,0.7979547567400062,0.6260152552051739,0.4981942101980987,0.6576271186440678,0.8527146816253662,0.4001569616308343,60,B,class_weights
g4_b_class_weights_w60,20,1,G4,0.000125,tcn,R0,G4__g4_b_class_weights_w60__tcn__r0__w60__fold_1__seed_42,42,0.7964053300278897,0.6193231723978677,0.49867079452542323,0.6610169491525424,0.8523993746709015,0.4022350964512144,60,B,class_weights
g4_b_class_weights_w60,1,2,G4,0.001,tcn,R0,G4__g4_b_class_weights_w60__tcn__r0__w60__fold_2__seed_42,42,0.190492593868412,1.0915371310164754,0.10667438271604938,0.06479113384484228,1.1514715389217562,0.040565785962103015,60,B,class_weights
g4_b_class_weights_w60,2,2,G4,0.001,tcn,R0,G4__g4_b_class_weights_w60__tcn__r0__w60__fold_2__seed_42,42,0.28005511539786426,1.0378157284766527,0.2074500318064946,0.5882352941176471,1.117165080726604,0.3016165082874554,60,B,class_weights
g4_b_class_weights_w60,3,2,G4,0.001,tcn,R0,G4__g4_b_class_weights_w60__tcn__r0__w60__fold_2__seed_42,42,0.7034102652428522,0.9931830730760175,0.49754946442285525,0.680306905370844,1.0896213433728295,0.37226405650903405,60,B,class_weights
g4_b_class_weights_w60,4,2,G4,0.001,tcn,R0,G4__g4_b_class_weights_w60__tcn__r0__w60__fold_2__seed_42,42,0.7533585945573544,0.9365705414923807,0.537085155351177,0.7246376811594203,1.0614251592478383,0.38381767490112173,60,B,class_weights
g4_b_class_weights_w60,5,2,G4,0.001,tcn,R0,G4__g4_b_class_weights_w60__tcn__r0__w60__fold_2__seed_42,42,0.8067516362383741,0.8996908908829868,0.5672290185865333,0.7851662404092071,1.044582573552469,0.3731605448016952,60,B,class_weights
g4_b_class_weights_w60,6,2,G4,0.001,tcn,R0,G4__g4_b_class_weights_w60__tcn__r0__w60__fold_2__seed_42,42,0.8053737512917671,0.8808267424117274,0.5636473701295942,0.7442455242966752,1.0775225302752327,0.37594328856356446,60,B,class_weights
g4_b_class_weights_w60,7,2,G4,0.001,tcn,R0,G4__g4_b_class_weights_w60__tcn__r0__w60__fold_2__seed_42,42,0.7774715811229762,0.867960876569311,0.5514207394065828,0.7058823529411765,1.1100863776243557,0.3581349156574658,60,B,class_weights
g4_b_class_weights_w60,8,2,G4,0.001,tcn,R0,G4__g4_b_class_weights_w60__tcn__r0__w60__fold_2__seed_42,42,0.7822941784361006,0.8684725973099378,0.5635838890776506,0.7340153452685422,1.102357238404078,0.3469652266822078,60,B,class_weights
g4_b_class_weights_w60,9,2,G4,0.0005,tcn,R0,G4__g4_b_class_weights_w60__tcn__r0__w60__fold_2__seed_42,42,0.8067516362383741,0.8460894476903376,0.5946546288651552,0.7698209718670077,1.083352756063245,0.363652882738522,60,B,class_weights
g4_b_class_weights_w60,10,2,G4,0.0005,tcn,R0,G4__g4_b_class_weights_w60__tcn__r0__w60__fold_2__seed_42,42,0.8198415432311402,0.8316018094574629,0.6031472107173902,0.7809036658141517,1.0645539347981146,0.3682780520527187,60,B,class_weights
g4_b_class_weights_w60,11,2,G4,0.0005,tcn,R0,G4__g4_b_class_weights_w60__tcn__r0__w60__fold_2__seed_42,42,0.8022735101619015,0.8248504030675753,0.5807058495077024,0.7655583972719523,1.0543273083694147,0.36963939357954323,60,B,class_weights
g4_b_class_weights_w60,12,2,G4,0.0005,tcn,R0,G4__g4_b_class_weights_w60__tcn__r0__w60__fold_2__seed_42,42,0.7905614881157423,0.8194836106047398,0.5646934000673138,0.7655583972719523,1.0640388944671384,0.36746744606026044,60,B,class_weights
g4_b_class_weights_w60,13,2,G4,0.00025,tcn,R0,G4__g4_b_class_weights_w60__tcn__r0__w60__fold_2__seed_42,42,0.7977953840854288,0.8081155643149405,0.5766761695153623,0.7664109121909634,1.0764315074463737,0.36993158984860225,60,B,class_weights
g4_b_class_weights_w60,14,2,G4,0.00025,tcn,R0,G4__g4_b_class_weights_w60__tcn__r0__w60__fold_2__seed_42,42,0.8057182225284188,0.8032715065783975,0.590053801207809,0.7715260017050298,1.0937577945395403,0.3744510867923239,60,B,class_weights
g4_b_class_weights_w60,15,2,G4,0.00025,tcn,R0,G4__g4_b_class_weights_w60__tcn__r0__w60__fold_2__seed_42,42,0.810885291078195,0.7984125417879521,0.6032899325218338,0.7689684569479965,1.1088990672266799,0.371616933573998,60,B,class_weights
g4_b_class_weights_w60,16,2,G4,0.00025,tcn,R0,G4__g4_b_class_weights_w60__tcn__r0__w60__fold_2__seed_42,42,0.8098518773682397,0.789924938022536,0.6032872792035616,0.7578857630008525,1.1222095146508473,0.3746068934717887,60,B,class_weights
g4_b_class_weights_w60,17,2,G4,0.000125,tcn,R0,G4__g4_b_class_weights_w60__tcn__r0__w60__fold_2__seed_42,42,0.8046848088184636,0.7863393350794033,0.5993654968246945,0.7536231884057971,1.1271007866912282,0.37854692059706335,60,B,class_weights
g4_b_class_weights_w60,18,2,G4,0.000125,tcn,R0,G4__g4_b_class_weights_w60__tcn__r0__w60__fold_2__seed_42,42,0.8029624526352049,0.7842744858438214,0.5955640386770591,0.7553282182438192,1.1331784663704452,0.3795033390884542,60,B,class_weights
g4_b_class_weights_w60,19,2,G4,0.000125,tcn,R0,G4__g4_b_class_weights_w60__tcn__r0__w60__fold_2__seed_42,42,0.8060626937650707,0.7811016680822264,0.5994977957263202,0.7536231884057971,1.1384833854990746,0.38522875778233096,60,B,class_weights
g4_b_class_weights_w60,1,3,G4,0.001,tcn,R0,G4__g4_b_class_weights_w60__tcn__r0__w60__fold_3__seed_42,42,0.19993941229930323,1.083145302990934,0.11137299623337343,0.13987836663770634,1.1235316818843812,0.08528299668855656,60,B,class_weights
g4_b_class_weights_w60,2,3,G4,0.001,tcn,R0,G4__g4_b_class_weights_w60__tcn__r0__w60__fold_3__seed_42,42,0.40109057861254166,1.0022657085678426,0.3053730502983608,0.578627280625543,1.115505384943156,0.3448127421795712,60,B,class_weights
g4_b_class_weights_w60,3,3,G4,0.001,tcn,R0,G4__g4_b_class_weights_w60__tcn__r0__w60__fold_3__seed_42,42,0.6882762799151773,0.9256267508424726,0.44684588419293614,0.6455256298870548,1.1183436550750203,0.390837674687836,60,B,class_weights
g4_b_class_weights_w60,4,3,G4,0.001,tcn,R0,G4__g4_b_class_weights_w60__tcn__r0__w60__fold_3__seed_42,42,0.8239927294759164,0.8566997883103898,0.5808416870576473,0.7471763683753258,1.1831304072090898,0.39384059125073234,60,B,class_weights
g4_b_class_weights_w60,5,3,G4,0.001,tcn,R0,G4__g4_b_class_weights_w60__tcn__r0__w60__fold_3__seed_42,42,0.839139654650106,0.8435400535900713,0.5828183888942912,0.6794092093831451,1.2966722332840894,0.38222897669706174,60,B,class_weights
g4_b_class_weights_w60,6,3,G4,0.001,tcn,R0,G4__g4_b_class_weights_w60__tcn__r0__w60__fold_3__seed_42,42,0.807028173280824,0.8279190795308206,0.5775623374236084,0.629887054735013,1.287402113037043,0.3781390351144074,60,B,class_weights
g4_b_class_weights_w60,7,3,G4,0.001,tcn,R0,G4__g4_b_class_weights_w60__tcn__r0__w60__fold_3__seed_42,42,0.7961223871554075,0.8043772254846776,0.5725631088220986,0.7254561251086012,1.2494542547457121,0.38233467359680956,60,B,class_weights
g4_b_class_weights_w60,8,3,G4,0.001,tcn,R0,G4__g4_b_class_weights_w60__tcn__r0__w60__fold_3__seed_42,42,0.8397455316570737,0.7687613896368779,0.6150623505279382,0.7437011294526499,1.2955447610671575,0.39067205387205384,60,B,class_weights
g4_b_class_weights_w60,9,3,G4,0.0005,tcn,R0,G4__g4_b_class_weights_w60__tcn__r0__w60__fold_3__seed_42,42,0.8533777643138443,0.7576672874122488,0.6401020595027903,0.7419635099913119,1.2820527425131314,0.38956889152967583,60,B,class_weights
g4_b_class_weights_w60,10,3,G4,0.0005,tcn,R0,G4__g4_b_class_weights_w60__tcn__r0__w60__fold_3__seed_42,42,0.8506513177824901,0.744300420827412,0.6437521067584825,0.731537793223284,1.2776563152554343,0.38657876943881003,60,B,class_weights
g4_b_class_weights_w60,11,3,G4,0.0005,tcn,R0,G4__g4_b_class_weights_w60__tcn__r0__w60__fold_3__seed_42,42,0.8306573765525598,0.7292761743989579,0.6143905207657485,0.7098175499565595,1.2870770511577483,0.3776260601489832,60,B,class_weights
g4_b_class_weights_w60,12,3,G4,0.0005,tcn,R0,G4__g4_b_class_weights_w60__tcn__r0__w60__fold_3__seed_42,42,0.8161163283853378,0.7193199369229175,0.5928349660344051,0.7150304083405734,1.3451014850887395,0.38105966285251275,60,B,class_weights
g4_b_class_weights_w60,13,3,G4,0.00025,tcn,R0,G4__g4_b_class_weights_w60__tcn__r0__w60__fold_3__seed_42,42,0.8155104513783702,0.71272660721002,0.589706052147886,0.7237185056472633,1.379900333054888,0.383676386924898,60,B,class_weights
g4_b_class_weights_w60,14,3,G4,0.00025,tcn,R0,G4__g4_b_class_weights_w60__tcn__r0__w60__fold_3__seed_42,42,0.8273250530142381,0.7041830161202138,0.6071021868704246,0.7280625543006082,1.4173650948976455,0.38589103928983803,60,B,class_weights
g4_b_class_weights_w60,15,3,G4,0.00025,tcn,R0,G4__g4_b_class_weights_w60__tcn__r0__w60__fold_3__seed_42,42,0.8330808845804302,0.697191875799249,0.613324302092001,0.7298001737619462,1.44003506433332,0.38773486356385606,60,B,class_weights
g4_b_class_weights_w60,16,3,G4,0.00025,tcn,R0,G4__g4_b_class_weights_w60__tcn__r0__w60__fold_3__seed_42,42,0.8345955770978492,0.6937326083974887,0.6165139957912341,0.7298001737619462,1.4645158310852084,0.38642526021166795,60,B,class_weights
g4_b_class_weights_w60,17,3,G4,0.000125,tcn,R0,G4__g4_b_class_weights_w60__tcn__r0__w60__fold_3__seed_42,42,0.8364132081187519,0.6937231314395349,0.620572625110721,0.731537793223284,1.4750342466694495,0.3868437402920161,60,B,class_weights
g4_b_class_weights_w60,18,3,G4,0.000125,tcn,R0,G4__g4_b_class_weights_w60__tcn__r0__w60__fold_3__seed_42,42,0.8388367161466223,0.6875770001547223,0.6215598783196081,0.731537793223284,1.48250122721769,0.3868437402920161,60,B,class_weights
g4_b_class_weights_w60,19,3,G4,0.000125,tcn,R0,G4__g4_b_class_weights_w60__tcn__r0__w60__fold_3__seed_42,42,0.8358073311117843,0.6897322847893006,0.6185870605139692,0.7280625543006082,1.4874151164712748,0.38704729179056807,60,B,class_weights
g4_b_class_weights_w60,1,4,G4,0.001,tcn,R0,G4__g4_b_class_weights_w60__tcn__r0__w60__fold_4__seed_42,42,0.18543402311206664,1.0766695781729292,0.10452623514892545,0.09155555555555556,1.132083202150133,0.0580004326448425,60,B,class_weights
g4_b_class_weights_w60,2,4,G4,0.001,tcn,R0,G4__g4_b_class_weights_w60__tcn__r0__w60__fold_4__seed_42,42,0.4461166353130879,0.9942953556784055,0.33396001055935187,0.6035555555555555,1.1131276796129015,0.3851752138665214,60,B,class_weights
g4_b_class_weights_w60,3,4,G4,0.001,tcn,R0,G4__g4_b_class_weights_w60__tcn__r0__w60__fold_4__seed_42,42,0.7651169040580489,0.9139249848121278,0.552484662421438,0.6666666666666666,1.1092527414957682,0.40076565451430907,60,B,class_weights
g4_b_class_weights_w60,4,4,G4,0.001,tcn,R0,G4__g4_b_class_weights_w60__tcn__r0__w60__fold_4__seed_42,42,0.8207471109916689,0.8389066987318302,0.5800693986929107,0.7217777777777777,1.12115749168396,0.41639273351049894,60,B,class_weights
g4_b_class_weights_w60,5,4,G4,0.001,tcn,R0,G4__g4_b_class_weights_w60__tcn__r0__w60__fold_4__seed_42,42,0.8511152915882827,0.8237207454079359,0.5926280360177424,0.7048888888888889,1.2195283351474338,0.41108828747487564,60,B,class_weights
g4_b_class_weights_w60,6,4,G4,0.001,tcn,R0,G4__g4_b_class_weights_w60__tcn__r0__w60__fold_4__seed_42,42,0.7836603063692555,0.8251610905596788,0.5337548854431349,0.6631111111111111,1.2088596204121909,0.40328690127077227,60,B,class_weights
g4_b_class_weights_w60,7,4,G4,0.001,tcn,R0,G4__g4_b_class_weights_w60__tcn__r0__w60__fold_4__seed_42,42,0.8000537489922064,0.7845929637771561,0.5774964498717675,0.6933333333333334,1.1677346983485752,0.39961040523303054,60,B,class_weights
g4_b_class_weights_w60,8,4,G4,0.001,tcn,R0,G4__g4_b_class_weights_w60__tcn__r0__w60__fold_4__seed_42,42,0.8366030636925558,0.7666722649017094,0.5927380253823661,0.7582222222222222,1.1531073577139113,0.39075179911192776,60,B,class_weights
g4_b_class_weights_w60,9,4,G4,0.0005,tcn,R0,G4__g4_b_class_weights_w60__tcn__r0__w60__fold_4__seed_42,42,0.8524590163934426,0.7514215045095739,0.6139647740376742,0.7457777777777778,1.1259962694909837,0.40406550011372944,60,B,class_weights
g4_b_class_weights_w60,10,4,G4,0.0005,tcn,R0,G4__g4_b_class_weights_w60__tcn__r0__w60__fold_4__seed_42,42,0.8250470303681806,0.7431163700220886,0.589334438544506,0.7093333333333334,1.1249224406878153,0.39945123151810086,60,B,class_weights
g4_b_class_weights_w60,11,4,G4,0.0005,tcn,R0,G4__g4_b_class_weights_w60__tcn__r0__w60__fold_4__seed_42,42,0.8129535071217414,0.7319284735652459,0.5900821444736485,0.6942222222222222,1.162160913043552,0.38805462258717555,60,B,class_weights
g4_b_class_weights_w60,12,4,G4,0.0005,tcn,R0,G4__g4_b_class_weights_w60__tcn__r0__w60__fold_4__seed_42,42,0.8180596613813491,0.7235763854988158,0.5913501410737,0.6862222222222222,1.2035562465455798,0.38336864490838823,60,B,class_weights
g4_b_class_weights_w60,13,4,G4,0.00025,tcn,R0,G4__g4_b_class_weights_w60__tcn__r0__w60__fold_4__seed_42,42,0.8228970706799248,0.7105763685603963,0.5929543420971992,0.6915555555555556,1.2180097069210476,0.38672295073504753,60,B,class_weights
g4_b_class_weights_w60,14,4,G4,0.00025,tcn,R0,G4__g4_b_class_weights_w60__tcn__r0__w60__fold_4__seed_42,42,0.8237033055630207,0.7073187691266419,0.5936462251471285,0.6853333333333333,1.2137971815533108,0.38376111139686797,60,B,class_weights
g4_b_class_weights_w60,15,4,G4,0.00025,tcn,R0,G4__g4_b_class_weights_w60__tcn__r0__w60__fold_4__seed_42,42,0.8159097016930933,0.7004604024676923,0.5907998720357129,0.6853333333333333,1.2078374894460042,0.38508566848549014,60,B,class_weights
g4_b_class_weights_w60,16,4,G4,0.00025,tcn,R0,G4__g4_b_class_weights_w60__tcn__r0__w60__fold_4__seed_42,42,0.820478366030637,0.6941146899121835,0.594197262361045,0.6986666666666667,1.2389181638823614,0.39021409813157293,60,B,class_weights
g4_b_class_weights_w60,17,4,G4,0.000125,tcn,R0,G4__g4_b_class_weights_w60__tcn__r0__w60__fold_4__seed_42,42,0.8363343187315238,0.692030074919337,0.6082262191282418,0.7013333333333334,1.2502776778009204,0.3929101665055765,60,B,class_weights
g4_b_class_weights_w60,18,4,G4,0.000125,tcn,R0,G4__g4_b_class_weights_w60__tcn__r0__w60__fold_4__seed_42,42,0.8374092985756517,0.6883134938189818,0.6079299790532681,0.6986666666666667,1.249948419464959,0.3914777758243913,60,B,class_weights
g4_b_class_weights_w60,19,4,G4,0.000125,tcn,R0,G4__g4_b_class_weights_w60__tcn__r0__w60__fold_4__seed_42,42,0.8392905133028755,0.6872606993170074,0.6124079460719063,0.7013333333333334,1.2601070869763693,0.3929101665055765,60,B,class_weights
g4_c_weighted_sampling_w150,1,1,G4,0.001,transformer,R0,G4__g4_c_weighted_sampling_w150__transformer__r0__w150__fold_1__seed_42,42,0.5730902232002515,0.9907281819059953,0.46333029878091536,0.6606060606060606,0.8551066610204193,0.2853056011676702,150,C,weighted_sampling
g4_c_weighted_sampling_w150,2,1,G4,0.001,transformer,R0,G4__g4_c_weighted_sampling_w150__transformer__r0__w150__fold_1__seed_42,42,0.7208425023577492,0.8156547180439309,0.7061261952509339,0.6718614718614718,0.9172997427709175,0.3884078973334865,150,C,weighted_sampling
g4_c_weighted_sampling_w150,3,1,G4,0.001,transformer,R0,G4__g4_c_weighted_sampling_w150__transformer__r0__w150__fold_1__seed_42,42,0.8167243005344231,0.7151730826574839,0.8136628836886638,0.6779220779220779,0.9358296997619397,0.3947498047696281,150,C,weighted_sampling
g4_c_weighted_sampling_w150,4,1,G4,0.001,transformer,R0,G4__g4_c_weighted_sampling_w150__transformer__r0__w150__fold_1__seed_42,42,0.8274127632819868,0.6615902018487098,0.8212903715257115,0.6909090909090909,0.8961942621639797,0.40242947508902854,150,C,weighted_sampling
g4_c_weighted_sampling_w150,5,1,G4,0.001,transformer,R0,G4__g4_c_weighted_sampling_w150__transformer__r0__w150__fold_1__seed_42,42,0.8572775856648852,0.5593488122149483,0.8511138192473707,0.6891774891774892,0.9541237552960714,0.40112170733319646,150,C,weighted_sampling
g4_c_weighted_sampling_w150,6,1,G4,0.001,transformer,R0,G4__g4_c_weighted_sampling_w150__transformer__r0__w150__fold_1__seed_42,42,0.8437598239547313,0.5071267802098456,0.8404858408521759,0.6865800865800866,0.9918706448563249,0.4018493643770193,150,C,weighted_sampling
g4_c_weighted_sampling_w150,7,1,G4,0.001,transformer,R0,G4__g4_c_weighted_sampling_w150__transformer__r0__w150__fold_1__seed_42,42,0.8607356177302735,0.45735783844539785,0.8605112299238384,0.6943722943722944,0.9607449345258408,0.40652751260093506,150,C,weighted_sampling
g4_c_weighted_sampling_w150,8,1,G4,0.001,transformer,R0,G4__g4_c_weighted_sampling_w150__transformer__r0__w150__fold_1__seed_42,42,0.8513046211883055,0.44446277539709833,0.8496515902749943,0.6995670995670996,0.9387617099336731,0.40501273560876205,150,C,weighted_sampling
g4_c_weighted_sampling_w150,9,1,G4,0.001,transformer,R0,G4__g4_c_weighted_sampling_w150__transformer__r0__w150__fold_1__seed_42,42,0.8371581263753537,0.4201510491722674,0.8345919153513789,0.7004329004329004,0.9392971310264621,0.4056742978373073,150,C,weighted_sampling
g4_c_weighted_sampling_w150,10,1,G4,0.001,transformer,R0,G4__g4_c_weighted_sampling_w150__transformer__r0__w150__fold_1__seed_42,42,0.8469034894687205,0.40993733163975726,0.8431352346476473,0.7212121212121212,0.9041661896746912,0.4232512985568683,150,C,weighted_sampling
g4_c_weighted_sampling_w150,11,1,G4,0.001,transformer,R0,G4__g4_c_weighted_sampling_w150__transformer__r0__w150__fold_1__seed_42,42,0.858220685319082,0.399964289877333,0.8553624696209604,0.7090909090909091,0.9771237045655519,0.4103804846887851,150,C,weighted_sampling
g4_c_weighted_sampling_w150,12,1,G4,0.001,transformer,R0,G4__g4_c_weighted_sampling_w150__transformer__r0__w150__fold_1__seed_42,42,0.8588494184218799,0.37802012294240434,0.8550685474262458,0.696969696969697,1.0268437390719658,0.40234713480752693,150,C,weighted_sampling
g4_c_weighted_sampling_w150,13,1,G4,0.001,transformer,R0,G4__g4_c_weighted_sampling_w150__transformer__r0__w150__fold_1__seed_42,42,0.8601068846274756,0.3736649638300083,0.8586904268813957,0.7151515151515152,0.9281073533095323,0.41095446443040023,150,C,weighted_sampling
g4_c_weighted_sampling_w150,14,1,G4,0.001,transformer,R0,G4__g4_c_weighted_sampling_w150__transformer__r0__w150__fold_1__seed_42,42,0.8745677459918265,0.3431523173101216,0.8715168637211107,0.7177489177489178,0.933242337579851,0.40893679336138994,150,C,weighted_sampling
g4_c_weighted_sampling_w150,15,1,G4,0.0005,transformer,R0,G4__g4_c_weighted_sampling_w150__transformer__r0__w150__fold_1__seed_42,42,0.8597925180760767,0.35002799612739033,0.8580990959081761,0.7177489177489178,0.9204976678926707,0.40837191764430697,150,C,weighted_sampling
g4_c_weighted_sampling_w150,16,1,G4,0.0005,transformer,R0,G4__g4_c_weighted_sampling_w150__transformer__r0__w150__fold_1__seed_42,42,0.8660798491040553,0.3411464502660781,0.8642710077212562,0.7186147186147186,0.8991549169346368,0.4111971967188868,150,C,weighted_sampling
g4_c_weighted_sampling_w150,17,1,G4,0.0005,transformer,R0,G4__g4_c_weighted_sampling_w150__transformer__r0__w150__fold_1__seed_42,42,0.8748821125432255,0.3279723547157796,0.8765422334830971,0.7186147186147186,0.8913315828744467,0.41121533205952177,150,C,weighted_sampling
g4_c_weighted_sampling_w150,18,1,G4,0.0005,transformer,R0,G4__g4_c_weighted_sampling_w150__transformer__r0__w150__fold_1__seed_42,42,0.8745677459918265,0.31458349906772387,0.8726719126920089,0.7125541125541126,0.8992144666192852,0.40829863028406654,150,C,weighted_sampling
g4_c_weighted_sampling_w150,19,1,G4,0.00025,transformer,R0,G4__g4_c_weighted_sampling_w150__transformer__r0__w150__fold_1__seed_42,42,0.8783401446086136,0.31591204929299344,0.876078738509522,0.7090909090909091,0.9003096139276182,0.40591199606686335,150,C,weighted_sampling
g4_c_weighted_sampling_w150,20,1,G4,0.00025,transformer,R0,G4__g4_c_weighted_sampling_w150__transformer__r0__w150__fold_1__seed_42,42,0.8745677459918265,0.3171287709926142,0.8733135616979325,0.7125541125541126,0.8886069811783828,0.40816777041942603,150,C,weighted_sampling
g4_c_weighted_sampling_w150,21,1,G4,0.00025,transformer,R0,G4__g4_c_weighted_sampling_w150__transformer__r0__w150__fold_1__seed_42,42,0.8638792832442628,0.333373932550254,0.8657786172431244,0.7108225108225108,0.8752960890918583,0.40868257752915466,150,C,weighted_sampling
g4_c_weighted_sampling_w150,22,1,G4,0.00025,transformer,R0,G4__g4_c_weighted_sampling_w150__transformer__r0__w150__fold_1__seed_42,42,0.8761395787488211,0.30753408645504265,0.8752298554447467,0.7073593073593074,0.869332556084637,0.40704184117355235,150,C,weighted_sampling
g4_c_weighted_sampling_w150,23,1,G4,0.000125,transformer,R0,G4__g4_c_weighted_sampling_w150__transformer__r0__w150__fold_1__seed_42,42,0.8704809808236403,0.3145537673209082,0.8688979355709279,0.7082251082251082,0.864186205956843,0.4076020313838236,150,C,weighted_sampling
g4_c_weighted_sampling_w150,24,1,G4,0.000125,transformer,R0,G4__g4_c_weighted_sampling_w150__transformer__r0__w150__fold_1__seed_42,42,0.867966048412449,0.32224798208604405,0.8678138401369546,0.70995670995671,0.8566456440723303,0.4076960849962055,150,C,weighted_sampling
g4_c_weighted_sampling_w150,25,1,G4,0.000125,transformer,R0,G4__g4_c_weighted_sampling_w150__transformer__r0__w150__fold_1__seed_42,42,0.8701666142722414,0.31891733775233294,0.8701486168088048,0.70995670995671,0.8525703471460384,0.4066808435229488,150,C,weighted_sampling
g4_c_weighted_sampling_w150,1,2,G4,0.001,transformer,R0,G4__g4_c_weighted_sampling_w150__transformer__r0__w150__fold_2__seed_42,42,0.5695317959468903,0.9415779728976102,0.4753647633816504,0.7629310344827587,0.6833759180430709,0.3210680089097168,150,C,weighted_sampling
g4_c_weighted_sampling_w150,2,2,G4,0.001,transformer,R0,G4__g4_c_weighted_sampling_w150__transformer__r0__w150__fold_2__seed_42,42,0.686932215234102,0.8188561473502552,0.6822691642745088,0.7232758620689655,0.7756879091262817,0.3504058424621805,150,C,weighted_sampling
g4_c_weighted_sampling_w150,3,2,G4,0.001,transformer,R0,G4__g4_c_weighted_sampling_w150__transformer__r0__w150__fold_2__seed_42,42,0.7606568832983928,0.745191649862472,0.7615519082472121,0.6887931034482758,0.8573292687021453,0.34136327634067665,150,C,weighted_sampling
g4_c_weighted_sampling_w150,4,2,G4,0.001,transformer,R0,G4__g4_c_weighted_sampling_w150__transformer__r0__w150__fold_2__seed_42,42,0.7833682739343116,0.7098642467702709,0.7843975238035755,0.6974137931034483,0.836191005131294,0.34239083718295754,150,C,weighted_sampling
g4_c_weighted_sampling_w150,5,2,G4,0.001,transformer,R0,G4__g4_c_weighted_sampling_w150__transformer__r0__w150__fold_2__seed_42,42,0.7791754018169113,0.6998621643964099,0.7810946687886062,0.728448275862069,0.7913233234964568,0.3587981979460155,150,C,weighted_sampling
g4_c_weighted_sampling_w150,6,2,G4,0.001,transformer,R0,G4__g4_c_weighted_sampling_w150__transformer__r0__w150__fold_2__seed_42,42,0.793151642208246,0.6219273519466009,0.7951105748784143,0.728448275862069,0.8013469839918202,0.3565972096248191,150,C,weighted_sampling
g4_c_weighted_sampling_w150,7,2,G4,0.001,transformer,R0,G4__g4_c_weighted_sampling_w150__transformer__r0__w150__fold_2__seed_42,42,0.7990915443745632,0.5976194594807761,0.8012270793236779,0.7120689655172414,0.8327301526891774,0.34406483365210083,150,C,weighted_sampling
g4_c_weighted_sampling_w150,8,2,G4,0.001,transformer,R0,G4__g4_c_weighted_sampling_w150__transformer__r0__w150__fold_2__seed_42,42,0.8137665967854647,0.5610956223505847,0.8157074879811012,0.6948275862068966,0.8538844112692208,0.3375187092798028,150,C,weighted_sampling
g4_c_weighted_sampling_w150,9,2,G4,0.001,transformer,R0,G4__g4_c_weighted_sampling_w150__transformer__r0__w150__fold_2__seed_42,42,0.8186582809224319,0.5175604301262036,0.820172301830573,0.7060344827586207,0.8343036014458228,0.3456773436249489,150,C,weighted_sampling
g4_c_weighted_sampling_w150,10,2,G4,0.0005,transformer,R0,G4__g4_c_weighted_sampling_w150__transformer__r0__w150__fold_2__seed_42,42,0.8221523410202656,0.517864616620299,0.823749391949938,0.7129310344827586,0.8137038650183842,0.34901457099732963,150,C,weighted_sampling
g4_c_weighted_sampling_w150,11,2,G4,0.0005,transformer,R0,G4__g4_c_weighted_sampling_w150__transformer__r0__w150__fold_2__seed_42,42,0.8204053109713487,0.5204658045958673,0.822186767214311,0.7137931034482758,0.814770611401262,0.35206756463790523,150,C,weighted_sampling
g4_c_weighted_sampling_w150,12,2,G4,0.0005,transformer,R0,G4__g4_c_weighted_sampling_w150__transformer__r0__w150__fold_2__seed_42,42,0.8252969951083159,0.5000333717492474,0.8264843952967268,0.6948275862068966,0.8507840366199099,0.34576041162267485,150,C,weighted_sampling
g4_c_weighted_sampling_w150,13,2,G4,0.0005,transformer,R0,G4__g4_c_weighted_sampling_w150__transformer__r0__w150__fold_2__seed_42,42,0.8242487770789657,0.4983148649386973,0.8242785139990896,0.6922413793103448,0.8440698525001262,0.3449827175254256,150,C,weighted_sampling
g4_c_weighted_sampling_w150,14,2,G4,0.00025,transformer,R0,G4__g4_c_weighted_sampling_w150__transformer__r0__w150__fold_2__seed_42,42,0.8197064989517819,0.48602962454326665,0.8211052461703711,0.6905172413793104,0.8426682073494484,0.34353021250850785,150,C,weighted_sampling
g4_c_weighted_sampling_w150,15,2,G4,0.00025,transformer,R0,G4__g4_c_weighted_sampling_w150__transformer__r0__w150__fold_2__seed_42,42,0.8308874912648497,0.46191205085365195,0.83168004631563,0.6887931034482758,0.8478692913877552,0.3436258941972019,150,C,weighted_sampling
g4_c_weighted_sampling_w150,16,2,G4,0.00025,transformer,R0,G4__g4_c_weighted_sampling_w150__transformer__r0__w150__fold_2__seed_42,42,0.8266946191474493,0.4768970953593464,0.8258016567409259,0.6896551724137931,0.8466474339879793,0.3443564234831737,150,C,weighted_sampling
g4_c_weighted_sampling_w150,17,2,G4,0.00025,transformer,R0,G4__g4_c_weighted_sampling_w150__transformer__r0__w150__fold_2__seed_42,42,0.8445143256464012,0.45012096738915275,0.8443283404205847,0.6887931034482758,0.845438040947092,0.3402349339456258,150,C,weighted_sampling
g4_c_weighted_sampling_w150,18,2,G4,0.000125,transformer,R0,G4__g4_c_weighted_sampling_w150__transformer__r0__w150__fold_2__seed_42,42,0.8480083857442348,0.46225717686673795,0.8482841576447037,0.6905172413793104,0.8433962036823405,0.3409090909090909,150,C,weighted_sampling
g4_c_weighted_sampling_w150,19,2,G4,0.000125,transformer,R0,G4__g4_c_weighted_sampling_w150__transformer__r0__w150__fold_2__seed_42,42,0.860587002096436,0.4351750727427914,0.858921556077027,0.6913793103448276,0.8392420776959123,0.3408599042483562,150,C,weighted_sampling
g4_c_weighted_sampling_w150,20,2,G4,0.000125,transformer,R0,G4__g4_c_weighted_sampling_w150__transformer__r0__w150__fold_2__seed_42,42,0.8556953179594688,0.45237190137369326,0.855144105512503,0.6931034482758621,0.8353347811205634,0.34102009641518044,150,C,weighted_sampling
g4_c_weighted_sampling_w150,1,3,G4,0.001,transformer,R0,G4__g4_c_weighted_sampling_w150__transformer__r0__w150__fold_3__seed_42,42,0.6212818153940509,0.8829531747115532,0.5165075390237878,0.6622222222222223,0.800698460261027,0.3505540334855404,150,C,weighted_sampling
g4_c_weighted_sampling_w150,2,3,G4,0.001,transformer,R0,G4__g4_c_weighted_sampling_w150__transformer__r0__w150__fold_3__seed_42,42,0.7761422876418277,0.7396485048070052,0.7718159859464206,0.6382222222222222,0.9542688808043798,0.35173707815217253,150,C,weighted_sampling
g4_c_weighted_sampling_w150,3,3,G4,0.001,transformer,R0,G4__g4_c_weighted_sampling_w150__transformer__r0__w150__fold_3__seed_42,42,0.8350199325360319,0.6467814854192281,0.836491311952213,0.6373333333333333,0.9903104382753373,0.3536765201687497,150,C,weighted_sampling
g4_c_weighted_sampling_w150,4,3,G4,0.001,transformer,R0,G4__g4_c_weighted_sampling_w150__transformer__r0__w150__fold_3__seed_42,42,0.8316467341306347,0.5950783991404232,0.8329496816773938,0.6631111111111111,0.8913283965190252,0.35866570846808,150,C,weighted_sampling
g4_c_weighted_sampling_w150,5,3,G4,0.001,transformer,R0,G4__g4_c_weighted_sampling_w150__transformer__r0__w150__fold_3__seed_42,42,0.8365532045384851,0.5261033190261802,0.8376656976470369,0.7102222222222222,0.8178631732596291,0.3817143155940756,150,C,weighted_sampling
g4_c_weighted_sampling_w150,6,3,G4,0.001,transformer,R0,G4__g4_c_weighted_sampling_w150__transformer__r0__w150__fold_3__seed_42,42,0.8546458141674333,0.4648635141398416,0.8564739340687448,0.7244444444444444,0.7713383793301053,0.39192085926842973,150,C,weighted_sampling
g4_c_weighted_sampling_w150,7,3,G4,0.001,transformer,R0,G4__g4_c_weighted_sampling_w150__transformer__r0__w150__fold_3__seed_42,42,0.8610855565777369,0.4345799523677902,0.8600479824808226,0.7244444444444444,0.7482100695768992,0.39158219751604273,150,C,weighted_sampling
g4_c_weighted_sampling_w150,8,3,G4,0.001,transformer,R0,G4__g4_c_weighted_sampling_w150__transformer__r0__w150__fold_3__seed_42,42,0.8515792701625269,0.42748641170851476,0.8507814810502626,0.7111111111111111,0.7863717448446486,0.38436831848025577,150,C,weighted_sampling
g4_c_weighted_sampling_w150,9,3,G4,0.001,transformer,R0,G4__g4_c_weighted_sampling_w150__transformer__r0__w150__fold_3__seed_42,42,0.8638454461821528,0.4221137307952131,0.8636848238913742,0.6942222222222222,0.8050328782134586,0.3758880586965481,150,C,weighted_sampling
g4_c_weighted_sampling_w150,10,3,G4,0.001,transformer,R0,G4__g4_c_weighted_sampling_w150__transformer__r0__w150__fold_3__seed_42,42,0.8770315854032505,0.3926343410083101,0.8779651296767206,0.7031111111111111,0.7897739796108669,0.3832058317339317,150,C,weighted_sampling
g4_c_weighted_sampling_w150,11,3,G4,0.0005,transformer,R0,G4__g4_c_weighted_sampling_w150__transformer__r0__w150__fold_3__seed_42,42,0.8681386077890217,0.39847511974297867,0.8678646862119956,0.7102222222222222,0.7863627383973864,0.3880058115669627,150,C,weighted_sampling
g4_c_weighted_sampling_w150,12,3,G4,0.0005,transformer,R0,G4__g4_c_weighted_sampling_w150__transformer__r0__w150__fold_3__seed_42,42,0.8739650413983441,0.3974838935042115,0.8751054523342736,0.7137777777777777,0.7976809890535143,0.39111426111939346,150,C,weighted_sampling
g4_c_weighted_sampling_w150,13,3,G4,0.0005,transformer,R0,G4__g4_c_weighted_sampling_w150__transformer__r0__w150__fold_3__seed_42,42,0.8807114382091383,0.38137665305061597,0.8803221187379636,0.712,0.8161311306820975,0.3898456867648825,150,C,weighted_sampling
g4_c_weighted_sampling_w150,14,3,G4,0.0005,transformer,R0,G4__g4_c_weighted_sampling_w150__transformer__r0__w150__fold_3__seed_42,42,0.8819380558111009,0.3666066932590488,0.8811888279546038,0.7217777777777777,0.7935131834348043,0.397651669850471,150,C,weighted_sampling
g4_c_weighted_sampling_w150,15,3,G4,0.0005,transformer,R0,G4__g4_c_weighted_sampling_w150__transformer__r0__w150__fold_3__seed_42,42,0.8782582030052132,0.37459639297859393,0.8767831451602192,0.7271111111111112,0.7780826823049122,0.40037880031968126,150,C,weighted_sampling
g4_c_weighted_sampling_w150,16,3,G4,0.0005,transformer,R0,G4__g4_c_weighted_sampling_w150__transformer__r0__w150__fold_3__seed_42,42,0.8822447102115916,0.3730904517620482,0.8802126235614803,0.7235555555555555,0.7905397139787674,0.3985983295595703,150,C,weighted_sampling
g4_c_weighted_sampling_w150,17,3,G4,0.0005,transformer,R0,G4__g4_c_weighted_sampling_w150__transformer__r0__w150__fold_3__seed_42,42,0.8779515486047225,0.3722144256739191,0.8776129106797033,0.7191111111111111,0.8049794915384716,0.3972010649464803,150,C,weighted_sampling
g4_c_weighted_sampling_w150,18,3,G4,0.0005,transformer,R0,G4__g4_c_weighted_sampling_w150__transformer__r0__w150__fold_3__seed_42,42,0.8892977614228764,0.3610131132368733,0.8890163883706198,0.7182222222222222,0.8131386173433728,0.39647310742121933,150,C,weighted_sampling
g4_c_weighted_sampling_w150,19,3,G4,0.0005,transformer,R0,G4__g4_c_weighted_sampling_w150__transformer__r0__w150__fold_3__seed_42,42,0.8804047838086476,0.37188689775790074,0.8808307235307219,0.7271111111111112,0.7783558490673701,0.4000219040308939,150,C,weighted_sampling
g4_c_weighted_sampling_w150,20,3,G4,0.00025,transformer,R0,G4__g4_c_weighted_sampling_w150__transformer__r0__w150__fold_3__seed_42,42,0.8721251149954001,0.38149183066444725,0.8712462725739455,0.728,0.7699331052568223,0.39895567947152116,150,C,weighted_sampling
g4_c_weighted_sampling_w150,21,3,G4,0.00025,transformer,R0,G4__g4_c_weighted_sampling_w150__transformer__r0__w150__fold_3__seed_42,42,0.8840846366145354,0.3588347654973609,0.8829533519183249,0.7288888888888889,0.7652879779736201,0.3991727780838665,150,C,weighted_sampling
g4_c_weighted_sampling_w150,22,3,G4,0.00025,transformer,R0,G4__g4_c_weighted_sampling_w150__transformer__r0__w150__fold_3__seed_42,42,0.8945108862312174,0.33278284292943416,0.8934647219700952,0.7244444444444444,0.7752533638742235,0.39688176406926406,150,C,weighted_sampling
g4_c_weighted_sampling_w150,23,3,G4,0.00025,transformer,R0,G4__g4_c_weighted_sampling_w150__transformer__r0__w150__fold_3__seed_42,42,0.8607789021772463,0.39390656588743594,0.8625039765340654,0.7262222222222222,0.7745962461100684,0.39731765818722337,150,C,weighted_sampling
g4_c_weighted_sampling_w150,24,3,G4,0.000125,transformer,R0,G4__g4_c_weighted_sampling_w150__transformer__r0__w150__fold_3__seed_42,42,0.8788715118061944,0.3601418176848111,0.8785121006703472,0.7226666666666667,0.7778969179656771,0.3962331605375628,150,C,weighted_sampling
g4_c_weighted_sampling_w150,25,3,G4,0.000125,transformer,R0,G4__g4_c_weighted_sampling_w150__transformer__r0__w150__fold_3__seed_42,42,0.8782582030052132,0.35663710737001747,0.8770667357769789,0.7182222222222222,0.7810167637533612,0.39368714449152503,150,C,weighted_sampling
g4_c_weighted_sampling_w150,26,3,G4,0.000125,transformer,R0,G4__g4_c_weighted_sampling_w150__transformer__r0__w150__fold_3__seed_42,42,0.8675252989880404,0.38123042424995085,0.8679598178624488,0.7155555555555555,0.783292154431343,0.39217308530607525,150,C,weighted_sampling
g4_c_weighted_sampling_w150,27,3,G4,0.000125,transformer,R0,G4__g4_c_weighted_sampling_w150__transformer__r0__w150__fold_3__seed_42,42,0.8945108862312174,0.3364153180028061,0.8941518864509589,0.7164444444444444,0.7840680332978567,0.3933412799976612,150,C,weighted_sampling
g4_c_weighted_sampling_w150,28,3,G4,6.25e-05,transformer,R0,G4__g4_c_weighted_sampling_w150__transformer__r0__w150__fold_3__seed_42,42,0.889604415823367,0.3378168444935437,0.8886959156901094,0.7164444444444444,0.7839135198195776,0.3930587815216661,150,C,weighted_sampling
g4_c_weighted_sampling_w150,29,3,G4,6.25e-05,transformer,R0,G4__g4_c_weighted_sampling_w150__transformer__r0__w150__fold_3__seed_42,42,0.890524379024839,0.340850811535067,0.8901217499582511,0.7173333333333334,0.7837259651819865,0.3935621253574875,150,C,weighted_sampling
g4_c_weighted_sampling_w150,30,3,G4,6.25e-05,transformer,R0,G4__g4_c_weighted_sampling_w150__transformer__r0__w150__fold_3__seed_42,42,0.8822447102115916,0.3586698852774191,0.8812707955952476,0.7173333333333334,0.7851421979665756,0.3935621253574875,150,C,weighted_sampling
g4_c_weighted_sampling_w150,1,4,G4,0.001,transformer,R0,G4__g4_c_weighted_sampling_w150__transformer__r0__w150__fold_4__seed_42,42,0.5995112679880532,0.8773574146148533,0.5087688323643481,0.7158371040723982,0.7622505561258998,0.35532731693507635,150,C,weighted_sampling
g4_c_weighted_sampling_w150,2,4,G4,0.001,transformer,R0,G4__g4_c_weighted_sampling_w150__transformer__r0__w150__fold_4__seed_42,42,0.757263100733098,0.7300199475781671,0.7555379080360982,0.6733031674208145,0.9021388273433323,0.358184447222018,150,C,weighted_sampling
g4_c_weighted_sampling_w150,3,4,G4,0.001,transformer,R0,G4__g4_c_weighted_sampling_w150__transformer__r0__w150__fold_4__seed_42,42,0.7941895194135216,0.6689014771759526,0.7942124982163761,0.6624434389140271,0.9885654911736018,0.3866842372329387,150,C,weighted_sampling
g4_c_weighted_sampling_w150,4,4,G4,0.001,transformer,R0,G4__g4_c_weighted_sampling_w150__transformer__r0__w150__fold_4__seed_42,42,0.8145533532446375,0.5954586695368899,0.8142986940627219,0.6714932126696832,0.9522498500293196,0.36273430401086465,150,C,weighted_sampling
g4_c_weighted_sampling_w150,5,4,G4,0.001,transformer,R0,G4__g4_c_weighted_sampling_w150__transformer__r0__w150__fold_4__seed_42,42,0.8254140646212327,0.5464221473430247,0.825428130368576,0.6959276018099547,0.8898558481786046,0.3633744525134508,150,C,weighted_sampling
g4_c_weighted_sampling_w150,6,4,G4,0.001,transformer,R0,G4__g4_c_weighted_sampling_w150__transformer__r0__w150__fold_4__seed_42,42,0.829215313603041,0.4924733120237004,0.8299448189036024,0.6977375565610859,0.9232984186837037,0.3661930828503704,150,C,weighted_sampling
g4_c_weighted_sampling_w150,7,4,G4,0.001,transformer,R0,G4__g4_c_weighted_sampling_w150__transformer__r0__w150__fold_4__seed_42,42,0.8623404833016562,0.43878769597831124,0.8625787539235392,0.6760180995475114,0.9930128858100236,0.3626158318210288,150,C,weighted_sampling
g4_c_weighted_sampling_w150,8,4,G4,0.0005,transformer,R0,G4__g4_c_weighted_sampling_w150__transformer__r0__w150__fold_4__seed_42,42,0.8490361118653271,0.4550477579628486,0.8487523041384497,0.6877828054298643,0.9580321671196778,0.36294467089147403,150,C,weighted_sampling
g4_c_weighted_sampling_w150,9,4,G4,0.0005,transformer,R0,G4__g4_c_weighted_sampling_w150__transformer__r0__w150__fold_4__seed_42,42,0.849307629649742,0.4555149730492182,0.8490447592883724,0.6950226244343891,0.9232406426339128,0.3641320039974827,150,C,weighted_sampling
g4_c_weighted_sampling_w150,10,4,G4,0.0005,transformer,R0,G4__g4_c_weighted_sampling_w150__transformer__r0__w150__fold_4__seed_42,42,0.8623404833016562,0.4257951296851779,0.8612999618801082,0.6941176470588235,0.9369161082608668,0.3632386711971487,150,C,weighted_sampling
g4_c_weighted_sampling_w150,11,4,G4,0.0005,transformer,R0,G4__g4_c_weighted_sampling_w150__transformer__r0__w150__fold_4__seed_42,42,0.8634265544393158,0.4214038670289591,0.8620498755352187,0.6877828054298643,0.9448241104367632,0.3610636797538361,150,C,weighted_sampling
g4_c_weighted_sampling_w150,12,4,G4,0.00025,transformer,R0,G4__g4_c_weighted_sampling_w150__transformer__r0__w150__fold_4__seed_42,42,0.88759163725224,0.3746704910473431,0.8859763211187689,0.6868778280542986,0.9356280722769137,0.3596288058900223,150,C,weighted_sampling
g4_c_weighted_sampling_w150,13,4,G4,0.00025,transformer,R0,G4__g4_c_weighted_sampling_w150__transformer__r0__w150__fold_4__seed_42,42,0.8892207439587293,0.3819103208113843,0.8870085411185583,0.685972850678733,0.928412448550781,0.3582260935180401,150,C,weighted_sampling
g4_c_weighted_sampling_w150,14,4,G4,0.00025,transformer,R0,G4__g4_c_weighted_sampling_w150__transformer__r0__w150__fold_4__seed_42,42,0.8794461037197936,0.3787176050296336,0.8795812073885537,0.685972850678733,0.9234193247367893,0.3570781526369955,150,C,weighted_sampling
g4_c_weighted_sampling_w150,15,4,G4,0.00025,transformer,R0,G4__g4_c_weighted_sampling_w150__transformer__r0__w150__fold_4__seed_42,42,0.8851479771925062,0.38407793071423413,0.8843268576781211,0.685972850678733,0.9138241599587833,0.35663719337066174,150,C,weighted_sampling
g4_c_weighted_sampling_w150,16,4,G4,0.000125,transformer,R0,G4__g4_c_weighted_sampling_w150__transformer__r0__w150__fold_4__seed_42,42,0.8941080640781971,0.35569518492204355,0.8934359526892254,0.6868778280542986,0.9191125141549434,0.35741603088833246,150,C,weighted_sampling
g4_c_weighted_sampling_w150,17,4,G4,0.000125,transformer,R0,G4__g4_c_weighted_sampling_w150__transformer__r0__w150__fold_4__seed_42,42,0.8789030681509639,0.39430508180186374,0.8782010183762844,0.6868778280542986,0.9311252743949717,0.35771847750761077,150,C,weighted_sampling
g4_c_weighted_sampling_w150,18,4,G4,0.000125,transformer,R0,G4__g4_c_weighted_sampling_w150__transformer__r0__w150__fold_4__seed_42,42,0.8775454792288895,0.3926505390842939,0.8760260295156334,0.6868778280542986,0.9319746370229246,0.35699502153605195,150,C,weighted_sampling
g4_c_weighted_sampling_w60,1,1,G4,0.001,lstm,R0,G4__g4_c_weighted_sampling_w60__lstm__r0__w60__fold_1__seed_42,42,0.3390145646110939,1.0913284146309195,0.1970665388983824,0.39152542372881355,1.0921366008661562,0.2462589631862638,60,C,weighted_sampling
g4_c_weighted_sampling_w60,2,1,G4,0.001,lstm,R0,G4__g4_c_weighted_sampling_w60__lstm__r0__w60__fold_1__seed_42,42,0.47474434459250076,1.0642535442680925,0.40959506746490426,0.6720338983050848,1.0923484749713186,0.39831221301646597,60,C,weighted_sampling
g4_c_weighted_sampling_w60,3,1,G4,0.001,lstm,R0,G4__g4_c_weighted_sampling_w60__lstm__r0__w60__fold_1__seed_42,42,0.572048342113418,1.03629486550478,0.5610302946399609,0.6466101694915254,1.095157746541298,0.39044905899979043,60,C,weighted_sampling
g4_c_weighted_sampling_w60,4,1,G4,0.001,lstm,R0,G4__g4_c_weighted_sampling_w60__lstm__r0__w60__fold_1__seed_42,42,0.5773163929346142,1.0001876271838628,0.5732994659826888,0.6466101694915254,1.1138849836284832,0.390957827115364,60,C,weighted_sampling
g4_c_weighted_sampling_w60,5,1,G4,0.001,lstm,R0,G4__g4_c_weighted_sampling_w60__lstm__r0__w60__fold_1__seed_42,42,0.6101642392314843,0.9641790384842879,0.6068283528645725,0.6711864406779661,1.1007782536037898,0.4028284938610278,60,C,weighted_sampling
g4_c_weighted_sampling_w60,6,1,G4,0.001,lstm,R0,G4__g4_c_weighted_sampling_w60__lstm__r0__w60__fold_1__seed_42,42,0.5952897427951658,0.9333803639679381,0.5832287147249097,0.6957627118644067,1.0361007460093095,0.4074660972357264,60,C,weighted_sampling
g4_c_weighted_sampling_w60,7,1,G4,0.001,lstm,R0,G4__g4_c_weighted_sampling_w60__lstm__r0__w60__fold_1__seed_42,42,0.6039665323830182,0.9049160016887063,0.5866111242672131,0.6771186440677966,0.9903336876529758,0.3994404790726729,60,C,weighted_sampling
g4_c_weighted_sampling_w60,8,1,G4,0.001,lstm,R0,G4__g4_c_weighted_sampling_w60__lstm__r0__w60__fold_1__seed_42,42,0.6079950418345212,0.878548248434052,0.5992065028703647,0.6186440677966102,1.045135182041233,0.3827156926702528,60,C,weighted_sampling
g4_c_weighted_sampling_w60,9,1,G4,0.001,lstm,R0,G4__g4_c_weighted_sampling_w60__lstm__r0__w60__fold_1__seed_42,42,0.7105670901766347,0.819932009566484,0.7089392607496241,0.5440677966101695,1.162492036819458,0.35965973143729496,60,C,weighted_sampling
g4_c_weighted_sampling_w60,10,1,G4,0.001,lstm,R0,G4__g4_c_weighted_sampling_w60__lstm__r0__w60__fold_1__seed_42,42,0.727300898667493,0.7816454128359064,0.7211579385905543,0.6177966101694915,1.0448611477674064,0.381989377112506,60,C,weighted_sampling
g4_c_weighted_sampling_w60,11,1,G4,0.0005,lstm,R0,G4__g4_c_weighted_sampling_w60__lstm__r0__w60__fold_1__seed_42,42,0.761078400991633,0.7014023609711062,0.7526260567165591,0.6127118644067797,1.042202295085131,0.38040166001626385,60,C,weighted_sampling
g4_c_weighted_sampling_w60,12,1,G4,0.0005,lstm,R0,G4__g4_c_weighted_sampling_w60__lstm__r0__w60__fold_1__seed_42,42,0.7545708088007437,0.6966523617496791,0.7451252906318508,0.6440677966101694,0.9659389726186203,0.39127599418812337,60,C,weighted_sampling
g4_c_weighted_sampling_w60,13,1,G4,0.0005,lstm,R0,G4__g4_c_weighted_sampling_w60__lstm__r0__w60__fold_1__seed_42,42,0.7669662224976759,0.6620323564158824,0.7605930300435273,0.6550847457627119,0.9283752405037314,0.39450612252248246,60,C,weighted_sampling
g4_c_weighted_sampling_w60,14,1,G4,0.0005,lstm,R0,G4__g4_c_weighted_sampling_w60__lstm__r0__w60__fold_1__seed_42,42,0.7914471645491168,0.6245515707442736,0.7808530932928073,0.6652542372881356,0.8972329382169044,0.3990059596201549,60,C,weighted_sampling
g4_c_weighted_sampling_w60,15,1,G4,0.00025,lstm,R0,G4__g4_c_weighted_sampling_w60__lstm__r0__w60__fold_1__seed_42,42,0.7809110629067245,0.634052777922039,0.7751588747073845,0.6669491525423729,0.8915978419578682,0.3987241082696901,60,C,weighted_sampling
g4_c_weighted_sampling_w60,16,1,G4,0.00025,lstm,R0,G4__g4_c_weighted_sampling_w60__lstm__r0__w60__fold_1__seed_42,42,0.7799814068794546,0.6268073169299239,0.774094777822916,0.6720338983050848,0.8836308873305887,0.40073801139028015,60,C,weighted_sampling
g4_c_weighted_sampling_w60,17,1,G4,0.00025,lstm,R0,G4__g4_c_weighted_sampling_w60__lstm__r0__w60__fold_1__seed_42,42,0.7709947319491788,0.6327315119534113,0.766988413151728,0.6728813559322034,0.881888026706243,0.40014864362690455,60,C,weighted_sampling
g4_c_weighted_sampling_w60,18,1,G4,0.00025,lstm,R0,G4__g4_c_weighted_sampling_w60__lstm__r0__w60__fold_1__seed_42,42,0.7908273938642703,0.5950655192275294,0.782154817127466,0.6686440677966101,0.8982219647553007,0.3994349348491005,60,C,weighted_sampling
g4_c_weighted_sampling_w60,19,1,G4,0.000125,lstm,R0,G4__g4_c_weighted_sampling_w60__lstm__r0__w60__fold_1__seed_42,42,0.7960954446854663,0.5796542448232076,0.7879833667162291,0.6677966101694915,0.9026627871949794,0.39914997250101864,60,C,weighted_sampling
g4_c_weighted_sampling_w60,20,1,G4,0.000125,lstm,R0,G4__g4_c_weighted_sampling_w60__lstm__r0__w60__fold_1__seed_42,42,0.776262782770375,0.6177527614521988,0.771016450258573,0.6686440677966101,0.9021655060477176,0.3993527696054063,60,C,weighted_sampling
g4_c_weighted_sampling_w60,21,1,G4,0.000125,lstm,R0,G4__g4_c_weighted_sampling_w60__lstm__r0__w60__fold_1__seed_42,42,0.7778122094824915,0.6148312254738135,0.7713212955382139,0.673728813559322,0.8930997181746919,0.40071657862930227,60,C,weighted_sampling
g4_c_weighted_sampling_w60,1,2,G4,0.001,lstm,R0,G4__g4_c_weighted_sampling_w60__lstm__r0__w60__fold_2__seed_42,42,0.3541164312779883,1.0929830292771694,0.222511468203591,0.49872122762148335,1.089506572469726,0.26612097619936365,60,C,weighted_sampling
g4_c_weighted_sampling_w60,2,2,G4,0.001,lstm,R0,G4__g4_c_weighted_sampling_w60__lstm__r0__w60__fold_2__seed_42,42,0.49707199448846023,1.0760943346749574,0.4020105484395448,0.6947996589940324,1.0854641983677766,0.32796028224702095,60,C,weighted_sampling
g4_c_weighted_sampling_w60,3,2,G4,0.001,lstm,R0,G4__g4_c_weighted_sampling_w60__lstm__r0__w60__fold_2__seed_42,42,0.5249741646572511,1.0607944789772152,0.4250566912865537,0.7127024722932651,1.071903892896771,0.3324973055995532,60,C,weighted_sampling
g4_c_weighted_sampling_w60,4,2,G4,0.001,lstm,R0,G4__g4_c_weighted_sampling_w60__lstm__r0__w60__fold_2__seed_42,42,0.5514984498794351,1.030276632210406,0.4527465398621424,0.7186700767263428,1.0489405197459007,0.33535551836594574,60,C,weighted_sampling
g4_c_weighted_sampling_w60,5,2,G4,0.001,lstm,R0,G4__g4_c_weighted_sampling_w60__lstm__r0__w60__fold_2__seed_42,42,0.5335859455735447,1.0050439456188387,0.44542645682226656,0.7280477408354646,1.0252582564479962,0.36804687541731435,60,C,weighted_sampling
g4_c_weighted_sampling_w60,6,2,G4,0.001,lstm,R0,G4__g4_c_weighted_sampling_w60__lstm__r0__w60__fold_2__seed_42,42,0.538408542886669,0.9688887606396414,0.4554879848212452,0.7280477408354646,1.0054031468718254,0.36109051139725984,60,C,weighted_sampling
g4_c_weighted_sampling_w60,7,2,G4,0.001,lstm,R0,G4__g4_c_weighted_sampling_w60__lstm__r0__w60__fold_2__seed_42,42,0.5346193592834998,0.9603104557902329,0.4538856485359792,0.7271952259164536,0.9565806421375844,0.3356008495439616,60,C,weighted_sampling
g4_c_weighted_sampling_w60,8,2,G4,0.001,lstm,R0,G4__g4_c_weighted_sampling_w60__lstm__r0__w60__fold_2__seed_42,42,0.5304857044436789,0.9600517717551003,0.44877937848456656,0.7306052855924978,0.9105363053738919,0.3383441812936199,60,C,weighted_sampling
g4_c_weighted_sampling_w60,9,2,G4,0.001,lstm,R0,G4__g4_c_weighted_sampling_w60__lstm__r0__w60__fold_2__seed_42,42,0.5456424388563555,0.9305440983688507,0.4642799475834895,0.7306052855924978,0.8932655918120525,0.36143832500941375,60,C,weighted_sampling
g4_c_weighted_sampling_w60,10,2,G4,0.0005,lstm,R0,G4__g4_c_weighted_sampling_w60__lstm__r0__w60__fold_2__seed_42,42,0.5456424388563555,0.93587629703912,0.4776440639450978,0.7263427109974424,0.8953327723577911,0.3559624854224661,60,C,weighted_sampling
g4_c_weighted_sampling_w60,11,2,G4,0.0005,lstm,R0,G4__g4_c_weighted_sampling_w60__lstm__r0__w60__fold_2__seed_42,42,0.5473647950396142,0.943678021595226,0.49391963417087054,0.7246376811594203,0.9000332599405743,0.3549300984878756,60,C,weighted_sampling
g4_c_weighted_sampling_w60,12,2,G4,0.0005,lstm,R0,G4__g4_c_weighted_sampling_w60__lstm__r0__w60__fold_2__seed_42,42,0.5559765759559077,0.927485519202052,0.4993425432928533,0.7203751065643649,0.9104511766279242,0.35131459062050535,60,C,weighted_sampling
g4_c_weighted_sampling_w60,13,2,G4,0.0005,lstm,R0,G4__g4_c_weighted_sampling_w60__lstm__r0__w60__fold_2__seed_42,42,0.5601102307957285,0.9415836223560574,0.49232295079683475,0.7186700767263428,0.9155818767153292,0.35044587185896336,60,C,weighted_sampling
g4_c_weighted_sampling_w60,14,2,G4,0.00025,lstm,R0,G4__g4_c_weighted_sampling_w60__lstm__r0__w60__fold_2__seed_42,42,0.5645883568722012,0.9309402481671083,0.5034673212007496,0.7178175618073316,0.9172667163310657,0.3499502746169178,60,C,weighted_sampling
g4_c_weighted_sampling_w60,15,2,G4,0.00025,lstm,R0,G4__g4_c_weighted_sampling_w60__lstm__r0__w60__fold_2__seed_42,42,0.563554943162246,0.9243529939134081,0.49913670059943094,0.7169650468883205,0.913309892374333,0.34959006994610714,60,C,weighted_sampling
g4_c_weighted_sampling_w60,16,2,G4,0.00025,lstm,R0,G4__g4_c_weighted_sampling_w60__lstm__r0__w60__fold_2__seed_42,42,0.5611436445056838,0.9281317399692174,0.501191750167489,0.7178175618073316,0.9025110901672415,0.35157327699945035,60,C,weighted_sampling
g4_c_weighted_sampling_w60,17,2,G4,0.00025,lstm,R0,G4__g4_c_weighted_sampling_w60__lstm__r0__w60__fold_2__seed_42,42,0.5735446090251464,0.911380057288908,0.5119616992529371,0.7195225916453538,0.8906526798279186,0.35260407907693514,60,C,weighted_sampling
g4_c_weighted_sampling_w60,18,2,G4,0.000125,lstm,R0,G4__g4_c_weighted_sampling_w60__lstm__r0__w60__fold_2__seed_42,42,0.552876334826042,0.9191555633365882,0.506208150412549,0.7178175618073316,0.8858712292693155,0.35157327699945035,60,C,weighted_sampling
g4_c_weighted_sampling_w60,19,2,G4,0.000125,lstm,R0,G4__g4_c_weighted_sampling_w60__lstm__r0__w60__fold_2__seed_42,42,0.552876334826042,0.9288846024184074,0.4968273489615666,0.7178175618073316,0.8836392098680481,0.35157327699945035,60,C,weighted_sampling
g4_c_weighted_sampling_w60,20,2,G4,0.000125,lstm,R0,G4__g4_c_weighted_sampling_w60__lstm__r0__w60__fold_2__seed_42,42,0.5518429211160868,0.930406797971144,0.49832340359950916,0.7178175618073316,0.8822049581892757,0.35171838730983157,60,C,weighted_sampling
g4_c_weighted_sampling_w60,1,3,G4,0.001,lstm,R0,G4__g4_c_weighted_sampling_w60__lstm__r0__w60__fold_3__seed_42,42,0.3492880945168131,1.0926107303260566,0.23958478680568965,0.6046915725456126,1.086642553555665,0.32473073226856614,60,C,weighted_sampling
g4_c_weighted_sampling_w60,2,3,G4,0.001,lstm,R0,G4__g4_c_weighted_sampling_w60__lstm__r0__w60__fold_3__seed_42,42,0.5162072099363829,1.0674424274008911,0.43772568783872384,0.6481320590790617,1.080172300856596,0.3398701094116973,60,C,weighted_sampling
g4_c_weighted_sampling_w60,3,3,G4,0.001,lstm,R0,G4__g4_c_weighted_sampling_w60__lstm__r0__w60__fold_3__seed_42,42,0.5495304453196002,1.034514431193611,0.5290093863351448,0.6003475238922676,1.0734449651425657,0.2748887758164051,60,C,weighted_sampling
g4_c_weighted_sampling_w60,4,3,G4,0.001,lstm,R0,G4__g4_c_weighted_sampling_w60__lstm__r0__w60__fold_3__seed_42,42,0.5346864586488943,0.9846030911399681,0.5108727206876246,0.6055603822762815,1.0923152759632373,0.2802326717123306,60,C,weighted_sampling
g4_c_weighted_sampling_w60,5,3,G4,0.001,lstm,R0,G4__g4_c_weighted_sampling_w60__lstm__r0__w60__fold_3__seed_42,42,0.5446834292638595,0.9358799882239914,0.530302611769991,0.6568201563857515,1.1083267435729245,0.3427813515485112,60,C,weighted_sampling
g4_c_weighted_sampling_w60,6,3,G4,0.001,lstm,R0,G4__g4_c_weighted_sampling_w60__lstm__r0__w60__fold_3__seed_42,42,0.5616479854589518,0.910451902201305,0.518632937344563,0.6611642050390965,1.062256812324325,0.34514953233216,60,C,weighted_sampling
g4_c_weighted_sampling_w60,7,3,G4,0.001,lstm,R0,G4__g4_c_weighted_sampling_w60__lstm__r0__w60__fold_3__seed_42,42,0.5474098757952136,0.9121401037854955,0.47732683021366623,0.6602953953084274,1.0400808469095404,0.34459459459459457,60,C,weighted_sampling
g4_c_weighted_sampling_w60,8,3,G4,0.001,lstm,R0,G4__g4_c_weighted_sampling_w60__lstm__r0__w60__fold_3__seed_42,42,0.5561950923962435,0.9098497632235262,0.5306817346625184,0.6133796698523023,1.0301979227132325,0.2895608033546679,60,C,weighted_sampling
g4_c_weighted_sampling_w60,9,3,G4,0.001,lstm,R0,G4__g4_c_weighted_sampling_w60__lstm__r0__w60__fold_3__seed_42,42,0.5764919721296576,0.8800323958723374,0.5614951774323113,0.6550825369244135,1.02764027896495,0.34588234134408863,60,C,weighted_sampling
g4_c_weighted_sampling_w60,10,3,G4,0.001,lstm,R0,G4__g4_c_weighted_sampling_w60__lstm__r0__w60__fold_3__seed_42,42,0.587700696758558,0.8731157296319977,0.5730010279632517,0.6585577758470895,1.0016998645536388,0.34551735691356183,60,C,weighted_sampling
g4_c_weighted_sampling_w60,11,3,G4,0.001,lstm,R0,G4__g4_c_weighted_sampling_w60__lstm__r0__w60__fold_3__seed_42,42,0.5780066646470766,0.8685936206075431,0.5561977339469746,0.6585577758470895,0.9778415324064466,0.3764847143803059,60,C,weighted_sampling
g4_c_weighted_sampling_w60,12,3,G4,0.001,lstm,R0,G4__g4_c_weighted_sampling_w60__lstm__r0__w60__fold_3__seed_42,42,0.5880036352620418,0.861158463348948,0.5590349905648871,0.7167680278019114,0.9501636027771944,0.3787443100924422,60,C,weighted_sampling
g4_c_weighted_sampling_w60,13,3,G4,0.001,lstm,R0,G4__g4_c_weighted_sampling_w60__lstm__r0__w60__fold_3__seed_42,42,0.599515298394426,0.8513185089373365,0.5767159787494892,0.7254561251086012,0.9372703858710288,0.3842129248323873,60,C,weighted_sampling
g4_c_weighted_sampling_w60,14,3,G4,0.001,lstm,R0,G4__g4_c_weighted_sampling_w60__lstm__r0__w60__fold_3__seed_42,42,0.6116328385337776,0.832461731808,0.6005076903364173,0.7124239791485665,0.9310764082611177,0.3775353506835846,60,C,weighted_sampling
g4_c_weighted_sampling_w60,15,3,G4,0.001,lstm,R0,G4__g4_c_weighted_sampling_w60__lstm__r0__w60__fold_3__seed_42,42,0.6134504695546804,0.8295490908211053,0.6010435271089242,0.6959165942658557,0.9522923545978258,0.3773878259556964,60,C,weighted_sampling
g4_c_weighted_sampling_w60,16,3,G4,0.001,lstm,R0,G4__g4_c_weighted_sampling_w60__lstm__r0__w60__fold_3__seed_42,42,0.6089063920024235,0.8095806655613663,0.6032433875119455,0.6498696785403997,0.9245639377630451,0.27384221123924585,60,C,weighted_sampling
g4_c_weighted_sampling_w60,17,3,G4,0.001,lstm,R0,G4__g4_c_weighted_sampling_w60__lstm__r0__w60__fold_3__seed_42,42,0.6376855498333838,0.7651490317045361,0.6325806710192506,0.7202432667245873,0.8790511237756777,0.38206575482755617,60,C,weighted_sampling
g4_c_weighted_sampling_w60,18,3,G4,0.0005,lstm,R0,G4__g4_c_weighted_sampling_w60__lstm__r0__w60__fold_3__seed_42,42,0.6782793093002121,0.7612951845698052,0.670791831722457,0.7167680278019114,0.8777413327832724,0.38086351318058637,60,C,weighted_sampling
g4_c_weighted_sampling_w60,19,3,G4,0.0005,lstm,R0,G4__g4_c_weighted_sampling_w60__lstm__r0__w60__fold_3__seed_42,42,0.6764616782793093,0.7394164001641942,0.6665774659180855,0.7202432667245873,0.8658275442160699,0.3789789409205162,60,C,weighted_sampling
g4_c_weighted_sampling_w60,20,3,G4,0.0005,lstm,R0,G4__g4_c_weighted_sampling_w60__lstm__r0__w60__fold_3__seed_42,42,0.6903968494395638,0.7615997693965523,0.6857127919926626,0.7176368375325803,0.8663929300552653,0.37727254970897306,60,C,weighted_sampling
g4_c_weighted_sampling_w60,21,3,G4,0.0005,lstm,R0,G4__g4_c_weighted_sampling_w60__lstm__r0__w60__fold_3__seed_42,42,0.7122084216903969,0.7253401495225138,0.7054171138786338,0.7202432667245873,0.8703850861946258,0.3794665486583256,60,C,weighted_sampling
g4_c_weighted_sampling_w60,22,3,G4,0.00025,lstm,R0,G4__g4_c_weighted_sampling_w60__lstm__r0__w60__fold_3__seed_42,42,0.7094819751590428,0.7268116132702405,0.7054228483877663,0.7176368375325803,0.8751884582351334,0.3739403585005756,60,C,weighted_sampling
g4_c_weighted_sampling_w60,23,3,G4,0.00025,lstm,R0,G4__g4_c_weighted_sampling_w60__lstm__r0__w60__fold_3__seed_42,42,0.69009391093608,0.7543082012078575,0.6863986198311238,0.7158992180712423,0.8796089767477597,0.3721140154310331,60,C,weighted_sampling
g4_c_weighted_sampling_w60,24,3,G4,0.00025,lstm,R0,G4__g4_c_weighted_sampling_w60__lstm__r0__w60__fold_3__seed_42,42,0.7043320205998183,0.7411172685208591,0.7016317089129206,0.7150304083405734,0.8858333937920869,0.37631026921349503,60,C,weighted_sampling
g4_c_weighted_sampling_w60,25,3,G4,0.00025,lstm,R0,G4__g4_c_weighted_sampling_w60__lstm__r0__w60__fold_3__seed_42,42,0.6982732505301423,0.7374690792770755,0.6942101087893014,0.7141615986099045,0.8892338656529875,0.3740063286254534,60,C,weighted_sampling
g4_c_weighted_sampling_w60,26,3,G4,0.000125,lstm,R0,G4__g4_c_weighted_sampling_w60__lstm__r0__w60__fold_3__seed_42,42,0.7212965767949107,0.6983893116255018,0.7167712159489646,0.7141615986099045,0.8886736793998632,0.3744973262208499,60,C,weighted_sampling
g4_c_weighted_sampling_w60,27,3,G4,0.000125,lstm,R0,G4__g4_c_weighted_sampling_w60__lstm__r0__w60__fold_3__seed_42,42,0.7179642532565889,0.7159044033142697,0.7146755736958882,0.7141615986099045,0.8875870295030774,0.37168742017879947,60,C,weighted_sampling
g4_c_weighted_sampling_w60,28,3,G4,0.000125,lstm,R0,G4__g4_c_weighted_sampling_w60__lstm__r0__w60__fold_3__seed_42,42,0.7303847318994244,0.6970786360205032,0.7272943827404235,0.7176368375325803,0.8833832895621127,0.37779786232840373,60,C,weighted_sampling
g4_c_weighted_sampling_w60,1,4,G4,0.001,lstm,R0,G4__g4_c_weighted_sampling_w60__lstm__r0__w60__fold_4__seed_42,42,0.36656812684762163,1.088948025975103,0.24487158426959363,0.552,1.0979644049538506,0.2925121457489879,60,C,weighted_sampling
g4_c_weighted_sampling_w60,2,4,G4,0.001,lstm,R0,G4__g4_c_weighted_sampling_w60__lstm__r0__w60__fold_4__seed_42,42,0.5299650631550659,1.06523770793924,0.4302579670512053,0.6791111111111111,1.0915859365463256,0.3366198160941461,60,C,weighted_sampling
g4_c_weighted_sampling_w60,3,4,G4,0.001,lstm,R0,G4__g4_c_weighted_sampling_w60__lstm__r0__w60__fold_4__seed_42,42,0.5638269282450954,1.0276782418155952,0.46141189150542755,0.6942222222222222,1.085516930580139,0.3421095045726556,60,C,weighted_sampling
g4_c_weighted_sampling_w60,4,4,G4,0.001,lstm,R0,G4__g4_c_weighted_sampling_w60__lstm__r0__w60__fold_4__seed_42,42,0.5624832034399355,0.9696622595002785,0.4675653978610102,0.6995555555555556,1.112454858938853,0.34476518408201917,60,C,weighted_sampling
g4_c_weighted_sampling_w60,5,4,G4,0.001,lstm,R0,G4__g4_c_weighted_sampling_w60__lstm__r0__w60__fold_4__seed_42,42,0.5810266057511422,0.912291644994561,0.48471207005383926,0.7031111111111111,1.1406260824203491,0.3475411287021364,60,C,weighted_sampling
g4_c_weighted_sampling_w60,6,4,G4,0.001,lstm,R0,G4__g4_c_weighted_sampling_w60__lstm__r0__w60__fold_4__seed_42,42,0.5640956732061274,0.901916487423267,0.4822383187443853,0.7057777777777777,1.0770301633410984,0.3505793365406193,60,C,weighted_sampling
g4_c_weighted_sampling_w60,7,4,G4,0.001,lstm,R0,G4__g4_c_weighted_sampling_w60__lstm__r0__w60__fold_4__seed_42,42,0.5667831228164472,0.8959415075087604,0.5081217916985858,0.7048888888888889,1.0416864172087776,0.3511300770961762,60,C,weighted_sampling
g4_c_weighted_sampling_w60,8,4,G4,0.001,lstm,R0,G4__g4_c_weighted_sampling_w60__lstm__r0__w60__fold_4__seed_42,42,0.582907820478366,0.8818507671388238,0.5347641794063827,0.6942222222222222,1.0343029516537985,0.348134810710988,60,C,weighted_sampling
g4_c_weighted_sampling_w60,9,4,G4,0.001,lstm,R0,G4__g4_c_weighted_sampling_w60__lstm__r0__w60__fold_4__seed_42,42,0.5847890352055899,0.878145357223968,0.5231340249623635,0.688,1.0326796868112351,0.3464050293250929,60,C,weighted_sampling
g4_c_weighted_sampling_w60,10,4,G4,0.001,lstm,R0,G4__g4_c_weighted_sampling_w60__lstm__r0__w60__fold_4__seed_42,42,0.582370330556302,0.8838371556153127,0.5186229573875177,0.6808888888888889,1.0032892805205451,0.3545446030407953,60,C,weighted_sampling
g4_c_weighted_sampling_w60,11,4,G4,0.001,lstm,R0,G4__g4_c_weighted_sampling_w60__lstm__r0__w60__fold_4__seed_42,42,0.5853265251276538,0.8745859880756224,0.5293681364433421,0.6871111111111111,0.9509003879759047,0.4026040994258369,60,C,weighted_sampling
g4_c_weighted_sampling_w60,12,4,G4,0.001,lstm,R0,G4__g4_c_weighted_sampling_w60__lstm__r0__w60__fold_4__seed_42,42,0.6025262026337006,0.8485226872562561,0.5614048922160042,0.6862222222222222,0.9135182305971782,0.40405350505124593,60,C,weighted_sampling
g4_c_weighted_sampling_w60,13,4,G4,0.001,lstm,R0,G4__g4_c_weighted_sampling_w60__lstm__r0__w60__fold_4__seed_42,42,0.5920451491534534,0.8545995899760188,0.5553563618830167,0.6693333333333333,0.9476791459189521,0.39841538875437177,60,C,weighted_sampling
g4_c_weighted_sampling_w60,14,4,G4,0.001,lstm,R0,G4__g4_c_weighted_sampling_w60__lstm__r0__w60__fold_4__seed_42,42,0.598226283257189,0.8300030940131967,0.5693201160188117,0.6346666666666667,1.0127184218830532,0.3891810059018009,60,C,weighted_sampling
g4_c_weighted_sampling_w60,15,4,G4,0.001,lstm,R0,G4__g4_c_weighted_sampling_w60__lstm__r0__w60__fold_4__seed_42,42,0.611394786347756,0.8030044930944261,0.5881903808921453,0.5982222222222222,1.0060225676430596,0.3771948555145152,60,C,weighted_sampling
g4_c_weighted_sampling_w60,16,4,G4,0.001,lstm,R0,G4__g4_c_weighted_sampling_w60__lstm__r0__w60__fold_4__seed_42,42,0.6414942219833378,0.7696630423090145,0.6383191162155418,0.49333333333333335,1.0972285749647352,0.34433978121125947,60,C,weighted_sampling
g4_c_weighted_sampling_w60,17,4,G4,0.0005,lstm,R0,G4__g4_c_weighted_sampling_w60__lstm__r0__w60__fold_4__seed_42,42,0.624025799516259,0.7898056114818806,0.6299381780257824,0.5733333333333334,0.9816380746629503,0.3703886235408702,60,C,weighted_sampling
g4_c_weighted_sampling_w60,18,4,G4,0.0005,lstm,R0,G4__g4_c_weighted_sampling_w60__lstm__r0__w60__fold_4__seed_42,42,0.6353130878796023,0.7639314395001869,0.6423255845418562,0.5573333333333333,0.9738976804945204,0.36625756679022725,60,C,weighted_sampling
g4_c_weighted_sampling_w60,19,4,G4,0.0005,lstm,R0,G4__g4_c_weighted_sampling_w60__lstm__r0__w60__fold_4__seed_42,42,0.6689062080085998,0.7414919812651739,0.6709777148815493,0.5884444444444444,0.9244618616104125,0.37484674267585855,60,C,weighted_sampling
g4_c_weighted_sampling_w60,20,4,G4,0.0005,lstm,R0,G4__g4_c_weighted_sampling_w60__lstm__r0__w60__fold_4__seed_42,42,0.6758935769954313,0.7151978999272177,0.6734468000047933,0.6337777777777778,0.9094322939448887,0.3851840301200022,60,C,weighted_sampling
g4_c_weighted_sampling_w60,21,4,G4,0.00025,lstm,R0,G4__g4_c_weighted_sampling_w60__lstm__r0__w60__fold_4__seed_42,42,0.6874496103198066,0.7110796421325773,0.6873191217571485,0.6462222222222223,0.9075611438221401,0.3881870316063864,60,C,weighted_sampling
g4_c_weighted_sampling_w60,22,4,G4,0.00025,lstm,R0,G4__g4_c_weighted_sampling_w60__lstm__r0__w60__fold_4__seed_42,42,0.7113679118516528,0.6953606076921003,0.7118946172572714,0.656,0.8975053700341119,0.3898094284077576,60,C,weighted_sampling
g4_c_weighted_sampling_w60,23,4,G4,0.00025,lstm,R0,G4__g4_c_weighted_sampling_w60__lstm__r0__w60__fold_4__seed_42,42,0.6971244289169578,0.7056460389043977,0.6990420232319807,0.6453333333333333,0.9098231310314603,0.38948923666167307,60,C,weighted_sampling
g4_c_weighted_sampling_w60,24,4,G4,0.00025,lstm,R0,G4__g4_c_weighted_sampling_w60__lstm__r0__w60__fold_4__seed_42,42,0.7100241870464928,0.7035306973407359,0.713189531547321,0.648,0.9062673050032721,0.3868708435829715,60,C,weighted_sampling
g4_c_weighted_sampling_w60,25,4,G4,0.000125,lstm,R0,G4__g4_c_weighted_sampling_w60__lstm__r0__w60__fold_4__seed_42,42,0.7151303413061005,0.6992946966653613,0.7177901723369127,0.6515555555555556,0.90018163951238,0.38578145794640645,60,C,weighted_sampling
g4_c_weighted_sampling_w60,26,4,G4,0.000125,lstm,R0,G4__g4_c_weighted_sampling_w60__lstm__r0__w60__fold_4__seed_42,42,0.7288363343187315,0.6780062743458367,0.7297362342891832,0.6604444444444444,0.8913075073560079,0.3891297013645108,60,C,weighted_sampling
g4_c_weighted_sampling_w60,1,1,G4,0.001,tcn,R0,G4__g4_c_weighted_sampling_w60__tcn__r0__w60__fold_1__seed_42,42,0.32661915091416177,1.0847742195501762,0.16413610527135405,0.13389830508474576,1.1917757697024587,0.10028476304631284,60,C,weighted_sampling
g4_c_weighted_sampling_w60,2,1,G4,0.001,tcn,R0,G4__g4_c_weighted_sampling_w60__tcn__r0__w60__fold_1__seed_42,42,0.4976758599318252,0.9975738771234388,0.4274761181359444,0.48389830508474574,1.1870615882388615,0.34822596183298393,60,C,weighted_sampling
g4_c_weighted_sampling_w60,3,1,G4,0.001,tcn,R0,G4__g4_c_weighted_sampling_w60__tcn__r0__w60__fold_1__seed_42,42,0.6789587852494577,0.9391311353893889,0.6791730312528669,0.6254237288135593,1.093823855610217,0.3916586516034588,60,C,weighted_sampling
g4_c_weighted_sampling_w60,4,1,G4,0.001,tcn,R0,G4__g4_c_weighted_sampling_w60__tcn__r0__w60__fold_1__seed_42,42,0.6981716764797025,0.8982340252765163,0.6955106071419653,0.673728813559322,0.9758312132398961,0.4099073062204089,60,C,weighted_sampling
g4_c_weighted_sampling_w60,5,1,G4,0.001,tcn,R0,G4__g4_c_weighted_sampling_w60__tcn__r0__w60__fold_1__seed_42,42,0.6532383018283235,0.8289740065099435,0.6477999541354572,0.6330508474576271,1.0003556570764316,0.3883389070189817,60,C,weighted_sampling
g4_c_weighted_sampling_w60,6,1,G4,0.001,tcn,R0,G4__g4_c_weighted_sampling_w60__tcn__r0__w60__fold_1__seed_42,42,0.751781840718934,0.8113790485080935,0.7435242170327786,0.6415254237288136,1.0643252691980136,0.40110442905870575,60,C,weighted_sampling
g4_c_weighted_sampling_w60,7,1,G4,0.001,tcn,R0,G4__g4_c_weighted_sampling_w60__tcn__r0__w60__fold_1__seed_42,42,0.7229625038735668,0.7623566956870284,0.7218166301810535,0.6542372881355932,0.9069541813963551,0.4031471225425367,60,C,weighted_sampling
g4_c_weighted_sampling_w60,8,1,G4,0.001,tcn,R0,G4__g4_c_weighted_sampling_w60__tcn__r0__w60__fold_1__seed_42,42,0.7418655097613883,0.7009471222310381,0.7401861289273169,0.6389830508474577,0.9659106276803098,0.3990167087831011,60,C,weighted_sampling
g4_c_weighted_sampling_w60,9,1,G4,0.0005,tcn,R0,G4__g4_c_weighted_sampling_w60__tcn__r0__w60__fold_1__seed_42,42,0.7765726681127982,0.6664270389770848,0.7714597114679096,0.6533898305084745,0.9377032275927268,0.40250696947764286,60,C,weighted_sampling
g4_c_weighted_sampling_w60,10,1,G4,0.0005,tcn,R0,G4__g4_c_weighted_sampling_w60__tcn__r0__w60__fold_1__seed_42,42,0.75890920359467,0.6653301460217647,0.7548156004001214,0.6661016949152543,0.9434429625333366,0.40934932976090693,60,C,weighted_sampling
g4_c_weighted_sampling_w60,11,1,G4,0.0005,tcn,R0,G4__g4_c_weighted_sampling_w60__tcn__r0__w60__fold_1__seed_42,42,0.773163929346142,0.6189875361496057,0.7687956295155803,0.6644067796610169,0.9927870914087458,0.40910456404256373,60,C,weighted_sampling
g4_c_weighted_sampling_w60,12,1,G4,0.0005,tcn,R0,G4__g4_c_weighted_sampling_w60__tcn__r0__w60__fold_1__seed_42,42,0.7697551905794856,0.6226325744735888,0.7629439807462619,0.6610169491525424,1.0645946381455762,0.4076548642004944,60,C,weighted_sampling
g4_c_weighted_sampling_w60,13,1,G4,0.00025,tcn,R0,G4__g4_c_weighted_sampling_w60__tcn__r0__w60__fold_1__seed_42,42,0.7840099163309575,0.6000228906919021,0.7791248489975947,0.6754237288135593,1.0030917949595695,0.41349712342282485,60,C,weighted_sampling
g4_c_weighted_sampling_w60,14,1,G4,0.00025,tcn,R0,G4__g4_c_weighted_sampling_w60__tcn__r0__w60__fold_1__seed_42,42,0.7929965912612333,0.5776630846808338,0.7847747867384052,0.676271186440678,1.0174242969286644,0.4140457733480989,60,C,weighted_sampling
g4_c_weighted_sampling_w60,15,1,G4,0.00025,tcn,R0,G4__g4_c_weighted_sampling_w60__tcn__r0__w60__fold_1__seed_42,42,0.7892779671521537,0.5878664249970442,0.7837555341150203,0.6754237288135593,1.0435201364048456,0.4155355864483232,60,C,weighted_sampling
g4_c_weighted_sampling_w60,16,1,G4,0.00025,tcn,R0,G4__g4_c_weighted_sampling_w60__tcn__r0__w60__fold_1__seed_42,42,0.7843198016733809,0.5723854216363432,0.7786832294165382,0.6771186440677966,1.0525605817972603,0.41541249284030046,60,C,weighted_sampling
g4_c_weighted_sampling_w60,17,1,G4,0.00025,tcn,R0,G4__g4_c_weighted_sampling_w60__tcn__r0__w60__fold_1__seed_42,42,0.7784319801673381,0.5848411003576184,0.7760334525604519,0.6805084745762712,1.062992207882768,0.41504946044795327,60,C,weighted_sampling
g4_c_weighted_sampling_w60,18,1,G4,0.00025,tcn,R0,G4__g4_c_weighted_sampling_w60__tcn__r0__w60__fold_1__seed_42,42,0.7995041834521227,0.5583974142210528,0.7921296037526204,0.6822033898305084,1.0608101473016254,0.4137955338244752,60,C,weighted_sampling
g4_c_weighted_sampling_w60,19,1,G4,0.00025,tcn,R0,G4__g4_c_weighted_sampling_w60__tcn__r0__w60__fold_1__seed_42,42,0.8029129222187791,0.557432436355689,0.7967713065994241,0.6838983050847458,1.044630774401002,0.41501754976775573,60,C,weighted_sampling
g4_c_weighted_sampling_w60,20,1,G4,0.000125,tcn,R0,G4__g4_c_weighted_sampling_w60__tcn__r0__w60__fold_1__seed_42,42,0.7843198016733809,0.5935090359313073,0.7806751601367586,0.6805084745762712,1.0425934391506648,0.41369775534812225,60,C,weighted_sampling
g4_c_weighted_sampling_w60,21,1,G4,0.000125,tcn,R0,G4__g4_c_weighted_sampling_w60__tcn__r0__w60__fold_1__seed_42,42,0.7908273938642703,0.5689998381197693,0.7868610729102219,0.6872881355932203,1.0229368104773053,0.41508395686254035,60,C,weighted_sampling
g4_c_weighted_sampling_w60,22,1,G4,0.000125,tcn,R0,G4__g4_c_weighted_sampling_w60__tcn__r0__w60__fold_1__seed_42,42,0.8081809730399752,0.53495755040834,0.8040636193798217,0.6898305084745763,1.019202074762118,0.41657023800490683,60,C,weighted_sampling
g4_c_weighted_sampling_w60,23,1,G4,0.000125,tcn,R0,G4__g4_c_weighted_sampling_w60__tcn__r0__w60__fold_1__seed_42,42,0.7995041834521227,0.5561626055752636,0.7958344324820549,0.6855932203389831,1.0263577703702247,0.4142075924488418,60,C,weighted_sampling
g4_c_weighted_sampling_w60,24,1,G4,0.000125,tcn,R0,G4__g4_c_weighted_sampling_w60__tcn__r0__w60__fold_1__seed_42,42,0.79361636194608,0.563677447164321,0.7893276382197693,0.6847457627118644,1.0248643838753135,0.4132826962560725,60,C,weighted_sampling
g4_c_weighted_sampling_w60,25,1,G4,0.000125,tcn,R0,G4__g4_c_weighted_sampling_w60__tcn__r0__w60__fold_1__seed_42,42,0.8060117756430121,0.5388537377516183,0.8045039723794384,0.6872881355932203,1.0141026306960543,0.41475204015709816,60,C,weighted_sampling
g4_c_weighted_sampling_w60,26,1,G4,0.000125,tcn,R0,G4__g4_c_weighted_sampling_w60__tcn__r0__w60__fold_1__seed_42,42,0.7933064766036566,0.5645095454970491,0.787376231746717,0.6864406779661016,1.0173550860356477,0.41424382696602197,60,C,weighted_sampling
g4_c_weighted_sampling_w60,27,1,G4,6.25e-05,tcn,R0,G4__g4_c_weighted_sampling_w60__tcn__r0__w60__fold_1__seed_42,42,0.7929965912612333,0.5548818020359592,0.7880620679855047,0.6872881355932203,1.0136603925187708,0.41549090033991126,60,C,weighted_sampling
g4_c_weighted_sampling_w60,28,1,G4,6.25e-05,tcn,R0,G4__g4_c_weighted_sampling_w60__tcn__r0__w60__fold_1__seed_42,42,0.7970251007127362,0.5528422781916495,0.7932465377703245,0.688135593220339,1.0125661029654034,0.4157644824311491,60,C,weighted_sampling
g4_c_weighted_sampling_w60,29,1,G4,6.25e-05,tcn,R0,G4__g4_c_weighted_sampling_w60__tcn__r0__w60__fold_1__seed_42,42,0.7954756740006198,0.5577701073812928,0.7924753170480648,0.6872881355932203,1.0123085203817335,0.41418931945247733,60,C,weighted_sampling
g4_c_weighted_sampling_w60,30,1,G4,6.25e-05,tcn,R0,G4__g4_c_weighted_sampling_w60__tcn__r0__w60__fold_1__seed_42,42,0.8053920049581654,0.5386575635350597,0.7986644807046804,0.688135593220339,1.0048132969161212,0.4137073576903001,60,C,weighted_sampling
g4_c_weighted_sampling_w60,1,2,G4,0.001,tcn,R0,G4__g4_c_weighted_sampling_w60__tcn__r0__w60__fold_2__seed_42,42,0.3282810885291078,1.091101372607445,0.16476486860304287,0.06649616368286446,1.1796558623830173,0.04186313325734072,60,C,weighted_sampling
g4_c_weighted_sampling_w60,2,2,G4,0.001,tcn,R0,G4__g4_c_weighted_sampling_w60__tcn__r0__w60__fold_2__seed_42,42,0.4164657251119532,1.0293143715810824,0.36706331206850074,0.5686274509803921,1.1794568814483344,0.3271412485420954,60,C,weighted_sampling
g4_c_weighted_sampling_w60,3,2,G4,0.001,tcn,R0,G4__g4_c_weighted_sampling_w60__tcn__r0__w60__fold_2__seed_42,42,0.5690664829486738,0.9922633523412133,0.5613364084024185,0.6649616368286445,1.1222609670774,0.34988341976973425,60,C,weighted_sampling
g4_c_weighted_sampling_w60,4,2,G4,0.001,tcn,R0,G4__g4_c_weighted_sampling_w60__tcn__r0__w60__fold_2__seed_42,42,0.6334826042025491,0.9218110842126589,0.6178089533271643,0.7348678601875532,0.9813618471961904,0.3489674278128608,60,C,weighted_sampling
g4_c_weighted_sampling_w60,5,2,G4,0.001,tcn,R0,G4__g4_c_weighted_sampling_w60__tcn__r0__w60__fold_2__seed_42,42,0.609714088873579,0.8977109664807926,0.5877998720202214,0.7723785166240409,0.836212029745715,0.37209403320041384,60,C,weighted_sampling
g4_c_weighted_sampling_w60,6,2,G4,0.001,tcn,R0,G4__g4_c_weighted_sampling_w60__tcn__r0__w60__fold_2__seed_42,42,0.6369273165690665,0.8697366710987084,0.6237750676115469,0.7391304347826086,0.9066343221619713,0.34668750484931116,60,C,weighted_sampling
g4_c_weighted_sampling_w60,7,2,G4,0.001,tcn,R0,G4__g4_c_weighted_sampling_w60__tcn__r0__w60__fold_2__seed_42,42,0.6458835687220117,0.8720010103047654,0.6346397310132624,0.710997442455243,0.9490244555249747,0.33827845656704714,60,C,weighted_sampling
g4_c_weighted_sampling_w60,8,2,G4,0.001,tcn,R0,G4__g4_c_weighted_sampling_w60__tcn__r0__w60__fold_2__seed_42,42,0.6572511195315192,0.8420628392610146,0.6544676349914115,0.7493606138107417,0.8329340280982438,0.35274893603886204,60,C,weighted_sampling
g4_c_weighted_sampling_w60,9,2,G4,0.001,tcn,R0,G4__g4_c_weighted_sampling_w60__tcn__r0__w60__fold_2__seed_42,42,0.6569066482948673,0.8187331160388648,0.6465589756438231,0.7885763000852515,0.7226738340307888,0.3747915491943901,60,C,weighted_sampling
g4_c_weighted_sampling_w60,10,2,G4,0.001,tcn,R0,G4__g4_c_weighted_sampling_w60__tcn__r0__w60__fold_2__seed_42,42,0.6865311746469169,0.7856556960438351,0.6742612876726989,0.7578857630008525,0.7557391768221355,0.3631527455056867,60,C,weighted_sampling
g4_c_weighted_sampling_w60,11,2,G4,0.001,tcn,R0,G4__g4_c_weighted_sampling_w60__tcn__r0__w60__fold_2__seed_42,42,0.6710299689975887,0.7915724514477671,0.66376846634658,0.7297527706734868,0.781438982700143,0.3841724676497678,60,C,weighted_sampling
g4_c_weighted_sampling_w60,12,2,G4,0.001,tcn,R0,G4__g4_c_weighted_sampling_w60__tcn__r0__w60__fold_2__seed_42,42,0.6758525663107131,0.7649853200367144,0.6703104386151546,0.7135549872122762,0.789837223184688,0.3716488781356451,60,C,weighted_sampling
g4_c_weighted_sampling_w60,13,2,G4,0.001,tcn,R0,G4__g4_c_weighted_sampling_w60__tcn__r0__w60__fold_2__seed_42,42,0.6648294867378574,0.7541064535836454,0.6586172554585237,0.7007672634271099,0.7722604004420079,0.36881086815179825,60,C,weighted_sampling
g4_c_weighted_sampling_w60,14,2,G4,0.001,tcn,R0,G4__g4_c_weighted_sampling_w60__tcn__r0__w60__fold_2__seed_42,42,0.6562177058215639,0.764443972872078,0.6481827909301628,0.6845694799658995,0.7817544123604068,0.352869816008615,60,C,weighted_sampling
g4_c_weighted_sampling_w60,15,2,G4,0.001,tcn,R0,G4__g4_c_weighted_sampling_w60__tcn__r0__w60__fold_2__seed_42,42,0.6696520840509818,0.7332394192681163,0.6647605474713351,0.680306905370844,0.7753250634985304,0.36052137128985645,60,C,weighted_sampling
g4_c_weighted_sampling_w60,16,2,G4,0.0005,tcn,R0,G4__g4_c_weighted_sampling_w60__tcn__r0__w60__fold_2__seed_42,42,0.6796417499138822,0.738594590365127,0.6705507049419831,0.6513213981244672,0.836074240016612,0.33826970924476263,60,C,weighted_sampling
g4_c_weighted_sampling_w60,17,2,G4,0.0005,tcn,R0,G4__g4_c_weighted_sampling_w60__tcn__r0__w60__fold_2__seed_42,42,0.6996210816396831,0.7155339495707823,0.6991882088584706,0.6547314578005116,0.8312401610973648,0.3388990497651132,60,C,weighted_sampling
g4_c_weighted_sampling_w60,18,2,G4,0.0005,tcn,R0,G4__g4_c_weighted_sampling_w60__tcn__r0__w60__fold_2__seed_42,42,0.6865311746469169,0.7331254077376557,0.6884157562938462,0.6939471440750213,0.748344717275761,0.3608437636439248,60,C,weighted_sampling
g4_c_weighted_sampling_w60,19,2,G4,0.0005,tcn,R0,G4__g4_c_weighted_sampling_w60__tcn__r0__w60__fold_2__seed_42,42,0.6737857388908026,0.7375209234395685,0.6673289619573671,0.6768968456947997,0.7880773266867909,0.3522262790406115,60,C,weighted_sampling
g4_c_weighted_sampling_w60,20,2,G4,0.00025,tcn,R0,G4__g4_c_weighted_sampling_w60__tcn__r0__w60__fold_2__seed_42,42,0.6934205993799518,0.7164148095760352,0.6925978113661357,0.6624040920716112,0.8188481516850269,0.34571414370377607,60,C,weighted_sampling
g4_c_weighted_sampling_w60,21,2,G4,0.00025,tcn,R0,G4__g4_c_weighted_sampling_w60__tcn__r0__w60__fold_2__seed_42,42,0.7189114708921805,0.7036434334391279,0.7175971660929003,0.6615515771526002,0.8227913975207499,0.34696880331310204,60,C,weighted_sampling
g4_c_weighted_sampling_w60,22,2,G4,0.00025,tcn,R0,G4__g4_c_weighted_sampling_w60__tcn__r0__w60__fold_2__seed_42,42,0.7006544953496383,0.7060078682260517,0.7000767246702453,0.670076726342711,0.8109091841961111,0.3501036791468996,60,C,weighted_sampling
g4_c_weighted_sampling_w60,23,2,G4,0.00025,tcn,R0,G4__g4_c_weighted_sampling_w60__tcn__r0__w60__fold_2__seed_42,42,0.6903203582500861,0.7003086104583544,0.6892954752182759,0.6786018755328218,0.7968148788832643,0.35424937321222155,60,C,weighted_sampling
g4_c_weighted_sampling_w60,24,2,G4,0.000125,tcn,R0,G4__g4_c_weighted_sampling_w60__tcn__r0__w60__fold_2__seed_42,42,0.6965208405098174,0.7057645054591183,0.6948362470521731,0.6811594202898551,0.793267242388144,0.3557676810215297,60,C,weighted_sampling
g4_c_weighted_sampling_w60,25,2,G4,0.000125,tcn,R0,G4__g4_c_weighted_sampling_w60__tcn__r0__w60__fold_2__seed_42,42,0.6813641060971409,0.711365085838172,0.6795815144915786,0.6828644501278772,0.7934502949596772,0.35701498893158873,60,C,weighted_sampling
g4_c_weighted_sampling_w60,26,2,G4,0.000125,tcn,R0,G4__g4_c_weighted_sampling_w60__tcn__r0__w60__fold_2__seed_42,42,0.689286944540131,0.7183826250985619,0.6871418261786038,0.690537084398977,0.786292370018142,0.36038033232433647,60,C,weighted_sampling
g4_c_weighted_sampling_w60,1,3,G4,0.001,tcn,R0,G4__g4_c_weighted_sampling_w60__tcn__r0__w60__fold_3__seed_42,42,0.31354135110572556,1.0905176659346856,0.15964138161946273,0.10078192875760209,1.1650704589747636,0.07493638495533883,60,C,weighted_sampling
g4_c_weighted_sampling_w60,2,3,G4,0.001,tcn,R0,G4__g4_c_weighted_sampling_w60__tcn__r0__w60__fold_3__seed_42,42,0.48833686761587397,1.0036152935468656,0.4444654188007533,0.5403996524761078,1.192301791093331,0.25524063486932924,60,C,weighted_sampling
g4_c_weighted_sampling_w60,3,3,G4,0.001,tcn,R0,G4__g4_c_weighted_sampling_w60__tcn__r0__w60__fold_3__seed_42,42,0.5883065737655256,0.9320102731085879,0.5276395911511659,0.6585577758470895,1.1030264924548172,0.3975278133562489,60,C,weighted_sampling
g4_c_weighted_sampling_w60,4,3,G4,0.001,tcn,R0,G4__g4_c_weighted_sampling_w60__tcn__r0__w60__fold_3__seed_42,42,0.6498030899727355,0.8556207020114458,0.6251477822208722,0.7463075586446568,0.9260792648864766,0.39262127630665916,60,C,weighted_sampling
g4_c_weighted_sampling_w60,5,3,G4,0.001,tcn,R0,G4__g4_c_weighted_sampling_w60__tcn__r0__w60__fold_3__seed_42,42,0.6567706755528627,0.8373624063087066,0.6456354418254754,0.6811468288444831,1.0568606927537794,0.3786623491845314,60,C,weighted_sampling
g4_c_weighted_sampling_w60,6,3,G4,0.001,tcn,R0,G4__g4_c_weighted_sampling_w60__tcn__r0__w60__fold_3__seed_42,42,0.6831263253559527,0.8014152682900104,0.6728565582719924,0.7158992180712423,1.0026183047054333,0.3810117456351285,60,C,weighted_sampling
g4_c_weighted_sampling_w60,7,3,G4,0.001,tcn,R0,G4__g4_c_weighted_sampling_w60__tcn__r0__w60__fold_3__seed_42,42,0.7055437746137534,0.743493089095205,0.7041643208587258,0.7185056472632494,0.839627289388824,0.3766261016670182,60,C,weighted_sampling
g4_c_weighted_sampling_w60,8,3,G4,0.0005,tcn,R0,G4__g4_c_weighted_sampling_w60__tcn__r0__w60__fold_3__seed_42,42,0.6607088760981521,0.7485933171117425,0.6325342844701496,0.7306689834926151,0.817864730993009,0.38543147860215193,60,C,weighted_sampling
g4_c_weighted_sampling_w60,9,3,G4,0.0005,tcn,R0,G4__g4_c_weighted_sampling_w60__tcn__r0__w60__fold_3__seed_42,42,0.7249318388367162,0.7094575116324519,0.7198134684229519,0.7289313640312771,0.8709483462038712,0.38903928292125367,60,C,weighted_sampling
g4_c_weighted_sampling_w60,10,3,G4,0.0005,tcn,R0,G4__g4_c_weighted_sampling_w60__tcn__r0__w60__fold_3__seed_42,42,0.7067555286276885,0.7152467008902427,0.6978585663611389,0.7211120764552563,0.9129436623263006,0.38607251138034027,60,C,weighted_sampling
g4_c_weighted_sampling_w60,11,3,G4,0.0005,tcn,R0,G4__g4_c_weighted_sampling_w60__tcn__r0__w60__fold_3__seed_42,42,0.7140260527112996,0.6960434593673331,0.7112980002003783,0.7271937445699392,0.8719837708280564,0.38604178590368976,60,C,weighted_sampling
g4_c_weighted_sampling_w60,12,3,G4,0.00025,tcn,R0,G4__g4_c_weighted_sampling_w60__tcn__r0__w60__fold_3__seed_42,42,0.7206906997879431,0.6926947478199323,0.712968364728467,0.7341442224152911,0.8248490936905275,0.38800363928569065,60,C,weighted_sampling
g4_c_weighted_sampling_w60,13,3,G4,0.00025,tcn,R0,G4__g4_c_weighted_sampling_w60__tcn__r0__w60__fold_3__seed_42,42,0.7052408361102697,0.7060773395220824,0.6980767269983454,0.733275412684622,0.8212423440583575,0.3880641024274656,60,C,weighted_sampling
g4_c_weighted_sampling_w60,14,3,G4,0.00025,tcn,R0,G4__g4_c_weighted_sampling_w60__tcn__r0__w60__fold_3__seed_42,42,0.7206906997879431,0.683043804648283,0.7158433976251635,0.733275412684622,0.8251136493206438,0.3880641024274656,60,C,weighted_sampling
g4_c_weighted_sampling_w60,15,3,G4,0.00025,tcn,R0,G4__g4_c_weighted_sampling_w60__tcn__r0__w60__fold_3__seed_42,42,0.7155407452287186,0.7033269290886515,0.7116821849886753,0.7298001737619462,0.8424280137470967,0.38720082881174384,60,C,weighted_sampling
g4_c_weighted_sampling_w60,16,3,G4,0.000125,tcn,R0,G4__g4_c_weighted_sampling_w60__tcn__r0__w60__fold_3__seed_42,42,0.6943350499848531,0.6899579066429958,0.690617308069525,0.7271937445699392,0.8625866885966161,0.38604178590368976,60,C,weighted_sampling
g4_c_weighted_sampling_w60,17,3,G4,0.000125,tcn,R0,G4__g4_c_weighted_sampling_w60__tcn__r0__w60__fold_3__seed_42,42,0.7312935474098758,0.6581297862966723,0.7269947836907171,0.7254561251086012,0.8681887736225211,0.3871323106266134,60,C,weighted_sampling
g4_c_weighted_sampling_w60,18,3,G4,0.000125,tcn,R0,G4__g4_c_weighted_sampling_w60__tcn__r0__w60__fold_3__seed_42,42,0.7243259618297485,0.6665598793991838,0.7188984807542699,0.7254561251086012,0.8656373873003455,0.38686966660062305,60,C,weighted_sampling
g4_c_weighted_sampling_w60,1,4,G4,0.001,tcn,R0,G4__g4_c_weighted_sampling_w60__tcn__r0__w60__fold_4__seed_42,42,0.3265251276538565,1.0763293519451937,0.16410048622366288,0.09333333333333334,1.222316837310791,0.06039717899303037,60,C,weighted_sampling
g4_c_weighted_sampling_w60,2,4,G4,0.001,tcn,R0,G4__g4_c_weighted_sampling_w60__tcn__r0__w60__fold_4__seed_42,42,0.5149153453372749,0.9932633995112794,0.50084362266256,0.5768888888888889,1.2537157090504965,0.3527541761040986,60,C,weighted_sampling
g4_c_weighted_sampling_w60,3,4,G4,0.001,tcn,R0,G4__g4_c_weighted_sampling_w60__tcn__r0__w60__fold_4__seed_42,42,0.6460628863208815,0.9182903808920783,0.637463767816891,0.6773333333333333,1.14126389058431,0.376881620798982,60,C,weighted_sampling
g4_c_weighted_sampling_w60,4,4,G4,0.001,tcn,R0,G4__g4_c_weighted_sampling_w60__tcn__r0__w60__fold_4__seed_42,42,0.6463316312819135,0.8457365861601549,0.6320962876701932,0.7137777777777777,0.9551369382010566,0.4166219503790627,60,C,weighted_sampling
g4_c_weighted_sampling_w60,5,4,G4,0.001,tcn,R0,G4__g4_c_weighted_sampling_w60__tcn__r0__w60__fold_4__seed_42,42,0.665950013437248,0.8057642802856392,0.6502376453655148,0.6888888888888889,1.1785639114909703,0.3913285123735164,60,C,weighted_sampling
g4_c_weighted_sampling_w60,6,4,G4,0.001,tcn,R0,G4__g4_c_weighted_sampling_w60__tcn__r0__w60__fold_4__seed_42,42,0.6707874227358237,0.8131327547555456,0.667566223250957,0.6728888888888889,1.0866493033832973,0.40438675023443943,60,C,weighted_sampling
g4_c_weighted_sampling_w60,7,4,G4,0.001,tcn,R0,G4__g4_c_weighted_sampling_w60__tcn__r0__w60__fold_4__seed_42,42,0.6874496103198066,0.7509272029822118,0.682506192256576,0.7333333333333333,0.8739844825532701,0.38770318053867037,60,C,weighted_sampling
g4_c_weighted_sampling_w60,8,4,G4,0.001,tcn,R0,G4__g4_c_weighted_sampling_w60__tcn__r0__w60__fold_4__seed_42,42,0.6906745498521902,0.7469882963325861,0.6772632061957063,0.728,0.8571335186428494,0.4053209005633332,60,C,weighted_sampling
g4_c_weighted_sampling_w60,9,4,G4,0.0005,tcn,R0,G4__g4_c_weighted_sampling_w60__tcn__r0__w60__fold_4__seed_42,42,0.6998118785272777,0.7192229889503444,0.6910298438691953,0.7093333333333334,0.8658466549449497,0.39598616991332314,60,C,weighted_sampling
g4_c_weighted_sampling_w60,10,4,G4,0.0005,tcn,R0,G4__g4_c_weighted_sampling_w60__tcn__r0__w60__fold_4__seed_42,42,0.6874496103198066,0.7272640000873597,0.6783829701729274,0.7084444444444444,0.8559956588215298,0.39600320433396435,60,C,weighted_sampling
g4_c_weighted_sampling_w60,11,4,G4,0.0005,tcn,R0,G4__g4_c_weighted_sampling_w60__tcn__r0__w60__fold_4__seed_42,42,0.6842246707874228,0.7256978208805341,0.6739424683855347,0.6933333333333334,0.8585179020563761,0.38850744582153823,60,C,weighted_sampling
g4_c_weighted_sampling_w60,12,4,G4,0.0005,tcn,R0,G4__g4_c_weighted_sampling_w60__tcn__r0__w60__fold_4__seed_42,42,0.7127116366568127,0.6787565693807871,0.7049927405921433,0.6853333333333333,0.8709111870659723,0.3846950386210175,60,C,weighted_sampling
g4_c_weighted_sampling_w60,13,4,G4,0.00025,tcn,R0,G4__g4_c_weighted_sampling_w60__tcn__r0__w60__fold_4__seed_42,42,0.6992743886052136,0.6976663174407516,0.6966985586991833,0.6897777777777778,0.8547170112397936,0.3853395287926736,60,C,weighted_sampling
g4_c_weighted_sampling_w60,14,4,G4,0.00025,tcn,R0,G4__g4_c_weighted_sampling_w60__tcn__r0__w60__fold_4__seed_42,42,0.721580220370868,0.6676473477552476,0.7179770106280853,0.6915555555555556,0.8532165104018318,0.3862089016844217,60,C,weighted_sampling
g4_c_weighted_sampling_w60,15,4,G4,0.00025,tcn,R0,G4__g4_c_weighted_sampling_w60__tcn__r0__w60__fold_4__seed_42,42,0.7261488847084118,0.6610363180103624,0.720080519912814,0.68,0.8962665346463521,0.37961610984866795,60,C,weighted_sampling
g4_c_weighted_sampling_w60,16,4,G4,0.00025,tcn,R0,G4__g4_c_weighted_sampling_w60__tcn__r0__w60__fold_4__seed_42,42,0.7468422467078742,0.6507805272219995,0.7446319742769257,0.6986666666666667,0.8675371526612176,0.38930639511282045,60,C,weighted_sampling
g4_c_weighted_sampling_w60,17,4,G4,0.000125,tcn,R0,G4__g4_c_weighted_sampling_w60__tcn__r0__w60__fold_4__seed_42,42,0.7059930126310132,0.6934371409285488,0.7043249406321328,0.7022222222222222,0.8617274836434259,0.3913464667496524,60,C,weighted_sampling
g4_c_weighted_sampling_w60,18,4,G4,0.000125,tcn,R0,G4__g4_c_weighted_sampling_w60__tcn__r0__w60__fold_4__seed_42,42,0.7188927707605482,0.6604778985604264,0.7202347394353156,0.6986666666666667,0.8675344109005398,0.38966129575861386,60,C,weighted_sampling
g4_c_weighted_sampling_w60,19,4,G4,0.000125,tcn,R0,G4__g4_c_weighted_sampling_w60__tcn__r0__w60__fold_4__seed_42,42,0.7299113141628595,0.6676742664366376,0.7262939468623463,0.7022222222222222,0.8531836760838827,0.3913723689328097,60,C,weighted_sampling
g4_d_augmentation_w150,1,1,G4,0.001,transformer,R0,G4__g4_d_augmentation_w150__transformer__r0__w150__fold_1__seed_42,42,0.7064942367163339,0.762040349248758,0.307453628312973,0.8554112554112554,0.4909906834234923,0.42173049536691126,150,D,augmentation
g4_d_augmentation_w150,2,1,G4,0.001,transformer,R0,G4__g4_d_augmentation_w150__transformer__r0__w150__fold_1__seed_42,42,0.8442507731234186,0.48386108270347,0.49928644316735976,0.8536796536796537,0.40480042760506335,0.42378896522381154,150,D,augmentation
g4_d_augmentation_w150,3,1,G4,0.001,transformer,R0,G4__g4_d_augmentation_w150__transformer__r0__w150__fold_1__seed_42,42,0.8462187236435198,0.42213292044972583,0.5017854162834813,0.8415584415584415,0.39351981091292904,0.41993592902907834,150,D,augmentation
g4_d_augmentation_w150,4,1,G4,0.001,transformer,R0,G4__g4_d_augmentation_w150__transformer__r0__w150__fold_1__seed_42,42,0.8462187236435198,0.40527834377330374,0.5040776357368101,0.8354978354978355,0.39869189288193013,0.424455204468183,150,D,augmentation
g4_d_augmentation_w150,5,1,G4,0.001,transformer,R0,G4__g4_d_augmentation_w150__transformer__r0__w150__fold_1__seed_42,42,0.8459375878549339,0.4011477389830299,0.5053409101547506,0.8311688311688312,0.40005981956983544,0.4268528861668572,150,D,augmentation
g4_d_augmentation_w150,6,1,G4,0.001,transformer,R0,G4__g4_d_augmentation_w150__transformer__r0__w150__fold_1__seed_42,42,0.8464998594321057,0.39801987121706434,0.5061182431872088,0.8354978354978355,0.3925970163051184,0.424455204468183,150,D,augmentation
g4_d_augmentation_w150,7,1,G4,0.001,transformer,R0,G4__g4_d_augmentation_w150__transformer__r0__w150__fold_1__seed_42,42,0.848186674163621,0.3950373775626556,0.5063410257137088,0.8363636363636363,0.390565655035374,0.4250481412633202,150,D,augmentation
g4_d_augmentation_w150,8,1,G4,0.001,transformer,R0,G4__g4_d_augmentation_w150__transformer__r0__w150__fold_1__seed_42,42,0.8490300815293786,0.3928963241615354,0.5080670549398021,0.8337662337662337,0.39756715388009045,0.4349238354783321,150,D,augmentation
g4_d_augmentation_w150,9,1,G4,0.001,transformer,R0,G4__g4_d_augmentation_w150__transformer__r0__w150__fold_1__seed_42,42,0.8462187236435198,0.3902673785157642,0.5058691469841295,0.8380952380952381,0.4009401260774373,0.4461766866532875,150,D,augmentation
g4_d_augmentation_w150,10,1,G4,0.001,transformer,R0,G4__g4_d_augmentation_w150__transformer__r0__w150__fold_1__seed_42,42,0.8470621310092775,0.38831210810882777,0.5070325929882956,0.8389610389610389,0.4028118444469584,0.4490177450444313,150,D,augmentation
g4_d_augmentation_w150,11,1,G4,0.001,transformer,R0,G4__g4_d_augmentation_w150__transformer__r0__w150__fold_1__seed_42,42,0.8484678099522069,0.3851171227982113,0.5096601793114696,0.8380952380952381,0.4082247649694418,0.45160948146547025,150,D,augmentation
g4_d_augmentation_w150,12,1,G4,0.001,transformer,R0,G4__g4_d_augmentation_w150__transformer__r0__w150__fold_1__seed_42,42,0.8504357604723082,0.3827259077813339,0.5123552970292681,0.8354978354978355,0.41064109567439916,0.44867705853286016,150,D,augmentation
g4_d_augmentation_w150,13,1,G4,0.001,transformer,R0,G4__g4_d_augmentation_w150__transformer__r0__w150__fold_1__seed_42,42,0.8512791678380658,0.37955940307644537,0.5134730626480235,0.8363636363636363,0.4097742387871722,0.4482276607213252,150,D,augmentation
g4_d_augmentation_w150,14,1,G4,0.001,transformer,R0,G4__g4_d_augmentation_w150__transformer__r0__w150__fold_1__seed_42,42,0.8501546246837223,0.37616959323131005,0.511534768893156,0.8372294372294372,0.40793010420871506,0.4466666055716609,150,D,augmentation
g4_d_augmentation_w150,15,1,G4,0.001,transformer,R0,G4__g4_d_augmentation_w150__transformer__r0__w150__fold_1__seed_42,42,0.8509980320494799,0.37278802096759933,0.5126875035896546,0.8380952380952381,0.4100204405201462,0.4483904256378066,150,D,augmentation
g4_d_augmentation_w150,16,1,G4,0.0005,transformer,R0,G4__g4_d_augmentation_w150__transformer__r0__w150__fold_1__seed_42,42,0.8487489457407928,0.3696036193941898,0.5094310701578163,0.8346320346320346,0.4081182838131339,0.4391195281483555,150,D,augmentation
g4_d_augmentation_w150,17,1,G4,0.0005,transformer,R0,G4__g4_d_augmentation_w150__transformer__r0__w150__fold_1__seed_42,42,0.8487489457407928,0.3674889308601274,0.5103157117541447,0.8346320346320346,0.41344168592583047,0.44590563882251666,150,D,augmentation
g4_d_augmentation_w150,18,1,G4,0.0005,transformer,R0,G4__g4_d_augmentation_w150__transformer__r0__w150__fold_1__seed_42,42,0.8512791678380658,0.36532817418601427,0.514623446701592,0.832034632034632,0.417254427604345,0.44406710290543,150,D,augmentation
g4_d_augmentation_w150,19,1,G4,0.0005,transformer,R0,G4__g4_d_augmentation_w150__transformer__r0__w150__fold_1__seed_42,42,0.8509980320494799,0.3639440346223302,0.5147331803937445,0.8346320346320346,0.4166562302159025,0.4448096212638015,150,D,augmentation
g4_d_augmentation_w150,20,1,G4,0.00025,transformer,R0,G4__g4_d_augmentation_w150__transformer__r0__w150__fold_1__seed_42,42,0.8529659825695811,0.36241393540727984,0.517135631509032,0.8354978354978355,0.41830077100367774,0.4465232096861185,150,D,augmentation
g4_d_augmentation_w150,21,1,G4,0.00025,transformer,R0,G4__g4_d_augmentation_w150__transformer__r0__w150__fold_1__seed_42,42,0.8543716615125105,0.36104774123200684,0.5191563784396217,0.8354978354978355,0.417567582344596,0.4465232096861185,150,D,augmentation
g4_d_augmentation_w150,22,1,G4,0.00025,transformer,R0,G4__g4_d_augmentation_w150__transformer__r0__w150__fold_1__seed_42,42,0.8538093899353387,0.36013780308466864,0.5184127138648833,0.832034632034632,0.4164906683551285,0.4396131871533495,150,D,augmentation
g4_d_augmentation_w150,23,1,G4,0.00025,transformer,R0,G4__g4_d_augmentation_w150__transformer__r0__w150__fold_1__seed_42,42,0.85577734045544,0.3595544244169284,0.5206028432007676,0.8329004329004329,0.41622573441757266,0.4390695345620796,150,D,augmentation
g4_d_augmentation_w150,24,1,G4,0.000125,transformer,R0,G4__g4_d_augmentation_w150__transformer__r0__w150__fold_1__seed_42,42,0.8540905257239246,0.3586159267132625,0.5183149085852237,0.832034632034632,0.41563419507437455,0.4373016681221719,150,D,augmentation
g4_d_augmentation_w150,25,1,G4,0.000125,transformer,R0,G4__g4_d_augmentation_w150__transformer__r0__w150__fold_1__seed_42,42,0.8535282541467529,0.35819883968409844,0.5179813394521348,0.8329004329004329,0.41593732310063913,0.437905220963053,150,D,augmentation
g4_d_augmentation_w150,26,1,G4,0.000125,transformer,R0,G4__g4_d_augmentation_w150__transformer__r0__w150__fold_1__seed_42,42,0.8546527973010964,0.35777360381019696,0.5187475947000935,0.8337662337662337,0.41607640954581177,0.43851116625310177,150,D,augmentation
g4_d_augmentation_w150,1,2,G4,0.001,transformer,R0,G4__g4_d_augmentation_w150__transformer__r0__w150__fold_2__seed_42,42,0.6002886002886003,0.8791005382634173,0.3505785244317355,0.8655172413793103,0.4660346725891376,0.35999192941910163,150,D,augmentation
g4_d_augmentation_w150,2,2,G4,0.001,transformer,R0,G4__g4_d_augmentation_w150__transformer__r0__w150__fold_2__seed_42,42,0.7867243867243867,0.5976950400319451,0.5144654395820086,0.8396551724137931,0.4235093213360885,0.36350160833453354,150,D,augmentation
g4_d_augmentation_w150,3,2,G4,0.001,transformer,R0,G4__g4_d_augmentation_w150__transformer__r0__w150__fold_2__seed_42,42,0.7988455988455988,0.5342063190789106,0.5227753478455069,0.825,0.460736608505249,0.3932938673857966,150,D,augmentation
g4_d_augmentation_w150,4,2,G4,0.001,transformer,R0,G4__g4_d_augmentation_w150__transformer__r0__w150__fold_2__seed_42,42,0.8054834054834055,0.52526061197724,0.5300876472776838,0.8137931034482758,0.47565428799596327,0.3899939089706161,150,D,augmentation
g4_d_augmentation_w150,5,2,G4,0.001,transformer,R0,G4__g4_d_augmentation_w150__transformer__r0__w150__fold_2__seed_42,42,0.8066378066378066,0.5193264770989466,0.5314612324604426,0.8198275862068966,0.462742771979036,0.3936108751062022,150,D,augmentation
g4_d_augmentation_w150,6,2,G4,0.001,transformer,R0,G4__g4_d_augmentation_w150__transformer__r0__w150__fold_2__seed_42,42,0.8132756132756133,0.5085409392870178,0.5369847632630842,0.8163793103448276,0.4572955413111325,0.3915306902953765,150,D,augmentation
g4_d_augmentation_w150,7,2,G4,0.001,transformer,R0,G4__g4_d_augmentation_w150__transformer__r0__w150__fold_2__seed_42,42,0.8152958152958153,0.4963284651266376,0.5385445551261041,0.8068965517241379,0.4661838913786,0.38598817538703395,150,D,augmentation
g4_d_augmentation_w150,8,2,G4,0.001,transformer,R0,G4__g4_d_augmentation_w150__transformer__r0__w150__fold_2__seed_42,42,0.8173160173160173,0.4820828771522379,0.5457421650595449,0.7939655172413793,0.47720392038082254,0.3803820131193903,150,D,augmentation
g4_d_augmentation_w150,9,2,G4,0.001,transformer,R0,G4__g4_d_augmentation_w150__transformer__r0__w150__fold_2__seed_42,42,0.8202020202020202,0.4683576458804363,0.572291239140108,0.7939655172413793,0.4777921203909249,0.3803820131193903,150,D,augmentation
g4_d_augmentation_w150,10,2,G4,0.0005,transformer,R0,G4__g4_d_augmentation_w150__transformer__r0__w150__fold_2__seed_42,42,0.8323232323232324,0.4554960181874802,0.7152593296761349,0.7905172413793103,0.47901803213974525,0.37851740096747477,150,D,augmentation
g4_d_augmentation_w150,11,2,G4,0.0005,transformer,R0,G4__g4_d_augmentation_w150__transformer__r0__w150__fold_2__seed_42,42,0.8329004329004329,0.4491993558355224,0.7247177090963163,0.7948275862068965,0.47636542566891377,0.38085226320520443,150,D,augmentation
g4_d_augmentation_w150,12,2,G4,0.0005,transformer,R0,G4__g4_d_augmentation_w150__transformer__r0__w150__fold_2__seed_42,42,0.8334776334776335,0.4435918013856869,0.742615184878054,0.7922413793103448,0.4790742814540863,0.3794464654117782,150,D,augmentation
g4_d_augmentation_w150,13,2,G4,0.0005,transformer,R0,G4__g4_d_augmentation_w150__transformer__r0__w150__fold_2__seed_42,42,0.8329004329004329,0.43952114557979083,0.7401551373893781,0.778448275862069,0.4887628240831967,0.3739337613256406,150,D,augmentation
g4_d_augmentation_w150,14,2,G4,0.00025,transformer,R0,G4__g4_d_augmentation_w150__transformer__r0__w150__fold_2__seed_42,42,0.834054834054834,0.43538135781260623,0.747446433235463,0.7767241379310345,0.4908136834358347,0.37304194037392624,150,D,augmentation
g4_d_augmentation_w150,15,2,G4,0.00025,transformer,R0,G4__g4_d_augmentation_w150__transformer__r0__w150__fold_2__seed_42,42,0.8334776334776335,0.4334521438136245,0.7481716913979107,0.778448275862069,0.4875804518831187,0.3739337613256406,150,D,augmentation
g4_d_augmentation_w150,16,2,G4,0.00025,transformer,R0,G4__g4_d_augmentation_w150__transformer__r0__w150__fold_2__seed_42,42,0.8334776334776335,0.43139411595476657,0.7470484689395488,0.7836206896551724,0.47971588804804044,0.37664297097802385,150,D,augmentation
g4_d_augmentation_w150,17,2,G4,0.00025,transformer,R0,G4__g4_d_augmentation_w150__transformer__r0__w150__fold_2__seed_42,42,0.8343434343434344,0.42940043269469796,0.746059882909838,0.7887931034482759,0.4730078861631196,0.37912906814060854,150,D,augmentation
g4_d_augmentation_w150,18,2,G4,0.000125,transformer,R0,G4__g4_d_augmentation_w150__transformer__r0__w150__fold_2__seed_42,42,0.8354978354978355,0.4282944979089679,0.7494745389481922,0.7896551724137931,0.47219251558698455,0.379593131837125,150,D,augmentation
g4_d_augmentation_w150,1,3,G4,0.001,transformer,R0,G4__g4_d_augmentation_w150__transformer__r0__w150__fold_3__seed_42,42,0.6168437025796661,0.8397366786220186,0.3578123695399619,0.7875555555555556,0.5895205071502262,0.37549526270456496,150,D,augmentation
g4_d_augmentation_w150,2,3,G4,0.001,transformer,R0,G4__g4_d_augmentation_w150__transformer__r0__w150__fold_3__seed_42,42,0.8313100657561963,0.5526953529364905,0.5433482134093133,0.7644444444444445,0.5526480035516951,0.37799994958279765,150,D,augmentation
g4_d_augmentation_w150,3,3,G4,0.001,transformer,R0,G4__g4_d_augmentation_w150__transformer__r0__w150__fold_3__seed_42,42,0.8356095093576126,0.4810775760664865,0.5481949652144306,0.7546666666666667,0.5935715061889755,0.3920624287251531,150,D,augmentation
g4_d_augmentation_w150,4,3,G4,0.001,transformer,R0,G4__g4_d_augmentation_w150__transformer__r0__w150__fold_3__seed_42,42,0.8358624178047547,0.47269110474311526,0.5494293357116544,0.7493333333333333,0.6309326716860135,0.39545521499393943,150,D,augmentation
g4_d_augmentation_w150,5,3,G4,0.001,transformer,R0,G4__g4_d_augmentation_w150__transformer__r0__w150__fold_3__seed_42,42,0.8386444107233182,0.47282955526823217,0.5520591767168076,0.7546666666666667,0.6195284559263123,0.39839609390075886,150,D,augmentation
g4_d_augmentation_w150,6,3,G4,0.001,transformer,R0,G4__g4_d_augmentation_w150__transformer__r0__w150__fold_3__seed_42,42,0.8396560445118867,0.46778330543032787,0.5523588610395077,0.768,0.5959873044689497,0.40488841361871825,150,D,augmentation
g4_d_augmentation_w150,7,3,G4,0.001,transformer,R0,G4__g4_d_augmentation_w150__transformer__r0__w150__fold_3__seed_42,42,0.8419322205361659,0.4596732403361321,0.5541254034294827,0.7662222222222222,0.582838921394613,0.4038690352373424,150,D,augmentation
g4_d_augmentation_w150,8,3,G4,0.001,transformer,R0,G4__g4_d_augmentation_w150__transformer__r0__w150__fold_3__seed_42,42,0.8467374810318664,0.44975518330095027,0.5586291951101786,0.7511111111111111,0.5860465494261847,0.39643094134256107,150,D,augmentation
g4_d_augmentation_w150,9,3,G4,0.001,transformer,R0,G4__g4_d_augmentation_w150__transformer__r0__w150__fold_3__seed_42,42,0.8464845725847243,0.43633531755308463,0.5585908995720256,0.7511111111111111,0.5873680011431376,0.3974419723114,150,D,augmentation
g4_d_augmentation_w150,10,3,G4,0.001,transformer,R0,G4__g4_d_augmentation_w150__transformer__r0__w150__fold_3__seed_42,42,0.8507840161861406,0.42028433693498446,0.6199266337096666,0.7546666666666667,0.5863432618909412,0.39839609390075886,150,D,augmentation
g4_d_augmentation_w150,11,3,G4,0.0005,transformer,R0,G4__g4_d_augmentation_w150__transformer__r0__w150__fold_3__seed_42,42,0.8593829033889732,0.4111035915565539,0.7525498478920024,0.7537777777777778,0.5922933213777012,0.3979030670153194,150,D,augmentation
g4_d_augmentation_w150,12,3,G4,0.0005,transformer,R0,G4__g4_d_augmentation_w150__transformer__r0__w150__fold_3__seed_42,42,0.8641881638846738,0.4060712274301516,0.787419986203314,0.7528888888888889,0.5951751033994886,0.39695017286743467,150,D,augmentation
g4_d_augmentation_w150,13,3,G4,0.0005,transformer,R0,G4__g4_d_augmentation_w150__transformer__r0__w150__fold_3__seed_42,42,0.8667172483560951,0.40106664316848367,0.8086151200605295,0.7555555555555555,0.5880975204110146,0.3958404848645915,150,D,augmentation
g4_d_augmentation_w150,14,3,G4,0.0005,transformer,R0,G4__g4_d_augmentation_w150__transformer__r0__w150__fold_3__seed_42,42,0.8679817905918058,0.3965917717614557,0.8112437357224552,0.7555555555555555,0.5900098740392261,0.39690872778441055,150,D,augmentation
g4_d_augmentation_w150,15,3,G4,0.00025,transformer,R0,G4__g4_d_augmentation_w150__transformer__r0__w150__fold_3__seed_42,42,0.8700050581689428,0.3933245639157042,0.8203257682854449,0.7555555555555555,0.589451442917188,0.39690872778441055,150,D,augmentation
g4_d_augmentation_w150,16,3,G4,0.00025,transformer,R0,G4__g4_d_augmentation_w150__transformer__r0__w150__fold_3__seed_42,42,0.8700050581689428,0.3909372850295324,0.8180192021129814,0.7555555555555555,0.5894321832789315,0.3971971938767283,150,D,augmentation
g4_d_augmentation_w150,17,3,G4,0.00025,transformer,R0,G4__g4_d_augmentation_w150__transformer__r0__w150__fold_3__seed_42,42,0.8712696004046535,0.3893977029641952,0.8189055848437287,0.7564444444444445,0.5858740231858359,0.3976951258244883,150,D,augmentation
g4_d_augmentation_w150,18,3,G4,0.00025,transformer,R0,G4__g4_d_augmentation_w150__transformer__r0__w150__fold_3__seed_42,42,0.8705108750632271,0.3877527770455823,0.8182609817436234,0.7582222222222222,0.5863067489067714,0.39840185814965423,150,D,augmentation
g4_d_augmentation_w150,19,3,G4,0.000125,transformer,R0,G4__g4_d_augmentation_w150__transformer__r0__w150__fold_3__seed_42,42,0.8710166919575114,0.386338718578438,0.8187770583994128,0.7591111111111111,0.5863082142737177,0.3989020915850184,150,D,augmentation
g4_d_augmentation_w150,20,3,G4,0.000125,transformer,R0,G4__g4_d_augmentation_w150__transformer__r0__w150__fold_3__seed_42,42,0.8710166919575114,0.3856305670997502,0.817789307235553,0.7591111111111111,0.5856832136511803,0.3989020915850184,150,D,augmentation
g4_d_augmentation_w150,21,3,G4,0.000125,transformer,R0,G4__g4_d_augmentation_w150__transformer__r0__w150__fold_3__seed_42,42,0.8712696004046535,0.38417118142576123,0.8188425055931031,0.76,0.5860722112324502,0.3994036063987909,150,D,augmentation
g4_d_augmentation_w150,1,4,G4,0.001,transformer,R0,G4__g4_d_augmentation_w150__transformer__r0__w150__fold_4__seed_42,42,0.6576923076923077,0.78022662379623,0.38851436407985496,0.8334841628959276,0.4809124016653898,0.4058480492813142,150,D,augmentation
g4_d_augmentation_w150,2,4,G4,0.001,transformer,R0,G4__g4_d_augmentation_w150__transformer__r0__w150__fold_4__seed_42,42,0.8504524886877828,0.4788523117071903,0.5573670392953929,0.8153846153846154,0.4814940855783575,0.4057868632905059,150,D,augmentation
g4_d_augmentation_w150,3,4,G4,0.001,transformer,R0,G4__g4_d_augmentation_w150__transformer__r0__w150__fold_4__seed_42,42,0.8563348416289592,0.4273889465569371,0.5630651570923213,0.7981900452488688,0.5363988274362832,0.398258853440866,150,D,augmentation
g4_d_augmentation_w150,4,4,G4,0.001,transformer,R0,G4__g4_d_augmentation_w150__transformer__r0__w150__fold_4__seed_42,42,0.8613122171945702,0.42253319154497726,0.5680630540710907,0.7846153846153846,0.5596174568342407,0.3918226895222034,150,D,augmentation
g4_d_augmentation_w150,5,4,G4,0.001,transformer,R0,G4__g4_d_augmentation_w150__transformer__r0__w150__fold_4__seed_42,42,0.866289592760181,0.4156260081006391,0.572265727263224,0.788235294117647,0.540409388018949,0.39388312034078804,150,D,augmentation
g4_d_augmentation_w150,6,4,G4,0.0005,transformer,R0,G4__g4_d_augmentation_w150__transformer__r0__w150__fold_4__seed_42,42,0.8671945701357466,0.40701448601834916,0.5727799743024774,0.788235294117647,0.5321720722304211,0.39388312034078804,150,D,augmentation
g4_d_augmentation_w150,7,4,G4,0.0005,transformer,R0,G4__g4_d_augmentation_w150__transformer__r0__w150__fold_4__seed_42,42,0.868552036199095,0.39984926848389984,0.5737567490764421,0.7846153846153846,0.5299164228040169,0.3932039047069722,150,D,augmentation
g4_d_augmentation_w150,8,4,G4,0.0005,transformer,R0,G4__g4_d_augmentation_w150__transformer__r0__w150__fold_4__seed_42,42,0.8680995475113122,0.39186988205931306,0.5737601033997127,0.7728506787330317,0.5379766540290004,0.3866554744703145,150,D,augmentation
g4_d_augmentation_w150,9,4,G4,0.0005,transformer,R0,G4__g4_d_augmentation_w150__transformer__r0__w150__fold_4__seed_42,42,0.8692307692307693,0.38342060856689697,0.5749041072062162,0.7710407239819005,0.5380222520407508,0.38699598437757854,150,D,augmentation
g4_d_augmentation_w150,10,4,G4,0.00025,transformer,R0,G4__g4_d_augmentation_w150__transformer__r0__w150__fold_4__seed_42,42,0.8708144796380091,0.37619683462030745,0.6004836302863538,0.7737556561085973,0.5354536094007449,0.38848223896663076,150,D,augmentation
g4_d_augmentation_w150,11,4,G4,0.00025,transformer,R0,G4__g4_d_augmentation_w150__transformer__r0__w150__fold_4__seed_42,42,0.8757918552036199,0.3721250515178318,0.6879637411230748,0.7746606334841629,0.5334240944676809,0.3889806585517954,150,D,augmentation
g4_d_augmentation_w150,12,4,G4,0.00025,transformer,R0,G4__g4_d_augmentation_w150__transformer__r0__w150__fold_4__seed_42,42,0.8776018099547511,0.36800446696410893,0.7340143217694238,0.7737556561085973,0.5318877764147332,0.38848223896663076,150,D,augmentation
g4_d_augmentation_w150,13,4,G4,0.00025,transformer,R0,G4__g4_d_augmentation_w150__transformer__r0__w150__fold_4__seed_42,42,0.8787330316742081,0.36431761944995206,0.7390024173743761,0.7719457013574661,0.5327314977732179,0.38748991732204074,150,D,augmentation
g4_d_augmentation_w150,14,4,G4,0.000125,transformer,R0,G4__g4_d_augmentation_w150__transformer__r0__w150__fold_4__seed_42,42,0.8791855203619909,0.36137896190941066,0.7516901706586058,0.7701357466063349,0.5318138438921708,0.3865035163861084,150,D,augmentation
g4_d_augmentation_w150,15,4,G4,0.000125,transformer,R0,G4__g4_d_augmentation_w150__transformer__r0__w150__fold_4__seed_42,42,0.8787330316742081,0.36011721993463613,0.7547249830058526,0.7701357466063349,0.5322447910028345,0.3865035163861084,150,D,augmentation
g4_d_augmentation_w150,16,4,G4,0.000125,transformer,R0,G4__g4_d_augmentation_w150__transformer__r0__w150__fold_4__seed_42,42,0.8805429864253393,0.3582640428348904,0.7706237134231965,0.7701357466063349,0.5318998179014991,0.387809668868109,150,D,augmentation
g4_d_augmentation_w60,1,1,G4,0.001,lstm,R0,G4__g4_d_augmentation_w60__lstm__r0__w60__fold_1__seed_42,42,0.3823854224185533,1.0664289056234502,0.2559113286617308,0.7805084745762711,1.02839189505173,0.407300900158043,60,D,augmentation
g4_d_augmentation_w60,2,1,G4,0.001,lstm,R0,G4__g4_d_augmentation_w60__lstm__r0__w60__fold_1__seed_42,42,0.8155715074544451,0.999939336558194,0.4943987166526105,0.7932203389830509,0.9493644029407178,0.4070507683266138,60,D,augmentation
g4_d_augmentation_w60,3,1,G4,0.001,lstm,R0,G4__g4_d_augmentation_w60__lstm__r0__w60__fold_1__seed_42,42,0.8268912203202651,0.9133973509353014,0.4990086065121612,0.8,0.8326275356745316,0.4110994718633196,60,D,augmentation
g4_d_augmentation_w60,4,1,G4,0.001,lstm,R0,G4__g4_d_augmentation_w60__lstm__r0__w60__fold_1__seed_42,42,0.8296521258972943,0.7823446550664159,0.49970955493929203,0.8084745762711865,0.6507982175228959,0.4141083730177077,60,D,augmentation
g4_d_augmentation_w60,5,1,G4,0.001,lstm,R0,G4__g4_d_augmentation_w60__lstm__r0__w60__fold_1__seed_42,42,0.8290999447818884,0.6003596417848607,0.4974212018215231,0.8152542372881356,0.49074737995357837,0.4146379889716514,60,D,augmentation
g4_d_augmentation_w60,6,1,G4,0.001,lstm,R0,G4__g4_d_augmentation_w60__lstm__r0__w60__fold_1__seed_42,42,0.8326891220320265,0.5075409486108166,0.49693567607495953,0.8279661016949152,0.4567395227945457,0.42028737123195414,60,D,augmentation
g4_d_augmentation_w60,7,1,G4,0.001,lstm,R0,G4__g4_d_augmentation_w60__lstm__r0__w60__fold_1__seed_42,42,0.8255107675317505,0.4941821782250618,0.48182605864419276,0.8288135593220339,0.44450463682918223,0.4208536982730531,60,D,augmentation
g4_d_augmentation_w60,8,1,G4,0.001,lstm,R0,G4__g4_d_augmentation_w60__lstm__r0__w60__fold_1__seed_42,42,0.834621755935947,0.4778813440321823,0.5000039772501292,0.8127118644067797,0.43750289668471126,0.41429566664451123,60,D,augmentation
g4_d_augmentation_w60,9,1,G4,0.001,lstm,R0,G4__g4_d_augmentation_w60__lstm__r0__w60__fold_1__seed_42,42,0.8357261181667587,0.4562658583143678,0.5034857906456129,0.809322033898305,0.43247670410043104,0.4134145424468005,60,D,augmentation
g4_d_augmentation_w60,10,1,G4,0.001,lstm,R0,G4__g4_d_augmentation_w60__lstm__r0__w60__fold_1__seed_42,42,0.83489784649365,0.4507064199427884,0.5026283143254439,0.809322033898305,0.42751014909501805,0.4146372195887084,60,D,augmentation
g4_d_augmentation_w60,11,1,G4,0.001,lstm,R0,G4__g4_d_augmentation_w60__lstm__r0__w60__fold_1__seed_42,42,0.8321369409166206,0.45031718142055005,0.49920149519373824,0.809322033898305,0.4206547114808681,0.4134145424468005,60,D,augmentation
g4_d_augmentation_w60,12,1,G4,0.0005,lstm,R0,G4__g4_d_augmentation_w60__lstm__r0__w60__fold_1__seed_42,42,0.8321369409166206,0.4454756463219091,0.49714688623624226,0.8084745762711865,0.42113497509794723,0.4141083730177077,60,D,augmentation
g4_d_augmentation_w60,13,1,G4,0.0005,lstm,R0,G4__g4_d_augmentation_w60__lstm__r0__w60__fold_1__seed_42,42,0.8329652125897294,0.44798145032205483,0.499636468228605,0.8084745762711865,0.42301403102228197,0.4165063882401429,60,D,augmentation
g4_d_augmentation_w60,14,1,G4,0.0005,lstm,R0,G4__g4_d_augmentation_w60__lstm__r0__w60__fold_1__seed_42,42,0.8343456653782441,0.4429796851023596,0.5019744483159118,0.809322033898305,0.42700236864009145,0.41938363966626646,60,D,augmentation
g4_d_augmentation_w60,15,1,G4,0.0005,lstm,R0,G4__g4_d_augmentation_w60__lstm__r0__w60__fold_1__seed_42,42,0.8324130314743236,0.44226160699790645,0.501621765167283,0.8084745762711865,0.42667712013600234,0.41884791024012585,60,D,augmentation
g4_d_augmentation_w60,16,1,G4,0.00025,lstm,R0,G4__g4_d_augmentation_w60__lstm__r0__w60__fold_1__seed_42,42,0.8337934842628382,0.4431287932962031,0.5023095101150123,0.8084745762711865,0.42669486524695055,0.41884791024012585,60,D,augmentation
g4_d_augmentation_w60,17,1,G4,0.00025,lstm,R0,G4__g4_d_augmentation_w60__lstm__r0__w60__fold_1__seed_42,42,0.8332413031474324,0.43983236007898435,0.50165946742018,0.8076271186440678,0.4273137494669122,0.4183139832272366,60,D,augmentation
g4_d_augmentation_w60,18,1,G4,0.00025,lstm,R0,G4__g4_d_augmentation_w60__lstm__r0__w60__fold_1__seed_42,42,0.8337934842628382,0.4378986332970782,0.5031056990202281,0.8076271186440678,0.4275555633892447,0.4183139832272366,60,D,augmentation
g4_d_augmentation_w60,19,1,G4,0.00025,lstm,R0,G4__g4_d_augmentation_w60__lstm__r0__w60__fold_1__seed_42,42,0.8357261181667587,0.4414444589470053,0.5048460958640195,0.8076271186440678,0.42808227619882355,0.4183139832272366,60,D,augmentation
g4_d_augmentation_w60,20,1,G4,0.000125,lstm,R0,G4__g4_d_augmentation_w60__lstm__r0__w60__fold_1__seed_42,42,0.8318608503589178,0.4402519498228171,0.5006563397854374,0.8076271186440678,0.4286307142952741,0.4183139832272366,60,D,augmentation
g4_d_augmentation_w60,21,1,G4,0.000125,lstm,R0,G4__g4_d_augmentation_w60__lstm__r0__w60__fold_1__seed_42,42,0.8368304803975704,0.44153778435182073,0.506823904365165,0.8076271186440678,0.42913859850269254,0.4183139832272366,60,D,augmentation
g4_d_augmentation_w60,1,2,G4,0.001,lstm,R0,G4__g4_d_augmentation_w60__lstm__r0__w60__fold_2__seed_42,42,0.45488081725312146,1.0639987830812625,0.30166471477216944,0.7195225916453538,1.0319114498673396,0.3338749042452746,60,D,augmentation
g4_d_augmentation_w60,2,2,G4,0.001,lstm,R0,G4__g4_d_augmentation_w60__lstm__r0__w60__fold_2__seed_42,42,0.7622020431328036,1.0083221207276647,0.5055014937986338,0.7374254049445865,0.9508163845650883,0.3352569316608873,60,D,augmentation
g4_d_augmentation_w60,3,2,G4,0.001,lstm,R0,G4__g4_d_augmentation_w60__lstm__r0__w60__fold_2__seed_42,42,0.7766742338251986,0.9376528307068226,0.5132773324042856,0.7468030690537084,0.8317856543712502,0.3390810503456166,60,D,augmentation
g4_d_augmentation_w60,4,2,G4,0.001,lstm,R0,G4__g4_d_augmentation_w60__lstm__r0__w60__fold_2__seed_42,42,0.7678774120317821,0.8290466953758214,0.5051728956810329,0.7510656436487638,0.6551410621897542,0.34086593654539027,60,D,augmentation
g4_d_augmentation_w60,5,2,G4,0.001,lstm,R0,G4__g4_d_augmentation_w60__lstm__r0__w60__fold_2__seed_42,42,0.7687287173666288,0.6925014218190741,0.5047589010372863,0.7621483375959079,0.5018568640068263,0.3438926490203542,60,D,augmentation
g4_d_augmentation_w60,6,2,G4,0.001,lstm,R0,G4__g4_d_augmentation_w60__lstm__r0__w60__fold_2__seed_42,42,0.7712826333711691,0.6242867066153874,0.5064032214216109,0.7655583972719523,0.46746810592348925,0.3470341795254687,60,D,augmentation
g4_d_augmentation_w60,7,2,G4,0.001,lstm,R0,G4__g4_d_augmentation_w60__lstm__r0__w60__fold_2__seed_42,42,0.7778093076049943,0.6100818047999794,0.5119357968080308,0.7647058823529411,0.4873430892024809,0.34832345070053,60,D,augmentation
g4_d_augmentation_w60,8,2,G4,0.001,lstm,R0,G4__g4_d_augmentation_w60__lstm__r0__w60__fold_2__seed_42,42,0.7809307604994324,0.5952271649298955,0.5152941878505789,0.7604433077578857,0.4904767482177071,0.3464305977710233,60,D,augmentation
g4_d_augmentation_w60,9,2,G4,0.001,lstm,R0,G4__g4_d_augmentation_w60__lstm__r0__w60__fold_2__seed_42,42,0.7837684449489217,0.5821270567199023,0.5171808504549592,0.7664109121909634,0.4826066971892286,0.35081791215201497,60,D,augmentation
g4_d_augmentation_w60,10,2,G4,0.001,lstm,R0,G4__g4_d_augmentation_w60__lstm__r0__w60__fold_2__seed_42,42,0.7911464245175936,0.5755370858714204,0.521203417695198,0.8175618073316283,0.47966046297235154,0.37475624129433194,60,D,augmentation
g4_d_augmentation_w60,11,2,G4,0.001,lstm,R0,G4__g4_d_augmentation_w60__lstm__r0__w60__fold_2__seed_42,42,0.7968217934165721,0.5774480865572692,0.524488005411154,0.8303495311167945,0.4760996097951289,0.3841939013782025,60,D,augmentation
g4_d_augmentation_w60,12,2,G4,0.001,lstm,R0,G4__g4_d_augmentation_w60__lstm__r0__w60__fold_2__seed_42,42,0.800794551645857,0.5684740928326237,0.5269528792065339,0.8294970161977835,0.4740695819728718,0.3836787677205276,60,D,augmentation
g4_d_augmentation_w60,13,2,G4,0.001,lstm,R0,G4__g4_d_augmentation_w60__lstm__r0__w60__fold_2__seed_42,42,0.8039160045402951,0.5650308137584085,0.529250618998086,0.8294970161977835,0.4683700017916882,0.3856973115541802,60,D,augmentation
g4_d_augmentation_w60,14,2,G4,0.001,lstm,R0,G4__g4_d_augmentation_w60__lstm__r0__w60__fold_2__seed_42,42,0.8030646992054483,0.5610835063741643,0.5286181477218151,0.8277919863597613,0.4624348112079493,0.38663757594480486,60,D,augmentation
g4_d_augmentation_w60,15,2,G4,0.001,lstm,R0,G4__g4_d_augmentation_w60__lstm__r0__w60__fold_2__seed_42,42,0.8056186152099887,0.5587318607275116,0.5306890849766248,0.8226768968456948,0.4673573774653221,0.38356369870352514,60,D,augmentation
g4_d_augmentation_w60,16,2,G4,0.001,lstm,R0,G4__g4_d_augmentation_w60__lstm__r0__w60__fold_2__seed_42,42,0.8050510783200908,0.5532607030246098,0.5309381986460923,0.8167092924126172,0.4757681565973765,0.38008644259544444,60,D,augmentation
g4_d_augmentation_w60,17,2,G4,0.001,lstm,R0,G4__g4_d_augmentation_w60__lstm__r0__w60__fold_2__seed_42,42,0.8084562996594779,0.5424544095451796,0.5336345607688808,0.803921568627451,0.47862754936210133,0.3765627316874259,60,D,augmentation
g4_d_augmentation_w60,18,2,G4,0.001,lstm,R0,G4__g4_d_augmentation_w60__lstm__r0__w60__fold_2__seed_42,42,0.8095913734392736,0.5405425771681864,0.5355622125066719,0.7749360613810742,0.505310422166839,0.3663518304766396,60,D,augmentation
g4_d_augmentation_w60,19,2,G4,0.0005,lstm,R0,G4__g4_d_augmentation_w60__lstm__r0__w60__fold_2__seed_42,42,0.8098751418842225,0.5343899902772417,0.5373171586405684,0.7809036658141517,0.500146421096514,0.37094539501677914,60,D,augmentation
g4_d_augmentation_w60,20,2,G4,0.0005,lstm,R0,G4__g4_d_augmentation_w60__lstm__r0__w60__fold_2__seed_42,42,0.8118615209988649,0.5313259452479923,0.5375844550697203,0.7988064791133845,0.4784204831310347,0.37720762556107496,60,D,augmentation
g4_d_augmentation_w60,21,2,G4,0.0005,lstm,R0,G4__g4_d_augmentation_w60__lstm__r0__w60__fold_2__seed_42,42,0.8146992054483542,0.5302500641576007,0.5390139238306778,0.80306905370844,0.4826481942427229,0.38125487687589593,60,D,augmentation
g4_d_augmentation_w60,22,2,G4,0.0005,lstm,R0,G4__g4_d_augmentation_w60__lstm__r0__w60__fold_2__seed_42,42,0.8144154370034052,0.5275745203086385,0.5390062902327065,0.7860187553282183,0.5202954916596311,0.3720212658856894,60,D,augmentation
g4_d_augmentation_w60,23,2,G4,0.00025,lstm,R0,G4__g4_d_augmentation_w60__lstm__r0__w60__fold_2__seed_42,42,0.8161180476730987,0.5284592624960909,0.5405965921682107,0.7962489343563512,0.4985694995265889,0.3774799147401213,60,D,augmentation
g4_d_augmentation_w60,24,2,G4,0.00025,lstm,R0,G4__g4_d_augmentation_w60__lstm__r0__w60__fold_2__seed_42,42,0.8166855845629966,0.5261269719863182,0.5406209787358738,0.803921568627451,0.4856730757212903,0.38173501645468394,60,D,augmentation
g4_d_augmentation_w60,25,2,G4,0.00025,lstm,R0,G4__g4_d_augmentation_w60__lstm__r0__w60__fold_2__seed_42,42,0.8161180476730987,0.5259211902991867,0.5400963116587293,0.7996589940323956,0.48528880986106365,0.3793529745372705,60,D,augmentation
g4_d_augmentation_w60,26,2,G4,0.00025,lstm,R0,G4__g4_d_augmentation_w60__lstm__r0__w60__fold_2__seed_42,42,0.8178206583427923,0.5255839453585167,0.5413898509918292,0.7962489343563512,0.4925746005107883,0.3774799147401213,60,D,augmentation
g4_d_augmentation_w60,27,2,G4,0.000125,lstm,R0,G4__g4_d_augmentation_w60__lstm__r0__w60__fold_2__seed_42,42,0.8175368898978433,0.5219573743903542,0.5413219854092735,0.7953964194373402,0.4950880752804944,0.37701600431259225,60,D,augmentation
g4_d_augmentation_w60,28,2,G4,0.000125,lstm,R0,G4__g4_d_augmentation_w60__lstm__r0__w60__fold_2__seed_42,42,0.8158342792281499,0.5225668981857386,0.5402973772629256,0.7953964194373402,0.4939675342548839,0.37701600431259225,60,D,augmentation
g4_d_augmentation_w60,29,2,G4,0.000125,lstm,R0,G4__g4_d_augmentation_w60__lstm__r0__w60__fold_2__seed_42,42,0.8181044267877412,0.5230965408645613,0.5416906156584979,0.7979539641943734,0.49009723919431875,0.37841292127006415,60,D,augmentation
g4_d_augmentation_w60,1,3,G4,0.001,lstm,R0,G4__g4_d_augmentation_w60__lstm__r0__w60__fold_3__seed_42,42,0.49713431348118614,1.0567542654957642,0.3308132048777756,0.6394439617723718,1.0395796290695098,0.3360121127416725,60,D,augmentation
g4_d_augmentation_w60,2,3,G4,0.001,lstm,R0,G4__g4_d_augmentation_w60__lstm__r0__w60__fold_3__seed_42,42,0.787690007475704,0.9993574322978072,0.5209651409588468,0.6611642050390965,0.9725854051931333,0.3421000711595459,60,D,augmentation
g4_d_augmentation_w60,3,3,G4,0.001,lstm,R0,G4__g4_d_augmentation_w60__lstm__r0__w60__fold_3__seed_42,42,0.8053825068527286,0.9226450841087609,0.5315169882780975,0.6698523023457863,0.8778995704795877,0.3431324280685037,60,D,augmentation
g4_d_augmentation_w60,4,3,G4,0.001,lstm,R0,G4__g4_d_augmentation_w60__lstm__r0__w60__fold_3__seed_42,42,0.807126837777224,0.8106579609621858,0.5322821076213864,0.6741963509991312,0.7453676942739147,0.34506137563718653,60,D,augmentation
g4_d_augmentation_w60,5,3,G4,0.001,lstm,R0,G4__g4_d_augmentation_w60__lstm__r0__w60__fold_3__seed_42,42,0.8068776476451532,0.670046925648709,0.5314062555481739,0.684622067767159,0.6521104275144566,0.3517014452913491,60,D,augmentation
g4_d_augmentation_w60,6,3,G4,0.001,lstm,R0,G4__g4_d_augmentation_w60__lstm__r0__w60__fold_3__seed_42,42,0.810366309494144,0.5804611049237882,0.5340829718360873,0.6880973066898349,0.6672631596659289,0.35130938713028265,60,D,augmentation
g4_d_augmentation_w60,7,3,G4,0.001,lstm,R0,G4__g4_d_augmentation_w60__lstm__r0__w60__fold_3__seed_42,42,0.8141041614752056,0.5575080589258311,0.5367856415363376,0.6941789748045178,0.6937770767640694,0.3561238445576307,60,D,augmentation
g4_d_augmentation_w60,8,3,G4,0.001,lstm,R0,G4__g4_d_augmentation_w60__lstm__r0__w60__fold_3__seed_42,42,0.8163468726638425,0.5457441962600021,0.5382573482891296,0.7028670721112077,0.6397398574185517,0.3571371989860583,60,D,augmentation
g4_d_augmentation_w60,9,3,G4,0.001,lstm,R0,G4__g4_d_augmentation_w60__lstm__r0__w60__fold_3__seed_42,42,0.8253177174183902,0.5298300948622456,0.5430339339519198,0.7662901824500434,0.5711202218830844,0.38810553078484183,60,D,augmentation
g4_d_augmentation_w60,10,3,G4,0.001,lstm,R0,G4__g4_d_augmentation_w60__lstm__r0__w60__fold_3__seed_42,42,0.8325442312484426,0.5233997879050897,0.5472261646361264,0.7654213727193745,0.6025903938025832,0.3888353303034477,60,D,augmentation
g4_d_augmentation_w60,11,3,G4,0.001,lstm,R0,G4__g4_d_augmentation_w60__lstm__r0__w60__fold_3__seed_42,42,0.8335409917767257,0.5156318603564818,0.5479883152535883,0.7662901824500434,0.6247528890337144,0.3916793491666783,60,D,augmentation
g4_d_augmentation_w60,12,3,G4,0.001,lstm,R0,G4__g4_d_augmentation_w60__lstm__r0__w60__fold_3__seed_42,42,0.8335409917767257,0.5180663941523217,0.5478036454293435,0.7680278019113814,0.6010480226639765,0.3914595157951073,60,D,augmentation
g4_d_augmentation_w60,13,3,G4,0.001,lstm,R0,G4__g4_d_augmentation_w60__lstm__r0__w60__fold_3__seed_42,42,0.8337901819087964,0.5161629833992122,0.5479962721342032,0.7680278019113814,0.5842463330379473,0.3914595157951073,60,D,augmentation
g4_d_augmentation_w60,14,3,G4,0.001,lstm,R0,G4__g4_d_augmentation_w60__lstm__r0__w60__fold_3__seed_42,42,0.8337901819087964,0.5143817114081431,0.5479586961759845,0.7671589921807124,0.5864227585280904,0.3909798597858094,60,D,augmentation
g4_d_augmentation_w60,15,3,G4,0.001,lstm,R0,G4__g4_d_augmentation_w60__lstm__r0__w60__fold_3__seed_42,42,0.8335409917767257,0.5108481982744694,0.5479391383350515,0.7671589921807124,0.5954806182459061,0.3921597161199326,60,D,augmentation
g4_d_augmentation_w60,16,3,G4,0.001,lstm,R0,G4__g4_d_augmentation_w60__lstm__r0__w60__fold_3__seed_42,42,0.8335409917767257,0.5091768934962579,0.548043470190678,0.7671589921807124,0.5995543322337389,0.3933263671194706,60,D,augmentation
g4_d_augmentation_w60,17,3,G4,0.001,lstm,R0,G4__g4_d_augmentation_w60__lstm__r0__w60__fold_3__seed_42,42,0.8327934213805134,0.5123795633627357,0.5474069343829823,0.7671589921807124,0.5977511714325067,0.39448002101298885,60,D,augmentation
g4_d_augmentation_w60,18,3,G4,0.001,lstm,R0,G4__g4_d_augmentation_w60__lstm__r0__w60__fold_3__seed_42,42,0.8335409917767257,0.5091268980618935,0.5480373831775701,0.7697654213727194,0.5784749828868074,0.39360872075827785,60,D,augmentation
g4_d_augmentation_w60,19,3,G4,0.001,lstm,R0,G4__g4_d_augmentation_w60__lstm__r0__w60__fold_3__seed_42,42,0.8350361325691502,0.5068019261509885,0.5489405008514892,0.7636837532580365,0.590245808626029,0.39140477144317504,60,D,augmentation
g4_d_augmentation_w60,20,3,G4,0.001,lstm,R0,G4__g4_d_augmentation_w60__lstm__r0__w60__fold_3__seed_42,42,0.8347869424370795,0.5051128554902646,0.5489248649018051,0.7645525629887054,0.6008674087574127,0.39188324902610616,60,D,augmentation
g4_d_augmentation_w60,21,3,G4,0.001,lstm,R0,G4__g4_d_augmentation_w60__lstm__r0__w60__fold_3__seed_42,42,0.8360328930974333,0.5013598078969052,0.5501505511618155,0.7532580364900087,0.6275249238018364,0.3879922829811218,60,D,augmentation
g4_d_augmentation_w60,22,3,G4,0.0005,lstm,R0,G4__g4_d_augmentation_w60__lstm__r0__w60__fold_3__seed_42,42,0.8365312733615748,0.4999427444213589,0.5509078772311696,0.7645525629887054,0.5982443822610907,0.39188324902610616,60,D,augmentation
g4_d_augmentation_w60,23,3,G4,0.0005,lstm,R0,G4__g4_d_augmentation_w60__lstm__r0__w60__fold_3__seed_42,42,0.8365312733615748,0.49855680182602174,0.5503618735660547,0.7628149435273676,0.5960770778610435,0.3909275546120408,60,D,augmentation
g4_d_augmentation_w60,24,3,G4,0.0005,lstm,R0,G4__g4_d_augmentation_w60__lstm__r0__w60__fold_3__seed_42,42,0.8345377523050087,0.4975472915255753,0.5495525120510983,0.7549956559513467,0.6093965814643897,0.388929150427846,60,D,augmentation
g4_d_augmentation_w60,25,3,G4,0.0005,lstm,R0,G4__g4_d_augmentation_w60__lstm__r0__w60__fold_3__seed_42,42,0.8380264141539995,0.49413232550994135,0.5524147326165173,0.7645525629887054,0.5914400494637229,0.39188324902610616,60,D,augmentation
g4_d_augmentation_w60,26,3,G4,0.00025,lstm,R0,G4__g4_d_augmentation_w60__lstm__r0__w60__fold_3__seed_42,42,0.8387739845502118,0.4949210723038181,0.5525489425190023,0.7671589921807124,0.5889575461218608,0.3933263671194706,60,D,augmentation
g4_d_augmentation_w60,27,3,G4,0.00025,lstm,R0,G4__g4_d_augmentation_w60__lstm__r0__w60__fold_3__seed_42,42,0.8362820832295041,0.49079751092063323,0.55081472058466,0.7645525629887054,0.5993118355265915,0.3930311635558252,60,D,augmentation
g4_d_augmentation_w60,28,3,G4,0.00025,lstm,R0,G4__g4_d_augmentation_w60__lstm__r0__w60__fold_3__seed_42,42,0.8395215549464241,0.4906616806909683,0.5534703195288584,0.7671589921807124,0.5960645118192628,0.39448002101298885,60,D,augmentation
g4_d_augmentation_w60,29,3,G4,0.00025,lstm,R0,G4__g4_d_augmentation_w60__lstm__r0__w60__fold_3__seed_42,42,0.8382756042860703,0.48822794794115437,0.5522638811015496,0.7697654213727194,0.5886506203409902,0.39478127226120563,60,D,augmentation
g4_d_augmentation_w60,30,3,G4,0.00025,lstm,R0,G4__g4_d_augmentation_w60__lstm__r0__w60__fold_3__seed_42,42,0.8382756042860703,0.49174753639456226,0.5520309420010019,0.7715030408340573,0.586594781442687,0.39575792572144836,60,D,augmentation
g4_d_augmentation_w60,31,3,G4,0.00025,lstm,R0,G4__g4_d_augmentation_w60__lstm__r0__w60__fold_3__seed_42,42,0.8397707450784949,0.48677002185008306,0.5536319095625496,0.7680278019113814,0.5974661459568581,0.3961083008702056,60,D,augmentation
g4_d_augmentation_w60,32,3,G4,0.00025,lstm,R0,G4__g4_d_augmentation_w60__lstm__r0__w60__fold_3__seed_42,42,0.8390231746822826,0.4897685051929793,0.5533104148318259,0.7680278019113814,0.5936648902636212,0.3961083008702056,60,D,augmentation
g4_d_augmentation_w60,1,4,G4,0.001,lstm,R0,G4__g4_d_augmentation_w60__lstm__r0__w60__fold_4__seed_42,42,0.5271387089568907,1.0543761208357225,0.3560854306119703,0.704,1.021050778494941,0.3450396222424821,60,D,augmentation
g4_d_augmentation_w60,2,4,G4,0.001,lstm,R0,G4__g4_d_augmentation_w60__lstm__r0__w60__fold_4__seed_42,42,0.8286799195890105,0.9734885203191311,0.5470805592178687,0.72,0.9166072068214417,0.3470128004802635,60,D,augmentation
g4_d_augmentation_w60,3,4,G4,0.001,lstm,R0,G4__g4_d_augmentation_w60__lstm__r0__w60__fold_4__seed_42,42,0.8356041992405628,0.8526874985816305,0.5511729284801762,0.7262222222222222,0.7459906686147054,0.3497564988202076,60,D,augmentation
g4_d_augmentation_w60,4,4,G4,0.001,lstm,R0,G4__g4_d_augmentation_w60__lstm__r0__w60__fold_4__seed_42,42,0.8340406522224704,0.6620063349581308,0.5493324158972962,0.7324444444444445,0.5763878050115373,0.3539248753207069,60,D,augmentation
g4_d_augmentation_w60,5,4,G4,0.001,lstm,R0,G4__g4_d_augmentation_w60__lstm__r0__w60__fold_4__seed_42,42,0.8351574715211079,0.5309588268768689,0.5501173854200819,0.7413333333333333,0.58201383333736,0.35936757501979993,60,D,augmentation
g4_d_augmentation_w60,6,4,G4,0.001,lstm,R0,G4__g4_d_augmentation_w60__lstm__r0__w60__fold_4__seed_42,42,0.8400714764351128,0.5122697557326218,0.55406196856367,0.7422222222222222,0.6394227964348264,0.3624626024789214,60,D,augmentation
g4_d_augmentation_w60,7,4,G4,0.001,lstm,R0,G4__g4_d_augmentation_w60__lstm__r0__w60__fold_4__seed_42,42,0.8405182041545678,0.503840264210031,0.5545395022984193,0.7351111111111112,0.6373185759915246,0.35911273043916636,60,D,augmentation
g4_d_augmentation_w60,8,4,G4,0.001,lstm,R0,G4__g4_d_augmentation_w60__lstm__r0__w60__fold_4__seed_42,42,0.8385079294170203,0.4926637776573774,0.5532193120566178,0.7324444444444445,0.5770431305567424,0.35787130727828015,60,D,augmentation
g4_d_augmentation_w60,9,4,G4,0.001,lstm,R0,G4__g4_d_augmentation_w60__lstm__r0__w60__fold_4__seed_42,42,0.8371677462586553,0.4857133894273418,0.5518907808890647,0.7368888888888889,0.5223204754458534,0.35994473098545493,60,D,augmentation
g4_d_augmentation_w60,10,4,G4,0.001,lstm,R0,G4__g4_d_augmentation_w60__lstm__r0__w60__fold_4__seed_42,42,0.8420817511726603,0.48164724396998954,0.5548894784894901,0.7457777777777778,0.5373462459246318,0.36437542912612164,60,D,augmentation
g4_d_augmentation_w60,11,4,G4,0.001,lstm,R0,G4__g4_d_augmentation_w60__lstm__r0__w60__fold_4__seed_42,42,0.8440920259102077,0.4726514295059734,0.5561777365205197,0.7902222222222223,0.5536819131374359,0.38953367108706916,60,D,augmentation
g4_d_augmentation_w60,12,4,G4,0.001,lstm,R0,G4__g4_d_augmentation_w60__lstm__r0__w60__fold_4__seed_42,42,0.8516863971409426,0.46595722853618193,0.5611898840766432,0.8071111111111111,0.5540068349308438,0.4010901503014734,60,D,augmentation
g4_d_augmentation_w60,13,4,G4,0.001,lstm,R0,G4__g4_d_augmentation_w60__lstm__r0__w60__fold_4__seed_42,42,0.8557069466160375,0.4598763782996164,0.5640669833952678,0.8035555555555556,0.5532922083006965,0.3989056170264224,60,D,augmentation
g4_d_augmentation_w60,14,4,G4,0.001,lstm,R0,G4__g4_d_augmentation_w60__lstm__r0__w60__fold_4__seed_42,42,0.8545901273174,0.45941104732748383,0.5634922460599444,0.7946666666666666,0.5686606449286143,0.39506493506493506,60,D,augmentation
g4_d_augmentation_w60,15,4,G4,0.001,lstm,R0,G4__g4_d_augmentation_w60__lstm__r0__w60__fold_4__seed_42,42,0.8543667634576726,0.4529607217240499,0.5641848023295218,0.7777777777777778,0.5885569681061639,0.38543234359440065,60,D,augmentation
g4_d_augmentation_w60,16,4,G4,0.001,lstm,R0,G4__g4_d_augmentation_w60__lstm__r0__w60__fold_4__seed_42,42,0.855036855036855,0.45076863430082625,0.564949103789607,0.7822222222222223,0.555358210404714,0.38790677921112704,60,D,augmentation
g4_d_augmentation_w60,17,4,G4,0.0005,lstm,R0,G4__g4_d_augmentation_w60__lstm__r0__w60__fold_4__seed_42,42,0.85727049363413,0.4457547419873204,0.5666209620308812,0.7813333333333333,0.548309352821774,0.38881793259151753,60,D,augmentation
g4_d_augmentation_w60,18,4,G4,0.0005,lstm,R0,G4__g4_d_augmentation_w60__lstm__r0__w60__fold_4__seed_42,42,0.85727049363413,0.44758698562572435,0.566612097041426,0.7804444444444445,0.5461233969264561,0.38831857230331046,60,D,augmentation
g4_d_augmentation_w60,19,4,G4,0.0005,lstm,R0,G4__g4_d_augmentation_w60__lstm__r0__w60__fold_4__seed_42,42,0.857717221353585,0.44485530857664946,0.567098410265991,0.7777777777777778,0.550901690642039,0.38683026402050186,60,D,augmentation
g4_d_augmentation_w60,20,4,G4,0.0005,lstm,R0,G4__g4_d_augmentation_w60__lstm__r0__w60__fold_4__seed_42,42,0.85637703819522,0.44288466299301765,0.5661154439654963,0.7795555555555556,0.5552195658153958,0.3878208522258697,60,D,augmentation
g4_d_augmentation_w60,21,4,G4,0.00025,lstm,R0,G4__g4_d_augmentation_w60__lstm__r0__w60__fold_4__seed_42,42,0.8581639490730399,0.4384906355600312,0.5675064627486274,0.7857777777777778,0.5515267474916247,0.39133995469594,60,D,augmentation
g4_d_augmentation_w60,22,4,G4,0.00025,lstm,R0,G4__g4_d_augmentation_w60__lstm__r0__w60__fold_4__seed_42,42,0.8566004020549475,0.4414205910080055,0.5661281444681019,0.7857777777777778,0.5466736382113563,0.39133995469594,60,D,augmentation
g4_d_augmentation_w60,23,4,G4,0.00025,lstm,R0,G4__g4_d_augmentation_w60__lstm__r0__w60__fold_4__seed_42,42,0.85727049363413,0.4413714100666442,0.566509399640546,0.7848888888888889,0.5397089042928483,0.39083212763461467,60,D,augmentation
g4_d_augmentation_w60,24,4,G4,0.00025,lstm,R0,G4__g4_d_augmentation_w60__lstm__r0__w60__fold_4__seed_42,42,0.8588340406522225,0.43915485015052863,0.5679372050085966,0.7804444444444445,0.549075221935908,0.38970723171798644,60,D,augmentation
g4_d_augmentation_w60,25,4,G4,0.000125,lstm,R0,G4__g4_d_augmentation_w60__lstm__r0__w60__fold_4__seed_42,42,0.8579405852133125,0.43941019898497263,0.5672955207838436,0.7804444444444445,0.5480146225823297,0.38970723171798644,60,D,augmentation
g4_d_augmentation_w60,26,4,G4,0.000125,lstm,R0,G4__g4_d_augmentation_w60__lstm__r0__w60__fold_4__seed_42,42,0.857717221353585,0.4373624796363587,0.5671884191524509,0.7822222222222223,0.5447421054575179,0.3907131513110132,60,D,augmentation
g4_d_augmentation_w60,27,4,G4,0.000125,lstm,R0,G4__g4_d_augmentation_w60__lstm__r0__w60__fold_4__seed_42,42,0.8583873129327675,0.43793934579004207,0.5674805720654139,0.7831111111111111,0.5430656996568044,0.39121862065258295,60,D,augmentation
g4_d_augmentation_w60,1,1,G4,0.001,tcn,R0,G4__g4_d_augmentation_w60__tcn__r0__w60__fold_1__seed_42,42,0.21645499723909442,1.057298765499772,0.12275760886850623,0.5567796610169492,0.9161927265635992,0.3216838092471704,60,D,augmentation
g4_d_augmentation_w60,2,1,G4,0.001,tcn,R0,G4__g4_d_augmentation_w60__tcn__r0__w60__fold_1__seed_42,42,0.7730535615681944,0.8026321597154598,0.4221398114939259,0.8593220338983051,0.586158004251577,0.3081130355515041,60,D,augmentation
g4_d_augmentation_w60,3,1,G4,0.001,tcn,R0,G4__g4_d_augmentation_w60__tcn__r0__w60__fold_1__seed_42,42,0.781888459414688,0.5776182486002515,0.2925317632475984,0.8593220338983051,0.4102648726964401,0.3081130355515041,60,D,augmentation
g4_d_augmentation_w60,4,1,G4,0.001,tcn,R0,G4__g4_d_augmentation_w60__tcn__r0__w60__fold_1__seed_42,42,0.823302043070127,0.45288400803726064,0.4608471715460629,0.8186440677966101,0.4501597268096471,0.42772435156502847,60,D,augmentation
g4_d_augmentation_w60,5,1,G4,0.001,tcn,R0,G4__g4_d_augmentation_w60__tcn__r0__w60__fold_1__seed_42,42,0.8371065709552733,0.44843738591519594,0.5055142890335707,0.8084745762711865,0.46688340882123525,0.4222583850144372,60,D,augmentation
g4_d_augmentation_w60,6,1,G4,0.001,tcn,R0,G4__g4_d_augmentation_w60__tcn__r0__w60__fold_1__seed_42,42,0.8373826615129762,0.44196781904443333,0.5061193602060943,0.8169491525423729,0.4426885328050387,0.42774495886187053,60,D,augmentation
g4_d_augmentation_w60,7,1,G4,0.001,tcn,R0,G4__g4_d_augmentation_w60__tcn__r0__w60__fold_1__seed_42,42,0.8379348426283821,0.4252558895101342,0.5054102302958347,0.8245762711864407,0.42936572089033614,0.4317000365959586,60,D,augmentation
g4_d_augmentation_w60,8,1,G4,0.001,tcn,R0,G4__g4_d_augmentation_w60__tcn__r0__w60__fold_1__seed_42,42,0.8390392048591938,0.4193946592949952,0.5047715993336533,0.8338983050847457,0.4162099808959638,0.43210887730619674,60,D,augmentation
g4_d_augmentation_w60,9,1,G4,0.001,tcn,R0,G4__g4_d_augmentation_w60__tcn__r0__w60__fold_1__seed_42,42,0.8426283821093319,0.4190450700720919,0.5049213728191001,0.8313559322033899,0.41486891366667666,0.42653034309731613,60,D,augmentation
g4_d_augmentation_w60,10,1,G4,0.001,tcn,R0,G4__g4_d_augmentation_w60__tcn__r0__w60__fold_1__seed_42,42,0.8423522915516289,0.4160586044249911,0.5046339391298175,0.8305084745762712,0.4218823430901867,0.4297560576293386,60,D,augmentation
g4_d_augmentation_w60,11,1,G4,0.001,tcn,R0,G4__g4_d_augmentation_w60__tcn__r0__w60__fold_1__seed_42,42,0.8426283821093319,0.4120740662583457,0.5066195102781955,0.8279661016949152,0.4247634609877053,0.43284820906841714,60,D,augmentation
g4_d_augmentation_w60,12,1,G4,0.001,tcn,R0,G4__g4_d_augmentation_w60__tcn__r0__w60__fold_1__seed_42,42,0.8390392048591938,0.40913749847011893,0.5046059600986057,0.8203389830508474,0.4298531995991529,0.42884990253411304,60,D,augmentation
g4_d_augmentation_w60,13,1,G4,0.001,tcn,R0,G4__g4_d_augmentation_w60__tcn__r0__w60__fold_1__seed_42,42,0.8390392048591938,0.4063478356431954,0.5060638744969221,0.8161016949152542,0.43277636917970946,0.42718774642143137,60,D,augmentation
g4_d_augmentation_w60,14,1,G4,0.001,tcn,R0,G4__g4_d_augmentation_w60__tcn__r0__w60__fold_1__seed_42,42,0.8376587520706792,0.4041027886343555,0.5050458123628855,0.8186440677966101,0.427402768599785,0.42772435156502847,60,D,augmentation
g4_d_augmentation_w60,15,1,G4,0.001,tcn,R0,G4__g4_d_augmentation_w60__tcn__r0__w60__fold_1__seed_42,42,0.8387631143014909,0.4014137443556172,0.5048967236467237,0.823728813559322,0.4244680366273654,0.42996228194248,60,D,augmentation
g4_d_augmentation_w60,16,1,G4,0.0005,tcn,R0,G4__g4_d_augmentation_w60__tcn__r0__w60__fold_1__seed_42,42,0.8387631143014909,0.4013596802933449,0.5047320258691826,0.823728813559322,0.4254683547100778,0.42996228194248,60,D,augmentation
g4_d_augmentation_w60,17,1,G4,0.0005,tcn,R0,G4__g4_d_augmentation_w60__tcn__r0__w60__fold_1__seed_42,42,0.8404196576477084,0.3996248491754327,0.5059629172701103,0.8279661016949152,0.42102778998471924,0.43284820906841714,60,D,augmentation
g4_d_augmentation_w60,18,1,G4,0.0005,tcn,R0,G4__g4_d_augmentation_w60__tcn__r0__w60__fold_1__seed_42,42,0.8423522915516289,0.40007063310360924,0.5070773329666212,0.826271186440678,0.4227395392070382,0.43168724829624483,60,D,augmentation
g4_d_augmentation_w60,19,1,G4,0.0005,tcn,R0,G4__g4_d_augmentation_w60__tcn__r0__w60__fold_1__seed_42,42,0.8401435670900055,0.39794313534065745,0.5057573354404651,0.8203389830508474,0.4283425267470085,0.42769218798630565,60,D,augmentation
g4_d_augmentation_w60,20,1,G4,0.00025,tcn,R0,G4__g4_d_augmentation_w60__tcn__r0__w60__fold_1__seed_42,42,0.8409718387631143,0.39762106045776147,0.5071911884411885,0.8194915254237288,0.42843892968307107,0.42712985938792397,60,D,augmentation
g4_d_augmentation_w60,21,1,G4,0.00025,tcn,R0,G4__g4_d_augmentation_w60__tcn__r0__w60__fold_1__seed_42,42,0.8412479293208173,0.39648292893734116,0.5072347478398181,0.8220338983050848,0.4277165310867762,0.428823038413646,60,D,augmentation
g4_d_augmentation_w60,22,1,G4,0.00025,tcn,R0,G4__g4_d_augmentation_w60__tcn__r0__w60__fold_1__seed_42,42,0.8409718387631143,0.39489539954163366,0.5067027083059233,0.8211864406779661,0.4282260061320612,0.4282565742808546,60,D,augmentation
g4_d_augmentation_w60,1,2,G4,0.001,tcn,R0,G4__g4_d_augmentation_w60__tcn__r0__w60__fold_2__seed_42,42,0.31753688989784334,1.0356079503031241,0.16389881763690128,0.443307757885763,0.9370853947658165,0.25235369221011933,60,D,augmentation
g4_d_augmentation_w60,2,2,G4,0.001,tcn,R0,G4__g4_d_augmentation_w60__tcn__r0__w60__fold_2__seed_42,42,0.7369466515323496,0.8252846160893001,0.48603082518921753,0.8618925831202046,0.5860278273075946,0.39095398886107385,60,D,augmentation
g4_d_augmentation_w60,3,2,G4,0.001,tcn,R0,G4__g4_d_augmentation_w60__tcn__r0__w60__fold_2__seed_42,42,0.7664585698070374,0.684038072655339,0.4888289584132264,0.8508098891730606,0.4435543440542766,0.38595878818651097,60,D,augmentation
g4_d_augmentation_w60,4,2,G4,0.001,tcn,R0,G4__g4_d_augmentation_w60__tcn__r0__w60__fold_2__seed_42,42,0.7931328036322361,0.5962242638009361,0.5184996733681629,0.7877237851662404,0.4886637471317737,0.3592937714565964,60,D,augmentation
g4_d_augmentation_w60,5,2,G4,0.001,tcn,R0,G4__g4_d_augmentation_w60__tcn__r0__w60__fold_2__seed_42,42,0.7979568671963677,0.5636180938305027,0.5260846932420691,0.7885763000852515,0.47829485894875556,0.3578907973212935,60,D,augmentation
g4_d_augmentation_w60,6,2,G4,0.001,tcn,R0,G4__g4_d_augmentation_w60__tcn__r0__w60__fold_2__seed_42,42,0.8027809307604994,0.5491425939640041,0.5293733678982081,0.815004262574595,0.48156582176024754,0.3733419673927012,60,D,augmentation
g4_d_augmentation_w60,7,2,G4,0.0005,tcn,R0,G4__g4_d_augmentation_w60__tcn__r0__w60__fold_2__seed_42,42,0.8022133938706016,0.5477512184864547,0.5285327795335663,0.8252344416027281,0.4813371072543145,0.3791188704013781,60,D,augmentation
g4_d_augmentation_w60,8,2,G4,0.0005,tcn,R0,G4__g4_d_augmentation_w60__tcn__r0__w60__fold_2__seed_42,42,0.8024971623155505,0.5451492749061542,0.5284464375205872,0.8286445012787724,0.4625252742901483,0.3811196426520729,60,D,augmentation
g4_d_augmentation_w60,9,2,G4,0.0005,tcn,R0,G4__g4_d_augmentation_w60__tcn__r0__w60__fold_2__seed_42,42,0.8019296254256527,0.5415510303857783,0.5278387768291681,0.8277919863597613,0.46110676403037526,0.3806156925719441,60,D,augmentation
g4_d_augmentation_w60,10,2,G4,0.0005,tcn,R0,G4__g4_d_augmentation_w60__tcn__r0__w60__fold_2__seed_42,42,0.8033484676503972,0.5380325561619779,0.5291829630412791,0.8277919863597613,0.47258988050751877,0.3826563254860485,60,D,augmentation
g4_d_augmentation_w60,11,2,G4,0.00025,tcn,R0,G4__g4_d_augmentation_w60__tcn__r0__w60__fold_2__seed_42,42,0.804483541430193,0.5361693577246823,0.530153149197757,0.8269394714407502,0.47416300760409,0.38214894870984234,60,D,augmentation
g4_d_augmentation_w60,12,2,G4,0.00025,tcn,R0,G4__g4_d_augmentation_w60__tcn__r0__w60__fold_2__seed_42,42,0.8061861520998865,0.534472978751045,0.5315298642886471,0.8269394714407502,0.4711339877186326,0.38214894870984234,60,D,augmentation
g4_d_augmentation_w60,13,2,G4,0.00025,tcn,R0,G4__g4_d_augmentation_w60__tcn__r0__w60__fold_2__seed_42,42,0.8059023836549376,0.5335083160037756,0.5311372099412134,0.8286445012787724,0.4636108206310337,0.38316625388214015,60,D,augmentation
g4_d_augmentation_w60,14,2,G4,0.00025,tcn,R0,G4__g4_d_augmentation_w60__tcn__r0__w60__fold_2__seed_42,42,0.804483541430193,0.5332043619486043,0.5298632784644144,0.8286445012787724,0.4577610703583772,0.38316625388214015,60,D,augmentation
g4_d_augmentation_w60,15,2,G4,0.000125,tcn,R0,G4__g4_d_augmentation_w60__tcn__r0__w60__fold_2__seed_42,42,0.8050510783200908,0.5318035516511569,0.5301118840594663,0.8286445012787724,0.45737097635293555,0.38316625388214015,60,D,augmentation
g4_d_augmentation_w60,16,2,G4,0.000125,tcn,R0,G4__g4_d_augmentation_w60__tcn__r0__w60__fold_2__seed_42,42,0.8059023836549376,0.5304073478252744,0.5309585799871508,0.8286445012787724,0.4586163688346248,0.38316625388214015,60,D,augmentation
g4_d_augmentation_w60,17,2,G4,0.000125,tcn,R0,G4__g4_d_augmentation_w60__tcn__r0__w60__fold_2__seed_42,42,0.8050510783200908,0.5305584545979841,0.5301118840594663,0.8286445012787724,0.4587348734885327,0.38316625388214015,60,D,augmentation
g4_d_augmentation_w60,1,3,G4,0.001,tcn,R0,G4__g4_d_augmentation_w60__tcn__r0__w60__fold_3__seed_42,42,0.332668826314478,1.0081447958352112,0.17026806449408638,0.3649000868809731,0.9469338827916169,0.2346233230134159,60,D,augmentation
g4_d_augmentation_w60,2,3,G4,0.001,tcn,R0,G4__g4_d_augmentation_w60__tcn__r0__w60__fold_3__seed_42,42,0.7331173685522053,0.7928614289184892,0.4853167788336979,0.7732406602953953,0.6610096794019876,0.39315781073644757,60,D,augmentation
g4_d_augmentation_w60,3,3,G4,0.001,tcn,R0,G4__g4_d_augmentation_w60__tcn__r0__w60__fold_3__seed_42,42,0.8203339147769748,0.6228569100956474,0.5356132312123278,0.7688966116420504,0.5765980602501787,0.3954524555903866,60,D,augmentation
g4_d_augmentation_w60,4,3,G4,0.001,tcn,R0,G4__g4_d_augmentation_w60__tcn__r0__w60__fold_3__seed_42,42,0.8295539496635933,0.5476049359469173,0.5452265628195833,0.7193744569939183,0.6864193965568427,0.371559633027523,60,D,augmentation
g4_d_augmentation_w60,5,3,G4,0.001,tcn,R0,G4__g4_d_augmentation_w60__tcn__r0__w60__fold_3__seed_42,42,0.8315474707201594,0.5209558673654148,0.5490747400756071,0.7193744569939183,0.6579921013318798,0.371559633027523,60,D,augmentation
g4_d_augmentation_w60,6,3,G4,0.001,tcn,R0,G4__g4_d_augmentation_w60__tcn__r0__w60__fold_3__seed_42,42,0.8335409917767257,0.4934839847273224,0.5495156626076824,0.7541268462206777,0.5972569503284971,0.38846014759653374,60,D,augmentation
g4_d_augmentation_w60,7,3,G4,0.001,tcn,R0,G4__g4_d_augmentation_w60__tcn__r0__w60__fold_3__seed_42,42,0.8350361325691502,0.4955755359969649,0.55004662639395,0.7532580364900087,0.5784448129679202,0.3868811801462299,60,D,augmentation
g4_d_augmentation_w60,8,3,G4,0.0005,tcn,R0,G4__g4_d_augmentation_w60__tcn__r0__w60__fold_3__seed_42,42,0.835285322701221,0.4941154029670571,0.5502095447488452,0.7549956559513467,0.5798932151054943,0.388929150427846,60,D,augmentation
g4_d_augmentation_w60,9,3,G4,0.0005,tcn,R0,G4__g4_d_augmentation_w60__tcn__r0__w60__fold_3__seed_42,42,0.8350361325691502,0.48911029598732525,0.55004662639395,0.7515204170286707,0.5961031667519195,0.38815557412048635,60,D,augmentation
g4_d_augmentation_w60,10,3,G4,0.0005,tcn,R0,G4__g4_d_augmentation_w60__tcn__r0__w60__fold_3__seed_42,42,0.8350361325691502,0.4828373741218345,0.5500664069604646,0.7489139878366637,0.6103000203026159,0.38783867776698094,60,D,augmentation
g4_d_augmentation_w60,11,3,G4,0.0005,tcn,R0,G4__g4_d_augmentation_w60__tcn__r0__w60__fold_3__seed_42,42,0.8332918016446549,0.4804037373588176,0.5489102872841602,0.7497827975673328,0.6216525575008525,0.38830457675598434,60,D,augmentation
g4_d_augmentation_w60,12,3,G4,0.00025,tcn,R0,G4__g4_d_augmentation_w60__tcn__r0__w60__fold_3__seed_42,42,0.8340393720408672,0.4793784960068404,0.5495087398941437,0.7489139878366637,0.6220132549051406,0.38783867776698094,60,D,augmentation
g4_d_augmentation_w60,13,3,G4,0.00025,tcn,R0,G4__g4_d_augmentation_w60__tcn__r0__w60__fold_3__seed_42,42,0.8335409917767257,0.4778338912238571,0.5492622753486374,0.7515204170286707,0.6166259338035468,0.3892396480550038,60,D,augmentation
g4_d_augmentation_w60,14,3,G4,0.00025,tcn,R0,G4__g4_d_augmentation_w60__tcn__r0__w60__fold_3__seed_42,42,0.8342885621729379,0.4773044210849128,0.5496752906973401,0.7532580364900087,0.6081535017148605,0.3901791515826603,60,D,augmentation
g4_d_augmentation_w60,15,3,G4,0.00025,tcn,R0,G4__g4_d_augmentation_w60__tcn__r0__w60__fold_3__seed_42,42,0.8355345128332918,0.47542538524505773,0.5504572242155809,0.7523892267593397,0.6002850578620473,0.38752554600415134,60,D,augmentation
g4_d_augmentation_w60,16,3,G4,0.000125,tcn,R0,G4__g4_d_augmentation_w60__tcn__r0__w60__fold_3__seed_42,42,0.835285322701221,0.47486819549299614,0.5502029653800863,0.7532580364900087,0.5980914502326143,0.3879922829811218,60,D,augmentation
g4_d_augmentation_w60,17,3,G4,0.000125,tcn,R0,G4__g4_d_augmentation_w60__tcn__r0__w60__fold_3__seed_42,42,0.8355345128332918,0.4743161525344302,0.5504983144063438,0.7541268462206777,0.5970907078474942,0.38846014759653374,60,D,augmentation
g4_d_augmentation_w60,18,3,G4,0.000125,tcn,R0,G4__g4_d_augmentation_w60__tcn__r0__w60__fold_3__seed_42,42,0.8360328930974333,0.4742714985035436,0.5508373642192526,0.7541268462206777,0.5971388556613392,0.38846014759653374,60,D,augmentation
g4_d_augmentation_w60,1,4,G4,0.001,tcn,R0,G4__g4_d_augmentation_w60__tcn__r0__w60__fold_4__seed_42,42,0.32410096046459685,0.9994736556791689,0.17859489853984253,0.7848888888888889,0.8758428799841139,0.39498637812027687,60,D,augmentation
g4_d_augmentation_w60,2,4,G4,0.001,tcn,R0,G4__g4_d_augmentation_w60__tcn__r0__w60__fold_4__seed_42,42,0.8420817511726603,0.7256122495623766,0.5515572212317404,0.8471111111111111,0.5160835498438942,0.42694260802912715,60,D,augmentation
g4_d_augmentation_w60,3,4,G4,0.001,tcn,R0,G4__g4_d_augmentation_w60__tcn__r0__w60__fold_4__seed_42,42,0.8440920259102077,0.5336306154701309,0.5527233618260369,0.7697777777777778,0.5789820423920949,0.38354759335025973,60,D,augmentation
g4_d_augmentation_w60,4,4,G4,0.001,tcn,R0,G4__g4_d_augmentation_w60__tcn__r0__w60__fold_4__seed_42,42,0.8483359392450301,0.48644317854641006,0.5593073406390744,0.7573333333333333,0.5922294108602736,0.37696719005345614,60,D,augmentation
g4_d_augmentation_w60,5,4,G4,0.001,tcn,R0,G4__g4_d_augmentation_w60__tcn__r0__w60__fold_4__seed_42,42,0.8469957560866652,0.4491272973700083,0.5591688397948517,0.7831111111111111,0.543305635743671,0.39121862065258295,60,D,augmentation
g4_d_augmentation_w60,6,4,G4,0.001,tcn,R0,G4__g4_d_augmentation_w60__tcn__r0__w60__fold_4__seed_42,42,0.85548358275631,0.4499945227711601,0.5636667572337416,0.8186666666666667,0.4947972288396623,0.4130456188383347,60,D,augmentation
g4_d_augmentation_w60,7,4,G4,0.0005,tcn,R0,G4__g4_d_augmentation_w60__tcn__r0__w60__fold_4__seed_42,42,0.8548134911771276,0.44373770224906944,0.5627744462533231,0.8097777777777778,0.5194554029040866,0.40726009107181377,60,D,augmentation
g4_d_augmentation_w60,8,4,G4,0.0005,tcn,R0,G4__g4_d_augmentation_w60__tcn__r0__w60__fold_4__seed_42,42,0.8559303104757651,0.4367471345040264,0.5645128315117987,0.8017777777777778,0.5439495996104347,0.4022548270624722,60,D,augmentation
g4_d_augmentation_w60,9,4,G4,0.0005,tcn,R0,G4__g4_d_augmentation_w60__tcn__r0__w60__fold_4__seed_42,42,0.85727049363413,0.4303032912152512,0.5655953120272615,0.8071111111111111,0.5318475880887773,0.40557145252010246,60,D,augmentation
g4_d_augmentation_w60,10,4,G4,0.0005,tcn,R0,G4__g4_d_augmentation_w60__tcn__r0__w60__fold_4__seed_42,42,0.8579405852133125,0.42933195712232475,0.5656927746417624,0.8035555555555556,0.536806422524982,0.4033516129880434,60,D,augmentation
g4_d_augmentation_w60,11,4,G4,0.00025,tcn,R0,G4__g4_d_augmentation_w60__tcn__r0__w60__fold_4__seed_42,42,0.8588340406522225,0.4262779937648922,0.5665920998639268,0.8044444444444444,0.5382739255163405,0.40534778866487686,60,D,augmentation
g4_d_augmentation_w60,12,4,G4,0.00025,tcn,R0,G4__g4_d_augmentation_w60__tcn__r0__w60__fold_4__seed_42,42,0.8574938574938575,0.4247079226210204,0.5655300141736033,0.8044444444444444,0.5324514288902282,0.40534778866487686,60,D,augmentation
g4_d_augmentation_w60,13,4,G4,0.00025,tcn,R0,G4__g4_d_augmentation_w60__tcn__r0__w60__fold_4__seed_42,42,0.85727049363413,0.4231114453414148,0.5652516959839337,0.8053333333333333,0.5219622659948137,0.4044570903029258,60,D,augmentation
g4_d_augmentation_w60,14,4,G4,0.00025,tcn,R0,G4__g4_d_augmentation_w60__tcn__r0__w60__fold_4__seed_42,42,0.8581639490730399,0.4215597835920047,0.5658352174121712,0.8053333333333333,0.5160447591410743,0.4044570903029258,60,D,augmentation
g4_d_augmentation_w60,15,4,G4,0.000125,tcn,R0,G4__g4_d_augmentation_w60__tcn__r0__w60__fold_4__seed_42,42,0.8581639490730399,0.4215411338351895,0.5658806667394799,0.8062222222222222,0.5178269036875831,0.40646315823262236,60,D,augmentation
g4_d_augmentation_w60,16,4,G4,0.000125,tcn,R0,G4__g4_d_augmentation_w60__tcn__r0__w60__fold_4__seed_42,42,0.856823765914675,0.42000940941342396,0.5647793948976362,0.8062222222222222,0.5176091572443644,0.40646315823262236,60,D,augmentation
g4_d_augmentation_w60,17,4,G4,0.000125,tcn,R0,G4__g4_d_augmentation_w60__tcn__r0__w60__fold_4__seed_42,42,0.8581639490730399,0.41908486071297546,0.5658763917741066,0.8053333333333333,0.5175474988089668,0.4059043627671213,60,D,augmentation
