ablation,actual,configuration_id,count,fold,generation,model,predicted,representation,run_id,seed,subset,window_size_frames
temporal_r0,alert,qualification_r0_w30_b1024,862,1,G2,lstm,alert,R0,G2__qualification_r0_w30_b1024__lstm__r0__w30__fold_1__seed_42,42,validation,30
temporal_r0,alert,qualification_r0_w30_b1024,0,1,G2,lstm,fatigue,R0,G2__qualification_r0_w30_b1024__lstm__r0__w30__fold_1__seed_42,42,validation,30
temporal_r0,alert,qualification_r0_w30_b1024,160,1,G2,lstm,distraction,R0,G2__qualification_r0_w30_b1024__lstm__r0__w30__fold_1__seed_42,42,validation,30
temporal_r0,fatigue,qualification_r0_w30_b1024,6,1,G2,lstm,alert,R0,G2__qualification_r0_w30_b1024__lstm__r0__w30__fold_1__seed_42,42,validation,30
temporal_r0,fatigue,qualification_r0_w30_b1024,0,1,G2,lstm,fatigue,R0,G2__qualification_r0_w30_b1024__lstm__r0__w30__fold_1__seed_42,42,validation,30
temporal_r0,fatigue,qualification_r0_w30_b1024,1,1,G2,lstm,distraction,R0,G2__qualification_r0_w30_b1024__lstm__r0__w30__fold_1__seed_42,42,validation,30
temporal_r0,distraction,qualification_r0_w30_b1024,93,1,G2,lstm,alert,R0,G2__qualification_r0_w30_b1024__lstm__r0__w30__fold_1__seed_42,42,validation,30
temporal_r0,distraction,qualification_r0_w30_b1024,0,1,G2,lstm,fatigue,R0,G2__qualification_r0_w30_b1024__lstm__r0__w30__fold_1__seed_42,42,validation,30
temporal_r0,distraction,qualification_r0_w30_b1024,72,1,G2,lstm,distraction,R0,G2__qualification_r0_w30_b1024__lstm__r0__w30__fold_1__seed_42,42,validation,30
temporal_r0,alert,qualification_r0_w30_b1024,726,1,G2,lstm,alert,R0,G2__qualification_r0_w30_b1024__lstm__r0__w30__fold_1__seed_42,42,test,30
temporal_r0,alert,qualification_r0_w30_b1024,0,1,G2,lstm,fatigue,R0,G2__qualification_r0_w30_b1024__lstm__r0__w30__fold_1__seed_42,42,test,30
temporal_r0,alert,qualification_r0_w30_b1024,362,1,G2,lstm,distraction,R0,G2__qualification_r0_w30_b1024__lstm__r0__w30__fold_1__seed_42,42,test,30
temporal_r0,fatigue,qualification_r0_w30_b1024,20,1,G2,lstm,alert,R0,G2__qualification_r0_w30_b1024__lstm__r0__w30__fold_1__seed_42,42,test,30
temporal_r0,fatigue,qualification_r0_w30_b1024,0,1,G2,lstm,fatigue,R0,G2__qualification_r0_w30_b1024__lstm__r0__w30__fold_1__seed_42,42,test,30
temporal_r0,fatigue,qualification_r0_w30_b1024,48,1,G2,lstm,distraction,R0,G2__qualification_r0_w30_b1024__lstm__r0__w30__fold_1__seed_42,42,test,30
temporal_r0,distraction,qualification_r0_w30_b1024,29,1,G2,lstm,alert,R0,G2__qualification_r0_w30_b1024__lstm__r0__w30__fold_1__seed_42,42,test,30
temporal_r0,distraction,qualification_r0_w30_b1024,0,1,G2,lstm,fatigue,R0,G2__qualification_r0_w30_b1024__lstm__r0__w30__fold_1__seed_42,42,test,30
temporal_r0,distraction,qualification_r0_w30_b1024,350,1,G2,lstm,distraction,R0,G2__qualification_r0_w30_b1024__lstm__r0__w30__fold_1__seed_42,42,test,30
temporal_r0,alert,qualification_r0_w30_b1024,922,1,G2,tcn,alert,R0,G2__qualification_r0_w30_b1024__tcn__r0__w30__fold_1__seed_42,42,validation,30
temporal_r0,alert,qualification_r0_w30_b1024,0,1,G2,tcn,fatigue,R0,G2__qualification_r0_w30_b1024__tcn__r0__w30__fold_1__seed_42,42,validation,30
temporal_r0,alert,qualification_r0_w30_b1024,100,1,G2,tcn,distraction,R0,G2__qualification_r0_w30_b1024__tcn__r0__w30__fold_1__seed_42,42,validation,30
temporal_r0,fatigue,qualification_r0_w30_b1024,7,1,G2,tcn,alert,R0,G2__qualification_r0_w30_b1024__tcn__r0__w30__fold_1__seed_42,42,validation,30
temporal_r0,fatigue,qualification_r0_w30_b1024,0,1,G2,tcn,fatigue,R0,G2__qualification_r0_w30_b1024__tcn__r0__w30__fold_1__seed_42,42,validation,30
temporal_r0,fatigue,qualification_r0_w30_b1024,0,1,G2,tcn,distraction,R0,G2__qualification_r0_w30_b1024__tcn__r0__w30__fold_1__seed_42,42,validation,30
temporal_r0,distraction,qualification_r0_w30_b1024,106,1,G2,tcn,alert,R0,G2__qualification_r0_w30_b1024__tcn__r0__w30__fold_1__seed_42,42,validation,30
temporal_r0,distraction,qualification_r0_w30_b1024,0,1,G2,tcn,fatigue,R0,G2__qualification_r0_w30_b1024__tcn__r0__w30__fold_1__seed_42,42,validation,30
temporal_r0,distraction,qualification_r0_w30_b1024,59,1,G2,tcn,distraction,R0,G2__qualification_r0_w30_b1024__tcn__r0__w30__fold_1__seed_42,42,validation,30
temporal_r0,alert,qualification_r0_w30_b1024,994,1,G2,tcn,alert,R0,G2__qualification_r0_w30_b1024__tcn__r0__w30__fold_1__seed_42,42,test,30
temporal_r0,alert,qualification_r0_w30_b1024,0,1,G2,tcn,fatigue,R0,G2__qualification_r0_w30_b1024__tcn__r0__w30__fold_1__seed_42,42,test,30
temporal_r0,alert,qualification_r0_w30_b1024,94,1,G2,tcn,distraction,R0,G2__qualification_r0_w30_b1024__tcn__r0__w30__fold_1__seed_42,42,test,30
temporal_r0,fatigue,qualification_r0_w30_b1024,38,1,G2,tcn,alert,R0,G2__qualification_r0_w30_b1024__tcn__r0__w30__fold_1__seed_42,42,test,30
temporal_r0,fatigue,qualification_r0_w30_b1024,0,1,G2,tcn,fatigue,R0,G2__qualification_r0_w30_b1024__tcn__r0__w30__fold_1__seed_42,42,test,30
temporal_r0,fatigue,qualification_r0_w30_b1024,30,1,G2,tcn,distraction,R0,G2__qualification_r0_w30_b1024__tcn__r0__w30__fold_1__seed_42,42,test,30
temporal_r0,distraction,qualification_r0_w30_b1024,97,1,G2,tcn,alert,R0,G2__qualification_r0_w30_b1024__tcn__r0__w30__fold_1__seed_42,42,test,30
temporal_r0,distraction,qualification_r0_w30_b1024,0,1,G2,tcn,fatigue,R0,G2__qualification_r0_w30_b1024__tcn__r0__w30__fold_1__seed_42,42,test,30
temporal_r0,distraction,qualification_r0_w30_b1024,282,1,G2,tcn,distraction,R0,G2__qualification_r0_w30_b1024__tcn__r0__w30__fold_1__seed_42,42,test,30
temporal_r0,alert,qualification_r0_w30_b1024,936,1,G2,transformer,alert,R0,G2__qualification_r0_w30_b1024__transformer__r0__w30__fold_1__seed_42,42,validation,30
temporal_r0,alert,qualification_r0_w30_b1024,0,1,G2,transformer,fatigue,R0,G2__qualification_r0_w30_b1024__transformer__r0__w30__fold_1__seed_42,42,validation,30
temporal_r0,alert,qualification_r0_w30_b1024,86,1,G2,transformer,distraction,R0,G2__qualification_r0_w30_b1024__transformer__r0__w30__fold_1__seed_42,42,validation,30
temporal_r0,fatigue,qualification_r0_w30_b1024,7,1,G2,transformer,alert,R0,G2__qualification_r0_w30_b1024__transformer__r0__w30__fold_1__seed_42,42,validation,30
temporal_r0,fatigue,qualification_r0_w30_b1024,0,1,G2,transformer,fatigue,R0,G2__qualification_r0_w30_b1024__transformer__r0__w30__fold_1__seed_42,42,validation,30
temporal_r0,fatigue,qualification_r0_w30_b1024,0,1,G2,transformer,distraction,R0,G2__qualification_r0_w30_b1024__transformer__r0__w30__fold_1__seed_42,42,validation,30
temporal_r0,distraction,qualification_r0_w30_b1024,108,1,G2,transformer,alert,R0,G2__qualification_r0_w30_b1024__transformer__r0__w30__fold_1__seed_42,42,validation,30
temporal_r0,distraction,qualification_r0_w30_b1024,0,1,G2,transformer,fatigue,R0,G2__qualification_r0_w30_b1024__transformer__r0__w30__fold_1__seed_42,42,validation,30
temporal_r0,distraction,qualification_r0_w30_b1024,57,1,G2,transformer,distraction,R0,G2__qualification_r0_w30_b1024__transformer__r0__w30__fold_1__seed_42,42,validation,30
temporal_r0,alert,qualification_r0_w30_b1024,860,1,G2,transformer,alert,R0,G2__qualification_r0_w30_b1024__transformer__r0__w30__fold_1__seed_42,42,test,30
temporal_r0,alert,qualification_r0_w30_b1024,0,1,G2,transformer,fatigue,R0,G2__qualification_r0_w30_b1024__transformer__r0__w30__fold_1__seed_42,42,test,30
temporal_r0,alert,qualification_r0_w30_b1024,228,1,G2,transformer,distraction,R0,G2__qualification_r0_w30_b1024__transformer__r0__w30__fold_1__seed_42,42,test,30
temporal_r0,fatigue,qualification_r0_w30_b1024,35,1,G2,transformer,alert,R0,G2__qualification_r0_w30_b1024__transformer__r0__w30__fold_1__seed_42,42,test,30
temporal_r0,fatigue,qualification_r0_w30_b1024,1,1,G2,transformer,fatigue,R0,G2__qualification_r0_w30_b1024__transformer__r0__w30__fold_1__seed_42,42,test,30
temporal_r0,fatigue,qualification_r0_w30_b1024,32,1,G2,transformer,distraction,R0,G2__qualification_r0_w30_b1024__transformer__r0__w30__fold_1__seed_42,42,test,30
temporal_r0,distraction,qualification_r0_w30_b1024,110,1,G2,transformer,alert,R0,G2__qualification_r0_w30_b1024__transformer__r0__w30__fold_1__seed_42,42,test,30
temporal_r0,distraction,qualification_r0_w30_b1024,0,1,G2,transformer,fatigue,R0,G2__qualification_r0_w30_b1024__transformer__r0__w30__fold_1__seed_42,42,test,30
temporal_r0,distraction,qualification_r0_w30_b1024,269,1,G2,transformer,distraction,R0,G2__qualification_r0_w30_b1024__transformer__r0__w30__fold_1__seed_42,42,test,30
temporal_r0,alert,qualification_r0_w30_b1024,994,2,G2,lstm,alert,R0,G2__qualification_r0_w30_b1024__lstm__r0__w30__fold_2__seed_42,42,validation,30
temporal_r0,alert,qualification_r0_w30_b1024,0,2,G2,lstm,fatigue,R0,G2__qualification_r0_w30_b1024__lstm__r0__w30__fold_2__seed_42,42,validation,30
temporal_r0,alert,qualification_r0_w30_b1024,92,2,G2,lstm,distraction,R0,G2__qualification_r0_w30_b1024__lstm__r0__w30__fold_2__seed_42,42,validation,30
temporal_r0,fatigue,qualification_r0_w30_b1024,20,2,G2,lstm,alert,R0,G2__qualification_r0_w30_b1024__lstm__r0__w30__fold_2__seed_42,42,validation,30
temporal_r0,fatigue,qualification_r0_w30_b1024,0,2,G2,lstm,fatigue,R0,G2__qualification_r0_w30_b1024__lstm__r0__w30__fold_2__seed_42,42,validation,30
temporal_r0,fatigue,qualification_r0_w30_b1024,0,2,G2,lstm,distraction,R0,G2__qualification_r0_w30_b1024__lstm__r0__w30__fold_2__seed_42,42,validation,30
temporal_r0,distraction,qualification_r0_w30_b1024,56,2,G2,lstm,alert,R0,G2__qualification_r0_w30_b1024__lstm__r0__w30__fold_2__seed_42,42,validation,30
temporal_r0,distraction,qualification_r0_w30_b1024,0,2,G2,lstm,fatigue,R0,G2__qualification_r0_w30_b1024__lstm__r0__w30__fold_2__seed_42,42,validation,30
temporal_r0,distraction,qualification_r0_w30_b1024,23,2,G2,lstm,distraction,R0,G2__qualification_r0_w30_b1024__lstm__r0__w30__fold_2__seed_42,42,validation,30
temporal_r0,alert,qualification_r0_w30_b1024,1490,2,G2,lstm,alert,R0,G2__qualification_r0_w30_b1024__lstm__r0__w30__fold_2__seed_42,42,test,30
temporal_r0,alert,qualification_r0_w30_b1024,0,2,G2,lstm,fatigue,R0,G2__qualification_r0_w30_b1024__lstm__r0__w30__fold_2__seed_42,42,test,30
temporal_r0,alert,qualification_r0_w30_b1024,90,2,G2,lstm,distraction,R0,G2__qualification_r0_w30_b1024__lstm__r0__w30__fold_2__seed_42,42,test,30
temporal_r0,fatigue,qualification_r0_w30_b1024,0,2,G2,lstm,alert,R0,G2__qualification_r0_w30_b1024__lstm__r0__w30__fold_2__seed_42,42,test,30
temporal_r0,fatigue,qualification_r0_w30_b1024,0,2,G2,lstm,fatigue,R0,G2__qualification_r0_w30_b1024__lstm__r0__w30__fold_2__seed_42,42,test,30
temporal_r0,fatigue,qualification_r0_w30_b1024,0,2,G2,lstm,distraction,R0,G2__qualification_r0_w30_b1024__lstm__r0__w30__fold_2__seed_42,42,test,30
temporal_r0,distraction,qualification_r0_w30_b1024,122,2,G2,lstm,alert,R0,G2__qualification_r0_w30_b1024__lstm__r0__w30__fold_2__seed_42,42,test,30
temporal_r0,distraction,qualification_r0_w30_b1024,0,2,G2,lstm,fatigue,R0,G2__qualification_r0_w30_b1024__lstm__r0__w30__fold_2__seed_42,42,test,30
temporal_r0,distraction,qualification_r0_w30_b1024,173,2,G2,lstm,distraction,R0,G2__qualification_r0_w30_b1024__lstm__r0__w30__fold_2__seed_42,42,test,30
temporal_r0,alert,qualification_r0_w30_b1024,1001,2,G2,tcn,alert,R0,G2__qualification_r0_w30_b1024__tcn__r0__w30__fold_2__seed_42,42,validation,30
temporal_r0,alert,qualification_r0_w30_b1024,0,2,G2,tcn,fatigue,R0,G2__qualification_r0_w30_b1024__tcn__r0__w30__fold_2__seed_42,42,validation,30
temporal_r0,alert,qualification_r0_w30_b1024,85,2,G2,tcn,distraction,R0,G2__qualification_r0_w30_b1024__tcn__r0__w30__fold_2__seed_42,42,validation,30
temporal_r0,fatigue,qualification_r0_w30_b1024,20,2,G2,tcn,alert,R0,G2__qualification_r0_w30_b1024__tcn__r0__w30__fold_2__seed_42,42,validation,30
temporal_r0,fatigue,qualification_r0_w30_b1024,0,2,G2,tcn,fatigue,R0,G2__qualification_r0_w30_b1024__tcn__r0__w30__fold_2__seed_42,42,validation,30
temporal_r0,fatigue,qualification_r0_w30_b1024,0,2,G2,tcn,distraction,R0,G2__qualification_r0_w30_b1024__tcn__r0__w30__fold_2__seed_42,42,validation,30
temporal_r0,distraction,qualification_r0_w30_b1024,55,2,G2,tcn,alert,R0,G2__qualification_r0_w30_b1024__tcn__r0__w30__fold_2__seed_42,42,validation,30
temporal_r0,distraction,qualification_r0_w30_b1024,0,2,G2,tcn,fatigue,R0,G2__qualification_r0_w30_b1024__tcn__r0__w30__fold_2__seed_42,42,validation,30
temporal_r0,distraction,qualification_r0_w30_b1024,24,2,G2,tcn,distraction,R0,G2__qualification_r0_w30_b1024__tcn__r0__w30__fold_2__seed_42,42,validation,30
temporal_r0,alert,qualification_r0_w30_b1024,1493,2,G2,tcn,alert,R0,G2__qualification_r0_w30_b1024__tcn__r0__w30__fold_2__seed_42,42,test,30
temporal_r0,alert,qualification_r0_w30_b1024,0,2,G2,tcn,fatigue,R0,G2__qualification_r0_w30_b1024__tcn__r0__w30__fold_2__seed_42,42,test,30
temporal_r0,alert,qualification_r0_w30_b1024,87,2,G2,tcn,distraction,R0,G2__qualification_r0_w30_b1024__tcn__r0__w30__fold_2__seed_42,42,test,30
temporal_r0,fatigue,qualification_r0_w30_b1024,0,2,G2,tcn,alert,R0,G2__qualification_r0_w30_b1024__tcn__r0__w30__fold_2__seed_42,42,test,30
temporal_r0,fatigue,qualification_r0_w30_b1024,0,2,G2,tcn,fatigue,R0,G2__qualification_r0_w30_b1024__tcn__r0__w30__fold_2__seed_42,42,test,30
temporal_r0,fatigue,qualification_r0_w30_b1024,0,2,G2,tcn,distraction,R0,G2__qualification_r0_w30_b1024__tcn__r0__w30__fold_2__seed_42,42,test,30
temporal_r0,distraction,qualification_r0_w30_b1024,123,2,G2,tcn,alert,R0,G2__qualification_r0_w30_b1024__tcn__r0__w30__fold_2__seed_42,42,test,30
temporal_r0,distraction,qualification_r0_w30_b1024,0,2,G2,tcn,fatigue,R0,G2__qualification_r0_w30_b1024__tcn__r0__w30__fold_2__seed_42,42,test,30
temporal_r0,distraction,qualification_r0_w30_b1024,172,2,G2,tcn,distraction,R0,G2__qualification_r0_w30_b1024__tcn__r0__w30__fold_2__seed_42,42,test,30
temporal_r0,alert,qualification_r0_w30_b1024,979,2,G2,transformer,alert,R0,G2__qualification_r0_w30_b1024__transformer__r0__w30__fold_2__seed_42,42,validation,30
temporal_r0,alert,qualification_r0_w30_b1024,0,2,G2,transformer,fatigue,R0,G2__qualification_r0_w30_b1024__transformer__r0__w30__fold_2__seed_42,42,validation,30
temporal_r0,alert,qualification_r0_w30_b1024,107,2,G2,transformer,distraction,R0,G2__qualification_r0_w30_b1024__transformer__r0__w30__fold_2__seed_42,42,validation,30
temporal_r0,fatigue,qualification_r0_w30_b1024,20,2,G2,transformer,alert,R0,G2__qualification_r0_w30_b1024__transformer__r0__w30__fold_2__seed_42,42,validation,30
temporal_r0,fatigue,qualification_r0_w30_b1024,0,2,G2,transformer,fatigue,R0,G2__qualification_r0_w30_b1024__transformer__r0__w30__fold_2__seed_42,42,validation,30
temporal_r0,fatigue,qualification_r0_w30_b1024,0,2,G2,transformer,distraction,R0,G2__qualification_r0_w30_b1024__transformer__r0__w30__fold_2__seed_42,42,validation,30
temporal_r0,distraction,qualification_r0_w30_b1024,53,2,G2,transformer,alert,R0,G2__qualification_r0_w30_b1024__transformer__r0__w30__fold_2__seed_42,42,validation,30
temporal_r0,distraction,qualification_r0_w30_b1024,0,2,G2,transformer,fatigue,R0,G2__qualification_r0_w30_b1024__transformer__r0__w30__fold_2__seed_42,42,validation,30
temporal_r0,distraction,qualification_r0_w30_b1024,26,2,G2,transformer,distraction,R0,G2__qualification_r0_w30_b1024__transformer__r0__w30__fold_2__seed_42,42,validation,30
temporal_r0,alert,qualification_r0_w30_b1024,1480,2,G2,transformer,alert,R0,G2__qualification_r0_w30_b1024__transformer__r0__w30__fold_2__seed_42,42,test,30
temporal_r0,alert,qualification_r0_w30_b1024,0,2,G2,transformer,fatigue,R0,G2__qualification_r0_w30_b1024__transformer__r0__w30__fold_2__seed_42,42,test,30
temporal_r0,alert,qualification_r0_w30_b1024,100,2,G2,transformer,distraction,R0,G2__qualification_r0_w30_b1024__transformer__r0__w30__fold_2__seed_42,42,test,30
temporal_r0,fatigue,qualification_r0_w30_b1024,0,2,G2,transformer,alert,R0,G2__qualification_r0_w30_b1024__transformer__r0__w30__fold_2__seed_42,42,test,30
temporal_r0,fatigue,qualification_r0_w30_b1024,0,2,G2,transformer,fatigue,R0,G2__qualification_r0_w30_b1024__transformer__r0__w30__fold_2__seed_42,42,test,30
temporal_r0,fatigue,qualification_r0_w30_b1024,0,2,G2,transformer,distraction,R0,G2__qualification_r0_w30_b1024__transformer__r0__w30__fold_2__seed_42,42,test,30
temporal_r0,distraction,qualification_r0_w30_b1024,114,2,G2,transformer,alert,R0,G2__qualification_r0_w30_b1024__transformer__r0__w30__fold_2__seed_42,42,test,30
temporal_r0,distraction,qualification_r0_w30_b1024,0,2,G2,transformer,fatigue,R0,G2__qualification_r0_w30_b1024__transformer__r0__w30__fold_2__seed_42,42,test,30
temporal_r0,distraction,qualification_r0_w30_b1024,181,2,G2,transformer,distraction,R0,G2__qualification_r0_w30_b1024__transformer__r0__w30__fold_2__seed_42,42,test,30
temporal_r0,alert,qualification_r0_w30_b1024,836,3,G2,lstm,alert,R0,G2__qualification_r0_w30_b1024__lstm__r0__w30__fold_3__seed_42,42,validation,30
temporal_r0,alert,qualification_r0_w30_b1024,0,3,G2,lstm,fatigue,R0,G2__qualification_r0_w30_b1024__lstm__r0__w30__fold_3__seed_42,42,validation,30
temporal_r0,alert,qualification_r0_w30_b1024,157,3,G2,lstm,distraction,R0,G2__qualification_r0_w30_b1024__lstm__r0__w30__fold_3__seed_42,42,validation,30
temporal_r0,fatigue,qualification_r0_w30_b1024,13,3,G2,lstm,alert,R0,G2__qualification_r0_w30_b1024__lstm__r0__w30__fold_3__seed_42,42,validation,30
temporal_r0,fatigue,qualification_r0_w30_b1024,0,3,G2,lstm,fatigue,R0,G2__qualification_r0_w30_b1024__lstm__r0__w30__fold_3__seed_42,42,validation,30
temporal_r0,fatigue,qualification_r0_w30_b1024,0,3,G2,lstm,distraction,R0,G2__qualification_r0_w30_b1024__lstm__r0__w30__fold_3__seed_42,42,validation,30
temporal_r0,distraction,qualification_r0_w30_b1024,93,3,G2,lstm,alert,R0,G2__qualification_r0_w30_b1024__lstm__r0__w30__fold_3__seed_42,42,validation,30
temporal_r0,distraction,qualification_r0_w30_b1024,0,3,G2,lstm,fatigue,R0,G2__qualification_r0_w30_b1024__lstm__r0__w30__fold_3__seed_42,42,validation,30
temporal_r0,distraction,qualification_r0_w30_b1024,59,3,G2,lstm,distraction,R0,G2__qualification_r0_w30_b1024__lstm__r0__w30__fold_3__seed_42,42,validation,30
temporal_r0,alert,qualification_r0_w30_b1024,1271,3,G2,lstm,alert,R0,G2__qualification_r0_w30_b1024__lstm__r0__w30__fold_3__seed_42,42,test,30
temporal_r0,alert,qualification_r0_w30_b1024,0,3,G2,lstm,fatigue,R0,G2__qualification_r0_w30_b1024__lstm__r0__w30__fold_3__seed_42,42,test,30
temporal_r0,alert,qualification_r0_w30_b1024,100,3,G2,lstm,distraction,R0,G2__qualification_r0_w30_b1024__lstm__r0__w30__fold_3__seed_42,42,test,30
temporal_r0,fatigue,qualification_r0_w30_b1024,22,3,G2,lstm,alert,R0,G2__qualification_r0_w30_b1024__lstm__r0__w30__fold_3__seed_42,42,test,30
temporal_r0,fatigue,qualification_r0_w30_b1024,0,3,G2,lstm,fatigue,R0,G2__qualification_r0_w30_b1024__lstm__r0__w30__fold_3__seed_42,42,test,30
temporal_r0,fatigue,qualification_r0_w30_b1024,3,3,G2,lstm,distraction,R0,G2__qualification_r0_w30_b1024__lstm__r0__w30__fold_3__seed_42,42,test,30
temporal_r0,distraction,qualification_r0_w30_b1024,59,3,G2,lstm,alert,R0,G2__qualification_r0_w30_b1024__lstm__r0__w30__fold_3__seed_42,42,test,30
temporal_r0,distraction,qualification_r0_w30_b1024,0,3,G2,lstm,fatigue,R0,G2__qualification_r0_w30_b1024__lstm__r0__w30__fold_3__seed_42,42,test,30
temporal_r0,distraction,qualification_r0_w30_b1024,58,3,G2,lstm,distraction,R0,G2__qualification_r0_w30_b1024__lstm__r0__w30__fold_3__seed_42,42,test,30
temporal_r0,alert,qualification_r0_w30_b1024,836,3,G2,tcn,alert,R0,G2__qualification_r0_w30_b1024__tcn__r0__w30__fold_3__seed_42,42,validation,30
temporal_r0,alert,qualification_r0_w30_b1024,0,3,G2,tcn,fatigue,R0,G2__qualification_r0_w30_b1024__tcn__r0__w30__fold_3__seed_42,42,validation,30
temporal_r0,alert,qualification_r0_w30_b1024,157,3,G2,tcn,distraction,R0,G2__qualification_r0_w30_b1024__tcn__r0__w30__fold_3__seed_42,42,validation,30
temporal_r0,fatigue,qualification_r0_w30_b1024,13,3,G2,tcn,alert,R0,G2__qualification_r0_w30_b1024__tcn__r0__w30__fold_3__seed_42,42,validation,30
temporal_r0,fatigue,qualification_r0_w30_b1024,0,3,G2,tcn,fatigue,R0,G2__qualification_r0_w30_b1024__tcn__r0__w30__fold_3__seed_42,42,validation,30
temporal_r0,fatigue,qualification_r0_w30_b1024,0,3,G2,tcn,distraction,R0,G2__qualification_r0_w30_b1024__tcn__r0__w30__fold_3__seed_42,42,validation,30
temporal_r0,distraction,qualification_r0_w30_b1024,94,3,G2,tcn,alert,R0,G2__qualification_r0_w30_b1024__tcn__r0__w30__fold_3__seed_42,42,validation,30
temporal_r0,distraction,qualification_r0_w30_b1024,0,3,G2,tcn,fatigue,R0,G2__qualification_r0_w30_b1024__tcn__r0__w30__fold_3__seed_42,42,validation,30
temporal_r0,distraction,qualification_r0_w30_b1024,58,3,G2,tcn,distraction,R0,G2__qualification_r0_w30_b1024__tcn__r0__w30__fold_3__seed_42,42,validation,30
temporal_r0,alert,qualification_r0_w30_b1024,1273,3,G2,tcn,alert,R0,G2__qualification_r0_w30_b1024__tcn__r0__w30__fold_3__seed_42,42,test,30
temporal_r0,alert,qualification_r0_w30_b1024,0,3,G2,tcn,fatigue,R0,G2__qualification_r0_w30_b1024__tcn__r0__w30__fold_3__seed_42,42,test,30
temporal_r0,alert,qualification_r0_w30_b1024,98,3,G2,tcn,distraction,R0,G2__qualification_r0_w30_b1024__tcn__r0__w30__fold_3__seed_42,42,test,30
temporal_r0,fatigue,qualification_r0_w30_b1024,21,3,G2,tcn,alert,R0,G2__qualification_r0_w30_b1024__tcn__r0__w30__fold_3__seed_42,42,test,30
temporal_r0,fatigue,qualification_r0_w30_b1024,0,3,G2,tcn,fatigue,R0,G2__qualification_r0_w30_b1024__tcn__r0__w30__fold_3__seed_42,42,test,30
temporal_r0,fatigue,qualification_r0_w30_b1024,4,3,G2,tcn,distraction,R0,G2__qualification_r0_w30_b1024__tcn__r0__w30__fold_3__seed_42,42,test,30
temporal_r0,distraction,qualification_r0_w30_b1024,59,3,G2,tcn,alert,R0,G2__qualification_r0_w30_b1024__tcn__r0__w30__fold_3__seed_42,42,test,30
temporal_r0,distraction,qualification_r0_w30_b1024,0,3,G2,tcn,fatigue,R0,G2__qualification_r0_w30_b1024__tcn__r0__w30__fold_3__seed_42,42,test,30
temporal_r0,distraction,qualification_r0_w30_b1024,58,3,G2,tcn,distraction,R0,G2__qualification_r0_w30_b1024__tcn__r0__w30__fold_3__seed_42,42,test,30
temporal_r0,alert,qualification_r0_w30_b1024,840,3,G2,transformer,alert,R0,G2__qualification_r0_w30_b1024__transformer__r0__w30__fold_3__seed_42,42,validation,30
temporal_r0,alert,qualification_r0_w30_b1024,0,3,G2,transformer,fatigue,R0,G2__qualification_r0_w30_b1024__transformer__r0__w30__fold_3__seed_42,42,validation,30
temporal_r0,alert,qualification_r0_w30_b1024,153,3,G2,transformer,distraction,R0,G2__qualification_r0_w30_b1024__transformer__r0__w30__fold_3__seed_42,42,validation,30
temporal_r0,fatigue,qualification_r0_w30_b1024,13,3,G2,transformer,alert,R0,G2__qualification_r0_w30_b1024__transformer__r0__w30__fold_3__seed_42,42,validation,30
temporal_r0,fatigue,qualification_r0_w30_b1024,0,3,G2,transformer,fatigue,R0,G2__qualification_r0_w30_b1024__transformer__r0__w30__fold_3__seed_42,42,validation,30
temporal_r0,fatigue,qualification_r0_w30_b1024,0,3,G2,transformer,distraction,R0,G2__qualification_r0_w30_b1024__transformer__r0__w30__fold_3__seed_42,42,validation,30
temporal_r0,distraction,qualification_r0_w30_b1024,94,3,G2,transformer,alert,R0,G2__qualification_r0_w30_b1024__transformer__r0__w30__fold_3__seed_42,42,validation,30
temporal_r0,distraction,qualification_r0_w30_b1024,0,3,G2,transformer,fatigue,R0,G2__qualification_r0_w30_b1024__transformer__r0__w30__fold_3__seed_42,42,validation,30
temporal_r0,distraction,qualification_r0_w30_b1024,58,3,G2,transformer,distraction,R0,G2__qualification_r0_w30_b1024__transformer__r0__w30__fold_3__seed_42,42,validation,30
temporal_r0,alert,qualification_r0_w30_b1024,1270,3,G2,transformer,alert,R0,G2__qualification_r0_w30_b1024__transformer__r0__w30__fold_3__seed_42,42,test,30
temporal_r0,alert,qualification_r0_w30_b1024,0,3,G2,transformer,fatigue,R0,G2__qualification_r0_w30_b1024__transformer__r0__w30__fold_3__seed_42,42,test,30
temporal_r0,alert,qualification_r0_w30_b1024,101,3,G2,transformer,distraction,R0,G2__qualification_r0_w30_b1024__transformer__r0__w30__fold_3__seed_42,42,test,30
temporal_r0,fatigue,qualification_r0_w30_b1024,23,3,G2,transformer,alert,R0,G2__qualification_r0_w30_b1024__transformer__r0__w30__fold_3__seed_42,42,test,30
temporal_r0,fatigue,qualification_r0_w30_b1024,0,3,G2,transformer,fatigue,R0,G2__qualification_r0_w30_b1024__transformer__r0__w30__fold_3__seed_42,42,test,30
temporal_r0,fatigue,qualification_r0_w30_b1024,2,3,G2,transformer,distraction,R0,G2__qualification_r0_w30_b1024__transformer__r0__w30__fold_3__seed_42,42,test,30
temporal_r0,distraction,qualification_r0_w30_b1024,60,3,G2,transformer,alert,R0,G2__qualification_r0_w30_b1024__transformer__r0__w30__fold_3__seed_42,42,test,30
temporal_r0,distraction,qualification_r0_w30_b1024,0,3,G2,transformer,fatigue,R0,G2__qualification_r0_w30_b1024__transformer__r0__w30__fold_3__seed_42,42,test,30
temporal_r0,distraction,qualification_r0_w30_b1024,57,3,G2,transformer,distraction,R0,G2__qualification_r0_w30_b1024__transformer__r0__w30__fold_3__seed_42,42,test,30
temporal_r0,alert,qualification_r0_w30_b1024,898,4,G2,lstm,alert,R0,G2__qualification_r0_w30_b1024__lstm__r0__w30__fold_4__seed_42,42,validation,30
temporal_r0,alert,qualification_r0_w30_b1024,0,4,G2,lstm,fatigue,R0,G2__qualification_r0_w30_b1024__lstm__r0__w30__fold_4__seed_42,42,validation,30
temporal_r0,alert,qualification_r0_w30_b1024,120,4,G2,lstm,distraction,R0,G2__qualification_r0_w30_b1024__lstm__r0__w30__fold_4__seed_42,42,validation,30
temporal_r0,fatigue,qualification_r0_w30_b1024,20,4,G2,lstm,alert,R0,G2__qualification_r0_w30_b1024__lstm__r0__w30__fold_4__seed_42,42,validation,30
temporal_r0,fatigue,qualification_r0_w30_b1024,0,4,G2,lstm,fatigue,R0,G2__qualification_r0_w30_b1024__lstm__r0__w30__fold_4__seed_42,42,validation,30
temporal_r0,fatigue,qualification_r0_w30_b1024,0,4,G2,lstm,distraction,R0,G2__qualification_r0_w30_b1024__lstm__r0__w30__fold_4__seed_42,42,validation,30
temporal_r0,distraction,qualification_r0_w30_b1024,52,4,G2,lstm,alert,R0,G2__qualification_r0_w30_b1024__lstm__r0__w30__fold_4__seed_42,42,validation,30
temporal_r0,distraction,qualification_r0_w30_b1024,0,4,G2,lstm,fatigue,R0,G2__qualification_r0_w30_b1024__lstm__r0__w30__fold_4__seed_42,42,validation,30
temporal_r0,distraction,qualification_r0_w30_b1024,47,4,G2,lstm,distraction,R0,G2__qualification_r0_w30_b1024__lstm__r0__w30__fold_4__seed_42,42,validation,30
temporal_r0,alert,qualification_r0_w30_b1024,798,4,G2,lstm,alert,R0,G2__qualification_r0_w30_b1024__lstm__r0__w30__fold_4__seed_42,42,test,30
temporal_r0,alert,qualification_r0_w30_b1024,0,4,G2,lstm,fatigue,R0,G2__qualification_r0_w30_b1024__lstm__r0__w30__fold_4__seed_42,42,test,30
temporal_r0,alert,qualification_r0_w30_b1024,162,4,G2,lstm,distraction,R0,G2__qualification_r0_w30_b1024__lstm__r0__w30__fold_4__seed_42,42,test,30
temporal_r0,fatigue,qualification_r0_w30_b1024,4,4,G2,lstm,alert,R0,G2__qualification_r0_w30_b1024__lstm__r0__w30__fold_4__seed_42,42,test,30
temporal_r0,fatigue,qualification_r0_w30_b1024,0,4,G2,lstm,fatigue,R0,G2__qualification_r0_w30_b1024__lstm__r0__w30__fold_4__seed_42,42,test,30
temporal_r0,fatigue,qualification_r0_w30_b1024,0,4,G2,lstm,distraction,R0,G2__qualification_r0_w30_b1024__lstm__r0__w30__fold_4__seed_42,42,test,30
temporal_r0,distraction,qualification_r0_w30_b1024,96,4,G2,lstm,alert,R0,G2__qualification_r0_w30_b1024__lstm__r0__w30__fold_4__seed_42,42,test,30
temporal_r0,distraction,qualification_r0_w30_b1024,0,4,G2,lstm,fatigue,R0,G2__qualification_r0_w30_b1024__lstm__r0__w30__fold_4__seed_42,42,test,30
temporal_r0,distraction,qualification_r0_w30_b1024,45,4,G2,lstm,distraction,R0,G2__qualification_r0_w30_b1024__lstm__r0__w30__fold_4__seed_42,42,test,30
temporal_r0,alert,qualification_r0_w30_b1024,905,4,G2,tcn,alert,R0,G2__qualification_r0_w30_b1024__tcn__r0__w30__fold_4__seed_42,42,validation,30
temporal_r0,alert,qualification_r0_w30_b1024,0,4,G2,tcn,fatigue,R0,G2__qualification_r0_w30_b1024__tcn__r0__w30__fold_4__seed_42,42,validation,30
temporal_r0,alert,qualification_r0_w30_b1024,113,4,G2,tcn,distraction,R0,G2__qualification_r0_w30_b1024__tcn__r0__w30__fold_4__seed_42,42,validation,30
temporal_r0,fatigue,qualification_r0_w30_b1024,20,4,G2,tcn,alert,R0,G2__qualification_r0_w30_b1024__tcn__r0__w30__fold_4__seed_42,42,validation,30
temporal_r0,fatigue,qualification_r0_w30_b1024,0,4,G2,tcn,fatigue,R0,G2__qualification_r0_w30_b1024__tcn__r0__w30__fold_4__seed_42,42,validation,30
temporal_r0,fatigue,qualification_r0_w30_b1024,0,4,G2,tcn,distraction,R0,G2__qualification_r0_w30_b1024__tcn__r0__w30__fold_4__seed_42,42,validation,30
temporal_r0,distraction,qualification_r0_w30_b1024,54,4,G2,tcn,alert,R0,G2__qualification_r0_w30_b1024__tcn__r0__w30__fold_4__seed_42,42,validation,30
temporal_r0,distraction,qualification_r0_w30_b1024,0,4,G2,tcn,fatigue,R0,G2__qualification_r0_w30_b1024__tcn__r0__w30__fold_4__seed_42,42,validation,30
temporal_r0,distraction,qualification_r0_w30_b1024,45,4,G2,tcn,distraction,R0,G2__qualification_r0_w30_b1024__tcn__r0__w30__fold_4__seed_42,42,validation,30
temporal_r0,alert,qualification_r0_w30_b1024,798,4,G2,tcn,alert,R0,G2__qualification_r0_w30_b1024__tcn__r0__w30__fold_4__seed_42,42,test,30
temporal_r0,alert,qualification_r0_w30_b1024,0,4,G2,tcn,fatigue,R0,G2__qualification_r0_w30_b1024__tcn__r0__w30__fold_4__seed_42,42,test,30
temporal_r0,alert,qualification_r0_w30_b1024,162,4,G2,tcn,distraction,R0,G2__qualification_r0_w30_b1024__tcn__r0__w30__fold_4__seed_42,42,test,30
temporal_r0,fatigue,qualification_r0_w30_b1024,4,4,G2,tcn,alert,R0,G2__qualification_r0_w30_b1024__tcn__r0__w30__fold_4__seed_42,42,test,30
temporal_r0,fatigue,qualification_r0_w30_b1024,0,4,G2,tcn,fatigue,R0,G2__qualification_r0_w30_b1024__tcn__r0__w30__fold_4__seed_42,42,test,30
temporal_r0,fatigue,qualification_r0_w30_b1024,0,4,G2,tcn,distraction,R0,G2__qualification_r0_w30_b1024__tcn__r0__w30__fold_4__seed_42,42,test,30
temporal_r0,distraction,qualification_r0_w30_b1024,97,4,G2,tcn,alert,R0,G2__qualification_r0_w30_b1024__tcn__r0__w30__fold_4__seed_42,42,test,30
temporal_r0,distraction,qualification_r0_w30_b1024,0,4,G2,tcn,fatigue,R0,G2__qualification_r0_w30_b1024__tcn__r0__w30__fold_4__seed_42,42,test,30
temporal_r0,distraction,qualification_r0_w30_b1024,44,4,G2,tcn,distraction,R0,G2__qualification_r0_w30_b1024__tcn__r0__w30__fold_4__seed_42,42,test,30
temporal_r0,alert,qualification_r0_w30_b1024,904,4,G2,transformer,alert,R0,G2__qualification_r0_w30_b1024__transformer__r0__w30__fold_4__seed_42,42,validation,30
temporal_r0,alert,qualification_r0_w30_b1024,0,4,G2,transformer,fatigue,R0,G2__qualification_r0_w30_b1024__transformer__r0__w30__fold_4__seed_42,42,validation,30
temporal_r0,alert,qualification_r0_w30_b1024,114,4,G2,transformer,distraction,R0,G2__qualification_r0_w30_b1024__transformer__r0__w30__fold_4__seed_42,42,validation,30
temporal_r0,fatigue,qualification_r0_w30_b1024,20,4,G2,transformer,alert,R0,G2__qualification_r0_w30_b1024__transformer__r0__w30__fold_4__seed_42,42,validation,30
temporal_r0,fatigue,qualification_r0_w30_b1024,0,4,G2,transformer,fatigue,R0,G2__qualification_r0_w30_b1024__transformer__r0__w30__fold_4__seed_42,42,validation,30
temporal_r0,fatigue,qualification_r0_w30_b1024,0,4,G2,transformer,distraction,R0,G2__qualification_r0_w30_b1024__transformer__r0__w30__fold_4__seed_42,42,validation,30
temporal_r0,distraction,qualification_r0_w30_b1024,54,4,G2,transformer,alert,R0,G2__qualification_r0_w30_b1024__transformer__r0__w30__fold_4__seed_42,42,validation,30
temporal_r0,distraction,qualification_r0_w30_b1024,0,4,G2,transformer,fatigue,R0,G2__qualification_r0_w30_b1024__transformer__r0__w30__fold_4__seed_42,42,validation,30
temporal_r0,distraction,qualification_r0_w30_b1024,45,4,G2,transformer,distraction,R0,G2__qualification_r0_w30_b1024__transformer__r0__w30__fold_4__seed_42,42,validation,30
temporal_r0,alert,qualification_r0_w30_b1024,798,4,G2,transformer,alert,R0,G2__qualification_r0_w30_b1024__transformer__r0__w30__fold_4__seed_42,42,test,30
temporal_r0,alert,qualification_r0_w30_b1024,0,4,G2,transformer,fatigue,R0,G2__qualification_r0_w30_b1024__transformer__r0__w30__fold_4__seed_42,42,test,30
temporal_r0,alert,qualification_r0_w30_b1024,162,4,G2,transformer,distraction,R0,G2__qualification_r0_w30_b1024__transformer__r0__w30__fold_4__seed_42,42,test,30
temporal_r0,fatigue,qualification_r0_w30_b1024,4,4,G2,transformer,alert,R0,G2__qualification_r0_w30_b1024__transformer__r0__w30__fold_4__seed_42,42,test,30
temporal_r0,fatigue,qualification_r0_w30_b1024,0,4,G2,transformer,fatigue,R0,G2__qualification_r0_w30_b1024__transformer__r0__w30__fold_4__seed_42,42,test,30
temporal_r0,fatigue,qualification_r0_w30_b1024,0,4,G2,transformer,distraction,R0,G2__qualification_r0_w30_b1024__transformer__r0__w30__fold_4__seed_42,42,test,30
temporal_r0,distraction,qualification_r0_w30_b1024,97,4,G2,transformer,alert,R0,G2__qualification_r0_w30_b1024__transformer__r0__w30__fold_4__seed_42,42,test,30
temporal_r0,distraction,qualification_r0_w30_b1024,0,4,G2,transformer,fatigue,R0,G2__qualification_r0_w30_b1024__transformer__r0__w30__fold_4__seed_42,42,test,30
temporal_r0,distraction,qualification_r0_w30_b1024,44,4,G2,transformer,distraction,R0,G2__qualification_r0_w30_b1024__transformer__r0__w30__fold_4__seed_42,42,test,30
temporal_r0,alert,qualification_r0_w60_b1024,852,1,G2,lstm,alert,R0,G2__qualification_r0_w60_b1024__lstm__r0__w60__fold_1__seed_42,42,validation,60
temporal_r0,alert,qualification_r0_w60_b1024,0,1,G2,lstm,fatigue,R0,G2__qualification_r0_w60_b1024__lstm__r0__w60__fold_1__seed_42,42,validation,60
temporal_r0,alert,qualification_r0_w60_b1024,162,1,G2,lstm,distraction,R0,G2__qualification_r0_w60_b1024__lstm__r0__w60__fold_1__seed_42,42,validation,60
temporal_r0,fatigue,qualification_r0_w60_b1024,3,1,G2,lstm,alert,R0,G2__qualification_r0_w60_b1024__lstm__r0__w60__fold_1__seed_42,42,validation,60
temporal_r0,fatigue,qualification_r0_w60_b1024,0,1,G2,lstm,fatigue,R0,G2__qualification_r0_w60_b1024__lstm__r0__w60__fold_1__seed_42,42,validation,60
temporal_r0,fatigue,qualification_r0_w60_b1024,1,1,G2,lstm,distraction,R0,G2__qualification_r0_w60_b1024__lstm__r0__w60__fold_1__seed_42,42,validation,60
temporal_r0,distraction,qualification_r0_w60_b1024,92,1,G2,lstm,alert,R0,G2__qualification_r0_w60_b1024__lstm__r0__w60__fold_1__seed_42,42,validation,60
temporal_r0,distraction,qualification_r0_w60_b1024,0,1,G2,lstm,fatigue,R0,G2__qualification_r0_w60_b1024__lstm__r0__w60__fold_1__seed_42,42,validation,60
temporal_r0,distraction,qualification_r0_w60_b1024,70,1,G2,lstm,distraction,R0,G2__qualification_r0_w60_b1024__lstm__r0__w60__fold_1__seed_42,42,validation,60
temporal_r0,alert,qualification_r0_w60_b1024,723,1,G2,lstm,alert,R0,G2__qualification_r0_w60_b1024__lstm__r0__w60__fold_1__seed_42,42,test,60
temporal_r0,alert,qualification_r0_w60_b1024,0,1,G2,lstm,fatigue,R0,G2__qualification_r0_w60_b1024__lstm__r0__w60__fold_1__seed_42,42,test,60
temporal_r0,alert,qualification_r0_w60_b1024,365,1,G2,lstm,distraction,R0,G2__qualification_r0_w60_b1024__lstm__r0__w60__fold_1__seed_42,42,test,60
temporal_r0,fatigue,qualification_r0_w60_b1024,19,1,G2,lstm,alert,R0,G2__qualification_r0_w60_b1024__lstm__r0__w60__fold_1__seed_42,42,test,60
temporal_r0,fatigue,qualification_r0_w60_b1024,0,1,G2,lstm,fatigue,R0,G2__qualification_r0_w60_b1024__lstm__r0__w60__fold_1__seed_42,42,test,60
temporal_r0,fatigue,qualification_r0_w60_b1024,48,1,G2,lstm,distraction,R0,G2__qualification_r0_w60_b1024__lstm__r0__w60__fold_1__seed_42,42,test,60
temporal_r0,distraction,qualification_r0_w60_b1024,30,1,G2,lstm,alert,R0,G2__qualification_r0_w60_b1024__lstm__r0__w60__fold_1__seed_42,42,test,60
temporal_r0,distraction,qualification_r0_w60_b1024,0,1,G2,lstm,fatigue,R0,G2__qualification_r0_w60_b1024__lstm__r0__w60__fold_1__seed_42,42,test,60
temporal_r0,distraction,qualification_r0_w60_b1024,349,1,G2,lstm,distraction,R0,G2__qualification_r0_w60_b1024__lstm__r0__w60__fold_1__seed_42,42,test,60
temporal_r0,alert,qualification_r0_w60_b1024,923,1,G2,tcn,alert,R0,G2__qualification_r0_w60_b1024__tcn__r0__w60__fold_1__seed_42,42,validation,60
temporal_r0,alert,qualification_r0_w60_b1024,0,1,G2,tcn,fatigue,R0,G2__qualification_r0_w60_b1024__tcn__r0__w60__fold_1__seed_42,42,validation,60
temporal_r0,alert,qualification_r0_w60_b1024,91,1,G2,tcn,distraction,R0,G2__qualification_r0_w60_b1024__tcn__r0__w60__fold_1__seed_42,42,validation,60
temporal_r0,fatigue,qualification_r0_w60_b1024,4,1,G2,tcn,alert,R0,G2__qualification_r0_w60_b1024__tcn__r0__w60__fold_1__seed_42,42,validation,60
temporal_r0,fatigue,qualification_r0_w60_b1024,0,1,G2,tcn,fatigue,R0,G2__qualification_r0_w60_b1024__tcn__r0__w60__fold_1__seed_42,42,validation,60
temporal_r0,fatigue,qualification_r0_w60_b1024,0,1,G2,tcn,distraction,R0,G2__qualification_r0_w60_b1024__tcn__r0__w60__fold_1__seed_42,42,validation,60
temporal_r0,distraction,qualification_r0_w60_b1024,102,1,G2,tcn,alert,R0,G2__qualification_r0_w60_b1024__tcn__r0__w60__fold_1__seed_42,42,validation,60
temporal_r0,distraction,qualification_r0_w60_b1024,0,1,G2,tcn,fatigue,R0,G2__qualification_r0_w60_b1024__tcn__r0__w60__fold_1__seed_42,42,validation,60
temporal_r0,distraction,qualification_r0_w60_b1024,60,1,G2,tcn,distraction,R0,G2__qualification_r0_w60_b1024__tcn__r0__w60__fold_1__seed_42,42,validation,60
temporal_r0,alert,qualification_r0_w60_b1024,989,1,G2,tcn,alert,R0,G2__qualification_r0_w60_b1024__tcn__r0__w60__fold_1__seed_42,42,test,60
temporal_r0,alert,qualification_r0_w60_b1024,0,1,G2,tcn,fatigue,R0,G2__qualification_r0_w60_b1024__tcn__r0__w60__fold_1__seed_42,42,test,60
temporal_r0,alert,qualification_r0_w60_b1024,99,1,G2,tcn,distraction,R0,G2__qualification_r0_w60_b1024__tcn__r0__w60__fold_1__seed_42,42,test,60
temporal_r0,fatigue,qualification_r0_w60_b1024,44,1,G2,tcn,alert,R0,G2__qualification_r0_w60_b1024__tcn__r0__w60__fold_1__seed_42,42,test,60
temporal_r0,fatigue,qualification_r0_w60_b1024,0,1,G2,tcn,fatigue,R0,G2__qualification_r0_w60_b1024__tcn__r0__w60__fold_1__seed_42,42,test,60
temporal_r0,fatigue,qualification_r0_w60_b1024,23,1,G2,tcn,distraction,R0,G2__qualification_r0_w60_b1024__tcn__r0__w60__fold_1__seed_42,42,test,60
temporal_r0,distraction,qualification_r0_w60_b1024,94,1,G2,tcn,alert,R0,G2__qualification_r0_w60_b1024__tcn__r0__w60__fold_1__seed_42,42,test,60
temporal_r0,distraction,qualification_r0_w60_b1024,0,1,G2,tcn,fatigue,R0,G2__qualification_r0_w60_b1024__tcn__r0__w60__fold_1__seed_42,42,test,60
temporal_r0,distraction,qualification_r0_w60_b1024,285,1,G2,tcn,distraction,R0,G2__qualification_r0_w60_b1024__tcn__r0__w60__fold_1__seed_42,42,test,60
temporal_r0,alert,qualification_r0_w60_b1024,945,1,G2,transformer,alert,R0,G2__qualification_r0_w60_b1024__transformer__r0__w60__fold_1__seed_42,42,validation,60
temporal_r0,alert,qualification_r0_w60_b1024,0,1,G2,transformer,fatigue,R0,G2__qualification_r0_w60_b1024__transformer__r0__w60__fold_1__seed_42,42,validation,60
temporal_r0,alert,qualification_r0_w60_b1024,69,1,G2,transformer,distraction,R0,G2__qualification_r0_w60_b1024__transformer__r0__w60__fold_1__seed_42,42,validation,60
temporal_r0,fatigue,qualification_r0_w60_b1024,4,1,G2,transformer,alert,R0,G2__qualification_r0_w60_b1024__transformer__r0__w60__fold_1__seed_42,42,validation,60
temporal_r0,fatigue,qualification_r0_w60_b1024,0,1,G2,transformer,fatigue,R0,G2__qualification_r0_w60_b1024__transformer__r0__w60__fold_1__seed_42,42,validation,60
temporal_r0,fatigue,qualification_r0_w60_b1024,0,1,G2,transformer,distraction,R0,G2__qualification_r0_w60_b1024__transformer__r0__w60__fold_1__seed_42,42,validation,60
temporal_r0,distraction,qualification_r0_w60_b1024,117,1,G2,transformer,alert,R0,G2__qualification_r0_w60_b1024__transformer__r0__w60__fold_1__seed_42,42,validation,60
temporal_r0,distraction,qualification_r0_w60_b1024,0,1,G2,transformer,fatigue,R0,G2__qualification_r0_w60_b1024__transformer__r0__w60__fold_1__seed_42,42,validation,60
temporal_r0,distraction,qualification_r0_w60_b1024,45,1,G2,transformer,distraction,R0,G2__qualification_r0_w60_b1024__transformer__r0__w60__fold_1__seed_42,42,validation,60
temporal_r0,alert,qualification_r0_w60_b1024,881,1,G2,transformer,alert,R0,G2__qualification_r0_w60_b1024__transformer__r0__w60__fold_1__seed_42,42,test,60
temporal_r0,alert,qualification_r0_w60_b1024,3,1,G2,transformer,fatigue,R0,G2__qualification_r0_w60_b1024__transformer__r0__w60__fold_1__seed_42,42,test,60
temporal_r0,alert,qualification_r0_w60_b1024,204,1,G2,transformer,distraction,R0,G2__qualification_r0_w60_b1024__transformer__r0__w60__fold_1__seed_42,42,test,60
temporal_r0,fatigue,qualification_r0_w60_b1024,36,1,G2,transformer,alert,R0,G2__qualification_r0_w60_b1024__transformer__r0__w60__fold_1__seed_42,42,test,60
temporal_r0,fatigue,qualification_r0_w60_b1024,10,1,G2,transformer,fatigue,R0,G2__qualification_r0_w60_b1024__transformer__r0__w60__fold_1__seed_42,42,test,60
temporal_r0,fatigue,qualification_r0_w60_b1024,21,1,G2,transformer,distraction,R0,G2__qualification_r0_w60_b1024__transformer__r0__w60__fold_1__seed_42,42,test,60
temporal_r0,distraction,qualification_r0_w60_b1024,103,1,G2,transformer,alert,R0,G2__qualification_r0_w60_b1024__transformer__r0__w60__fold_1__seed_42,42,test,60
temporal_r0,distraction,qualification_r0_w60_b1024,0,1,G2,transformer,fatigue,R0,G2__qualification_r0_w60_b1024__transformer__r0__w60__fold_1__seed_42,42,test,60
temporal_r0,distraction,qualification_r0_w60_b1024,276,1,G2,transformer,distraction,R0,G2__qualification_r0_w60_b1024__transformer__r0__w60__fold_1__seed_42,42,test,60
temporal_r0,alert,qualification_r0_w60_b1024,980,2,G2,lstm,alert,R0,G2__qualification_r0_w60_b1024__lstm__r0__w60__fold_2__seed_42,42,validation,60
temporal_r0,alert,qualification_r0_w60_b1024,0,2,G2,lstm,fatigue,R0,G2__qualification_r0_w60_b1024__lstm__r0__w60__fold_2__seed_42,42,validation,60
temporal_r0,alert,qualification_r0_w60_b1024,100,2,G2,lstm,distraction,R0,G2__qualification_r0_w60_b1024__lstm__r0__w60__fold_2__seed_42,42,validation,60
temporal_r0,fatigue,qualification_r0_w60_b1024,17,2,G2,lstm,alert,R0,G2__qualification_r0_w60_b1024__lstm__r0__w60__fold_2__seed_42,42,validation,60
temporal_r0,fatigue,qualification_r0_w60_b1024,0,2,G2,lstm,fatigue,R0,G2__qualification_r0_w60_b1024__lstm__r0__w60__fold_2__seed_42,42,validation,60
temporal_r0,fatigue,qualification_r0_w60_b1024,0,2,G2,lstm,distraction,R0,G2__qualification_r0_w60_b1024__lstm__r0__w60__fold_2__seed_42,42,validation,60
temporal_r0,distraction,qualification_r0_w60_b1024,51,2,G2,lstm,alert,R0,G2__qualification_r0_w60_b1024__lstm__r0__w60__fold_2__seed_42,42,validation,60
temporal_r0,distraction,qualification_r0_w60_b1024,0,2,G2,lstm,fatigue,R0,G2__qualification_r0_w60_b1024__lstm__r0__w60__fold_2__seed_42,42,validation,60
temporal_r0,distraction,qualification_r0_w60_b1024,25,2,G2,lstm,distraction,R0,G2__qualification_r0_w60_b1024__lstm__r0__w60__fold_2__seed_42,42,validation,60
temporal_r0,alert,qualification_r0_w60_b1024,1474,2,G2,lstm,alert,R0,G2__qualification_r0_w60_b1024__lstm__r0__w60__fold_2__seed_42,42,test,60
temporal_r0,alert,qualification_r0_w60_b1024,0,2,G2,lstm,fatigue,R0,G2__qualification_r0_w60_b1024__lstm__r0__w60__fold_2__seed_42,42,test,60
temporal_r0,alert,qualification_r0_w60_b1024,97,2,G2,lstm,distraction,R0,G2__qualification_r0_w60_b1024__lstm__r0__w60__fold_2__seed_42,42,test,60
temporal_r0,fatigue,qualification_r0_w60_b1024,0,2,G2,lstm,alert,R0,G2__qualification_r0_w60_b1024__lstm__r0__w60__fold_2__seed_42,42,test,60
temporal_r0,fatigue,qualification_r0_w60_b1024,0,2,G2,lstm,fatigue,R0,G2__qualification_r0_w60_b1024__lstm__r0__w60__fold_2__seed_42,42,test,60
temporal_r0,fatigue,qualification_r0_w60_b1024,0,2,G2,lstm,distraction,R0,G2__qualification_r0_w60_b1024__lstm__r0__w60__fold_2__seed_42,42,test,60
temporal_r0,distraction,qualification_r0_w60_b1024,117,2,G2,lstm,alert,R0,G2__qualification_r0_w60_b1024__lstm__r0__w60__fold_2__seed_42,42,test,60
temporal_r0,distraction,qualification_r0_w60_b1024,0,2,G2,lstm,fatigue,R0,G2__qualification_r0_w60_b1024__lstm__r0__w60__fold_2__seed_42,42,test,60
temporal_r0,distraction,qualification_r0_w60_b1024,176,2,G2,lstm,distraction,R0,G2__qualification_r0_w60_b1024__lstm__r0__w60__fold_2__seed_42,42,test,60
temporal_r0,alert,qualification_r0_w60_b1024,1010,2,G2,tcn,alert,R0,G2__qualification_r0_w60_b1024__tcn__r0__w60__fold_2__seed_42,42,validation,60
temporal_r0,alert,qualification_r0_w60_b1024,0,2,G2,tcn,fatigue,R0,G2__qualification_r0_w60_b1024__tcn__r0__w60__fold_2__seed_42,42,validation,60
temporal_r0,alert,qualification_r0_w60_b1024,70,2,G2,tcn,distraction,R0,G2__qualification_r0_w60_b1024__tcn__r0__w60__fold_2__seed_42,42,validation,60
temporal_r0,fatigue,qualification_r0_w60_b1024,17,2,G2,tcn,alert,R0,G2__qualification_r0_w60_b1024__tcn__r0__w60__fold_2__seed_42,42,validation,60
temporal_r0,fatigue,qualification_r0_w60_b1024,0,2,G2,tcn,fatigue,R0,G2__qualification_r0_w60_b1024__tcn__r0__w60__fold_2__seed_42,42,validation,60
temporal_r0,fatigue,qualification_r0_w60_b1024,0,2,G2,tcn,distraction,R0,G2__qualification_r0_w60_b1024__tcn__r0__w60__fold_2__seed_42,42,validation,60
temporal_r0,distraction,qualification_r0_w60_b1024,57,2,G2,tcn,alert,R0,G2__qualification_r0_w60_b1024__tcn__r0__w60__fold_2__seed_42,42,validation,60
temporal_r0,distraction,qualification_r0_w60_b1024,0,2,G2,tcn,fatigue,R0,G2__qualification_r0_w60_b1024__tcn__r0__w60__fold_2__seed_42,42,validation,60
temporal_r0,distraction,qualification_r0_w60_b1024,19,2,G2,tcn,distraction,R0,G2__qualification_r0_w60_b1024__tcn__r0__w60__fold_2__seed_42,42,validation,60
temporal_r0,alert,qualification_r0_w60_b1024,1494,2,G2,tcn,alert,R0,G2__qualification_r0_w60_b1024__tcn__r0__w60__fold_2__seed_42,42,test,60
temporal_r0,alert,qualification_r0_w60_b1024,0,2,G2,tcn,fatigue,R0,G2__qualification_r0_w60_b1024__tcn__r0__w60__fold_2__seed_42,42,test,60
temporal_r0,alert,qualification_r0_w60_b1024,77,2,G2,tcn,distraction,R0,G2__qualification_r0_w60_b1024__tcn__r0__w60__fold_2__seed_42,42,test,60
temporal_r0,fatigue,qualification_r0_w60_b1024,0,2,G2,tcn,alert,R0,G2__qualification_r0_w60_b1024__tcn__r0__w60__fold_2__seed_42,42,test,60
temporal_r0,fatigue,qualification_r0_w60_b1024,0,2,G2,tcn,fatigue,R0,G2__qualification_r0_w60_b1024__tcn__r0__w60__fold_2__seed_42,42,test,60
temporal_r0,fatigue,qualification_r0_w60_b1024,0,2,G2,tcn,distraction,R0,G2__qualification_r0_w60_b1024__tcn__r0__w60__fold_2__seed_42,42,test,60
temporal_r0,distraction,qualification_r0_w60_b1024,127,2,G2,tcn,alert,R0,G2__qualification_r0_w60_b1024__tcn__r0__w60__fold_2__seed_42,42,test,60
temporal_r0,distraction,qualification_r0_w60_b1024,0,2,G2,tcn,fatigue,R0,G2__qualification_r0_w60_b1024__tcn__r0__w60__fold_2__seed_42,42,test,60
temporal_r0,distraction,qualification_r0_w60_b1024,166,2,G2,tcn,distraction,R0,G2__qualification_r0_w60_b1024__tcn__r0__w60__fold_2__seed_42,42,test,60
temporal_r0,alert,qualification_r0_w60_b1024,976,2,G2,transformer,alert,R0,G2__qualification_r0_w60_b1024__transformer__r0__w60__fold_2__seed_42,42,validation,60
temporal_r0,alert,qualification_r0_w60_b1024,0,2,G2,transformer,fatigue,R0,G2__qualification_r0_w60_b1024__transformer__r0__w60__fold_2__seed_42,42,validation,60
temporal_r0,alert,qualification_r0_w60_b1024,104,2,G2,transformer,distraction,R0,G2__qualification_r0_w60_b1024__transformer__r0__w60__fold_2__seed_42,42,validation,60
temporal_r0,fatigue,qualification_r0_w60_b1024,17,2,G2,transformer,alert,R0,G2__qualification_r0_w60_b1024__transformer__r0__w60__fold_2__seed_42,42,validation,60
temporal_r0,fatigue,qualification_r0_w60_b1024,0,2,G2,transformer,fatigue,R0,G2__qualification_r0_w60_b1024__transformer__r0__w60__fold_2__seed_42,42,validation,60
temporal_r0,fatigue,qualification_r0_w60_b1024,0,2,G2,transformer,distraction,R0,G2__qualification_r0_w60_b1024__transformer__r0__w60__fold_2__seed_42,42,validation,60
temporal_r0,distraction,qualification_r0_w60_b1024,50,2,G2,transformer,alert,R0,G2__qualification_r0_w60_b1024__transformer__r0__w60__fold_2__seed_42,42,validation,60
temporal_r0,distraction,qualification_r0_w60_b1024,0,2,G2,transformer,fatigue,R0,G2__qualification_r0_w60_b1024__transformer__r0__w60__fold_2__seed_42,42,validation,60
temporal_r0,distraction,qualification_r0_w60_b1024,26,2,G2,transformer,distraction,R0,G2__qualification_r0_w60_b1024__transformer__r0__w60__fold_2__seed_42,42,validation,60
temporal_r0,alert,qualification_r0_w60_b1024,1476,2,G2,transformer,alert,R0,G2__qualification_r0_w60_b1024__transformer__r0__w60__fold_2__seed_42,42,test,60
temporal_r0,alert,qualification_r0_w60_b1024,0,2,G2,transformer,fatigue,R0,G2__qualification_r0_w60_b1024__transformer__r0__w60__fold_2__seed_42,42,test,60
temporal_r0,alert,qualification_r0_w60_b1024,95,2,G2,transformer,distraction,R0,G2__qualification_r0_w60_b1024__transformer__r0__w60__fold_2__seed_42,42,test,60
temporal_r0,fatigue,qualification_r0_w60_b1024,0,2,G2,transformer,alert,R0,G2__qualification_r0_w60_b1024__transformer__r0__w60__fold_2__seed_42,42,test,60
temporal_r0,fatigue,qualification_r0_w60_b1024,0,2,G2,transformer,fatigue,R0,G2__qualification_r0_w60_b1024__transformer__r0__w60__fold_2__seed_42,42,test,60
temporal_r0,fatigue,qualification_r0_w60_b1024,0,2,G2,transformer,distraction,R0,G2__qualification_r0_w60_b1024__transformer__r0__w60__fold_2__seed_42,42,test,60
temporal_r0,distraction,qualification_r0_w60_b1024,109,2,G2,transformer,alert,R0,G2__qualification_r0_w60_b1024__transformer__r0__w60__fold_2__seed_42,42,test,60
temporal_r0,distraction,qualification_r0_w60_b1024,0,2,G2,transformer,fatigue,R0,G2__qualification_r0_w60_b1024__transformer__r0__w60__fold_2__seed_42,42,test,60
temporal_r0,distraction,qualification_r0_w60_b1024,184,2,G2,transformer,distraction,R0,G2__qualification_r0_w60_b1024__transformer__r0__w60__fold_2__seed_42,42,test,60
temporal_r0,alert,qualification_r0_w60_b1024,840,3,G2,lstm,alert,R0,G2__qualification_r0_w60_b1024__lstm__r0__w60__fold_3__seed_42,42,validation,60
temporal_r0,alert,qualification_r0_w60_b1024,0,3,G2,lstm,fatigue,R0,G2__qualification_r0_w60_b1024__lstm__r0__w60__fold_3__seed_42,42,validation,60
temporal_r0,alert,qualification_r0_w60_b1024,146,3,G2,lstm,distraction,R0,G2__qualification_r0_w60_b1024__lstm__r0__w60__fold_3__seed_42,42,validation,60
temporal_r0,fatigue,qualification_r0_w60_b1024,13,3,G2,lstm,alert,R0,G2__qualification_r0_w60_b1024__lstm__r0__w60__fold_3__seed_42,42,validation,60
temporal_r0,fatigue,qualification_r0_w60_b1024,0,3,G2,lstm,fatigue,R0,G2__qualification_r0_w60_b1024__lstm__r0__w60__fold_3__seed_42,42,validation,60
temporal_r0,fatigue,qualification_r0_w60_b1024,0,3,G2,lstm,distraction,R0,G2__qualification_r0_w60_b1024__lstm__r0__w60__fold_3__seed_42,42,validation,60
temporal_r0,distraction,qualification_r0_w60_b1024,97,3,G2,lstm,alert,R0,G2__qualification_r0_w60_b1024__lstm__r0__w60__fold_3__seed_42,42,validation,60
temporal_r0,distraction,qualification_r0_w60_b1024,0,3,G2,lstm,fatigue,R0,G2__qualification_r0_w60_b1024__lstm__r0__w60__fold_3__seed_42,42,validation,60
temporal_r0,distraction,qualification_r0_w60_b1024,55,3,G2,lstm,distraction,R0,G2__qualification_r0_w60_b1024__lstm__r0__w60__fold_3__seed_42,42,validation,60
temporal_r0,alert,qualification_r0_w60_b1024,1279,3,G2,lstm,alert,R0,G2__qualification_r0_w60_b1024__lstm__r0__w60__fold_3__seed_42,42,test,60
temporal_r0,alert,qualification_r0_w60_b1024,0,3,G2,lstm,fatigue,R0,G2__qualification_r0_w60_b1024__lstm__r0__w60__fold_3__seed_42,42,test,60
temporal_r0,alert,qualification_r0_w60_b1024,88,3,G2,lstm,distraction,R0,G2__qualification_r0_w60_b1024__lstm__r0__w60__fold_3__seed_42,42,test,60
temporal_r0,fatigue,qualification_r0_w60_b1024,20,3,G2,lstm,alert,R0,G2__qualification_r0_w60_b1024__lstm__r0__w60__fold_3__seed_42,42,test,60
temporal_r0,fatigue,qualification_r0_w60_b1024,0,3,G2,lstm,fatigue,R0,G2__qualification_r0_w60_b1024__lstm__r0__w60__fold_3__seed_42,42,test,60
temporal_r0,fatigue,qualification_r0_w60_b1024,1,3,G2,lstm,distraction,R0,G2__qualification_r0_w60_b1024__lstm__r0__w60__fold_3__seed_42,42,test,60
temporal_r0,distraction,qualification_r0_w60_b1024,56,3,G2,lstm,alert,R0,G2__qualification_r0_w60_b1024__lstm__r0__w60__fold_3__seed_42,42,test,60
temporal_r0,distraction,qualification_r0_w60_b1024,0,3,G2,lstm,fatigue,R0,G2__qualification_r0_w60_b1024__lstm__r0__w60__fold_3__seed_42,42,test,60
temporal_r0,distraction,qualification_r0_w60_b1024,56,3,G2,lstm,distraction,R0,G2__qualification_r0_w60_b1024__lstm__r0__w60__fold_3__seed_42,42,test,60
temporal_r0,alert,qualification_r0_w60_b1024,840,3,G2,tcn,alert,R0,G2__qualification_r0_w60_b1024__tcn__r0__w60__fold_3__seed_42,42,validation,60
temporal_r0,alert,qualification_r0_w60_b1024,0,3,G2,tcn,fatigue,R0,G2__qualification_r0_w60_b1024__tcn__r0__w60__fold_3__seed_42,42,validation,60
temporal_r0,alert,qualification_r0_w60_b1024,146,3,G2,tcn,distraction,R0,G2__qualification_r0_w60_b1024__tcn__r0__w60__fold_3__seed_42,42,validation,60
temporal_r0,fatigue,qualification_r0_w60_b1024,13,3,G2,tcn,alert,R0,G2__qualification_r0_w60_b1024__tcn__r0__w60__fold_3__seed_42,42,validation,60
temporal_r0,fatigue,qualification_r0_w60_b1024,0,3,G2,tcn,fatigue,R0,G2__qualification_r0_w60_b1024__tcn__r0__w60__fold_3__seed_42,42,validation,60
temporal_r0,fatigue,qualification_r0_w60_b1024,0,3,G2,tcn,distraction,R0,G2__qualification_r0_w60_b1024__tcn__r0__w60__fold_3__seed_42,42,validation,60
temporal_r0,distraction,qualification_r0_w60_b1024,92,3,G2,tcn,alert,R0,G2__qualification_r0_w60_b1024__tcn__r0__w60__fold_3__seed_42,42,validation,60
temporal_r0,distraction,qualification_r0_w60_b1024,0,3,G2,tcn,fatigue,R0,G2__qualification_r0_w60_b1024__tcn__r0__w60__fold_3__seed_42,42,validation,60
temporal_r0,distraction,qualification_r0_w60_b1024,60,3,G2,tcn,distraction,R0,G2__qualification_r0_w60_b1024__tcn__r0__w60__fold_3__seed_42,42,validation,60
temporal_r0,alert,qualification_r0_w60_b1024,1281,3,G2,tcn,alert,R0,G2__qualification_r0_w60_b1024__tcn__r0__w60__fold_3__seed_42,42,test,60
temporal_r0,alert,qualification_r0_w60_b1024,0,3,G2,tcn,fatigue,R0,G2__qualification_r0_w60_b1024__tcn__r0__w60__fold_3__seed_42,42,test,60
temporal_r0,alert,qualification_r0_w60_b1024,86,3,G2,tcn,distraction,R0,G2__qualification_r0_w60_b1024__tcn__r0__w60__fold_3__seed_42,42,test,60
temporal_r0,fatigue,qualification_r0_w60_b1024,19,3,G2,tcn,alert,R0,G2__qualification_r0_w60_b1024__tcn__r0__w60__fold_3__seed_42,42,test,60
temporal_r0,fatigue,qualification_r0_w60_b1024,0,3,G2,tcn,fatigue,R0,G2__qualification_r0_w60_b1024__tcn__r0__w60__fold_3__seed_42,42,test,60
temporal_r0,fatigue,qualification_r0_w60_b1024,2,3,G2,tcn,distraction,R0,G2__qualification_r0_w60_b1024__tcn__r0__w60__fold_3__seed_42,42,test,60
temporal_r0,distraction,qualification_r0_w60_b1024,56,3,G2,tcn,alert,R0,G2__qualification_r0_w60_b1024__tcn__r0__w60__fold_3__seed_42,42,test,60
temporal_r0,distraction,qualification_r0_w60_b1024,0,3,G2,tcn,fatigue,R0,G2__qualification_r0_w60_b1024__tcn__r0__w60__fold_3__seed_42,42,test,60
temporal_r0,distraction,qualification_r0_w60_b1024,56,3,G2,tcn,distraction,R0,G2__qualification_r0_w60_b1024__tcn__r0__w60__fold_3__seed_42,42,test,60
temporal_r0,alert,qualification_r0_w60_b1024,839,3,G2,transformer,alert,R0,G2__qualification_r0_w60_b1024__transformer__r0__w60__fold_3__seed_42,42,validation,60
temporal_r0,alert,qualification_r0_w60_b1024,0,3,G2,transformer,fatigue,R0,G2__qualification_r0_w60_b1024__transformer__r0__w60__fold_3__seed_42,42,validation,60
temporal_r0,alert,qualification_r0_w60_b1024,147,3,G2,transformer,distraction,R0,G2__qualification_r0_w60_b1024__transformer__r0__w60__fold_3__seed_42,42,validation,60
temporal_r0,fatigue,qualification_r0_w60_b1024,13,3,G2,transformer,alert,R0,G2__qualification_r0_w60_b1024__transformer__r0__w60__fold_3__seed_42,42,validation,60
temporal_r0,fatigue,qualification_r0_w60_b1024,0,3,G2,transformer,fatigue,R0,G2__qualification_r0_w60_b1024__transformer__r0__w60__fold_3__seed_42,42,validation,60
temporal_r0,fatigue,qualification_r0_w60_b1024,0,3,G2,transformer,distraction,R0,G2__qualification_r0_w60_b1024__transformer__r0__w60__fold_3__seed_42,42,validation,60
temporal_r0,distraction,qualification_r0_w60_b1024,93,3,G2,transformer,alert,R0,G2__qualification_r0_w60_b1024__transformer__r0__w60__fold_3__seed_42,42,validation,60
temporal_r0,distraction,qualification_r0_w60_b1024,0,3,G2,transformer,fatigue,R0,G2__qualification_r0_w60_b1024__transformer__r0__w60__fold_3__seed_42,42,validation,60
temporal_r0,distraction,qualification_r0_w60_b1024,59,3,G2,transformer,distraction,R0,G2__qualification_r0_w60_b1024__transformer__r0__w60__fold_3__seed_42,42,validation,60
temporal_r0,alert,qualification_r0_w60_b1024,1283,3,G2,transformer,alert,R0,G2__qualification_r0_w60_b1024__transformer__r0__w60__fold_3__seed_42,42,test,60
temporal_r0,alert,qualification_r0_w60_b1024,0,3,G2,transformer,fatigue,R0,G2__qualification_r0_w60_b1024__transformer__r0__w60__fold_3__seed_42,42,test,60
temporal_r0,alert,qualification_r0_w60_b1024,84,3,G2,transformer,distraction,R0,G2__qualification_r0_w60_b1024__transformer__r0__w60__fold_3__seed_42,42,test,60
temporal_r0,fatigue,qualification_r0_w60_b1024,19,3,G2,transformer,alert,R0,G2__qualification_r0_w60_b1024__transformer__r0__w60__fold_3__seed_42,42,test,60
temporal_r0,fatigue,qualification_r0_w60_b1024,0,3,G2,transformer,fatigue,R0,G2__qualification_r0_w60_b1024__transformer__r0__w60__fold_3__seed_42,42,test,60
temporal_r0,fatigue,qualification_r0_w60_b1024,2,3,G2,transformer,distraction,R0,G2__qualification_r0_w60_b1024__transformer__r0__w60__fold_3__seed_42,42,test,60
temporal_r0,distraction,qualification_r0_w60_b1024,57,3,G2,transformer,alert,R0,G2__qualification_r0_w60_b1024__transformer__r0__w60__fold_3__seed_42,42,test,60
temporal_r0,distraction,qualification_r0_w60_b1024,0,3,G2,transformer,fatigue,R0,G2__qualification_r0_w60_b1024__transformer__r0__w60__fold_3__seed_42,42,test,60
temporal_r0,distraction,qualification_r0_w60_b1024,55,3,G2,transformer,distraction,R0,G2__qualification_r0_w60_b1024__transformer__r0__w60__fold_3__seed_42,42,test,60
temporal_r0,alert,qualification_r0_w60_b1024,908,4,G2,lstm,alert,R0,G2__qualification_r0_w60_b1024__lstm__r0__w60__fold_4__seed_42,42,validation,60
temporal_r0,alert,qualification_r0_w60_b1024,0,4,G2,lstm,fatigue,R0,G2__qualification_r0_w60_b1024__lstm__r0__w60__fold_4__seed_42,42,validation,60
temporal_r0,alert,qualification_r0_w60_b1024,104,4,G2,lstm,distraction,R0,G2__qualification_r0_w60_b1024__lstm__r0__w60__fold_4__seed_42,42,validation,60
temporal_r0,fatigue,qualification_r0_w60_b1024,17,4,G2,lstm,alert,R0,G2__qualification_r0_w60_b1024__lstm__r0__w60__fold_4__seed_42,42,validation,60
temporal_r0,fatigue,qualification_r0_w60_b1024,0,4,G2,lstm,fatigue,R0,G2__qualification_r0_w60_b1024__lstm__r0__w60__fold_4__seed_42,42,validation,60
temporal_r0,fatigue,qualification_r0_w60_b1024,0,4,G2,lstm,distraction,R0,G2__qualification_r0_w60_b1024__lstm__r0__w60__fold_4__seed_42,42,validation,60
temporal_r0,distraction,qualification_r0_w60_b1024,51,4,G2,lstm,alert,R0,G2__qualification_r0_w60_b1024__lstm__r0__w60__fold_4__seed_42,42,validation,60
temporal_r0,distraction,qualification_r0_w60_b1024,0,4,G2,lstm,fatigue,R0,G2__qualification_r0_w60_b1024__lstm__r0__w60__fold_4__seed_42,42,validation,60
temporal_r0,distraction,qualification_r0_w60_b1024,45,4,G2,lstm,distraction,R0,G2__qualification_r0_w60_b1024__lstm__r0__w60__fold_4__seed_42,42,validation,60
temporal_r0,alert,qualification_r0_w60_b1024,816,4,G2,lstm,alert,R0,G2__qualification_r0_w60_b1024__lstm__r0__w60__fold_4__seed_42,42,test,60
temporal_r0,alert,qualification_r0_w60_b1024,0,4,G2,lstm,fatigue,R0,G2__qualification_r0_w60_b1024__lstm__r0__w60__fold_4__seed_42,42,test,60
temporal_r0,alert,qualification_r0_w60_b1024,141,4,G2,lstm,distraction,R0,G2__qualification_r0_w60_b1024__lstm__r0__w60__fold_4__seed_42,42,test,60
temporal_r0,fatigue,qualification_r0_w60_b1024,0,4,G2,lstm,alert,R0,G2__qualification_r0_w60_b1024__lstm__r0__w60__fold_4__seed_42,42,test,60
temporal_r0,fatigue,qualification_r0_w60_b1024,0,4,G2,lstm,fatigue,R0,G2__qualification_r0_w60_b1024__lstm__r0__w60__fold_4__seed_42,42,test,60
temporal_r0,fatigue,qualification_r0_w60_b1024,0,4,G2,lstm,distraction,R0,G2__qualification_r0_w60_b1024__lstm__r0__w60__fold_4__seed_42,42,test,60
temporal_r0,distraction,qualification_r0_w60_b1024,98,4,G2,lstm,alert,R0,G2__qualification_r0_w60_b1024__lstm__r0__w60__fold_4__seed_42,42,test,60
temporal_r0,distraction,qualification_r0_w60_b1024,0,4,G2,lstm,fatigue,R0,G2__qualification_r0_w60_b1024__lstm__r0__w60__fold_4__seed_42,42,test,60
temporal_r0,distraction,qualification_r0_w60_b1024,40,4,G2,lstm,distraction,R0,G2__qualification_r0_w60_b1024__lstm__r0__w60__fold_4__seed_42,42,test,60
temporal_r0,alert,qualification_r0_w60_b1024,904,4,G2,tcn,alert,R0,G2__qualification_r0_w60_b1024__tcn__r0__w60__fold_4__seed_42,42,validation,60
temporal_r0,alert,qualification_r0_w60_b1024,0,4,G2,tcn,fatigue,R0,G2__qualification_r0_w60_b1024__tcn__r0__w60__fold_4__seed_42,42,validation,60
temporal_r0,alert,qualification_r0_w60_b1024,108,4,G2,tcn,distraction,R0,G2__qualification_r0_w60_b1024__tcn__r0__w60__fold_4__seed_42,42,validation,60
temporal_r0,fatigue,qualification_r0_w60_b1024,17,4,G2,tcn,alert,R0,G2__qualification_r0_w60_b1024__tcn__r0__w60__fold_4__seed_42,42,validation,60
temporal_r0,fatigue,qualification_r0_w60_b1024,0,4,G2,tcn,fatigue,R0,G2__qualification_r0_w60_b1024__tcn__r0__w60__fold_4__seed_42,42,validation,60
temporal_r0,fatigue,qualification_r0_w60_b1024,0,4,G2,tcn,distraction,R0,G2__qualification_r0_w60_b1024__tcn__r0__w60__fold_4__seed_42,42,validation,60
temporal_r0,distraction,qualification_r0_w60_b1024,48,4,G2,tcn,alert,R0,G2__qualification_r0_w60_b1024__tcn__r0__w60__fold_4__seed_42,42,validation,60
temporal_r0,distraction,qualification_r0_w60_b1024,0,4,G2,tcn,fatigue,R0,G2__qualification_r0_w60_b1024__tcn__r0__w60__fold_4__seed_42,42,validation,60
temporal_r0,distraction,qualification_r0_w60_b1024,48,4,G2,tcn,distraction,R0,G2__qualification_r0_w60_b1024__tcn__r0__w60__fold_4__seed_42,42,validation,60
temporal_r0,alert,qualification_r0_w60_b1024,796,4,G2,tcn,alert,R0,G2__qualification_r0_w60_b1024__tcn__r0__w60__fold_4__seed_42,42,test,60
temporal_r0,alert,qualification_r0_w60_b1024,0,4,G2,tcn,fatigue,R0,G2__qualification_r0_w60_b1024__tcn__r0__w60__fold_4__seed_42,42,test,60
temporal_r0,alert,qualification_r0_w60_b1024,161,4,G2,tcn,distraction,R0,G2__qualification_r0_w60_b1024__tcn__r0__w60__fold_4__seed_42,42,test,60
temporal_r0,fatigue,qualification_r0_w60_b1024,0,4,G2,tcn,alert,R0,G2__qualification_r0_w60_b1024__tcn__r0__w60__fold_4__seed_42,42,test,60
temporal_r0,fatigue,qualification_r0_w60_b1024,0,4,G2,tcn,fatigue,R0,G2__qualification_r0_w60_b1024__tcn__r0__w60__fold_4__seed_42,42,test,60
temporal_r0,fatigue,qualification_r0_w60_b1024,0,4,G2,tcn,distraction,R0,G2__qualification_r0_w60_b1024__tcn__r0__w60__fold_4__seed_42,42,test,60
temporal_r0,distraction,qualification_r0_w60_b1024,96,4,G2,tcn,alert,R0,G2__qualification_r0_w60_b1024__tcn__r0__w60__fold_4__seed_42,42,test,60
temporal_r0,distraction,qualification_r0_w60_b1024,0,4,G2,tcn,fatigue,R0,G2__qualification_r0_w60_b1024__tcn__r0__w60__fold_4__seed_42,42,test,60
temporal_r0,distraction,qualification_r0_w60_b1024,42,4,G2,tcn,distraction,R0,G2__qualification_r0_w60_b1024__tcn__r0__w60__fold_4__seed_42,42,test,60
temporal_r0,alert,qualification_r0_w60_b1024,897,4,G2,transformer,alert,R0,G2__qualification_r0_w60_b1024__transformer__r0__w60__fold_4__seed_42,42,validation,60
temporal_r0,alert,qualification_r0_w60_b1024,0,4,G2,transformer,fatigue,R0,G2__qualification_r0_w60_b1024__transformer__r0__w60__fold_4__seed_42,42,validation,60
temporal_r0,alert,qualification_r0_w60_b1024,115,4,G2,transformer,distraction,R0,G2__qualification_r0_w60_b1024__transformer__r0__w60__fold_4__seed_42,42,validation,60
temporal_r0,fatigue,qualification_r0_w60_b1024,17,4,G2,transformer,alert,R0,G2__qualification_r0_w60_b1024__transformer__r0__w60__fold_4__seed_42,42,validation,60
temporal_r0,fatigue,qualification_r0_w60_b1024,0,4,G2,transformer,fatigue,R0,G2__qualification_r0_w60_b1024__transformer__r0__w60__fold_4__seed_42,42,validation,60
temporal_r0,fatigue,qualification_r0_w60_b1024,0,4,G2,transformer,distraction,R0,G2__qualification_r0_w60_b1024__transformer__r0__w60__fold_4__seed_42,42,validation,60
temporal_r0,distraction,qualification_r0_w60_b1024,49,4,G2,transformer,alert,R0,G2__qualification_r0_w60_b1024__transformer__r0__w60__fold_4__seed_42,42,validation,60
temporal_r0,distraction,qualification_r0_w60_b1024,0,4,G2,transformer,fatigue,R0,G2__qualification_r0_w60_b1024__transformer__r0__w60__fold_4__seed_42,42,validation,60
temporal_r0,distraction,qualification_r0_w60_b1024,47,4,G2,transformer,distraction,R0,G2__qualification_r0_w60_b1024__transformer__r0__w60__fold_4__seed_42,42,validation,60
temporal_r0,alert,qualification_r0_w60_b1024,801,4,G2,transformer,alert,R0,G2__qualification_r0_w60_b1024__transformer__r0__w60__fold_4__seed_42,42,test,60
temporal_r0,alert,qualification_r0_w60_b1024,0,4,G2,transformer,fatigue,R0,G2__qualification_r0_w60_b1024__transformer__r0__w60__fold_4__seed_42,42,test,60
temporal_r0,alert,qualification_r0_w60_b1024,156,4,G2,transformer,distraction,R0,G2__qualification_r0_w60_b1024__transformer__r0__w60__fold_4__seed_42,42,test,60
temporal_r0,fatigue,qualification_r0_w60_b1024,0,4,G2,transformer,alert,R0,G2__qualification_r0_w60_b1024__transformer__r0__w60__fold_4__seed_42,42,test,60
temporal_r0,fatigue,qualification_r0_w60_b1024,0,4,G2,transformer,fatigue,R0,G2__qualification_r0_w60_b1024__transformer__r0__w60__fold_4__seed_42,42,test,60
temporal_r0,fatigue,qualification_r0_w60_b1024,0,4,G2,transformer,distraction,R0,G2__qualification_r0_w60_b1024__transformer__r0__w60__fold_4__seed_42,42,test,60
temporal_r0,distraction,qualification_r0_w60_b1024,94,4,G2,transformer,alert,R0,G2__qualification_r0_w60_b1024__transformer__r0__w60__fold_4__seed_42,42,test,60
temporal_r0,distraction,qualification_r0_w60_b1024,0,4,G2,transformer,fatigue,R0,G2__qualification_r0_w60_b1024__transformer__r0__w60__fold_4__seed_42,42,test,60
temporal_r0,distraction,qualification_r0_w60_b1024,44,4,G2,transformer,distraction,R0,G2__qualification_r0_w60_b1024__transformer__r0__w60__fold_4__seed_42,42,test,60
temporal_r0,alert,qualification_r0_w150_b1024,836,1,G2,lstm,alert,R0,G2__qualification_r0_w150_b1024__lstm__r0__w150__fold_1__seed_42,42,validation,150
temporal_r0,alert,qualification_r0_w150_b1024,0,1,G2,lstm,fatigue,R0,G2__qualification_r0_w150_b1024__lstm__r0__w150__fold_1__seed_42,42,validation,150
temporal_r0,alert,qualification_r0_w150_b1024,163,1,G2,lstm,distraction,R0,G2__qualification_r0_w150_b1024__lstm__r0__w150__fold_1__seed_42,42,validation,150
temporal_r0,fatigue,qualification_r0_w150_b1024,1,1,G2,lstm,alert,R0,G2__qualification_r0_w150_b1024__lstm__r0__w150__fold_1__seed_42,42,validation,150
temporal_r0,fatigue,qualification_r0_w150_b1024,0,1,G2,lstm,fatigue,R0,G2__qualification_r0_w150_b1024__lstm__r0__w150__fold_1__seed_42,42,validation,150
temporal_r0,fatigue,qualification_r0_w150_b1024,0,1,G2,lstm,distraction,R0,G2__qualification_r0_w150_b1024__lstm__r0__w150__fold_1__seed_42,42,validation,150
temporal_r0,distraction,qualification_r0_w150_b1024,93,1,G2,lstm,alert,R0,G2__qualification_r0_w150_b1024__lstm__r0__w150__fold_1__seed_42,42,validation,150
temporal_r0,distraction,qualification_r0_w150_b1024,0,1,G2,lstm,fatigue,R0,G2__qualification_r0_w150_b1024__lstm__r0__w150__fold_1__seed_42,42,validation,150
temporal_r0,distraction,qualification_r0_w150_b1024,62,1,G2,lstm,distraction,R0,G2__qualification_r0_w150_b1024__lstm__r0__w150__fold_1__seed_42,42,validation,150
temporal_r0,alert,qualification_r0_w150_b1024,719,1,G2,lstm,alert,R0,G2__qualification_r0_w150_b1024__lstm__r0__w150__fold_1__seed_42,42,test,150
temporal_r0,alert,qualification_r0_w150_b1024,0,1,G2,lstm,fatigue,R0,G2__qualification_r0_w150_b1024__lstm__r0__w150__fold_1__seed_42,42,test,150
temporal_r0,alert,qualification_r0_w150_b1024,371,1,G2,lstm,distraction,R0,G2__qualification_r0_w150_b1024__lstm__r0__w150__fold_1__seed_42,42,test,150
temporal_r0,fatigue,qualification_r0_w150_b1024,22,1,G2,lstm,alert,R0,G2__qualification_r0_w150_b1024__lstm__r0__w150__fold_1__seed_42,42,test,150
temporal_r0,fatigue,qualification_r0_w150_b1024,0,1,G2,lstm,fatigue,R0,G2__qualification_r0_w150_b1024__lstm__r0__w150__fold_1__seed_42,42,test,150
temporal_r0,fatigue,qualification_r0_w150_b1024,40,1,G2,lstm,distraction,R0,G2__qualification_r0_w150_b1024__lstm__r0__w150__fold_1__seed_42,42,test,150
temporal_r0,distraction,qualification_r0_w150_b1024,30,1,G2,lstm,alert,R0,G2__qualification_r0_w150_b1024__lstm__r0__w150__fold_1__seed_42,42,test,150
temporal_r0,distraction,qualification_r0_w150_b1024,0,1,G2,lstm,fatigue,R0,G2__qualification_r0_w150_b1024__lstm__r0__w150__fold_1__seed_42,42,test,150
temporal_r0,distraction,qualification_r0_w150_b1024,346,1,G2,lstm,distraction,R0,G2__qualification_r0_w150_b1024__lstm__r0__w150__fold_1__seed_42,42,test,150
temporal_r0,alert,qualification_r0_w150_b1024,935,1,G2,tcn,alert,R0,G2__qualification_r0_w150_b1024__tcn__r0__w150__fold_1__seed_42,42,validation,150
temporal_r0,alert,qualification_r0_w150_b1024,0,1,G2,tcn,fatigue,R0,G2__qualification_r0_w150_b1024__tcn__r0__w150__fold_1__seed_42,42,validation,150
temporal_r0,alert,qualification_r0_w150_b1024,64,1,G2,tcn,distraction,R0,G2__qualification_r0_w150_b1024__tcn__r0__w150__fold_1__seed_42,42,validation,150
temporal_r0,fatigue,qualification_r0_w150_b1024,1,1,G2,tcn,alert,R0,G2__qualification_r0_w150_b1024__tcn__r0__w150__fold_1__seed_42,42,validation,150
temporal_r0,fatigue,qualification_r0_w150_b1024,0,1,G2,tcn,fatigue,R0,G2__qualification_r0_w150_b1024__tcn__r0__w150__fold_1__seed_42,42,validation,150
temporal_r0,fatigue,qualification_r0_w150_b1024,0,1,G2,tcn,distraction,R0,G2__qualification_r0_w150_b1024__tcn__r0__w150__fold_1__seed_42,42,validation,150
temporal_r0,distraction,qualification_r0_w150_b1024,107,1,G2,tcn,alert,R0,G2__qualification_r0_w150_b1024__tcn__r0__w150__fold_1__seed_42,42,validation,150
temporal_r0,distraction,qualification_r0_w150_b1024,0,1,G2,tcn,fatigue,R0,G2__qualification_r0_w150_b1024__tcn__r0__w150__fold_1__seed_42,42,validation,150
temporal_r0,distraction,qualification_r0_w150_b1024,48,1,G2,tcn,distraction,R0,G2__qualification_r0_w150_b1024__tcn__r0__w150__fold_1__seed_42,42,validation,150
temporal_r0,alert,qualification_r0_w150_b1024,1000,1,G2,tcn,alert,R0,G2__qualification_r0_w150_b1024__tcn__r0__w150__fold_1__seed_42,42,test,150
temporal_r0,alert,qualification_r0_w150_b1024,0,1,G2,tcn,fatigue,R0,G2__qualification_r0_w150_b1024__tcn__r0__w150__fold_1__seed_42,42,test,150
temporal_r0,alert,qualification_r0_w150_b1024,90,1,G2,tcn,distraction,R0,G2__qualification_r0_w150_b1024__tcn__r0__w150__fold_1__seed_42,42,test,150
temporal_r0,fatigue,qualification_r0_w150_b1024,46,1,G2,tcn,alert,R0,G2__qualification_r0_w150_b1024__tcn__r0__w150__fold_1__seed_42,42,test,150
temporal_r0,fatigue,qualification_r0_w150_b1024,0,1,G2,tcn,fatigue,R0,G2__qualification_r0_w150_b1024__tcn__r0__w150__fold_1__seed_42,42,test,150
temporal_r0,fatigue,qualification_r0_w150_b1024,16,1,G2,tcn,distraction,R0,G2__qualification_r0_w150_b1024__tcn__r0__w150__fold_1__seed_42,42,test,150
temporal_r0,distraction,qualification_r0_w150_b1024,84,1,G2,tcn,alert,R0,G2__qualification_r0_w150_b1024__tcn__r0__w150__fold_1__seed_42,42,test,150
temporal_r0,distraction,qualification_r0_w150_b1024,0,1,G2,tcn,fatigue,R0,G2__qualification_r0_w150_b1024__tcn__r0__w150__fold_1__seed_42,42,test,150
temporal_r0,distraction,qualification_r0_w150_b1024,292,1,G2,tcn,distraction,R0,G2__qualification_r0_w150_b1024__tcn__r0__w150__fold_1__seed_42,42,test,150
temporal_r0,alert,qualification_r0_w150_b1024,953,1,G2,transformer,alert,R0,G2__qualification_r0_w150_b1024__transformer__r0__w150__fold_1__seed_42,42,validation,150
temporal_r0,alert,qualification_r0_w150_b1024,0,1,G2,transformer,fatigue,R0,G2__qualification_r0_w150_b1024__transformer__r0__w150__fold_1__seed_42,42,validation,150
temporal_r0,alert,qualification_r0_w150_b1024,46,1,G2,transformer,distraction,R0,G2__qualification_r0_w150_b1024__transformer__r0__w150__fold_1__seed_42,42,validation,150
temporal_r0,fatigue,qualification_r0_w150_b1024,1,1,G2,transformer,alert,R0,G2__qualification_r0_w150_b1024__transformer__r0__w150__fold_1__seed_42,42,validation,150
temporal_r0,fatigue,qualification_r0_w150_b1024,0,1,G2,transformer,fatigue,R0,G2__qualification_r0_w150_b1024__transformer__r0__w150__fold_1__seed_42,42,validation,150
temporal_r0,fatigue,qualification_r0_w150_b1024,0,1,G2,transformer,distraction,R0,G2__qualification_r0_w150_b1024__transformer__r0__w150__fold_1__seed_42,42,validation,150
temporal_r0,distraction,qualification_r0_w150_b1024,118,1,G2,transformer,alert,R0,G2__qualification_r0_w150_b1024__transformer__r0__w150__fold_1__seed_42,42,validation,150
temporal_r0,distraction,qualification_r0_w150_b1024,0,1,G2,transformer,fatigue,R0,G2__qualification_r0_w150_b1024__transformer__r0__w150__fold_1__seed_42,42,validation,150
temporal_r0,distraction,qualification_r0_w150_b1024,37,1,G2,transformer,distraction,R0,G2__qualification_r0_w150_b1024__transformer__r0__w150__fold_1__seed_42,42,validation,150
temporal_r0,alert,qualification_r0_w150_b1024,1016,1,G2,transformer,alert,R0,G2__qualification_r0_w150_b1024__transformer__r0__w150__fold_1__seed_42,42,test,150
temporal_r0,alert,qualification_r0_w150_b1024,0,1,G2,transformer,fatigue,R0,G2__qualification_r0_w150_b1024__transformer__r0__w150__fold_1__seed_42,42,test,150
temporal_r0,alert,qualification_r0_w150_b1024,74,1,G2,transformer,distraction,R0,G2__qualification_r0_w150_b1024__transformer__r0__w150__fold_1__seed_42,42,test,150
temporal_r0,fatigue,qualification_r0_w150_b1024,44,1,G2,transformer,alert,R0,G2__qualification_r0_w150_b1024__transformer__r0__w150__fold_1__seed_42,42,test,150
temporal_r0,fatigue,qualification_r0_w150_b1024,0,1,G2,transformer,fatigue,R0,G2__qualification_r0_w150_b1024__transformer__r0__w150__fold_1__seed_42,42,test,150
temporal_r0,fatigue,qualification_r0_w150_b1024,18,1,G2,transformer,distraction,R0,G2__qualification_r0_w150_b1024__transformer__r0__w150__fold_1__seed_42,42,test,150
temporal_r0,distraction,qualification_r0_w150_b1024,122,1,G2,transformer,alert,R0,G2__qualification_r0_w150_b1024__transformer__r0__w150__fold_1__seed_42,42,test,150
temporal_r0,distraction,qualification_r0_w150_b1024,0,1,G2,transformer,fatigue,R0,G2__qualification_r0_w150_b1024__transformer__r0__w150__fold_1__seed_42,42,test,150
temporal_r0,distraction,qualification_r0_w150_b1024,254,1,G2,transformer,distraction,R0,G2__qualification_r0_w150_b1024__transformer__r0__w150__fold_1__seed_42,42,test,150
temporal_r0,alert,qualification_r0_w150_b1024,980,2,G2,lstm,alert,R0,G2__qualification_r0_w150_b1024__lstm__r0__w150__fold_2__seed_42,42,validation,150
temporal_r0,alert,qualification_r0_w150_b1024,0,2,G2,lstm,fatigue,R0,G2__qualification_r0_w150_b1024__lstm__r0__w150__fold_2__seed_42,42,validation,150
temporal_r0,alert,qualification_r0_w150_b1024,94,2,G2,lstm,distraction,R0,G2__qualification_r0_w150_b1024__lstm__r0__w150__fold_2__seed_42,42,validation,150
temporal_r0,fatigue,qualification_r0_w150_b1024,12,2,G2,lstm,alert,R0,G2__qualification_r0_w150_b1024__lstm__r0__w150__fold_2__seed_42,42,validation,150
temporal_r0,fatigue,qualification_r0_w150_b1024,0,2,G2,lstm,fatigue,R0,G2__qualification_r0_w150_b1024__lstm__r0__w150__fold_2__seed_42,42,validation,150
temporal_r0,fatigue,qualification_r0_w150_b1024,0,2,G2,lstm,distraction,R0,G2__qualification_r0_w150_b1024__lstm__r0__w150__fold_2__seed_42,42,validation,150
temporal_r0,distraction,qualification_r0_w150_b1024,53,2,G2,lstm,alert,R0,G2__qualification_r0_w150_b1024__lstm__r0__w150__fold_2__seed_42,42,validation,150
temporal_r0,distraction,qualification_r0_w150_b1024,0,2,G2,lstm,fatigue,R0,G2__qualification_r0_w150_b1024__lstm__r0__w150__fold_2__seed_42,42,validation,150
temporal_r0,distraction,qualification_r0_w150_b1024,21,2,G2,lstm,distraction,R0,G2__qualification_r0_w150_b1024__lstm__r0__w150__fold_2__seed_42,42,validation,150
temporal_r0,alert,qualification_r0_w150_b1024,1461,2,G2,lstm,alert,R0,G2__qualification_r0_w150_b1024__lstm__r0__w150__fold_2__seed_42,42,test,150
temporal_r0,alert,qualification_r0_w150_b1024,0,2,G2,lstm,fatigue,R0,G2__qualification_r0_w150_b1024__lstm__r0__w150__fold_2__seed_42,42,test,150
temporal_r0,alert,qualification_r0_w150_b1024,99,2,G2,lstm,distraction,R0,G2__qualification_r0_w150_b1024__lstm__r0__w150__fold_2__seed_42,42,test,150
temporal_r0,fatigue,qualification_r0_w150_b1024,0,2,G2,lstm,alert,R0,G2__qualification_r0_w150_b1024__lstm__r0__w150__fold_2__seed_42,42,test,150
temporal_r0,fatigue,qualification_r0_w150_b1024,0,2,G2,lstm,fatigue,R0,G2__qualification_r0_w150_b1024__lstm__r0__w150__fold_2__seed_42,42,test,150
temporal_r0,fatigue,qualification_r0_w150_b1024,0,2,G2,lstm,distraction,R0,G2__qualification_r0_w150_b1024__lstm__r0__w150__fold_2__seed_42,42,test,150
temporal_r0,distraction,qualification_r0_w150_b1024,124,2,G2,lstm,alert,R0,G2__qualification_r0_w150_b1024__lstm__r0__w150__fold_2__seed_42,42,test,150
temporal_r0,distraction,qualification_r0_w150_b1024,0,2,G2,lstm,fatigue,R0,G2__qualification_r0_w150_b1024__lstm__r0__w150__fold_2__seed_42,42,test,150
temporal_r0,distraction,qualification_r0_w150_b1024,157,2,G2,lstm,distraction,R0,G2__qualification_r0_w150_b1024__lstm__r0__w150__fold_2__seed_42,42,test,150
temporal_r0,alert,qualification_r0_w150_b1024,1033,2,G2,tcn,alert,R0,G2__qualification_r0_w150_b1024__tcn__r0__w150__fold_2__seed_42,42,validation,150
temporal_r0,alert,qualification_r0_w150_b1024,0,2,G2,tcn,fatigue,R0,G2__qualification_r0_w150_b1024__tcn__r0__w150__fold_2__seed_42,42,validation,150
temporal_r0,alert,qualification_r0_w150_b1024,41,2,G2,tcn,distraction,R0,G2__qualification_r0_w150_b1024__tcn__r0__w150__fold_2__seed_42,42,validation,150
temporal_r0,fatigue,qualification_r0_w150_b1024,12,2,G2,tcn,alert,R0,G2__qualification_r0_w150_b1024__tcn__r0__w150__fold_2__seed_42,42,validation,150
temporal_r0,fatigue,qualification_r0_w150_b1024,0,2,G2,tcn,fatigue,R0,G2__qualification_r0_w150_b1024__tcn__r0__w150__fold_2__seed_42,42,validation,150
temporal_r0,fatigue,qualification_r0_w150_b1024,0,2,G2,tcn,distraction,R0,G2__qualification_r0_w150_b1024__tcn__r0__w150__fold_2__seed_42,42,validation,150
temporal_r0,distraction,qualification_r0_w150_b1024,63,2,G2,tcn,alert,R0,G2__qualification_r0_w150_b1024__tcn__r0__w150__fold_2__seed_42,42,validation,150
temporal_r0,distraction,qualification_r0_w150_b1024,0,2,G2,tcn,fatigue,R0,G2__qualification_r0_w150_b1024__tcn__r0__w150__fold_2__seed_42,42,validation,150
temporal_r0,distraction,qualification_r0_w150_b1024,11,2,G2,tcn,distraction,R0,G2__qualification_r0_w150_b1024__tcn__r0__w150__fold_2__seed_42,42,validation,150
temporal_r0,alert,qualification_r0_w150_b1024,1506,2,G2,tcn,alert,R0,G2__qualification_r0_w150_b1024__tcn__r0__w150__fold_2__seed_42,42,test,150
temporal_r0,alert,qualification_r0_w150_b1024,0,2,G2,tcn,fatigue,R0,G2__qualification_r0_w150_b1024__tcn__r0__w150__fold_2__seed_42,42,test,150
temporal_r0,alert,qualification_r0_w150_b1024,54,2,G2,tcn,distraction,R0,G2__qualification_r0_w150_b1024__tcn__r0__w150__fold_2__seed_42,42,test,150
temporal_r0,fatigue,qualification_r0_w150_b1024,0,2,G2,tcn,alert,R0,G2__qualification_r0_w150_b1024__tcn__r0__w150__fold_2__seed_42,42,test,150
temporal_r0,fatigue,qualification_r0_w150_b1024,0,2,G2,tcn,fatigue,R0,G2__qualification_r0_w150_b1024__tcn__r0__w150__fold_2__seed_42,42,test,150
temporal_r0,fatigue,qualification_r0_w150_b1024,0,2,G2,tcn,distraction,R0,G2__qualification_r0_w150_b1024__tcn__r0__w150__fold_2__seed_42,42,test,150
temporal_r0,distraction,qualification_r0_w150_b1024,126,2,G2,tcn,alert,R0,G2__qualification_r0_w150_b1024__tcn__r0__w150__fold_2__seed_42,42,test,150
temporal_r0,distraction,qualification_r0_w150_b1024,0,2,G2,tcn,fatigue,R0,G2__qualification_r0_w150_b1024__tcn__r0__w150__fold_2__seed_42,42,test,150
temporal_r0,distraction,qualification_r0_w150_b1024,155,2,G2,tcn,distraction,R0,G2__qualification_r0_w150_b1024__tcn__r0__w150__fold_2__seed_42,42,test,150
temporal_r0,alert,qualification_r0_w150_b1024,955,2,G2,transformer,alert,R0,G2__qualification_r0_w150_b1024__transformer__r0__w150__fold_2__seed_42,42,validation,150
temporal_r0,alert,qualification_r0_w150_b1024,0,2,G2,transformer,fatigue,R0,G2__qualification_r0_w150_b1024__transformer__r0__w150__fold_2__seed_42,42,validation,150
temporal_r0,alert,qualification_r0_w150_b1024,119,2,G2,transformer,distraction,R0,G2__qualification_r0_w150_b1024__transformer__r0__w150__fold_2__seed_42,42,validation,150
temporal_r0,fatigue,qualification_r0_w150_b1024,12,2,G2,transformer,alert,R0,G2__qualification_r0_w150_b1024__transformer__r0__w150__fold_2__seed_42,42,validation,150
temporal_r0,fatigue,qualification_r0_w150_b1024,0,2,G2,transformer,fatigue,R0,G2__qualification_r0_w150_b1024__transformer__r0__w150__fold_2__seed_42,42,validation,150
temporal_r0,fatigue,qualification_r0_w150_b1024,0,2,G2,transformer,distraction,R0,G2__qualification_r0_w150_b1024__transformer__r0__w150__fold_2__seed_42,42,validation,150
temporal_r0,distraction,qualification_r0_w150_b1024,39,2,G2,transformer,alert,R0,G2__qualification_r0_w150_b1024__transformer__r0__w150__fold_2__seed_42,42,validation,150
temporal_r0,distraction,qualification_r0_w150_b1024,0,2,G2,transformer,fatigue,R0,G2__qualification_r0_w150_b1024__transformer__r0__w150__fold_2__seed_42,42,validation,150
temporal_r0,distraction,qualification_r0_w150_b1024,35,2,G2,transformer,distraction,R0,G2__qualification_r0_w150_b1024__transformer__r0__w150__fold_2__seed_42,42,validation,150
temporal_r0,alert,qualification_r0_w150_b1024,1461,2,G2,transformer,alert,R0,G2__qualification_r0_w150_b1024__transformer__r0__w150__fold_2__seed_42,42,test,150
temporal_r0,alert,qualification_r0_w150_b1024,0,2,G2,transformer,fatigue,R0,G2__qualification_r0_w150_b1024__transformer__r0__w150__fold_2__seed_42,42,test,150
temporal_r0,alert,qualification_r0_w150_b1024,99,2,G2,transformer,distraction,R0,G2__qualification_r0_w150_b1024__transformer__r0__w150__fold_2__seed_42,42,test,150
temporal_r0,fatigue,qualification_r0_w150_b1024,0,2,G2,transformer,alert,R0,G2__qualification_r0_w150_b1024__transformer__r0__w150__fold_2__seed_42,42,test,150
temporal_r0,fatigue,qualification_r0_w150_b1024,0,2,G2,transformer,fatigue,R0,G2__qualification_r0_w150_b1024__transformer__r0__w150__fold_2__seed_42,42,test,150
temporal_r0,fatigue,qualification_r0_w150_b1024,0,2,G2,transformer,distraction,R0,G2__qualification_r0_w150_b1024__transformer__r0__w150__fold_2__seed_42,42,test,150
temporal_r0,distraction,qualification_r0_w150_b1024,99,2,G2,transformer,alert,R0,G2__qualification_r0_w150_b1024__transformer__r0__w150__fold_2__seed_42,42,test,150
temporal_r0,distraction,qualification_r0_w150_b1024,0,2,G2,transformer,fatigue,R0,G2__qualification_r0_w150_b1024__transformer__r0__w150__fold_2__seed_42,42,test,150
temporal_r0,distraction,qualification_r0_w150_b1024,182,2,G2,transformer,distraction,R0,G2__qualification_r0_w150_b1024__transformer__r0__w150__fold_2__seed_42,42,test,150
temporal_r0,alert,qualification_r0_w150_b1024,850,3,G2,lstm,alert,R0,G2__qualification_r0_w150_b1024__lstm__r0__w150__fold_3__seed_42,42,validation,150
temporal_r0,alert,qualification_r0_w150_b1024,0,3,G2,lstm,fatigue,R0,G2__qualification_r0_w150_b1024__lstm__r0__w150__fold_3__seed_42,42,validation,150
temporal_r0,alert,qualification_r0_w150_b1024,119,3,G2,lstm,distraction,R0,G2__qualification_r0_w150_b1024__lstm__r0__w150__fold_3__seed_42,42,validation,150
temporal_r0,fatigue,qualification_r0_w150_b1024,11,3,G2,lstm,alert,R0,G2__qualification_r0_w150_b1024__lstm__r0__w150__fold_3__seed_42,42,validation,150
temporal_r0,fatigue,qualification_r0_w150_b1024,0,3,G2,lstm,fatigue,R0,G2__qualification_r0_w150_b1024__lstm__r0__w150__fold_3__seed_42,42,validation,150
temporal_r0,fatigue,qualification_r0_w150_b1024,0,3,G2,lstm,distraction,R0,G2__qualification_r0_w150_b1024__lstm__r0__w150__fold_3__seed_42,42,validation,150
temporal_r0,distraction,qualification_r0_w150_b1024,100,3,G2,lstm,alert,R0,G2__qualification_r0_w150_b1024__lstm__r0__w150__fold_3__seed_42,42,validation,150
temporal_r0,distraction,qualification_r0_w150_b1024,0,3,G2,lstm,fatigue,R0,G2__qualification_r0_w150_b1024__lstm__r0__w150__fold_3__seed_42,42,validation,150
temporal_r0,distraction,qualification_r0_w150_b1024,45,3,G2,lstm,distraction,R0,G2__qualification_r0_w150_b1024__lstm__r0__w150__fold_3__seed_42,42,validation,150
temporal_r0,alert,qualification_r0_w150_b1024,1294,3,G2,lstm,alert,R0,G2__qualification_r0_w150_b1024__lstm__r0__w150__fold_3__seed_42,42,test,150
temporal_r0,alert,qualification_r0_w150_b1024,0,3,G2,lstm,fatigue,R0,G2__qualification_r0_w150_b1024__lstm__r0__w150__fold_3__seed_42,42,test,150
temporal_r0,alert,qualification_r0_w150_b1024,71,3,G2,lstm,distraction,R0,G2__qualification_r0_w150_b1024__lstm__r0__w150__fold_3__seed_42,42,test,150
temporal_r0,fatigue,qualification_r0_w150_b1024,21,3,G2,lstm,alert,R0,G2__qualification_r0_w150_b1024__lstm__r0__w150__fold_3__seed_42,42,test,150
temporal_r0,fatigue,qualification_r0_w150_b1024,0,3,G2,lstm,fatigue,R0,G2__qualification_r0_w150_b1024__lstm__r0__w150__fold_3__seed_42,42,test,150
temporal_r0,fatigue,qualification_r0_w150_b1024,1,3,G2,lstm,distraction,R0,G2__qualification_r0_w150_b1024__lstm__r0__w150__fold_3__seed_42,42,test,150
temporal_r0,distraction,qualification_r0_w150_b1024,63,3,G2,lstm,alert,R0,G2__qualification_r0_w150_b1024__lstm__r0__w150__fold_3__seed_42,42,test,150
temporal_r0,distraction,qualification_r0_w150_b1024,0,3,G2,lstm,fatigue,R0,G2__qualification_r0_w150_b1024__lstm__r0__w150__fold_3__seed_42,42,test,150
temporal_r0,distraction,qualification_r0_w150_b1024,43,3,G2,lstm,distraction,R0,G2__qualification_r0_w150_b1024__lstm__r0__w150__fold_3__seed_42,42,test,150
temporal_r0,alert,qualification_r0_w150_b1024,846,3,G2,tcn,alert,R0,G2__qualification_r0_w150_b1024__tcn__r0__w150__fold_3__seed_42,42,validation,150
temporal_r0,alert,qualification_r0_w150_b1024,0,3,G2,tcn,fatigue,R0,G2__qualification_r0_w150_b1024__tcn__r0__w150__fold_3__seed_42,42,validation,150
temporal_r0,alert,qualification_r0_w150_b1024,123,3,G2,tcn,distraction,R0,G2__qualification_r0_w150_b1024__tcn__r0__w150__fold_3__seed_42,42,validation,150
temporal_r0,fatigue,qualification_r0_w150_b1024,11,3,G2,tcn,alert,R0,G2__qualification_r0_w150_b1024__tcn__r0__w150__fold_3__seed_42,42,validation,150
temporal_r0,fatigue,qualification_r0_w150_b1024,0,3,G2,tcn,fatigue,R0,G2__qualification_r0_w150_b1024__tcn__r0__w150__fold_3__seed_42,42,validation,150
temporal_r0,fatigue,qualification_r0_w150_b1024,0,3,G2,tcn,distraction,R0,G2__qualification_r0_w150_b1024__tcn__r0__w150__fold_3__seed_42,42,validation,150
temporal_r0,distraction,qualification_r0_w150_b1024,100,3,G2,tcn,alert,R0,G2__qualification_r0_w150_b1024__tcn__r0__w150__fold_3__seed_42,42,validation,150
temporal_r0,distraction,qualification_r0_w150_b1024,0,3,G2,tcn,fatigue,R0,G2__qualification_r0_w150_b1024__tcn__r0__w150__fold_3__seed_42,42,validation,150
temporal_r0,distraction,qualification_r0_w150_b1024,45,3,G2,tcn,distraction,R0,G2__qualification_r0_w150_b1024__tcn__r0__w150__fold_3__seed_42,42,validation,150
temporal_r0,alert,qualification_r0_w150_b1024,1290,3,G2,tcn,alert,R0,G2__qualification_r0_w150_b1024__tcn__r0__w150__fold_3__seed_42,42,test,150
temporal_r0,alert,qualification_r0_w150_b1024,0,3,G2,tcn,fatigue,R0,G2__qualification_r0_w150_b1024__tcn__r0__w150__fold_3__seed_42,42,test,150
temporal_r0,alert,qualification_r0_w150_b1024,75,3,G2,tcn,distraction,R0,G2__qualification_r0_w150_b1024__tcn__r0__w150__fold_3__seed_42,42,test,150
temporal_r0,fatigue,qualification_r0_w150_b1024,22,3,G2,tcn,alert,R0,G2__qualification_r0_w150_b1024__tcn__r0__w150__fold_3__seed_42,42,test,150
temporal_r0,fatigue,qualification_r0_w150_b1024,0,3,G2,tcn,fatigue,R0,G2__qualification_r0_w150_b1024__tcn__r0__w150__fold_3__seed_42,42,test,150
temporal_r0,fatigue,qualification_r0_w150_b1024,0,3,G2,tcn,distraction,R0,G2__qualification_r0_w150_b1024__tcn__r0__w150__fold_3__seed_42,42,test,150
temporal_r0,distraction,qualification_r0_w150_b1024,61,3,G2,tcn,alert,R0,G2__qualification_r0_w150_b1024__tcn__r0__w150__fold_3__seed_42,42,test,150
temporal_r0,distraction,qualification_r0_w150_b1024,0,3,G2,tcn,fatigue,R0,G2__qualification_r0_w150_b1024__tcn__r0__w150__fold_3__seed_42,42,test,150
temporal_r0,distraction,qualification_r0_w150_b1024,45,3,G2,tcn,distraction,R0,G2__qualification_r0_w150_b1024__tcn__r0__w150__fold_3__seed_42,42,test,150
temporal_r0,alert,qualification_r0_w150_b1024,857,3,G2,transformer,alert,R0,G2__qualification_r0_w150_b1024__transformer__r0__w150__fold_3__seed_42,42,validation,150
temporal_r0,alert,qualification_r0_w150_b1024,0,3,G2,transformer,fatigue,R0,G2__qualification_r0_w150_b1024__transformer__r0__w150__fold_3__seed_42,42,validation,150
temporal_r0,alert,qualification_r0_w150_b1024,112,3,G2,transformer,distraction,R0,G2__qualification_r0_w150_b1024__transformer__r0__w150__fold_3__seed_42,42,validation,150
temporal_r0,fatigue,qualification_r0_w150_b1024,11,3,G2,transformer,alert,R0,G2__qualification_r0_w150_b1024__transformer__r0__w150__fold_3__seed_42,42,validation,150
temporal_r0,fatigue,qualification_r0_w150_b1024,0,3,G2,transformer,fatigue,R0,G2__qualification_r0_w150_b1024__transformer__r0__w150__fold_3__seed_42,42,validation,150
temporal_r0,fatigue,qualification_r0_w150_b1024,0,3,G2,transformer,distraction,R0,G2__qualification_r0_w150_b1024__transformer__r0__w150__fold_3__seed_42,42,validation,150
temporal_r0,distraction,qualification_r0_w150_b1024,102,3,G2,transformer,alert,R0,G2__qualification_r0_w150_b1024__transformer__r0__w150__fold_3__seed_42,42,validation,150
temporal_r0,distraction,qualification_r0_w150_b1024,0,3,G2,transformer,fatigue,R0,G2__qualification_r0_w150_b1024__transformer__r0__w150__fold_3__seed_42,42,validation,150
temporal_r0,distraction,qualification_r0_w150_b1024,43,3,G2,transformer,distraction,R0,G2__qualification_r0_w150_b1024__transformer__r0__w150__fold_3__seed_42,42,validation,150
temporal_r0,alert,qualification_r0_w150_b1024,1294,3,G2,transformer,alert,R0,G2__qualification_r0_w150_b1024__transformer__r0__w150__fold_3__seed_42,42,test,150
temporal_r0,alert,qualification_r0_w150_b1024,0,3,G2,transformer,fatigue,R0,G2__qualification_r0_w150_b1024__transformer__r0__w150__fold_3__seed_42,42,test,150
temporal_r0,alert,qualification_r0_w150_b1024,71,3,G2,transformer,distraction,R0,G2__qualification_r0_w150_b1024__transformer__r0__w150__fold_3__seed_42,42,test,150
temporal_r0,fatigue,qualification_r0_w150_b1024,22,3,G2,transformer,alert,R0,G2__qualification_r0_w150_b1024__transformer__r0__w150__fold_3__seed_42,42,test,150
temporal_r0,fatigue,qualification_r0_w150_b1024,0,3,G2,transformer,fatigue,R0,G2__qualification_r0_w150_b1024__transformer__r0__w150__fold_3__seed_42,42,test,150
temporal_r0,fatigue,qualification_r0_w150_b1024,0,3,G2,transformer,distraction,R0,G2__qualification_r0_w150_b1024__transformer__r0__w150__fold_3__seed_42,42,test,150
temporal_r0,distraction,qualification_r0_w150_b1024,64,3,G2,transformer,alert,R0,G2__qualification_r0_w150_b1024__transformer__r0__w150__fold_3__seed_42,42,test,150
temporal_r0,distraction,qualification_r0_w150_b1024,0,3,G2,transformer,fatigue,R0,G2__qualification_r0_w150_b1024__transformer__r0__w150__fold_3__seed_42,42,test,150
temporal_r0,distraction,qualification_r0_w150_b1024,42,3,G2,transformer,distraction,R0,G2__qualification_r0_w150_b1024__transformer__r0__w150__fold_3__seed_42,42,test,150
temporal_r0,alert,qualification_r0_w150_b1024,905,4,G2,lstm,alert,R0,G2__qualification_r0_w150_b1024__lstm__r0__w150__fold_4__seed_42,42,validation,150
temporal_r0,alert,qualification_r0_w150_b1024,0,4,G2,lstm,fatigue,R0,G2__qualification_r0_w150_b1024__lstm__r0__w150__fold_4__seed_42,42,validation,150
temporal_r0,alert,qualification_r0_w150_b1024,97,4,G2,lstm,distraction,R0,G2__qualification_r0_w150_b1024__lstm__r0__w150__fold_4__seed_42,42,validation,150
temporal_r0,fatigue,qualification_r0_w150_b1024,12,4,G2,lstm,alert,R0,G2__qualification_r0_w150_b1024__lstm__r0__w150__fold_4__seed_42,42,validation,150
temporal_r0,fatigue,qualification_r0_w150_b1024,0,4,G2,lstm,fatigue,R0,G2__qualification_r0_w150_b1024__lstm__r0__w150__fold_4__seed_42,42,validation,150
temporal_r0,fatigue,qualification_r0_w150_b1024,0,4,G2,lstm,distraction,R0,G2__qualification_r0_w150_b1024__lstm__r0__w150__fold_4__seed_42,42,validation,150
temporal_r0,distraction,qualification_r0_w150_b1024,57,4,G2,lstm,alert,R0,G2__qualification_r0_w150_b1024__lstm__r0__w150__fold_4__seed_42,42,validation,150
temporal_r0,distraction,qualification_r0_w150_b1024,0,4,G2,lstm,fatigue,R0,G2__qualification_r0_w150_b1024__lstm__r0__w150__fold_4__seed_42,42,validation,150
temporal_r0,distraction,qualification_r0_w150_b1024,34,4,G2,lstm,distraction,R0,G2__qualification_r0_w150_b1024__lstm__r0__w150__fold_4__seed_42,42,validation,150
temporal_r0,alert,qualification_r0_w150_b1024,837,4,G2,lstm,alert,R0,G2__qualification_r0_w150_b1024__lstm__r0__w150__fold_4__seed_42,42,test,150
temporal_r0,alert,qualification_r0_w150_b1024,0,4,G2,lstm,fatigue,R0,G2__qualification_r0_w150_b1024__lstm__r0__w150__fold_4__seed_42,42,test,150
temporal_r0,alert,qualification_r0_w150_b1024,109,4,G2,lstm,distraction,R0,G2__qualification_r0_w150_b1024__lstm__r0__w150__fold_4__seed_42,42,test,150
temporal_r0,fatigue,qualification_r0_w150_b1024,0,4,G2,lstm,alert,R0,G2__qualification_r0_w150_b1024__lstm__r0__w150__fold_4__seed_42,42,test,150
temporal_r0,fatigue,qualification_r0_w150_b1024,0,4,G2,lstm,fatigue,R0,G2__qualification_r0_w150_b1024__lstm__r0__w150__fold_4__seed_42,42,test,150
temporal_r0,fatigue,qualification_r0_w150_b1024,0,4,G2,lstm,distraction,R0,G2__qualification_r0_w150_b1024__lstm__r0__w150__fold_4__seed_42,42,test,150
temporal_r0,distraction,qualification_r0_w150_b1024,105,4,G2,lstm,alert,R0,G2__qualification_r0_w150_b1024__lstm__r0__w150__fold_4__seed_42,42,test,150
temporal_r0,distraction,qualification_r0_w150_b1024,0,4,G2,lstm,fatigue,R0,G2__qualification_r0_w150_b1024__lstm__r0__w150__fold_4__seed_42,42,test,150
temporal_r0,distraction,qualification_r0_w150_b1024,25,4,G2,lstm,distraction,R0,G2__qualification_r0_w150_b1024__lstm__r0__w150__fold_4__seed_42,42,test,150
temporal_r0,alert,qualification_r0_w150_b1024,904,4,G2,tcn,alert,R0,G2__qualification_r0_w150_b1024__tcn__r0__w150__fold_4__seed_42,42,validation,150
temporal_r0,alert,qualification_r0_w150_b1024,0,4,G2,tcn,fatigue,R0,G2__qualification_r0_w150_b1024__tcn__r0__w150__fold_4__seed_42,42,validation,150
temporal_r0,alert,qualification_r0_w150_b1024,98,4,G2,tcn,distraction,R0,G2__qualification_r0_w150_b1024__tcn__r0__w150__fold_4__seed_42,42,validation,150
temporal_r0,fatigue,qualification_r0_w150_b1024,12,4,G2,tcn,alert,R0,G2__qualification_r0_w150_b1024__tcn__r0__w150__fold_4__seed_42,42,validation,150
temporal_r0,fatigue,qualification_r0_w150_b1024,0,4,G2,tcn,fatigue,R0,G2__qualification_r0_w150_b1024__tcn__r0__w150__fold_4__seed_42,42,validation,150
temporal_r0,fatigue,qualification_r0_w150_b1024,0,4,G2,tcn,distraction,R0,G2__qualification_r0_w150_b1024__tcn__r0__w150__fold_4__seed_42,42,validation,150
temporal_r0,distraction,qualification_r0_w150_b1024,50,4,G2,tcn,alert,R0,G2__qualification_r0_w150_b1024__tcn__r0__w150__fold_4__seed_42,42,validation,150
temporal_r0,distraction,qualification_r0_w150_b1024,0,4,G2,tcn,fatigue,R0,G2__qualification_r0_w150_b1024__tcn__r0__w150__fold_4__seed_42,42,validation,150
temporal_r0,distraction,qualification_r0_w150_b1024,41,4,G2,tcn,distraction,R0,G2__qualification_r0_w150_b1024__tcn__r0__w150__fold_4__seed_42,42,validation,150
temporal_r0,alert,qualification_r0_w150_b1024,800,4,G2,tcn,alert,R0,G2__qualification_r0_w150_b1024__tcn__r0__w150__fold_4__seed_42,42,test,150
temporal_r0,alert,qualification_r0_w150_b1024,0,4,G2,tcn,fatigue,R0,G2__qualification_r0_w150_b1024__tcn__r0__w150__fold_4__seed_42,42,test,150
temporal_r0,alert,qualification_r0_w150_b1024,146,4,G2,tcn,distraction,R0,G2__qualification_r0_w150_b1024__tcn__r0__w150__fold_4__seed_42,42,test,150
temporal_r0,fatigue,qualification_r0_w150_b1024,0,4,G2,tcn,alert,R0,G2__qualification_r0_w150_b1024__tcn__r0__w150__fold_4__seed_42,42,test,150
temporal_r0,fatigue,qualification_r0_w150_b1024,0,4,G2,tcn,fatigue,R0,G2__qualification_r0_w150_b1024__tcn__r0__w150__fold_4__seed_42,42,test,150
temporal_r0,fatigue,qualification_r0_w150_b1024,0,4,G2,tcn,distraction,R0,G2__qualification_r0_w150_b1024__tcn__r0__w150__fold_4__seed_42,42,test,150
temporal_r0,distraction,qualification_r0_w150_b1024,100,4,G2,tcn,alert,R0,G2__qualification_r0_w150_b1024__tcn__r0__w150__fold_4__seed_42,42,test,150
temporal_r0,distraction,qualification_r0_w150_b1024,0,4,G2,tcn,fatigue,R0,G2__qualification_r0_w150_b1024__tcn__r0__w150__fold_4__seed_42,42,test,150
temporal_r0,distraction,qualification_r0_w150_b1024,30,4,G2,tcn,distraction,R0,G2__qualification_r0_w150_b1024__tcn__r0__w150__fold_4__seed_42,42,test,150
temporal_r0,alert,qualification_r0_w150_b1024,905,4,G2,transformer,alert,R0,G2__qualification_r0_w150_b1024__transformer__r0__w150__fold_4__seed_42,42,validation,150
temporal_r0,alert,qualification_r0_w150_b1024,0,4,G2,transformer,fatigue,R0,G2__qualification_r0_w150_b1024__transformer__r0__w150__fold_4__seed_42,42,validation,150
temporal_r0,alert,qualification_r0_w150_b1024,97,4,G2,transformer,distraction,R0,G2__qualification_r0_w150_b1024__transformer__r0__w150__fold_4__seed_42,42,validation,150
temporal_r0,fatigue,qualification_r0_w150_b1024,12,4,G2,transformer,alert,R0,G2__qualification_r0_w150_b1024__transformer__r0__w150__fold_4__seed_42,42,validation,150
temporal_r0,fatigue,qualification_r0_w150_b1024,0,4,G2,transformer,fatigue,R0,G2__qualification_r0_w150_b1024__transformer__r0__w150__fold_4__seed_42,42,validation,150
temporal_r0,fatigue,qualification_r0_w150_b1024,0,4,G2,transformer,distraction,R0,G2__qualification_r0_w150_b1024__transformer__r0__w150__fold_4__seed_42,42,validation,150
temporal_r0,distraction,qualification_r0_w150_b1024,51,4,G2,transformer,alert,R0,G2__qualification_r0_w150_b1024__transformer__r0__w150__fold_4__seed_42,42,validation,150
temporal_r0,distraction,qualification_r0_w150_b1024,0,4,G2,transformer,fatigue,R0,G2__qualification_r0_w150_b1024__transformer__r0__w150__fold_4__seed_42,42,validation,150
temporal_r0,distraction,qualification_r0_w150_b1024,40,4,G2,transformer,distraction,R0,G2__qualification_r0_w150_b1024__transformer__r0__w150__fold_4__seed_42,42,validation,150
temporal_r0,alert,qualification_r0_w150_b1024,812,4,G2,transformer,alert,R0,G2__qualification_r0_w150_b1024__transformer__r0__w150__fold_4__seed_42,42,test,150
temporal_r0,alert,qualification_r0_w150_b1024,0,4,G2,transformer,fatigue,R0,G2__qualification_r0_w150_b1024__transformer__r0__w150__fold_4__seed_42,42,test,150
temporal_r0,alert,qualification_r0_w150_b1024,134,4,G2,transformer,distraction,R0,G2__qualification_r0_w150_b1024__transformer__r0__w150__fold_4__seed_42,42,test,150
temporal_r0,fatigue,qualification_r0_w150_b1024,0,4,G2,transformer,alert,R0,G2__qualification_r0_w150_b1024__transformer__r0__w150__fold_4__seed_42,42,test,150
temporal_r0,fatigue,qualification_r0_w150_b1024,0,4,G2,transformer,fatigue,R0,G2__qualification_r0_w150_b1024__transformer__r0__w150__fold_4__seed_42,42,test,150
temporal_r0,fatigue,qualification_r0_w150_b1024,0,4,G2,transformer,distraction,R0,G2__qualification_r0_w150_b1024__transformer__r0__w150__fold_4__seed_42,42,test,150
temporal_r0,distraction,qualification_r0_w150_b1024,103,4,G2,transformer,alert,R0,G2__qualification_r0_w150_b1024__transformer__r0__w150__fold_4__seed_42,42,test,150
temporal_r0,distraction,qualification_r0_w150_b1024,0,4,G2,transformer,fatigue,R0,G2__qualification_r0_w150_b1024__transformer__r0__w150__fold_4__seed_42,42,test,150
temporal_r0,distraction,qualification_r0_w150_b1024,27,4,G2,transformer,distraction,R0,G2__qualification_r0_w150_b1024__transformer__r0__w150__fold_4__seed_42,42,test,150
