configuration_id,epoch,fold,generation,learning_rate,model,representation,run_id,seed,training_accuracy,training_loss,training_macro_f1,validation_accuracy,validation_loss,validation_macro_f1,window_size_frames
qualification_r0_w30_b1024,1,1,G2,0.001,lstm,R0,G2__qualification_r0_w30_b1024__lstm__r0__w30__fold_1__seed_42,42,0.2759680393362016,1.0757851800672393,0.1828255368831285,0.7822445561139029,1.0298509991149007,0.41039961954671655,30
qualification_r0_w30_b1024,2,1,G2,0.001,lstm,R0,G2__qualification_r0_w30_b1024__lstm__r0__w30__fold_1__seed_42,42,0.8349723417332514,1.0035402642193203,0.4548932623586755,0.7989949748743719,0.9516875529209373,0.41173857561271054,30
qualification_r0_w30_b1024,3,1,G2,0.001,lstm,R0,G2__qualification_r0_w30_b1024__lstm__r0__w30__fold_1__seed_42,42,0.8583282114320836,0.9101473981424131,0.438625881995963,0.8517587939698492,0.8362691529232453,0.3066485753052917,30
qualification_r0_w30_b1024,4,1,G2,0.001,lstm,R0,G2__qualification_r0_w30_b1024__lstm__r0__w30__fold_1__seed_42,42,0.863859864781807,0.7641463501730358,0.3848850240362534,0.8542713567839196,0.6536413328332118,0.3071364046973803,30
qualification_r0_w30_b1024,5,1,G2,0.001,lstm,R0,G2__qualification_r0_w30_b1024__lstm__r0__w30__fold_1__seed_42,42,0.8675476336816226,0.5456578235686301,0.31910177178283333,0.855108877721943,0.48842652953250126,0.3072987208427389,30
qualification_r0_w30_b1024,6,1,G2,0.001,lstm,R0,G2__qualification_r0_w30_b1024__lstm__r0__w30__fold_1__seed_42,42,0.8736939151813153,0.3899466779859211,0.3108632660871467,0.8559463986599665,0.47577589301008677,0.3074608904933815,30
qualification_r0_w30_b1024,7,1,G2,0.0005,lstm,R0,G2__qualification_r0_w30_b1024__lstm__r0__w30__fold_1__seed_42,42,0.8743085433312846,0.36841829927991926,0.3109799420670055,0.8559463986599665,0.4836518568559308,0.3074608904933815,30
qualification_r0_w30_b1024,8,1,G2,0.0005,lstm,R0,G2__qualification_r0_w30_b1024__lstm__r0__w30__fold_1__seed_42,42,0.8743085433312846,0.3694939454714066,0.3109799420670055,0.8559463986599665,0.4840996252432141,0.3074608904933815,30
qualification_r0_w30_b1024,9,1,G2,0.0005,lstm,R0,G2__qualification_r0_w30_b1024__lstm__r0__w30__fold_1__seed_42,42,0.8746158574062692,0.36767542298102424,0.3127403408151194,0.8559463986599665,0.48054481488675926,0.3074608904933815,30
qualification_r0_w30_b1024,10,1,G2,0.0005,lstm,R0,G2__qualification_r0_w30_b1024__lstm__r0__w30__fold_1__seed_42,42,0.8752304855562385,0.3602578806671982,0.34371138048384275,0.8559463986599665,0.4652885299431818,0.3074608904933815,30
qualification_r0_w30_b1024,11,1,G2,0.00025,lstm,R0,G2__qualification_r0_w30_b1024__lstm__r0__w30__fold_1__seed_42,42,0.8755377996312231,0.35289899062436275,0.3196155787820429,0.8559463986599665,0.45546759432883716,0.3074608904933815,30
qualification_r0_w30_b1024,12,1,G2,0.00025,lstm,R0,G2__qualification_r0_w30_b1024__lstm__r0__w30__fold_1__seed_42,42,0.8749231714812539,0.3498360436792086,0.31449201254904197,0.8559463986599665,0.44778861477347076,0.3074608904933815,30
qualification_r0_w30_b1024,13,1,G2,0.00025,lstm,R0,G2__qualification_r0_w30_b1024__lstm__r0__w30__fold_1__seed_42,42,0.8746158574062692,0.34861788272711125,0.31103825136612023,0.8559463986599665,0.441812306867173,0.3074608904933815,30
qualification_r0_w30_b1024,14,1,G2,0.00025,lstm,R0,G2__qualification_r0_w30_b1024__lstm__r0__w30__fold_1__seed_42,42,0.8749231714812539,0.34581719980916875,0.31280304566202927,0.8559463986599665,0.4372705566124301,0.3074608904933815,30
qualification_r0_w30_b1024,15,1,G2,0.000125,lstm,R0,G2__qualification_r0_w30_b1024__lstm__r0__w30__fold_1__seed_42,42,0.8743085433312846,0.34379324381089166,0.3109799420670055,0.8559463986599665,0.4355150019902879,0.3074608904933815,30
qualification_r0_w30_b1024,16,1,G2,0.000125,lstm,R0,G2__qualification_r0_w30_b1024__lstm__r0__w30__fold_1__seed_42,42,0.8740012292563,0.340647373579731,0.31092161364381765,0.8559463986599665,0.4340433595168531,0.3074608904933815,30
qualification_r0_w30_b1024,1,1,G2,0.001,tcn,R0,G2__qualification_r0_w30_b1024__tcn__r0__w30__fold_1__seed_42,42,0.12599877074370006,1.1119699124624631,0.07691928340716411,0.550251256281407,0.9315676282798026,0.3041542466242668,30
qualification_r0_w30_b1024,2,1,G2,0.001,tcn,R0,G2__qualification_r0_w30_b1024__tcn__r0__w30__fold_1__seed_42,42,0.8085433312845728,0.8440869499293294,0.3127511831000184,0.8559463986599665,0.6455691526682932,0.3074608904933815,30
qualification_r0_w30_b1024,3,1,G2,0.001,tcn,R0,G2__qualification_r0_w30_b1024__tcn__r0__w30__fold_1__seed_42,42,0.8746158574062692,0.5776536312657188,0.31103825136612023,0.8559463986599665,0.47206072237224034,0.3074608904933815,30
qualification_r0_w30_b1024,4,1,G2,0.001,tcn,R0,G2__qualification_r0_w30_b1024__tcn__r0__w30__fold_1__seed_42,42,0.8746158574062692,0.4132971390852843,0.31103825136612023,0.8559463986599665,0.42931772394096435,0.3074608904933815,30
qualification_r0_w30_b1024,5,1,G2,0.001,tcn,R0,G2__qualification_r0_w30_b1024__tcn__r0__w30__fold_1__seed_42,42,0.8743085433312846,0.3389889264517059,0.3109799420670055,0.8257956448911222,0.43480755276416416,0.41359697611000557,30
qualification_r0_w30_b1024,6,1,G2,0.001,tcn,R0,G2__qualification_r0_w30_b1024__tcn__r0__w30__fold_1__seed_42,42,0.8736939151813153,0.3290496202759312,0.480496650575337,0.821608040201005,0.45227225666469467,0.42021622443488155,30
qualification_r0_w30_b1024,7,1,G2,0.001,tcn,R0,G2__qualification_r0_w30_b1024__tcn__r0__w30__fold_1__seed_42,42,0.8715427166564229,0.33248981637462344,0.4826429452644672,0.8190954773869347,0.4590727906530626,0.42107140225480805,30
qualification_r0_w30_b1024,8,1,G2,0.001,tcn,R0,G2__qualification_r0_w30_b1024__tcn__r0__w30__fold_1__seed_42,42,0.8727719729563614,0.33342594692292354,0.48373182098429623,0.8224455611390284,0.4543097668157351,0.42077081459150073,30
qualification_r0_w30_b1024,9,1,G2,0.001,tcn,R0,G2__qualification_r0_w30_b1024__tcn__r0__w30__fold_1__seed_42,42,0.8727719729563614,0.3278075661224021,0.48260510222205494,0.8249581239530989,0.4416531767927023,0.4198496133059531,30
qualification_r0_w30_b1024,10,1,G2,0.001,tcn,R0,G2__qualification_r0_w30_b1024__tcn__r0__w30__fold_1__seed_42,42,0.8746158574062692,0.32167417966813927,0.4819492864779436,0.8333333333333334,0.43091910478457734,0.4112277539485176,30
qualification_r0_w30_b1024,11,1,G2,0.001,tcn,R0,G2__qualification_r0_w30_b1024__tcn__r0__w30__fold_1__seed_42,42,0.8690842040565457,0.3172164100881142,0.33699605188776444,0.8559463986599665,0.4241341818217656,0.3074608904933815,30
qualification_r0_w30_b1024,12,1,G2,0.0005,tcn,R0,G2__qualification_r0_w30_b1024__tcn__r0__w30__fold_1__seed_42,42,0.8746158574062692,0.31598704643020914,0.31103825136612023,0.8559463986599665,0.4220991276167146,0.3074608904933815,30
qualification_r0_w30_b1024,13,1,G2,0.0005,tcn,R0,G2__qualification_r0_w30_b1024__tcn__r0__w30__fold_1__seed_42,42,0.8746158574062692,0.3147605330796057,0.31103825136612023,0.8559463986599665,0.4218244056905334,0.3074608904933815,30
qualification_r0_w30_b1024,14,1,G2,0.0005,tcn,R0,G2__qualification_r0_w30_b1024__tcn__r0__w30__fold_1__seed_42,42,0.8746158574062692,0.31330229181707014,0.31103825136612023,0.8559463986599665,0.4215234735702949,0.3074608904933815,30
qualification_r0_w30_b1024,15,1,G2,0.0005,tcn,R0,G2__qualification_r0_w30_b1024__tcn__r0__w30__fold_1__seed_42,42,0.8746158574062692,0.3129347063642231,0.31103825136612023,0.8559463986599665,0.41877204721397293,0.3074608904933815,30
qualification_r0_w30_b1024,16,1,G2,0.00025,tcn,R0,G2__qualification_r0_w30_b1024__tcn__r0__w30__fold_1__seed_42,42,0.8746158574062692,0.31358257685252766,0.31103825136612023,0.8559463986599665,0.41917520362128763,0.3074608904933815,30
qualification_r0_w30_b1024,17,1,G2,0.00025,tcn,R0,G2__qualification_r0_w30_b1024__tcn__r0__w30__fold_1__seed_42,42,0.8746158574062692,0.3117447837445365,0.31103825136612023,0.8559463986599665,0.4225055441335218,0.3074608904933815,30
qualification_r0_w30_b1024,18,1,G2,0.00025,tcn,R0,G2__qualification_r0_w30_b1024__tcn__r0__w30__fold_1__seed_42,42,0.8746158574062692,0.31135856553903,0.31103825136612023,0.8559463986599665,0.42499189600473275,0.3074608904933815,30
qualification_r0_w30_b1024,19,1,G2,0.00025,tcn,R0,G2__qualification_r0_w30_b1024__tcn__r0__w30__fold_1__seed_42,42,0.8746158574062692,0.31032493355161367,0.31103825136612023,0.8559463986599665,0.42595367146097435,0.3074608904933815,30
qualification_r0_w30_b1024,20,1,G2,0.000125,tcn,R0,G2__qualification_r0_w30_b1024__tcn__r0__w30__fold_1__seed_42,42,0.8746158574062692,0.3120176841235263,0.31103825136612023,0.8559463986599665,0.4250290845356994,0.3074608904933815,30
qualification_r0_w30_b1024,21,1,G2,0.000125,tcn,R0,G2__qualification_r0_w30_b1024__tcn__r0__w30__fold_1__seed_42,42,0.8746158574062692,0.3095583415280549,0.31103825136612023,0.8559463986599665,0.42389701958277715,0.3074608904933815,30
qualification_r0_w30_b1024,1,1,G2,0.001,transformer,R0,G2__qualification_r0_w30_b1024__transformer__r0__w30__fold_1__seed_42,42,0.06392132759680394,1.6764583385422982,0.04552155935476237,0.7194304857621441,0.9149460249410403,0.2935188886421398,30
qualification_r0_w30_b1024,2,1,G2,0.001,transformer,R0,G2__qualification_r0_w30_b1024__transformer__r0__w30__fold_1__seed_42,42,0.7713583282114321,0.7068325393978041,0.315126167619757,0.7680067001675042,0.5523636646606215,0.3016169083714127,30
qualification_r0_w30_b1024,3,1,G2,0.001,transformer,R0,G2__qualification_r0_w30_b1024__transformer__r0__w30__fold_1__seed_42,42,0.8472649047326367,0.4271685717365239,0.45399771108348624,0.8316582914572864,0.45790296932760394,0.4243896479786495,30
qualification_r0_w30_b1024,4,1,G2,0.001,transformer,R0,G2__qualification_r0_w30_b1024__transformer__r0__w30__fold_1__seed_42,42,0.8666256914566687,0.35151958335523015,0.4180039987260695,0.8559463986599665,0.43388507226903233,0.3074608904933815,30
qualification_r0_w30_b1024,5,1,G2,0.001,transformer,R0,G2__qualification_r0_w30_b1024__transformer__r0__w30__fold_1__seed_42,42,0.8736939151813153,0.33471994789817544,0.3108632660871467,0.8559463986599665,0.4275607781444163,0.3074608904933815,30
qualification_r0_w30_b1024,6,1,G2,0.001,transformer,R0,G2__qualification_r0_w30_b1024__transformer__r0__w30__fold_1__seed_42,42,0.8749231714812539,0.32757569222122007,0.31449201254904197,0.8559463986599665,0.42426278236223824,0.3074608904933815,30
qualification_r0_w30_b1024,7,1,G2,0.001,transformer,R0,G2__qualification_r0_w30_b1024__transformer__r0__w30__fold_1__seed_42,42,0.8746158574062692,0.32375846380973494,0.4466294623545625,0.8324958123953099,0.42520765216406464,0.42088338018570576,30
qualification_r0_w30_b1024,8,1,G2,0.0005,transformer,R0,G2__qualification_r0_w30_b1024__transformer__r0__w30__fold_1__seed_42,42,0.8743085433312846,0.32335479527290567,0.47889493183913007,0.8333333333333334,0.4251988086868171,0.42005647078029124,30
qualification_r0_w30_b1024,9,1,G2,0.0005,transformer,R0,G2__qualification_r0_w30_b1024__transformer__r0__w30__fold_1__seed_42,42,0.8746158574062692,0.321927520583287,0.4760301738063952,0.8324958123953099,0.4262146052453586,0.416628478259692,30
qualification_r0_w30_b1024,10,1,G2,0.0005,transformer,R0,G2__qualification_r0_w30_b1024__transformer__r0__w30__fold_1__seed_42,42,0.8709280885064536,0.3222080882004455,0.46245437056663863,0.8333333333333334,0.42684422785313286,0.41275149970802144,30
qualification_r0_w30_b1024,11,1,G2,0.0005,transformer,R0,G2__qualification_r0_w30_b1024__transformer__r0__w30__fold_1__seed_42,42,0.8758451137062078,0.3206613979130049,0.42089932469931973,0.8559463986599665,0.4261854935431201,0.3074608904933815,30
qualification_r0_w30_b1024,12,1,G2,0.00025,transformer,R0,G2__qualification_r0_w30_b1024__transformer__r0__w30__fold_1__seed_42,42,0.8758451137062078,0.3209388323664006,0.35349126182459517,0.8559463986599665,0.42589521747537995,0.3074608904933815,30
qualification_r0_w30_b1024,13,1,G2,0.00025,transformer,R0,G2__qualification_r0_w30_b1024__transformer__r0__w30__fold_1__seed_42,42,0.8740012292563,0.3211276960944426,0.3445528898388644,0.8559463986599665,0.42541143570213863,0.3074608904933815,30
qualification_r0_w30_b1024,14,1,G2,0.00025,transformer,R0,G2__qualification_r0_w30_b1024__transformer__r0__w30__fold_1__seed_42,42,0.8712354025814383,0.32094212408511275,0.3433364389601192,0.8559463986599665,0.4248183618238823,0.3074608904933815,30
qualification_r0_w30_b1024,15,1,G2,0.00025,transformer,R0,G2__qualification_r0_w30_b1024__transformer__r0__w30__fold_1__seed_42,42,0.8740012292563,0.32106391406894536,0.36968030993785245,0.8559463986599665,0.4239595755809915,0.3074608904933815,30
qualification_r0_w30_b1024,16,1,G2,0.000125,transformer,R0,G2__qualification_r0_w30_b1024__transformer__r0__w30__fold_1__seed_42,42,0.8736939151813153,0.32084863954844767,0.3924847047501203,0.8559463986599665,0.4234439970510489,0.3074608904933815,30
qualification_r0_w30_b1024,17,1,G2,0.000125,transformer,R0,G2__qualification_r0_w30_b1024__transformer__r0__w30__fold_1__seed_42,42,0.8709280885064536,0.3203108209770885,0.39243124769941745,0.8559463986599665,0.42312348682676726,0.3074608904933815,30
qualification_r0_w30_b1024,18,1,G2,0.000125,transformer,R0,G2__qualification_r0_w30_b1024__transformer__r0__w30__fold_1__seed_42,42,0.870620774431469,0.31997489394332707,0.3742956263144997,0.8559463986599665,0.42265207266787586,0.3074608904933815,30
qualification_r0_w30_b1024,1,2,G2,0.001,lstm,R0,G2__qualification_r0_w30_b1024__lstm__r0__w30__fold_2__seed_42,42,0.3162217659137577,1.0753268342896083,0.2125065112958926,0.6962025316455697,1.0491404582679522,0.3284398388025331,30
qualification_r0_w30_b1024,2,2,G2,0.001,lstm,R0,G2__qualification_r0_w30_b1024__lstm__r0__w30__fold_2__seed_42,42,0.7522245037645449,1.0278651219863422,0.46611476036730287,0.7383966244725738,0.9921664852633255,0.3356298283950198,30
qualification_r0_w30_b1024,3,2,G2,0.001,lstm,R0,G2__qualification_r0_w30_b1024__lstm__r0__w30__fold_2__seed_42,42,0.7898699520876112,0.9744362533704456,0.4788246664514413,0.7561181434599156,0.9209829069391081,0.3413680167762305,30
qualification_r0_w30_b1024,4,2,G2,0.001,lstm,R0,G2__qualification_r0_w30_b1024__lstm__r0__w30__fold_2__seed_42,42,0.8004791238877481,0.9044843635519917,0.4713229472377079,0.8177215189873418,0.8224337427927975,0.36897271415855865,30
qualification_r0_w30_b1024,5,2,G2,0.001,lstm,R0,G2__qualification_r0_w30_b1024__lstm__r0__w30__fold_2__seed_42,42,0.7984257357973991,0.8054896094144656,0.44541145201402815,0.8489451476793249,0.6834429431062208,0.3827854310517785,30
qualification_r0_w30_b1024,6,2,G2,0.001,lstm,R0,G2__qualification_r0_w30_b1024__lstm__r0__w30__fold_2__seed_42,42,0.795687885010267,0.6743713348879543,0.4198287185990622,0.9130801687763713,0.5270013339408842,0.31818850169092777,30
qualification_r0_w30_b1024,7,2,G2,0.001,lstm,R0,G2__qualification_r0_w30_b1024__lstm__r0__w30__fold_2__seed_42,42,0.795687885010267,0.5537933586885634,0.39097527312885516,0.9164556962025316,0.42575312845314606,0.3188022897402026,30
qualification_r0_w30_b1024,8,2,G2,0.001,lstm,R0,G2__qualification_r0_w30_b1024__lstm__r0__w30__fold_2__seed_42,42,0.7847364818617385,0.5021458212477471,0.330882346901646,0.9164556962025316,0.3853537771394987,0.3188022897402026,30
qualification_r0_w30_b1024,9,2,G2,0.001,lstm,R0,G2__qualification_r0_w30_b1024__lstm__r0__w30__fold_2__seed_42,42,0.7861054072553045,0.4975826689676419,0.320817213828346,0.9164556962025316,0.3768162462027264,0.3188022897402026,30
qualification_r0_w30_b1024,10,2,G2,0.0005,lstm,R0,G2__qualification_r0_w30_b1024__lstm__r0__w30__fold_2__seed_42,42,0.7960301163586585,0.4908526123059604,0.4081700017968703,0.8582278481012658,0.38440770730690615,0.3863971080465926,30
qualification_r0_w30_b1024,11,2,G2,0.0005,lstm,R0,G2__qualification_r0_w30_b1024__lstm__r0__w30__fold_2__seed_42,42,0.8210130047912388,0.48586671738735543,0.4817839300237348,0.8540084388185654,0.39079332408271256,0.3861011369397776,30
qualification_r0_w30_b1024,12,2,G2,0.0005,lstm,R0,G2__qualification_r0_w30_b1024__lstm__r0__w30__fold_2__seed_42,42,0.823750855578371,0.47989798063370237,0.49271164202826645,0.8481012658227848,0.39299607400149733,0.3846610295208426,30
qualification_r0_w30_b1024,13,2,G2,0.0005,lstm,R0,G2__qualification_r0_w30_b1024__lstm__r0__w30__fold_2__seed_42,42,0.8292265571526352,0.4736424529291358,0.5015433923106225,0.8447257383966245,0.3898400411827152,0.38250084590523525,30
qualification_r0_w30_b1024,14,2,G2,0.0005,lstm,R0,G2__qualification_r0_w30_b1024__lstm__r0__w30__fold_2__seed_42,42,0.8288843258042436,0.46694099158558594,0.5001048144080765,0.8430379746835444,0.3861612954220188,0.38144040635449566,30
qualification_r0_w30_b1024,15,2,G2,0.00025,lstm,R0,G2__qualification_r0_w30_b1024__lstm__r0__w30__fold_2__seed_42,42,0.8316221765913757,0.4605018601566043,0.50397858875282,0.8421940928270042,0.38530242332426307,0.38091493270477894,30
qualification_r0_w30_b1024,16,2,G2,0.00025,lstm,R0,G2__qualification_r0_w30_b1024__lstm__r0__w30__fold_2__seed_42,42,0.8309377138945927,0.4591445568120292,0.5030311439607248,0.8413502109704641,0.3853766967475666,0.38039256186492704,30
qualification_r0_w30_b1024,17,2,G2,0.00025,lstm,R0,G2__qualification_r0_w30_b1024__lstm__r0__w30__fold_2__seed_42,42,0.8302532511978097,0.4563487687190863,0.501555742590904,0.8413502109704641,0.38612910398451084,0.38039256186492704,30
qualification_r0_w30_b1024,18,2,G2,0.00025,lstm,R0,G2__qualification_r0_w30_b1024__lstm__r0__w30__fold_2__seed_42,42,0.8319644079397673,0.4593377122725631,0.5042207728764236,0.8413502109704641,0.38762727264110547,0.38270024185517143,30
qualification_r0_w30_b1024,19,2,G2,0.000125,lstm,R0,G2__qualification_r0_w30_b1024__lstm__r0__w30__fold_2__seed_42,42,0.8350444900752909,0.4565946172558225,0.5085667300834938,0.8405063291139241,0.38823628405478433,0.38217334843754314,30
qualification_r0_w30_b1024,20,2,G2,0.000125,lstm,R0,G2__qualification_r0_w30_b1024__lstm__r0__w30__fold_2__seed_42,42,0.8329911019849419,0.45596818163899183,0.5063271472588992,0.8405063291139241,0.38917782475173723,0.38217334843754314,30
qualification_r0_w30_b1024,21,2,G2,0.000125,lstm,R0,G2__qualification_r0_w30_b1024__lstm__r0__w30__fold_2__seed_42,42,0.8343600273785079,0.45517863140458686,0.5076488883440051,0.8405063291139241,0.3894863985510315,0.38217334843754314,30
qualification_r0_w30_b1024,22,2,G2,0.000125,lstm,R0,G2__qualification_r0_w30_b1024__lstm__r0__w30__fold_2__seed_42,42,0.8360711841204654,0.4542853431412816,0.5093401396310231,0.8405063291139241,0.38924225699549486,0.38217334843754314,30
qualification_r0_w30_b1024,23,2,G2,6.25e-05,lstm,R0,G2__qualification_r0_w30_b1024__lstm__r0__w30__fold_2__seed_42,42,0.8336755646817249,0.4564453834217758,0.5079631000382848,0.8396624472573839,0.3892993785660981,0.38164950664950664,30
qualification_r0_w30_b1024,24,2,G2,6.25e-05,lstm,R0,G2__qualification_r0_w30_b1024__lstm__r0__w30__fold_2__seed_42,42,0.8343600273785079,0.45530110671045354,0.5086522525404675,0.8388185654008439,0.3894200047611687,0.3811286730575567,30
qualification_r0_w30_b1024,25,2,G2,6.25e-05,lstm,R0,G2__qualification_r0_w30_b1024__lstm__r0__w30__fold_2__seed_42,42,0.8367556468172485,0.45775151373098194,0.5113552714793733,0.8388185654008439,0.3893041182419419,0.3811286730575567,30
qualification_r0_w30_b1024,1,2,G2,0.001,tcn,R0,G2__qualification_r0_w30_b1024__tcn__r0__w30__fold_2__seed_42,42,0.19404517453798767,1.099185927774219,0.11025432900432901,0.20337552742616033,1.0047999823646707,0.1337413404734583,30
qualification_r0_w30_b1024,2,2,G2,0.001,tcn,R0,G2__qualification_r0_w30_b1024__tcn__r0__w30__fold_2__seed_42,42,0.5455167693360712,0.9201932526222245,0.33671321768218404,0.9164556962025316,0.7553820095987762,0.3188022897402026,30
qualification_r0_w30_b1024,3,2,G2,0.001,tcn,R0,G2__qualification_r0_w30_b1024__tcn__r0__w30__fold_2__seed_42,42,0.7833675564681725,0.7478566713564858,0.29284206486279024,0.9164556962025316,0.494933721083629,0.3188022897402026,30
qualification_r0_w30_b1024,4,2,G2,0.001,tcn,R0,G2__qualification_r0_w30_b1024__tcn__r0__w30__fold_2__seed_42,42,0.7833675564681725,0.6331447043050078,0.29284206486279024,0.9164556962025316,0.37320003036708266,0.3188022897402026,30
qualification_r0_w30_b1024,5,2,G2,0.001,tcn,R0,G2__qualification_r0_w30_b1024__tcn__r0__w30__fold_2__seed_42,42,0.7833675564681725,0.5388939778825994,0.29284206486279024,0.8649789029535865,0.3781826887452653,0.3937711995066297,30
qualification_r0_w30_b1024,6,2,G2,0.001,tcn,R0,G2__qualification_r0_w30_b1024__tcn__r0__w30__fold_2__seed_42,42,0.8073237508555784,0.4798468656322876,0.4481016274748915,0.8464135021097047,0.41789963019045095,0.3859282205654147,30
qualification_r0_w30_b1024,7,2,G2,0.001,tcn,R0,G2__qualification_r0_w30_b1024__tcn__r0__w30__fold_2__seed_42,42,0.8295687885010267,0.45875224587364116,0.502111863706776,0.8396624472573839,0.44021012702571694,0.3839005733996326,30
qualification_r0_w30_b1024,8,2,G2,0.001,tcn,R0,G2__qualification_r0_w30_b1024__tcn__r0__w30__fold_2__seed_42,42,0.8309377138945927,0.45826669876743553,0.5075655874185175,0.8354430379746836,0.45004012876422095,0.3812900316856389,30
qualification_r0_w30_b1024,9,2,G2,0.001,tcn,R0,G2__qualification_r0_w30_b1024__tcn__r0__w30__fold_2__seed_42,42,0.8353867214236824,0.45495559853449985,0.5138759859291049,0.8354430379746836,0.44546784207790713,0.3812900316856389,30
qualification_r0_w30_b1024,10,2,G2,0.0005,tcn,R0,G2__qualification_r0_w30_b1024__tcn__r0__w30__fold_2__seed_42,42,0.83709787816564,0.45171941630159806,0.5155163558857491,0.8379746835443038,0.44046695159457405,0.3828475242904521,30
qualification_r0_w30_b1024,11,2,G2,0.0005,tcn,R0,G2__qualification_r0_w30_b1024__tcn__r0__w30__fold_2__seed_42,42,0.8367556468172485,0.4500918096259063,0.5147162946351163,0.8405063291139241,0.43206434176943975,0.3844316401761676,30
qualification_r0_w30_b1024,12,2,G2,0.0005,tcn,R0,G2__qualification_r0_w30_b1024__tcn__r0__w30__fold_2__seed_42,42,0.837782340862423,0.44749553669894254,0.5149367982399905,0.8438818565400844,0.42255706211182636,0.38658721332621937,30
qualification_r0_w30_b1024,13,2,G2,0.0005,tcn,R0,G2__qualification_r0_w30_b1024__tcn__r0__w30__fold_2__seed_42,42,0.83709787816564,0.444257482590535,0.5133053543745628,0.8447257383966245,0.41332472120156266,0.3871341606852907,30
qualification_r0_w30_b1024,14,2,G2,0.00025,tcn,R0,G2__qualification_r0_w30_b1024__tcn__r0__w30__fold_2__seed_42,42,0.838466803559206,0.4419790961659175,0.5137694341593559,0.8464135021097047,0.4092847340720615,0.38823805060918465,30
qualification_r0_w30_b1024,15,2,G2,0.00025,tcn,R0,G2__qualification_r0_w30_b1024__tcn__r0__w30__fold_2__seed_42,42,0.8374401095140315,0.44175132207475565,0.5130296153992865,0.8464135021097047,0.4061517902064424,0.38823805060918465,30
qualification_r0_w30_b1024,16,2,G2,0.00025,tcn,R0,G2__qualification_r0_w30_b1024__tcn__r0__w30__fold_2__seed_42,42,0.8388090349075975,0.44033206855491935,0.5142555041410003,0.8464135021097047,0.403995613483437,0.38823805060918465,30
qualification_r0_w30_b1024,17,2,G2,0.00025,tcn,R0,G2__qualification_r0_w30_b1024__tcn__r0__w30__fold_2__seed_42,42,0.838466803559206,0.43849673108398546,0.5138061531432662,0.8464135021097047,0.40274140563192246,0.38823805060918465,30
qualification_r0_w30_b1024,18,2,G2,0.000125,tcn,R0,G2__qualification_r0_w30_b1024__tcn__r0__w30__fold_2__seed_42,42,0.8381245722108145,0.4382051731485932,0.5136239372875387,0.8455696202531645,0.40223996616617036,0.3876844236174575,30
qualification_r0_w30_b1024,19,2,G2,0.000125,tcn,R0,G2__qualification_r0_w30_b1024__tcn__r0__w30__fold_2__seed_42,42,0.8381245722108145,0.4386793205503076,0.5131293780148741,0.8455696202531645,0.40149556856115154,0.3876844236174575,30
qualification_r0_w30_b1024,20,2,G2,0.000125,tcn,R0,G2__qualification_r0_w30_b1024__tcn__r0__w30__fold_2__seed_42,42,0.839151266255989,0.4375724937718344,0.5145902378673685,0.8455696202531645,0.4009139580565666,0.3876844236174575,30
qualification_r0_w30_b1024,1,2,G2,0.001,transformer,R0,G2__qualification_r0_w30_b1024__transformer__r0__w30__fold_2__seed_42,42,0.08624229979466119,1.6349929731076585,0.08468217037392002,0.6135021097046414,1.0987232598574352,0.27713342183325956,30
qualification_r0_w30_b1024,2,2,G2,0.001,transformer,R0,G2__qualification_r0_w30_b1024__transformer__r0__w30__fold_2__seed_42,42,0.6156741957563313,0.943060718481872,0.33560529157182084,0.7409282700421941,0.6512056651497692,0.28805774278215224,30
qualification_r0_w30_b1024,3,2,G2,0.001,transformer,R0,G2__qualification_r0_w30_b1024__transformer__r0__w30__fold_2__seed_42,42,0.7340862422997947,0.6113611768158554,0.4477254608732848,0.7915611814345992,0.4802651964662447,0.35363704384436145,30
qualification_r0_w30_b1024,4,2,G2,0.001,transformer,R0,G2__qualification_r0_w30_b1024__transformer__r0__w30__fold_2__seed_42,42,0.811772758384668,0.4953291977537078,0.49652830265974335,0.8464135021097047,0.40739704865946547,0.3811748998664886,30
qualification_r0_w30_b1024,5,2,G2,0.001,transformer,R0,G2__qualification_r0_w30_b1024__transformer__r0__w30__fold_2__seed_42,42,0.8216974674880219,0.46451804533468216,0.4892929547279076,0.8514767932489451,0.38496994929474615,0.38442702337225665,30
qualification_r0_w30_b1024,6,2,G2,0.001,transformer,R0,G2__qualification_r0_w30_b1024__transformer__r0__w30__fold_2__seed_42,42,0.8227241615331964,0.4568548633944572,0.49007048841711365,0.849789029535865,0.38866862918757183,0.38332910689272087,30
qualification_r0_w30_b1024,7,2,G2,0.001,transformer,R0,G2__qualification_r0_w30_b1024__transformer__r0__w30__fold_2__seed_42,42,0.8247775496235455,0.45432997335317116,0.493713285075797,0.850632911392405,0.39231212144159566,0.3863171333397956,30
qualification_r0_w30_b1024,8,2,G2,0.001,transformer,R0,G2__qualification_r0_w30_b1024__transformer__r0__w30__fold_2__seed_42,42,0.8268309377138946,0.45350133469054177,0.4979284221338352,0.8481012658227848,0.39820747116447,0.3870307287713786,30
qualification_r0_w30_b1024,9,2,G2,0.001,transformer,R0,G2__qualification_r0_w30_b1024__transformer__r0__w30__fold_2__seed_42,42,0.8275154004106776,0.4519350411221232,0.4990899885952261,0.8472573839662447,0.395770109504587,0.3864777601291208,30
qualification_r0_w30_b1024,10,2,G2,0.001,transformer,R0,G2__qualification_r0_w30_b1024__transformer__r0__w30__fold_2__seed_42,42,0.8278576317590691,0.4493307830902259,0.4998850109953539,0.8447257383966245,0.39602802607077586,0.3848392284818402,30
qualification_r0_w30_b1024,11,2,G2,0.001,transformer,R0,G2__qualification_r0_w30_b1024__transformer__r0__w30__fold_2__seed_42,42,0.8281998631074606,0.44824752660339456,0.49992300234381615,0.8481012658227848,0.3927439749743868,0.3870307287713786,30
qualification_r0_w30_b1024,12,2,G2,0.001,transformer,R0,G2__qualification_r0_w30_b1024__transformer__r0__w30__fold_2__seed_42,42,0.8285420944558521,0.4465224057497185,0.49996057670434074,0.8447257383966245,0.3936041588521708,0.3848392284818402,30
qualification_r0_w30_b1024,13,2,G2,0.0005,transformer,R0,G2__qualification_r0_w30_b1024__transformer__r0__w30__fold_2__seed_42,42,0.8292265571526352,0.4444937236214402,0.5017557194876742,0.8447257383966245,0.3951818279324705,0.3871341606852907,30
qualification_r0_w30_b1024,14,2,G2,0.0005,transformer,R0,G2__qualification_r0_w30_b1024__transformer__r0__w30__fold_2__seed_42,42,0.8302532511978097,0.4427934668800098,0.5028422812558053,0.8430379746835444,0.39831522283171805,0.3860435339308579,30
qualification_r0_w30_b1024,15,2,G2,0.0005,transformer,R0,G2__qualification_r0_w30_b1024__transformer__r0__w30__fold_2__seed_42,42,0.8292265571526352,0.44127917346849904,0.5021779895205283,0.8421940928270042,0.4011575821582778,0.3855030757470455,30
qualification_r0_w30_b1024,16,2,G2,0.0005,transformer,R0,G2__qualification_r0_w30_b1024__transformer__r0__w30__fold_2__seed_42,42,0.8305954825462012,0.4402325035039078,0.5044435352896691,0.8413502109704641,0.40329257513903366,0.3849657928605297,30
qualification_r0_w30_b1024,17,2,G2,0.0005,transformer,R0,G2__qualification_r0_w30_b1024__transformer__r0__w30__fold_2__seed_42,42,0.8312799452429842,0.4396573991746139,0.505566202717512,0.8413502109704641,0.40494637325846194,0.3849657928605297,30
qualification_r0_w30_b1024,18,2,G2,0.00025,transformer,R0,G2__qualification_r0_w30_b1024__transformer__r0__w30__fold_2__seed_42,42,0.8316221765913757,0.4387213465777429,0.5057112563873697,0.8405063291139241,0.40523990488253564,0.3844316401761676,30
qualification_r0_w30_b1024,19,2,G2,0.00025,transformer,R0,G2__qualification_r0_w30_b1024__transformer__r0__w30__fold_2__seed_42,42,0.8323066392881588,0.4385425698912201,0.5068274082121814,0.8405063291139241,0.40450746027226187,0.3844316401761676,30
qualification_r0_w30_b1024,20,2,G2,0.00025,transformer,R0,G2__qualification_r0_w30_b1024__transformer__r0__w30__fold_2__seed_42,42,0.8323066392881588,0.43844356029348613,0.5064246533365683,0.8405063291139241,0.40408289060310976,0.3844316401761676,30
qualification_r0_w30_b1024,21,2,G2,0.00025,transformer,R0,G2__qualification_r0_w30_b1024__transformer__r0__w30__fold_2__seed_42,42,0.8329911019849419,0.4374342142393294,0.5070477974587564,0.8413502109704641,0.40280898230991286,0.3849657928605297,30
qualification_r0_w30_b1024,22,2,G2,0.000125,transformer,R0,G2__qualification_r0_w30_b1024__transformer__r0__w30__fold_2__seed_42,42,0.8302532511978097,0.43742467355923975,0.5045981763008084,0.8413502109704641,0.4020618810683866,0.3849657928605297,30
qualification_r0_w30_b1024,23,2,G2,0.000125,transformer,R0,G2__qualification_r0_w30_b1024__transformer__r0__w30__fold_2__seed_42,42,0.8305954825462012,0.4374250248023535,0.5046485513881392,0.8413502109704641,0.4017293817383328,0.3849657928605297,30
qualification_r0_w30_b1024,1,3,G2,0.001,lstm,R0,G2__qualification_r0_w30_b1024__lstm__r0__w30__fold_3__seed_42,42,0.3624322697170379,1.0698489109340166,0.2436450905734395,0.6528497409326425,1.0374513436269677,0.3416211797984812,30
qualification_r0_w30_b1024,2,3,G2,0.001,lstm,R0,G2__qualification_r0_w30_b1024__lstm__r0__w30__fold_3__seed_42,42,0.8097531607465382,1.0039970852537803,0.5025068087380613,0.6770293609671848,0.966516049620607,0.3469595756826542,30
qualification_r0_w30_b1024,3,3,G2,0.001,lstm,R0,G2__qualification_r0_w30_b1024__lstm__r0__w30__fold_3__seed_42,42,0.8266104756170981,0.9196193800282578,0.5103805825924438,0.6917098445595855,0.8641001099337774,0.3506475736629786,30
qualification_r0_w30_b1024,4,3,G2,0.001,lstm,R0,G2__qualification_r0_w30_b1024__lstm__r0__w30__fold_3__seed_42,42,0.8335340156532209,0.7884215002028357,0.5112417659159132,0.7366148531951641,0.7133268346440607,0.369908915747066,30
qualification_r0_w30_b1024,5,3,G2,0.001,lstm,R0,G2__qualification_r0_w30_b1024__lstm__r0__w30__fold_3__seed_42,42,0.8419626730885009,0.605683604469506,0.5152889042098505,0.7625215889464594,0.5919536250757635,0.38197487173725797,30
qualification_r0_w30_b1024,6,3,G2,0.001,lstm,R0,G2__qualification_r0_w30_b1024__lstm__r0__w30__fold_3__seed_42,42,0.8500903070439494,0.48286930790584826,0.5204425916176979,0.7789291882556131,0.5656534306228882,0.38563697545644865,30
qualification_r0_w30_b1024,7,3,G2,0.001,lstm,R0,G2__qualification_r0_w30_b1024__lstm__r0__w30__fold_3__seed_42,42,0.849789283564118,0.4537939528504601,0.5133311460347131,0.7849740932642487,0.5525100001347909,0.3862149114049773,30
qualification_r0_w30_b1024,8,3,G2,0.001,lstm,R0,G2__qualification_r0_w30_b1024__lstm__r0__w30__fold_3__seed_42,42,0.8570138470800722,0.44212813444843785,0.5258162490508732,0.7763385146804835,0.5586778189800358,0.3881754565625533,30
qualification_r0_w30_b1024,9,3,G2,0.001,lstm,R0,G2__qualification_r0_w30_b1024__lstm__r0__w30__fold_3__seed_42,42,0.8630343166767008,0.42475626950950096,0.5353178111798802,0.7763385146804835,0.5527849470961691,0.3919878657071572,30
qualification_r0_w30_b1024,10,3,G2,0.001,lstm,R0,G2__qualification_r0_w30_b1024__lstm__r0__w30__fold_3__seed_42,42,0.8642384105960265,0.41426834668616513,0.5364087393300668,0.7763385146804835,0.5274224421829757,0.38946130966248854,30
qualification_r0_w30_b1024,11,3,G2,0.001,lstm,R0,G2__qualification_r0_w30_b1024__lstm__r0__w30__fold_3__seed_42,42,0.8645394340758579,0.40482584350730627,0.5366464775280915,0.7763385146804835,0.5264542606210462,0.3919878657071572,30
qualification_r0_w30_b1024,12,3,G2,0.001,lstm,R0,G2__qualification_r0_w30_b1024__lstm__r0__w30__fold_3__seed_42,42,0.8648404575556894,0.4081847239947333,0.5376662611340389,0.7763385146804835,0.5263979682032927,0.3932290694278889,30
qualification_r0_w30_b1024,13,3,G2,0.001,lstm,R0,G2__qualification_r0_w30_b1024__lstm__r0__w30__fold_3__seed_42,42,0.8645394340758579,0.4095389163508464,0.5368186521456265,0.7746113989637305,0.513751462719601,0.3897727994090592,30
qualification_r0_w30_b1024,14,3,G2,0.001,lstm,R0,G2__qualification_r0_w30_b1024__lstm__r0__w30__fold_3__seed_42,42,0.866044551475015,0.4098358713381984,0.5389240749942265,0.7737478411053541,0.5270541231558112,0.39177894869973456,30
qualification_r0_w30_b1024,15,3,G2,0.001,lstm,R0,G2__qualification_r0_w30_b1024__lstm__r0__w30__fold_3__seed_42,42,0.8645394340758579,0.4088477658658484,0.5379298189722347,0.7746113989637305,0.5286278604225791,0.39348345245516203,30
qualification_r0_w30_b1024,16,3,G2,0.001,lstm,R0,G2__qualification_r0_w30_b1024__lstm__r0__w30__fold_3__seed_42,42,0.8645394340758579,0.40378457070975904,0.5376254165048269,0.7728842832469776,0.5212878020727985,0.3900659537561236,30
qualification_r0_w30_b1024,17,3,G2,0.001,lstm,R0,G2__qualification_r0_w30_b1024__lstm__r0__w30__fold_3__seed_42,42,0.866044551475015,0.40926481326756026,0.5392248894778939,0.7728842832469776,0.5320412170959055,0.3949116204171816,30
qualification_r0_w30_b1024,18,3,G2,0.001,lstm,R0,G2__qualification_r0_w30_b1024__lstm__r0__w30__fold_3__seed_42,42,0.866646598434678,0.39986687868133786,0.5402177393531861,0.7746113989637305,0.5250960442531912,0.39348345245516203,30
qualification_r0_w30_b1024,19,3,G2,0.001,lstm,R0,G2__qualification_r0_w30_b1024__lstm__r0__w30__fold_3__seed_42,42,0.866646598434678,0.40431437933394737,0.539237320068911,0.7763385146804835,0.529857997809873,0.39445588151198036,30
qualification_r0_w30_b1024,20,3,G2,0.001,lstm,R0,G2__qualification_r0_w30_b1024__lstm__r0__w30__fold_3__seed_42,42,0.866044551475015,0.4079868389783603,0.5391983758464138,0.772020725388601,0.5465644486570194,0.39323755263809756,30
qualification_r0_w30_b1024,21,3,G2,0.001,lstm,R0,G2__qualification_r0_w30_b1024__lstm__r0__w30__fold_3__seed_42,42,0.8663455749548464,0.4052598595188584,0.5395730820682836,0.7763385146804835,0.5302515897983509,0.3932290694278889,30
qualification_r0_w30_b1024,22,3,G2,0.0005,lstm,R0,G2__qualification_r0_w30_b1024__lstm__r0__w30__fold_3__seed_42,42,0.8684527393136665,0.40555238634042895,0.5410231108560605,0.7772020725388601,0.5278838418153902,0.39247187436735403,30
qualification_r0_w30_b1024,23,3,G2,0.0005,lstm,R0,G2__qualification_r0_w30_b1024__lstm__r0__w30__fold_3__seed_42,42,0.8678506923540036,0.4019646178807644,0.5404224216785568,0.7797927461139896,0.5174289104079953,0.39266769073220686,30
qualification_r0_w30_b1024,24,3,G2,0.0005,lstm,R0,G2__qualification_r0_w30_b1024__lstm__r0__w30__fold_3__seed_42,42,0.8684527393136665,0.40250703925687387,0.5405154325210478,0.7789291882556131,0.520045304828563,0.3921815889029004,30
qualification_r0_w30_b1024,25,3,G2,0.0005,lstm,R0,G2__qualification_r0_w30_b1024__lstm__r0__w30__fold_3__seed_42,42,0.8696568332329921,0.400210358520935,0.5421647108368908,0.7789291882556131,0.5286618043412816,0.39469203998804603,30
qualification_r0_w30_b1024,26,3,G2,0.00025,lstm,R0,G2__qualification_r0_w30_b1024__lstm__r0__w30__fold_3__seed_42,42,0.868151715833835,0.3995059879338576,0.5405985493770875,0.7797927461139896,0.5295841833624815,0.39518261815659006,30
qualification_r0_w30_b1024,27,3,G2,0.00025,lstm,R0,G2__qualification_r0_w30_b1024__lstm__r0__w30__fold_3__seed_42,42,0.8678506923540036,0.3979897183118851,0.5405833736075862,0.7797927461139896,0.530179407852919,0.39518261815659006,30
qualification_r0_w30_b1024,28,3,G2,0.00025,lstm,R0,G2__qualification_r0_w30_b1024__lstm__r0__w30__fold_3__seed_42,42,0.8687537627934979,0.4024179853781528,0.541305190806031,0.7797927461139896,0.5317014911837734,0.39518261815659006,30
qualification_r0_w30_b1024,29,3,G2,0.00025,lstm,R0,G2__qualification_r0_w30_b1024__lstm__r0__w30__fold_3__seed_42,42,0.8684527393136665,0.39854564270579906,0.5410643587578572,0.7806563039723662,0.5308417020581135,0.39567468100046005,30
qualification_r0_w30_b1024,30,3,G2,0.00025,lstm,R0,G2__qualification_r0_w30_b1024__lstm__r0__w30__fold_3__seed_42,42,0.8693558097531607,0.4013574362554728,0.5420586572870217,0.7806563039723662,0.5298540716755987,0.39567468100046005,30
qualification_r0_w30_b1024,31,3,G2,0.00025,lstm,R0,G2__qualification_r0_w30_b1024__lstm__r0__w30__fold_3__seed_42,42,0.8696568332329921,0.4000414585507397,0.5421647108368908,0.7806563039723662,0.5287080550492325,0.3944224541902137,30
qualification_r0_w30_b1024,32,3,G2,0.00025,lstm,R0,G2__qualification_r0_w30_b1024__lstm__r0__w30__fold_3__seed_42,42,0.8684527393136665,0.3981181320513967,0.5408146340240835,0.7797927461139896,0.5312795695657351,0.3939325986673501,30
qualification_r0_w30_b1024,1,3,G2,0.001,tcn,R0,G2__qualification_r0_w30_b1024__tcn__r0__w30__fold_3__seed_42,42,0.20770620108368454,1.0795611825282139,0.11920111237517379,0.4438687392055268,0.9271027309906915,0.27134015078679113,30
qualification_r0_w30_b1024,2,3,G2,0.001,tcn,R0,G2__qualification_r0_w30_b1024__tcn__r0__w30__fold_3__seed_42,42,0.726369656833233,0.8407474820833476,0.4173640394787382,0.8575129533678757,0.6148773882673194,0.3077638307763831,30
qualification_r0_w30_b1024,3,3,G2,0.001,tcn,R0,G2__qualification_r0_w30_b1024__tcn__r0__w30__fold_3__seed_42,42,0.7826610475617098,0.6366555112302483,0.29269390971518633,0.8575129533678757,0.45557557792758285,0.3077638307763831,30
qualification_r0_w30_b1024,4,3,G2,0.001,tcn,R0,G2__qualification_r0_w30_b1024__tcn__r0__w30__fold_3__seed_42,42,0.7922937989163155,0.49548128114487305,0.3485845673734688,0.7797927461139896,0.5112083578202391,0.39009218427403036,30
qualification_r0_w30_b1024,5,3,G2,0.001,tcn,R0,G2__qualification_r0_w30_b1024__tcn__r0__w30__fold_3__seed_42,42,0.8588199879590608,0.4290111335482244,0.5295103909494215,0.7582037996545768,0.5993100899900591,0.3868360350112175,30
qualification_r0_w30_b1024,6,3,G2,0.001,tcn,R0,G2__qualification_r0_w30_b1024__tcn__r0__w30__fold_3__seed_42,42,0.8576158940397351,0.4252161978060477,0.5342210885385739,0.7599309153713298,0.5991651444906604,0.3877674427038004,30
qualification_r0_w30_b1024,7,3,G2,0.001,tcn,R0,G2__qualification_r0_w30_b1024__tcn__r0__w30__fold_3__seed_42,42,0.8594220349187237,0.4128892535297789,0.5353384722437394,0.7633851468048359,0.5639751606551683,0.3896446680087841,30
qualification_r0_w30_b1024,8,3,G2,0.001,tcn,R0,G2__qualification_r0_w30_b1024__tcn__r0__w30__fold_3__seed_42,42,0.8630343166767008,0.4059881567955017,0.5382382567581457,0.772020725388601,0.5367619801370591,0.39323755263809756,30
qualification_r0_w30_b1024,9,3,G2,0.001,tcn,R0,G2__qualification_r0_w30_b1024__tcn__r0__w30__fold_3__seed_42,42,0.8657435279951836,0.4028446359457846,0.5397986904028269,0.7754749568221071,0.5231780749271159,0.390251708746662,30
qualification_r0_w30_b1024,10,3,G2,0.001,tcn,R0,G2__qualification_r0_w30_b1024__tcn__r0__w30__fold_3__seed_42,42,0.8663455749548464,0.400333159286383,0.5394628557312106,0.772020725388601,0.512290571740666,0.38708528975139217,30
qualification_r0_w30_b1024,11,3,G2,0.001,tcn,R0,G2__qualification_r0_w30_b1024__tcn__r0__w30__fold_3__seed_42,42,0.8654425045153522,0.39542924871579627,0.5390220625417167,0.772020725388601,0.5139013626363406,0.3883443951534326,30
qualification_r0_w30_b1024,12,3,G2,0.001,tcn,R0,G2__qualification_r0_w30_b1024__tcn__r0__w30__fold_3__seed_42,42,0.8651414810355208,0.3931665675852544,0.5389475539416431,0.7694300518134715,0.5240589999473156,0.38692819387397853,30
qualification_r0_w30_b1024,13,3,G2,0.0005,tcn,R0,G2__qualification_r0_w30_b1024__tcn__r0__w30__fold_3__seed_42,42,0.8654425045153522,0.390518931901864,0.5395875637680306,0.768566493955095,0.5284136565392499,0.38645877708670584,30
qualification_r0_w30_b1024,14,3,G2,0.0005,tcn,R0,G2__qualification_r0_w30_b1024__tcn__r0__w30__fold_3__seed_42,42,0.8651414810355208,0.38982774504762613,0.5391093236915122,0.7694300518134715,0.5289662407521345,0.38692819387397853,30
qualification_r0_w30_b1024,15,3,G2,0.0005,tcn,R0,G2__qualification_r0_w30_b1024__tcn__r0__w30__fold_3__seed_42,42,0.8663455749548464,0.3880453005137033,0.5403226586573661,0.770293609671848,0.5298134462460747,0.387398927151474,30
qualification_r0_w30_b1024,16,3,G2,0.0005,tcn,R0,G2__qualification_r0_w30_b1024__tcn__r0__w30__fold_3__seed_42,42,0.8648404575556894,0.38857172373043064,0.5388733503221662,0.772020725388601,0.5271880389134913,0.3883443951534326,30
qualification_r0_w30_b1024,17,3,G2,0.00025,tcn,R0,G2__qualification_r0_w30_b1024__tcn__r0__w30__fold_3__seed_42,42,0.8651414810355208,0.38655175199571823,0.5389746033010839,0.772020725388601,0.5263817471183437,0.3883443951534326,30
qualification_r0_w30_b1024,18,3,G2,0.00025,tcn,R0,G2__qualification_r0_w30_b1024__tcn__r0__w30__fold_3__seed_42,42,0.8657435279951836,0.38906722082063994,0.5396081518774042,0.772020725388601,0.5257824648281041,0.3883443951534326,30
qualification_r0_w30_b1024,19,3,G2,0.00025,tcn,R0,G2__qualification_r0_w30_b1024__tcn__r0__w30__fold_3__seed_42,42,0.8648404575556894,0.38847474684778427,0.5387385234928034,0.772020725388601,0.5258344335413967,0.3883443951534326,30
qualification_r0_w30_b1024,20,3,G2,0.00025,tcn,R0,G2__qualification_r0_w30_b1024__tcn__r0__w30__fold_3__seed_42,42,0.8651414810355208,0.388330822084985,0.5389746033010839,0.772020725388601,0.5264440870398273,0.3883443951534326,30
qualification_r0_w30_b1024,21,3,G2,0.000125,tcn,R0,G2__qualification_r0_w30_b1024__tcn__r0__w30__fold_3__seed_42,42,0.866044551475015,0.38689084644420974,0.5395757311379,0.772020725388601,0.5258535275393406,0.3883443951534326,30
qualification_r0_w30_b1024,22,3,G2,0.000125,tcn,R0,G2__qualification_r0_w30_b1024__tcn__r0__w30__fold_3__seed_42,42,0.8654425045153522,0.38734981261557083,0.539102981245753,0.772020725388601,0.5262280660383853,0.3883443951534326,30
qualification_r0_w30_b1024,23,3,G2,0.000125,tcn,R0,G2__qualification_r0_w30_b1024__tcn__r0__w30__fold_3__seed_42,42,0.8651414810355208,0.385715023015078,0.5391093236915122,0.772020725388601,0.5249819719523757,0.3883443951534326,30
qualification_r0_w30_b1024,1,3,G2,0.001,transformer,R0,G2__qualification_r0_w30_b1024__transformer__r0__w30__fold_3__seed_42,42,0.10505719446116797,1.565033637350543,0.09849492971802513,0.6122625215889465,1.017975959444293,0.27627667244473764,30
qualification_r0_w30_b1024,2,3,G2,0.001,transformer,R0,G2__qualification_r0_w30_b1024__transformer__r0__w30__fold_3__seed_42,42,0.6932570740517761,0.7427574312880698,0.35783222044921703,0.7072538860103627,0.6592911113832075,0.35456234060431546,30
qualification_r0_w30_b1024,3,3,G2,0.001,transformer,R0,G2__qualification_r0_w30_b1024__transformer__r0__w30__fold_3__seed_42,42,0.8380493678506924,0.48247596407998833,0.5363528460285235,0.7728842832469776,0.5442223946510819,0.3836832223928998,30
qualification_r0_w30_b1024,4,3,G2,0.001,transformer,R0,G2__qualification_r0_w30_b1024__transformer__r0__w30__fold_3__seed_42,42,0.8543046357615894,0.42245149031093077,0.5231586940015186,0.7789291882556131,0.5241383507667634,0.38697764820213804,30
qualification_r0_w30_b1024,5,3,G2,0.001,transformer,R0,G2__qualification_r0_w30_b1024__transformer__r0__w30__fold_3__seed_42,42,0.8567128236002408,0.4124787819988393,0.5255801504658807,0.7797927461139896,0.527252460725361,0.38878105820482683,30
qualification_r0_w30_b1024,6,3,G2,0.001,transformer,R0,G2__qualification_r0_w30_b1024__transformer__r0__w30__fold_3__seed_42,42,0.8558097531607466,0.4102444312860993,0.5250853453262768,0.7746113989637305,0.5294277744177915,0.38592933947772656,30
qualification_r0_w30_b1024,7,3,G2,0.001,transformer,R0,G2__qualification_r0_w30_b1024__transformer__r0__w30__fold_3__seed_42,42,0.856110776640578,0.4097695263626344,0.5259549845572589,0.7763385146804835,0.5235325057117433,0.3881754565625533,30
qualification_r0_w30_b1024,8,3,G2,0.001,transformer,R0,G2__qualification_r0_w30_b1024__transformer__r0__w30__fold_3__seed_42,42,0.8570138470800722,0.4085387723012404,0.5269738012349757,0.7806563039723662,0.5128646086071439,0.3905750223288083,30
qualification_r0_w30_b1024,9,3,G2,0.001,transformer,R0,G2__qualification_r0_w30_b1024__transformer__r0__w30__fold_3__seed_42,42,0.8576158940397351,0.4063607517457166,0.5276005113040508,0.7789291882556131,0.5132608098429925,0.38961082331956254,30
qualification_r0_w30_b1024,10,3,G2,0.001,transformer,R0,G2__qualification_r0_w30_b1024__transformer__r0__w30__fold_3__seed_42,42,0.8576158940397351,0.40475365472873387,0.5278644551453541,0.7763385146804835,0.5212784475664607,0.3907320283036644,30
qualification_r0_w30_b1024,11,3,G2,0.001,transformer,R0,G2__qualification_r0_w30_b1024__transformer__r0__w30__fold_3__seed_42,42,0.8576158940397351,0.40285363787990386,0.5287221728980575,0.7728842832469776,0.5334259194928336,0.3912983662614342,30
qualification_r0_w30_b1024,12,3,G2,0.001,transformer,R0,G2__qualification_r0_w30_b1024__transformer__r0__w30__fold_3__seed_42,42,0.8585189644792294,0.4013890883672819,0.5301781214360427,0.772020725388601,0.5347589952083037,0.39203528563552315,30
qualification_r0_w30_b1024,13,3,G2,0.001,transformer,R0,G2__qualification_r0_w30_b1024__transformer__r0__w30__fold_3__seed_42,42,0.8594220349187237,0.39913883469752126,0.5308831864609277,0.7737478411053541,0.5225452696309394,0.3905443408951095,30
qualification_r0_w30_b1024,14,3,G2,0.001,transformer,R0,G2__qualification_r0_w30_b1024__transformer__r0__w30__fold_3__seed_42,42,0.8618302227573751,0.3978506386423599,0.5338706776447212,0.7754749568221071,0.516858800061832,0.3915052831684232,30
qualification_r0_w30_b1024,15,3,G2,0.001,transformer,R0,G2__qualification_r0_w30_b1024__transformer__r0__w30__fold_3__seed_42,42,0.8633353401565322,0.3966398933327105,0.5361980121218642,0.772020725388601,0.5230569266850879,0.39203528563552315,30
qualification_r0_w30_b1024,16,3,G2,0.001,transformer,R0,G2__qualification_r0_w30_b1024__transformer__r0__w30__fold_3__seed_42,42,0.8642384105960265,0.3959217206280609,0.537388432075339,0.770293609671848,0.5266455877990509,0.39107666959413306,30
qualification_r0_w30_b1024,17,3,G2,0.0005,transformer,R0,G2__qualification_r0_w30_b1024__transformer__r0__w30__fold_3__seed_42,42,0.8651414810355208,0.39372970816028324,0.5390031114002561,0.770293609671848,0.5294046622792674,0.39107666959413306,30
qualification_r0_w30_b1024,18,3,G2,0.0005,transformer,R0,G2__qualification_r0_w30_b1024__transformer__r0__w30__fold_3__seed_42,42,0.8654425045153522,0.3933940147829659,0.5392406888034103,0.772020725388601,0.528241672947205,0.39203528563552315,30
qualification_r0_w30_b1024,19,3,G2,0.0005,transformer,R0,G2__qualification_r0_w30_b1024__transformer__r0__w30__fold_3__seed_42,42,0.8648404575556894,0.39241176619363216,0.538138112705529,0.7737478411053541,0.5270363874797788,0.3929993467950357,30
qualification_r0_w30_b1024,20,3,G2,0.0005,transformer,R0,G2__qualification_r0_w30_b1024__transformer__r0__w30__fold_3__seed_42,42,0.866646598434678,0.3918564881028216,0.5401931780278818,0.772020725388601,0.533662786729801,0.39203528563552315,30
qualification_r0_w30_b1024,21,3,G2,0.0005,transformer,R0,G2__qualification_r0_w30_b1024__transformer__r0__w30__fold_3__seed_42,42,0.8648404575556894,0.3909714226619369,0.53838421807348,0.772020725388601,0.5352493050236364,0.39323755263809756,30
qualification_r0_w30_b1024,22,3,G2,0.0005,transformer,R0,G2__qualification_r0_w30_b1024__transformer__r0__w30__fold_3__seed_42,42,0.8651414810355208,0.3905431667521085,0.5390031114002561,0.772020725388601,0.5392978641498892,0.39323755263809756,30
qualification_r0_w30_b1024,23,3,G2,0.0005,transformer,R0,G2__qualification_r0_w30_b1024__transformer__r0__w30__fold_3__seed_42,42,0.8651414810355208,0.3893285174997078,0.5390031114002561,0.7737478411053541,0.5269136844212527,0.3929993467950357,30
qualification_r0_w30_b1024,24,3,G2,0.0005,transformer,R0,G2__qualification_r0_w30_b1024__transformer__r0__w30__fold_3__seed_42,42,0.866044551475015,0.387757772497927,0.5391983758464138,0.7754749568221071,0.5187211372022595,0.3915052831684232,30
qualification_r0_w30_b1024,25,3,G2,0.0005,transformer,R0,G2__qualification_r0_w30_b1024__transformer__r0__w30__fold_3__seed_42,42,0.8657435279951836,0.38728949755950554,0.5390704413488766,0.7763385146804835,0.5202967713430962,0.3919878657071572,30
qualification_r0_w30_b1024,26,3,G2,0.00025,transformer,R0,G2__qualification_r0_w30_b1024__transformer__r0__w30__fold_3__seed_42,42,0.866044551475015,0.3862425579248172,0.5390348066521172,0.7754749568221071,0.523039612719638,0.3939689594738649,30
qualification_r0_w30_b1024,27,3,G2,0.00025,transformer,R0,G2__qualification_r0_w30_b1024__transformer__r0__w30__fold_3__seed_42,42,0.866044551475015,0.3860403255013943,0.5393087869199079,0.7737478411053541,0.5286589314797587,0.3929993467950357,30
qualification_r0_w30_b1024,28,3,G2,0.00025,transformer,R0,G2__qualification_r0_w30_b1024__transformer__r0__w30__fold_3__seed_42,42,0.8672486453943408,0.3855769308951158,0.5517366146748789,0.7711571675302246,0.534985029944484,0.39275549563719436,30
qualification_r0_w30_b1024,29,3,G2,0.00025,transformer,R0,G2__qualification_r0_w30_b1024__transformer__r0__w30__fold_3__seed_42,42,0.866044551475015,0.38624553426355573,0.5399861502737003,0.7711571675302246,0.5380196588078517,0.39275549563719436,30
qualification_r0_w30_b1024,30,3,G2,0.00025,transformer,R0,G2__qualification_r0_w30_b1024__transformer__r0__w30__fold_3__seed_42,42,0.866044551475015,0.3855936232638029,0.5394709347479747,0.7711571675302246,0.5374551616699172,0.39275549563719436,30
qualification_r0_w30_b1024,31,3,G2,0.000125,transformer,R0,G2__qualification_r0_w30_b1024__transformer__r0__w30__fold_3__seed_42,42,0.866646598434678,0.3851429157627411,0.5404623859215966,0.772020725388601,0.5359425654374256,0.39323755263809756,30
qualification_r0_w30_b1024,32,3,G2,0.000125,transformer,R0,G2__qualification_r0_w30_b1024__transformer__r0__w30__fold_3__seed_42,42,0.866646598434678,0.3849581741446978,0.5512597147493381,0.7746113989637305,0.5338792550749112,0.39469195064862933,30
qualification_r0_w30_b1024,33,3,G2,0.000125,transformer,R0,G2__qualification_r0_w30_b1024__transformer__r0__w30__fold_3__seed_42,42,0.8663455749548464,0.3839317278679705,0.5402588621184563,0.7754749568221071,0.5333330217935467,0.3951795366978123,30
qualification_r0_w30_b1024,34,3,G2,0.000125,transformer,R0,G2__qualification_r0_w30_b1024__transformer__r0__w30__fold_3__seed_42,42,0.866646598434678,0.3836933291690454,0.5509893842508246,0.7754749568221071,0.5315499583416858,0.3939689594738649,30
qualification_r0_w30_b1024,35,3,G2,0.000125,transformer,R0,G2__qualification_r0_w30_b1024__transformer__r0__w30__fold_3__seed_42,42,0.8675496688741722,0.38351151126468846,0.5517057381697046,0.7772020725388601,0.5290149431772183,0.39494423237846327,30
qualification_r0_w30_b1024,36,3,G2,0.000125,transformer,R0,G2__qualification_r0_w30_b1024__transformer__r0__w30__fold_3__seed_42,42,0.866646598434678,0.3831375743846158,0.5509893842508246,0.7780656303972366,0.5285544912483614,0.3954340260324664,30
qualification_r0_w30_b1024,37,3,G2,0.000125,transformer,R0,G2__qualification_r0_w30_b1024__transformer__r0__w30__fold_3__seed_42,42,0.868151715833835,0.38344395349070226,0.5730818522160184,0.7763385146804835,0.5305179739966088,0.39445588151198036,30
qualification_r0_w30_b1024,38,3,G2,0.000125,transformer,R0,G2__qualification_r0_w30_b1024__transformer__r0__w30__fold_3__seed_42,42,0.8675496688741722,0.38346130619344765,0.5519753937182211,0.7754749568221071,0.5324662750352026,0.3951795366978123,30
qualification_r0_w30_b1024,39,3,G2,0.000125,transformer,R0,G2__qualification_r0_w30_b1024__transformer__r0__w30__fold_3__seed_42,42,0.8675496688741722,0.3836670942438575,0.562653123494143,0.7728842832469776,0.5354406595075686,0.3937209720024111,30
qualification_r0_w30_b1024,40,3,G2,0.000125,transformer,R0,G2__qualification_r0_w30_b1024__transformer__r0__w30__fold_3__seed_42,42,0.866646598434678,0.3830612615997859,0.5511119601008136,0.7711571675302246,0.5377209923119125,0.39275549563719436,30
qualification_r0_w30_b1024,41,3,G2,6.25e-05,transformer,R0,G2__qualification_r0_w30_b1024__transformer__r0__w30__fold_3__seed_42,42,0.866646598434678,0.3821129935789654,0.5510146130942223,0.7711571675302246,0.537920409533644,0.39275549563719436,30
qualification_r0_w30_b1024,42,3,G2,6.25e-05,transformer,R0,G2__qualification_r0_w30_b1024__transformer__r0__w30__fold_3__seed_42,42,0.866044551475015,0.3825662736430504,0.561167701476744,0.772020725388601,0.536728932681479,0.39323755263809756,30
qualification_r0_w30_b1024,43,3,G2,6.25e-05,transformer,R0,G2__qualification_r0_w30_b1024__transformer__r0__w30__fold_3__seed_42,42,0.8669476219145094,0.38171420775214854,0.5718084664193405,0.7728842832469776,0.5358813727252018,0.3937209720024111,30
qualification_r0_w30_b1024,44,3,G2,6.25e-05,transformer,R0,G2__qualification_r0_w30_b1024__transformer__r0__w30__fold_3__seed_42,42,0.8675496688741722,0.3823126801735374,0.5826289597646975,0.7728842832469776,0.5353537184123548,0.3937209720024111,30
qualification_r0_w30_b1024,45,3,G2,3.125e-05,transformer,R0,G2__qualification_r0_w30_b1024__transformer__r0__w30__fold_3__seed_42,42,0.8678506923540036,0.38262752082461265,0.5627097923109372,0.7728842832469776,0.5349481352098248,0.3937209720024111,30
qualification_r0_w30_b1024,46,3,G2,3.125e-05,transformer,R0,G2__qualification_r0_w30_b1024__transformer__r0__w30__fold_3__seed_42,42,0.8672486453943408,0.382070349272585,0.5723647507368924,0.7737478411053541,0.5345656379980127,0.39420576690181,30
qualification_r0_w30_b1024,47,3,G2,3.125e-05,transformer,R0,G2__qualification_r0_w30_b1024__transformer__r0__w30__fold_3__seed_42,42,0.8669476219145094,0.38173445350502283,0.5720779650364797,0.7737478411053541,0.5343736243114159,0.39420576690181,30
qualification_r0_w30_b1024,48,3,G2,3.125e-05,transformer,R0,G2__qualification_r0_w30_b1024__transformer__r0__w30__fold_3__seed_42,42,0.8690547862733293,0.3810622046002417,0.583868137098456,0.7754749568221071,0.5340767232813778,0.3951795366978123,30
qualification_r0_w30_b1024,1,4,G2,0.001,lstm,R0,G2__qualification_r0_w30_b1024__lstm__r0__w30__fold_4__seed_42,42,0.39026998128842555,1.0667403746467006,0.26200191168999454,0.7018469656992085,1.0369728151495874,0.3475392702663549,30
qualification_r0_w30_b1024,2,4,G2,0.001,lstm,R0,G2__qualification_r0_w30_b1024__lstm__r0__w30__fold_4__seed_42,42,0.8422881582464582,0.9980941200377437,0.5235443596933734,0.7299912049252418,0.9606583610688162,0.35541013686831807,30
qualification_r0_w30_b1024,3,4,G2,0.001,lstm,R0,G2__qualification_r0_w30_b1024__lstm__r0__w30__fold_4__seed_42,42,0.8599304998663458,0.9072110319449856,0.5347766519168166,0.7396657871591908,0.8499082676548652,0.3599155602519774,30
qualification_r0_w30_b1024,4,4,G2,0.001,lstm,R0,G2__qualification_r0_w30_b1024__lstm__r0__w30__fold_4__seed_42,42,0.8567228013900027,0.7657700791234034,0.5289377472286833,0.7475813544415127,0.6790828382434191,0.3610724551491724,30
qualification_r0_w30_b1024,5,4,G2,0.001,lstm,R0,G2__qualification_r0_w30_b1024__lstm__r0__w30__fold_4__seed_42,42,0.8588612670408982,0.5655760821716825,0.529609626223678,0.7581354441512753,0.5239150459659445,0.36644305295614243,30
qualification_r0_w30_b1024,6,4,G2,0.001,lstm,R0,G2__qualification_r0_w30_b1024__lstm__r0__w30__fold_4__seed_42,42,0.8623362737236033,0.4357833709509033,0.5313260026992356,0.7774846086191732,0.4845764911950631,0.376487570377918,30
qualification_r0_w30_b1024,7,4,G2,0.001,lstm,R0,G2__qualification_r0_w30_b1024__lstm__r0__w30__fold_4__seed_42,42,0.8735632183908046,0.4089202639317965,0.5394582250570911,0.8337730870712401,0.4666384349764704,0.40900693380337644,30
qualification_r0_w30_b1024,8,4,G2,0.001,lstm,R0,G2__qualification_r0_w30_b1024__lstm__r0__w30__fold_4__seed_42,42,0.8805132317562149,0.40509284273152424,0.5446346399842552,0.8355321020228672,0.45252398956524453,0.4120168120528665,30
qualification_r0_w30_b1024,9,4,G2,0.001,lstm,R0,G2__qualification_r0_w30_b1024__lstm__r0__w30__fold_4__seed_42,42,0.8834536220261962,0.39092396733850693,0.5489018850497234,0.8293755496921724,0.4628217789355138,0.4094623355237607,30
qualification_r0_w30_b1024,10,4,G2,0.001,lstm,R0,G2__qualification_r0_w30_b1024__lstm__r0__w30__fold_4__seed_42,42,0.8853247794707297,0.37605303317204863,0.5524252005359143,0.8249780123131046,0.4743604846396987,0.4081593417886426,30
qualification_r0_w30_b1024,11,4,G2,0.001,lstm,R0,G2__qualification_r0_w30_b1024__lstm__r0__w30__fold_4__seed_42,42,0.8871959369152633,0.3682439085379924,0.5544017959361993,0.8284960422163589,0.45441750061543446,0.4105531557129391,30
qualification_r0_w30_b1024,12,4,G2,0.001,lstm,R0,G2__qualification_r0_w30_b1024__lstm__r0__w30__fold_4__seed_42,42,0.8850574712643678,0.37021806896672915,0.5518247106071344,0.8293755496921724,0.4450881144092496,0.4111591183807834,30
qualification_r0_w30_b1024,13,4,G2,0.0005,lstm,R0,G2__qualification_r0_w30_b1024__lstm__r0__w30__fold_4__seed_42,42,0.8853247794707297,0.3683040198461476,0.5523020035870521,0.8284960422163589,0.44560548933116406,0.4105531557129391,30
qualification_r0_w30_b1024,14,4,G2,0.0005,lstm,R0,G2__qualification_r0_w30_b1024__lstm__r0__w30__fold_4__seed_42,42,0.8863940122961775,0.36608342469869787,0.5537107976858443,0.8276165347405453,0.452956709824011,0.41325143845529316,30
qualification_r0_w30_b1024,15,4,G2,0.0005,lstm,R0,G2__qualification_r0_w30_b1024__lstm__r0__w30__fold_4__seed_42,42,0.8863940122961775,0.3683955168236516,0.5539551741588072,0.8258575197889182,0.4543148913242991,0.4120410034420045,30
qualification_r0_w30_b1024,16,4,G2,0.0005,lstm,R0,G2__qualification_r0_w30_b1024__lstm__r0__w30__fold_4__seed_42,42,0.8869286287089013,0.36569577676190057,0.5544143647645099,0.8284960422163589,0.4509156017368471,0.41386114194105317,30
qualification_r0_w30_b1024,17,4,G2,0.0005,lstm,R0,G2__qualification_r0_w30_b1024__lstm__r0__w30__fold_4__seed_42,42,0.8869286287089013,0.3625977429531692,0.5544143647645099,0.830255057167986,0.4500074282275446,0.4167120420172585,30
qualification_r0_w30_b1024,18,4,G2,0.0005,lstm,R0,G2__qualification_r0_w30_b1024__lstm__r0__w30__fold_4__seed_42,42,0.8850574712643678,0.36463049448482876,0.5523187599910052,0.830255057167986,0.4549947849154577,0.418309523764645,30
qualification_r0_w30_b1024,19,4,G2,0.0005,lstm,R0,G2__qualification_r0_w30_b1024__lstm__r0__w30__fold_4__seed_42,42,0.8879978615343491,0.36034324392377615,0.5555742847448011,0.830255057167986,0.45401290971245173,0.418309523764645,30
qualification_r0_w30_b1024,20,4,G2,0.0005,lstm,R0,G2__qualification_r0_w30_b1024__lstm__r0__w30__fold_4__seed_42,42,0.8858593958834536,0.3612395089853578,0.5534937902283912,0.8311345646437994,0.4526667545894415,0.41893466059514983,30
qualification_r0_w30_b1024,21,4,G2,0.0005,lstm,R0,G2__qualification_r0_w30_b1024__lstm__r0__w30__fold_4__seed_42,42,0.8863940122961775,0.3614642991878807,0.5538345371933842,0.8328935795954265,0.4487312475420869,0.4201944063753109,30
qualification_r0_w30_b1024,22,4,G2,0.0005,lstm,R0,G2__qualification_r0_w30_b1024__lstm__r0__w30__fold_4__seed_42,42,0.8869286287089013,0.3573395116177513,0.5542921843231773,0.8311345646437994,0.45126635457406256,0.41893466059514983,30
qualification_r0_w30_b1024,23,4,G2,0.0005,lstm,R0,G2__qualification_r0_w30_b1024__lstm__r0__w30__fold_4__seed_42,42,0.8869286287089013,0.35697791046460214,0.5544127615523441,0.8337730870712401,0.45003751656835084,0.42082909213132097,30
qualification_r0_w30_b1024,24,4,G2,0.0005,lstm,R0,G2__qualification_r0_w30_b1024__lstm__r0__w30__fold_4__seed_42,42,0.8866613205025394,0.3588365010082706,0.5539409086809699,0.8311345646437994,0.4563885551591452,0.41893466059514983,30
qualification_r0_w30_b1024,25,4,G2,0.0005,lstm,R0,G2__qualification_r0_w30_b1024__lstm__r0__w30__fold_4__seed_42,42,0.888532477947073,0.3571210702021343,0.5561564858200944,0.8311345646437994,0.45954367641618404,0.41893466059514983,30
qualification_r0_w30_b1024,26,4,G2,0.0005,lstm,R0,G2__qualification_r0_w30_b1024__lstm__r0__w30__fold_4__seed_42,42,0.8879978615343491,0.3552869985493005,0.555215135050004,0.8311345646437994,0.45405351738187444,0.4140575572872464,30
qualification_r0_w30_b1024,27,4,G2,0.0005,lstm,R0,G2__qualification_r0_w30_b1024__lstm__r0__w30__fold_4__seed_42,42,0.8871959369152633,0.3599045710731273,0.5537897781636311,0.8311345646437994,0.4601071903657368,0.4157086360710016,30
qualification_r0_w30_b1024,28,4,G2,0.00025,lstm,R0,G2__qualification_r0_w30_b1024__lstm__r0__w30__fold_4__seed_42,42,0.888532477947073,0.35367189285207706,0.5557998305140359,0.8311345646437994,0.46316925438224166,0.4157086360710016,30
qualification_r0_w30_b1024,29,4,G2,0.00025,lstm,R0,G2__qualification_r0_w30_b1024__lstm__r0__w30__fold_4__seed_42,42,0.8869286287089013,0.3517180558068011,0.5536811942505893,0.830255057167986,0.45974581165070477,0.41508970341186796,30
qualification_r0_w30_b1024,30,4,G2,0.00025,lstm,R0,G2__qualification_r0_w30_b1024__lstm__r0__w30__fold_4__seed_42,42,0.888265169740711,0.35456470679516655,0.5549624284113847,0.832014072119613,0.45873773753276076,0.41633072074098426,30
qualification_r0_w30_b1024,31,4,G2,0.00025,lstm,R0,G2__qualification_r0_w30_b1024__lstm__r0__w30__fold_4__seed_42,42,0.8877305533279871,0.3530416990053013,0.5546194999682058,0.8284960422163589,0.46617758612204985,0.4154771306877978,30
qualification_r0_w30_b1024,32,4,G2,0.000125,lstm,R0,G2__qualification_r0_w30_b1024__lstm__r0__w30__fold_4__seed_42,42,0.8871959369152633,0.3521414716050638,0.5541572648019425,0.8284960422163589,0.4662487925199846,0.4154771306877978,30
qualification_r0_w30_b1024,33,4,G2,0.000125,lstm,R0,G2__qualification_r0_w30_b1024__lstm__r0__w30__fold_4__seed_42,42,0.8879978615343491,0.35637499546182566,0.5548528608170662,0.8284960422163589,0.4657827077356471,0.4154771306877978,30
qualification_r0_w30_b1024,34,4,G2,0.000125,lstm,R0,G2__qualification_r0_w30_b1024__lstm__r0__w30__fold_4__seed_42,42,0.8855920876770916,0.35280830133283114,0.5527696669029057,0.8284960422163589,0.46550724431937895,0.4154771306877978,30
qualification_r0_w30_b1024,35,4,G2,0.000125,lstm,R0,G2__qualification_r0_w30_b1024__lstm__r0__w30__fold_4__seed_42,42,0.8879978615343491,0.3523236226745545,0.5553357340364471,0.8276165347405453,0.46518510779269245,0.4148642487461985,30
qualification_r0_w30_b1024,1,4,G2,0.001,tcn,R0,G2__qualification_r0_w30_b1024__tcn__r0__w30__fold_4__seed_42,42,0.19914461373964182,1.0691951091708234,0.1179817215391354,0.45030782761653476,0.9329650421989729,0.25686333233503045,30
qualification_r0_w30_b1024,2,4,G2,0.001,tcn,R0,G2__qualification_r0_w30_b1024__tcn__r0__w30__fold_4__seed_42,42,0.7706495589414595,0.8299419903015905,0.449468374719747,0.8953386103781882,0.6076296185755163,0.3149265274555298,30
qualification_r0_w30_b1024,3,4,G2,0.001,tcn,R0,G2__qualification_r0_w30_b1024__tcn__r0__w30__fold_4__seed_42,42,0.7960438385458434,0.602980391875973,0.2954804782457707,0.8953386103781882,0.41227001628020193,0.3149265274555298,30
qualification_r0_w30_b1024,4,4,G2,0.001,tcn,R0,G2__qualification_r0_w30_b1024__tcn__r0__w30__fold_4__seed_42,42,0.8294573643410853,0.44397077789697953,0.44065911977437827,0.8355321020228672,0.4704007937809618,0.41885136394604877,30
qualification_r0_w30_b1024,5,4,G2,0.001,tcn,R0,G2__qualification_r0_w30_b1024__tcn__r0__w30__fold_4__seed_42,42,0.8767709168671478,0.3832603031239131,0.5437732557980584,0.7554969217238346,0.5567767863590254,0.37464727588452357,30
qualification_r0_w30_b1024,6,4,G2,0.001,tcn,R0,G2__qualification_r0_w30_b1024__tcn__r0__w30__fold_4__seed_42,42,0.8698209035017375,0.3778491336468929,0.5422060485417769,0.7572559366754618,0.5423123409534193,0.37697280401605476,30
qualification_r0_w30_b1024,7,4,G2,0.001,tcn,R0,G2__qualification_r0_w30_b1024__tcn__r0__w30__fold_4__seed_42,42,0.8770382250735097,0.3644974388658156,0.5469745377863339,0.8188214599824098,0.4952786717377112,0.4119876857566211,30
qualification_r0_w30_b1024,8,4,G2,0.001,tcn,R0,G2__qualification_r0_w30_b1024__tcn__r0__w30__fold_4__seed_42,42,0.8847901630580058,0.3572435044279968,0.5528334090841284,0.8284960422163589,0.4630150159095187,0.41386114194105317,30
qualification_r0_w30_b1024,9,4,G2,0.0005,tcn,R0,G2__qualification_r0_w30_b1024__tcn__r0__w30__fold_4__seed_42,42,0.8858593958834536,0.35435623054802656,0.5532583992316774,0.832014072119613,0.4532523437508807,0.41633072074098426,30
qualification_r0_w30_b1024,10,4,G2,0.0005,tcn,R0,G2__qualification_r0_w30_b1024__tcn__r0__w30__fold_4__seed_42,42,0.8853247794707297,0.35219390831730385,0.552312271223737,0.832014072119613,0.4495555029276074,0.41633072074098426,30
qualification_r0_w30_b1024,11,4,G2,0.0005,tcn,R0,G2__qualification_r0_w30_b1024__tcn__r0__w30__fold_4__seed_42,42,0.8863940122961775,0.3494227395214457,0.5539528360205931,0.830255057167986,0.4494419804820914,0.41508970341186796,30
qualification_r0_w30_b1024,12,4,G2,0.0005,tcn,R0,G2__qualification_r0_w30_b1024__tcn__r0__w30__fold_4__seed_42,42,0.8858593958834536,0.3475042721049985,0.5533831616686417,0.8276165347405453,0.45349217745538545,0.41325143845529316,30
qualification_r0_w30_b1024,13,4,G2,0.00025,tcn,R0,G2__qualification_r0_w30_b1024__tcn__r0__w30__fold_4__seed_42,42,0.8853247794707297,0.3440767342044975,0.552931550914325,0.8276165347405453,0.45478631043601897,0.41325143845529316,30
qualification_r0_w30_b1024,14,4,G2,0.00025,tcn,R0,G2__qualification_r0_w30_b1024__tcn__r0__w30__fold_4__seed_42,42,0.8847901630580058,0.34302756531262135,0.5525976633977806,0.8276165347405453,0.4563700775357853,0.41325143845529316,30
qualification_r0_w30_b1024,15,4,G2,0.00025,tcn,R0,G2__qualification_r0_w30_b1024__tcn__r0__w30__fold_4__seed_42,42,0.8850574712643678,0.34248992351407326,0.5530606263607436,0.8276165347405453,0.45706068843000275,0.41325143845529316,30
qualification_r0_w30_b1024,16,4,G2,0.00025,tcn,R0,G2__qualification_r0_w30_b1024__tcn__r0__w30__fold_4__seed_42,42,0.8847901630580058,0.34185211755986583,0.5525976633977806,0.8276165347405453,0.4565676361086501,0.41325143845529316,30
qualification_r0_w30_b1024,17,4,G2,0.000125,tcn,R0,G2__qualification_r0_w30_b1024__tcn__r0__w30__fold_4__seed_42,42,0.8850574712643678,0.3412711173813791,0.5529450785425315,0.8276165347405453,0.45628427358290136,0.41325143845529316,30
qualification_r0_w30_b1024,18,4,G2,0.000125,tcn,R0,G2__qualification_r0_w30_b1024__tcn__r0__w30__fold_4__seed_42,42,0.8855920876770916,0.340967983262356,0.5536352400801404,0.8276165347405453,0.4562532384351564,0.41325143845529316,30
qualification_r0_w30_b1024,19,4,G2,0.000125,tcn,R0,G2__qualification_r0_w30_b1024__tcn__r0__w30__fold_4__seed_42,42,0.8847901630580058,0.3402057805264643,0.5528334090841284,0.8276165347405453,0.4555072575519246,0.41325143845529316,30
qualification_r0_w30_b1024,1,4,G2,0.001,transformer,R0,G2__qualification_r0_w30_b1024__transformer__r0__w30__fold_4__seed_42,42,0.15904838278535152,1.518625717658915,0.1352256134245191,0.671943711521548,0.940182542947687,0.29067142008318475,30
qualification_r0_w30_b1024,2,4,G2,0.001,transformer,R0,G2__qualification_r0_w30_b1024__transformer__r0__w30__fold_4__seed_42,42,0.727078321304464,0.6911733958116352,0.3734756210478583,0.7660510114335972,0.5835952968479985,0.37443153081684466,30
qualification_r0_w30_b1024,3,4,G2,0.001,transformer,R0,G2__qualification_r0_w30_b1024__transformer__r0__w30__fold_4__seed_42,42,0.8612670408981555,0.43545296442473647,0.5571859216362881,0.7827616534740546,0.4741598514474686,0.3793243063852383,30
qualification_r0_w30_b1024,4,4,G2,0.001,transformer,R0,G2__qualification_r0_w30_b1024__transformer__r0__w30__fold_4__seed_42,42,0.8730286019780807,0.38028379146729646,0.5386246500287778,0.8311345646437994,0.4478038016808274,0.40718540718540713,30
qualification_r0_w30_b1024,5,4,G2,0.001,transformer,R0,G2__qualification_r0_w30_b1024__transformer__r0__w30__fold_4__seed_42,42,0.8767709168671478,0.3692132440186286,0.53965593174019,0.8328935795954265,0.4492660699544922,0.40839654025282773,30
qualification_r0_w30_b1024,6,4,G2,0.001,transformer,R0,G2__qualification_r0_w30_b1024__transformer__r0__w30__fold_4__seed_42,42,0.8783747661053194,0.36627572296902766,0.5421759960093585,0.8328935795954265,0.4599435987866753,0.4152982968521021,30
qualification_r0_w30_b1024,7,4,G2,0.001,transformer,R0,G2__qualification_r0_w30_b1024__transformer__r0__w30__fold_4__seed_42,42,0.8778401496925956,0.36443849592660077,0.5422759536925522,0.8346525945470537,0.45890100802259687,0.4182162775162728,30
qualification_r0_w30_b1024,8,4,G2,0.001,transformer,R0,G2__qualification_r0_w30_b1024__transformer__r0__w30__fold_4__seed_42,42,0.8773055332798717,0.36151230047648364,0.5420764482077508,0.832014072119613,0.45609902648833517,0.41633072074098426,30
qualification_r0_w30_b1024,9,4,G2,0.001,transformer,R0,G2__qualification_r0_w30_b1024__transformer__r0__w30__fold_4__seed_42,42,0.8794439989307672,0.3592120671186241,0.544318627431099,0.832014072119613,0.45102366296576113,0.41633072074098426,30
qualification_r0_w30_b1024,10,4,G2,0.001,transformer,R0,G2__qualification_r0_w30_b1024__transformer__r0__w30__fold_4__seed_42,42,0.8783747661053194,0.35699883268275256,0.5434115116902524,0.830255057167986,0.4549116350992164,0.4167120420172585,30
qualification_r0_w30_b1024,11,4,G2,0.001,transformer,R0,G2__qualification_r0_w30_b1024__transformer__r0__w30__fold_4__seed_42,42,0.8786420743116814,0.35465869188818566,0.5439076771949838,0.8284960422163589,0.4581704926050433,0.4154771306877978,30
qualification_r0_w30_b1024,12,4,G2,0.0005,transformer,R0,G2__qualification_r0_w30_b1024__transformer__r0__w30__fold_4__seed_42,42,0.8786420743116814,0.3534896428557648,0.5441943387342971,0.8284960422163589,0.4617644533999887,0.4170685344545055,30
qualification_r0_w30_b1024,13,4,G2,0.0005,transformer,R0,G2__qualification_r0_w30_b1024__transformer__r0__w30__fold_4__seed_42,42,0.8786420743116814,0.35090222388338643,0.544557123017254,0.8276165347405453,0.46224951445270024,0.41645260852250104,30
qualification_r0_w30_b1024,14,4,G2,0.0005,transformer,R0,G2__qualification_r0_w30_b1024__transformer__r0__w30__fold_4__seed_42,42,0.8807805399625769,0.3497899201138712,0.5476826283410506,0.8276165347405453,0.4630963851877127,0.41645260852250104,30
qualification_r0_w30_b1024,15,4,G2,0.0005,transformer,R0,G2__qualification_r0_w30_b1024__transformer__r0__w30__fold_4__seed_42,42,0.880245923549853,0.3497483382184249,0.5465867461469224,0.8276165347405453,0.4610793926313244,0.41645260852250104,30
qualification_r0_w30_b1024,16,4,G2,0.00025,transformer,R0,G2__qualification_r0_w30_b1024__transformer__r0__w30__fold_4__seed_42,42,0.8813151563753007,0.3483275838536841,0.5480081722046667,0.8276165347405453,0.4603135532837954,0.41645260852250104,30
qualification_r0_w30_b1024,17,4,G2,0.00025,transformer,R0,G2__qualification_r0_w30_b1024__transformer__r0__w30__fold_4__seed_42,42,0.8810478481689388,0.3479581847766987,0.5476534324648493,0.8276165347405453,0.46032769795877426,0.41645260852250104,30
qualification_r0_w30_b1024,18,4,G2,0.00025,transformer,R0,G2__qualification_r0_w30_b1024__transformer__r0__w30__fold_4__seed_42,42,0.8821170809943866,0.3477831297429352,0.549185907186288,0.8258575197889182,0.4627811563780356,0.4152297144892265,30
qualification_r0_w30_b1024,19,4,G2,0.00025,transformer,R0,G2__qualification_r0_w30_b1024__transformer__r0__w30__fold_4__seed_42,42,0.880245923549853,0.3469471693739984,0.5471024898984597,0.8258575197889182,0.462642566195264,0.4152297144892265,30
qualification_r0_w30_b1024,20,4,G2,0.000125,transformer,R0,G2__qualification_r0_w30_b1024__transformer__r0__w30__fold_4__seed_42,42,0.8823843892007485,0.34666431188360314,0.5495485224228025,0.8258575197889182,0.4623986267949157,0.4152297144892265,30
qualification_r0_w30_b1024,21,4,G2,0.000125,transformer,R0,G2__qualification_r0_w30_b1024__transformer__r0__w30__fold_4__seed_42,42,0.8813151563753007,0.3463505785419354,0.5482627667836416,0.8258575197889182,0.4616899308973797,0.4152297144892265,30
qualification_r0_w30_b1024,22,4,G2,0.000125,transformer,R0,G2__qualification_r0_w30_b1024__transformer__r0__w30__fold_4__seed_42,42,0.8823843892007485,0.3466189024888778,0.5496644104168359,0.8258575197889182,0.46141747392471566,0.4152297144892265,30
qualification_r0_w60_b1024,1,1,G2,0.001,lstm,R0,G2__qualification_r0_w60_b1024__lstm__r0__w60__fold_1__seed_42,42,0.27269910133250697,1.076000134716619,0.18073633260985433,0.7813559322033898,1.0296862638602822,0.40779159862035436,60
qualification_r0_w60_b1024,2,1,G2,0.001,lstm,R0,G2__qualification_r0_w60_b1024__lstm__r0__w60__fold_1__seed_42,42,0.8360706538580726,1.003332024615063,0.45974338181929797,0.7991525423728814,0.9512786354048778,0.4094168656552269,60
qualification_r0_w60_b1024,3,1,G2,0.001,lstm,R0,G2__qualification_r0_w60_b1024__lstm__r0__w60__fold_1__seed_42,42,0.8611713665943601,0.9093446157131544,0.4388241388241388,0.8550847457627119,0.8353217708862434,0.3072940459875133,60
qualification_r0_w60_b1024,4,1,G2,0.001,lstm,R0,G2__qualification_r0_w60_b1024__lstm__r0__w60__fold_1__seed_42,42,0.8732568949488689,0.7639664775785145,0.3777409644524867,0.8576271186440678,0.6514662916377439,0.3077858880778589,60
qualification_r0_w60_b1024,5,1,G2,0.001,lstm,R0,G2__qualification_r0_w60_b1024__lstm__r0__w60__fold_1__seed_42,42,0.8757359776882554,0.5415368158823941,0.3228369986883539,0.8593220338983051,0.48077733870279993,0.3081130355515041,60
qualification_r0_w60_b1024,6,1,G2,0.001,lstm,R0,G2__qualification_r0_w60_b1024__lstm__r0__w60__fold_1__seed_42,42,0.8769755190579486,0.38174621415906623,0.3114853337735953,0.8593220338983051,0.46456381562402693,0.3081130355515041,60
qualification_r0_w60_b1024,7,1,G2,0.0005,lstm,R0,G2__qualification_r0_w60_b1024__lstm__r0__w60__fold_1__seed_42,42,0.8775952897427952,0.3611857404567008,0.3116025746822908,0.8593220338983051,0.4708631872878236,0.3081130355515041,60
qualification_r0_w60_b1024,8,1,G2,0.0005,lstm,R0,G2__qualification_r0_w60_b1024__lstm__r0__w60__fold_1__seed_42,42,0.8775952897427952,0.3578480288252433,0.3116025746822908,0.8593220338983051,0.46840512626251934,0.3081130355515041,60
qualification_r0_w60_b1024,9,1,G2,0.0005,lstm,R0,G2__qualification_r0_w60_b1024__lstm__r0__w60__fold_1__seed_42,42,0.8772854044003718,0.3503783027989819,0.31327287905474827,0.8593220338983051,0.46430110658629464,0.3081130355515041,60
qualification_r0_w60_b1024,10,1,G2,0.0005,lstm,R0,G2__qualification_r0_w60_b1024__lstm__r0__w60__fold_1__seed_42,42,0.8757359776882554,0.34717742067614243,0.33062743374581655,0.8593220338983051,0.45187926120677235,0.3081130355515041,60
qualification_r0_w60_b1024,11,1,G2,0.00025,lstm,R0,G2__qualification_r0_w60_b1024__lstm__r0__w60__fold_1__seed_42,42,0.8769755190579486,0.34306666888539034,0.3215685453333473,0.8593220338983051,0.44397050162493173,0.3081130355515041,60
qualification_r0_w60_b1024,12,1,G2,0.00025,lstm,R0,G2__qualification_r0_w60_b1024__lstm__r0__w60__fold_1__seed_42,42,0.8769755190579486,0.33872959381624534,0.31320971899006583,0.8593220338983051,0.43673977574049416,0.3081130355515041,60
qualification_r0_w60_b1024,13,1,G2,0.00025,lstm,R0,G2__qualification_r0_w60_b1024__lstm__r0__w60__fold_1__seed_42,42,0.8769755190579486,0.335294886209073,0.3114853337735953,0.8593220338983051,0.4319572832119667,0.3081130355515041,60
qualification_r0_w60_b1024,14,1,G2,0.00025,lstm,R0,G2__qualification_r0_w60_b1024__lstm__r0__w60__fold_1__seed_42,42,0.8775952897427952,0.3305408486667564,0.3116025746822908,0.8593220338983051,0.4281942853988227,0.3081130355515041,60
qualification_r0_w60_b1024,15,1,G2,0.000125,lstm,R0,G2__qualification_r0_w60_b1024__lstm__r0__w60__fold_1__seed_42,42,0.8775952897427952,0.33056106250057804,0.3116025746822908,0.8593220338983051,0.4266747419611882,0.3081130355515041,60
qualification_r0_w60_b1024,16,1,G2,0.000125,lstm,R0,G2__qualification_r0_w60_b1024__lstm__r0__w60__fold_1__seed_42,42,0.8775952897427952,0.3319269925642206,0.3116025746822908,0.8593220338983051,0.4256554804616055,0.3081130355515041,60
qualification_r0_w60_b1024,1,1,G2,0.001,tcn,R0,G2__qualification_r0_w60_b1024__tcn__r0__w60__fold_1__seed_42,42,0.1279826464208243,1.1046142943288875,0.07871831659493066,0.7194915254237289,0.9084058860601005,0.309422679505782,60
qualification_r0_w60_b1024,2,1,G2,0.001,tcn,R0,G2__qualification_r0_w60_b1024__tcn__r0__w60__fold_1__seed_42,42,0.8509451502943911,0.8105402827669231,0.31343342177764516,0.8593220338983051,0.6106431868116734,0.3081130355515041,60
qualification_r0_w60_b1024,3,1,G2,0.001,tcn,R0,G2__qualification_r0_w60_b1024__tcn__r0__w60__fold_1__seed_42,42,0.8775952897427952,0.5630004171952767,0.3116025746822908,0.8593220338983051,0.46593433999914236,0.3081130355515041,60
qualification_r0_w60_b1024,4,1,G2,0.001,tcn,R0,G2__qualification_r0_w60_b1024__tcn__r0__w60__fold_1__seed_42,42,0.8775952897427952,0.4144284106423916,0.3116025746822908,0.8593220338983051,0.4005732649968842,0.3081130355515041,60
qualification_r0_w60_b1024,5,1,G2,0.001,tcn,R0,G2__qualification_r0_w60_b1024__tcn__r0__w60__fold_1__seed_42,42,0.8769755190579486,0.3213902970641473,0.3215685453333473,0.8432203389830508,0.4062344057075048,0.41283118662826285,60
qualification_r0_w60_b1024,6,1,G2,0.001,tcn,R0,G2__qualification_r0_w60_b1024__tcn__r0__w60__fold_1__seed_42,42,0.8791447164549117,0.3114096233543317,0.4795477623256841,0.8296610169491525,0.42788352334903457,0.4214223567100854,60
qualification_r0_w60_b1024,7,1,G2,0.001,tcn,R0,G2__qualification_r0_w60_b1024__tcn__r0__w60__fold_1__seed_42,42,0.8800743724821816,0.3150767494105022,0.48725318062079825,0.8330508474576271,0.42942934127177224,0.4289865860568595,60
qualification_r0_w60_b1024,8,1,G2,0.001,tcn,R0,G2__qualification_r0_w60_b1024__tcn__r0__w60__fold_1__seed_42,42,0.8782150604276417,0.3138895055477118,0.4865370542446433,0.8313559322033899,0.4240884027743744,0.42522661341677215,60
qualification_r0_w60_b1024,9,1,G2,0.001,tcn,R0,G2__qualification_r0_w60_b1024__tcn__r0__w60__fold_1__seed_42,42,0.879454601797335,0.30845455769455243,0.48629754014580345,0.8372881355932204,0.4153113672288798,0.4238869937899064,60
qualification_r0_w60_b1024,10,1,G2,0.001,tcn,R0,G2__qualification_r0_w60_b1024__tcn__r0__w60__fold_1__seed_42,42,0.8797644871397583,0.30413683615382475,0.48178422297616524,0.8449152542372881,0.41046936628171954,0.41065244338512646,60
qualification_r0_w60_b1024,11,1,G2,0.001,tcn,R0,G2__qualification_r0_w60_b1024__tcn__r0__w60__fold_1__seed_42,42,0.8800743724821816,0.29896421508409304,0.4390490556417175,0.8593220338983051,0.4092423643601143,0.3081130355515041,60
qualification_r0_w60_b1024,12,1,G2,0.0005,tcn,R0,G2__qualification_r0_w60_b1024__tcn__r0__w60__fold_1__seed_42,42,0.8775952897427952,0.29721817886788743,0.3116025746822908,0.8593220338983051,0.40566574446225573,0.3081130355515041,60
qualification_r0_w60_b1024,13,1,G2,0.0005,tcn,R0,G2__qualification_r0_w60_b1024__tcn__r0__w60__fold_1__seed_42,42,0.8775952897427952,0.2959508768980962,0.3116025746822908,0.8593220338983051,0.40370851947089376,0.3081130355515041,60
qualification_r0_w60_b1024,14,1,G2,0.0005,tcn,R0,G2__qualification_r0_w60_b1024__tcn__r0__w60__fold_1__seed_42,42,0.8775952897427952,0.2964697747563739,0.3116025746822908,0.8593220338983051,0.40190213787353646,0.3081130355515041,60
qualification_r0_w60_b1024,15,1,G2,0.0005,tcn,R0,G2__qualification_r0_w60_b1024__tcn__r0__w60__fold_1__seed_42,42,0.8775952897427952,0.29414641241152517,0.3116025746822908,0.8593220338983051,0.402624641434621,0.3081130355515041,60
qualification_r0_w60_b1024,16,1,G2,0.00025,tcn,R0,G2__qualification_r0_w60_b1024__tcn__r0__w60__fold_1__seed_42,42,0.8775952897427952,0.29428756443900816,0.3116025746822908,0.8593220338983051,0.4039510054608523,0.3081130355515041,60
qualification_r0_w60_b1024,17,1,G2,0.00025,tcn,R0,G2__qualification_r0_w60_b1024__tcn__r0__w60__fold_1__seed_42,42,0.8775952897427952,0.2927866231177959,0.3116025746822908,0.8593220338983051,0.4050984137139078,0.3081130355515041,60
qualification_r0_w60_b1024,18,1,G2,0.00025,tcn,R0,G2__qualification_r0_w60_b1024__tcn__r0__w60__fold_1__seed_42,42,0.8782150604276417,0.292589507837727,0.32516464072201107,0.8516949152542372,0.4064951630467075,0.40449188737562297,60
qualification_r0_w60_b1024,19,1,G2,0.00025,tcn,R0,G2__qualification_r0_w60_b1024__tcn__r0__w60__fold_1__seed_42,42,0.8803842578246049,0.29352118417061923,0.37323505957406883,0.8525423728813559,0.4052378129656032,0.4124596391263058,60
qualification_r0_w60_b1024,20,1,G2,0.000125,tcn,R0,G2__qualification_r0_w60_b1024__tcn__r0__w60__fold_1__seed_42,42,0.8806941431670282,0.2916512549625375,0.43263435102260434,0.8508474576271187,0.4048803692652007,0.41127004244874965,60
qualification_r0_w60_b1024,21,1,G2,0.000125,tcn,R0,G2__qualification_r0_w60_b1024__tcn__r0__w60__fold_1__seed_42,42,0.8803842578246049,0.2914481674753035,0.4519208649643433,0.85,0.40407056727651824,0.4124410100387926,60
qualification_r0_w60_b1024,22,1,G2,0.000125,tcn,R0,G2__qualification_r0_w60_b1024__tcn__r0__w60__fold_1__seed_42,42,0.8803842578246049,0.2915559479113071,0.4661055614254154,0.8457627118644068,0.4029059710644059,0.40951751810530435,60
qualification_r0_w60_b1024,1,1,G2,0.001,transformer,R0,G2__qualification_r0_w60_b1024__transformer__r0__w60__fold_1__seed_42,42,0.2218779051750852,1.2757179853640588,0.13474584500466855,0.7364406779661017,0.7287978333941961,0.2936306808582531,60
qualification_r0_w60_b1024,2,1,G2,0.001,transformer,R0,G2__qualification_r0_w60_b1024__transformer__r0__w60__fold_1__seed_42,42,0.7923768205763867,0.5568352488954997,0.31227332853455364,0.8389830508474576,0.4824889613410174,0.41158026755852845,60
qualification_r0_w60_b1024,3,1,G2,0.001,transformer,R0,G2__qualification_r0_w60_b1024__transformer__r0__w60__fold_1__seed_42,42,0.8763557483731019,0.3723504648863955,0.451845576876081,0.8593220338983051,0.42154872063863075,0.3081130355515041,60
qualification_r0_w60_b1024,4,1,G2,0.001,transformer,R0,G2__qualification_r0_w60_b1024__transformer__r0__w60__fold_1__seed_42,42,0.8757359776882554,0.32586296344638277,0.31125061952750704,0.8593220338983051,0.410096093961748,0.3081130355515041,60
qualification_r0_w60_b1024,5,1,G2,0.001,transformer,R0,G2__qualification_r0_w60_b1024__transformer__r0__w60__fold_1__seed_42,42,0.8772854044003718,0.3139833041876878,0.31327287905474827,0.8593220338983051,0.4060240141416,0.3081130355515041,60
qualification_r0_w60_b1024,6,1,G2,0.001,transformer,R0,G2__qualification_r0_w60_b1024__transformer__r0__w60__fold_1__seed_42,42,0.8769755190579486,0.3086808772695888,0.37682925442980375,0.8516949152542372,0.4045623254978051,0.4153726983415927,60
qualification_r0_w60_b1024,7,1,G2,0.001,transformer,R0,G2__qualification_r0_w60_b1024__transformer__r0__w60__fold_1__seed_42,42,0.8810040285094515,0.30651289884025257,0.4739234767323026,0.8440677966101695,0.40395275021003463,0.4117566643882433,60
qualification_r0_w60_b1024,8,1,G2,0.001,transformer,R0,G2__qualification_r0_w60_b1024__transformer__r0__w60__fold_1__seed_42,42,0.8791447164549117,0.3055522336396855,0.47566168807007797,0.8466101694915255,0.40414591613462414,0.41181429969184064,60
qualification_r0_w60_b1024,9,1,G2,0.001,transformer,R0,G2__qualification_r0_w60_b1024__transformer__r0__w60__fold_1__seed_42,42,0.882553455221568,0.3040018905454056,0.47565592060451567,0.8525423728813559,0.4049420625981638,0.4159767850141473,60
qualification_r0_w60_b1024,10,1,G2,0.001,transformer,R0,G2__qualification_r0_w60_b1024__transformer__r0__w60__fold_1__seed_42,42,0.879454601797335,0.30374472735372904,0.4650871080139372,0.8483050847457627,0.4062973538192652,0.41298809539152886,60
qualification_r0_w60_b1024,11,1,G2,0.001,transformer,R0,G2__qualification_r0_w60_b1024__transformer__r0__w60__fold_1__seed_42,42,0.8813139138518749,0.30254385476515766,0.4767706872370266,0.8440677966101695,0.4086731729871136,0.4117566643882433,60
qualification_r0_w60_b1024,12,1,G2,0.001,transformer,R0,G2__qualification_r0_w60_b1024__transformer__r0__w60__fold_1__seed_42,42,0.8816237991942981,0.30238410841580105,0.4783901524973366,0.8533898305084746,0.4088933135998451,0.4165841256953333,60
qualification_r0_w60_b1024,13,1,G2,0.001,transformer,R0,G2__qualification_r0_w60_b1024__transformer__r0__w60__fold_1__seed_42,42,0.8810040285094515,0.3022057602085637,0.4593131406432411,0.8525423728813559,0.40950614774631244,0.41065781151170144,60
qualification_r0_w60_b1024,14,1,G2,0.001,transformer,R0,G2__qualification_r0_w60_b1024__transformer__r0__w60__fold_1__seed_42,42,0.8788348311124884,0.3018682230209691,0.4473778735632184,0.8508474576271187,0.40814814183671594,0.4147718253968254,60
qualification_r0_w60_b1024,15,1,G2,0.001,transformer,R0,G2__qualification_r0_w60_b1024__transformer__r0__w60__fold_1__seed_42,42,0.8819336845367214,0.30061704917777093,0.47689817633641085,0.8483050847457627,0.40617551707615285,0.41468679608750386,60
qualification_r0_w60_b1024,16,1,G2,0.001,transformer,R0,G2__qualification_r0_w60_b1024__transformer__r0__w60__fold_1__seed_42,42,0.8797644871397583,0.30038280034715414,0.4730721334471048,0.8491525423728814,0.40544575882160055,0.4135795626695044,60
qualification_r0_w60_b1024,17,1,G2,0.0005,transformer,R0,G2__qualification_r0_w60_b1024__transformer__r0__w60__fold_1__seed_42,42,0.8797644871397583,0.2994310431826547,0.4730721334471048,0.85,0.4064962619947175,0.41588001244653605,60
qualification_r0_w60_b1024,18,1,G2,0.0005,transformer,R0,G2__qualification_r0_w60_b1024__transformer__r0__w60__fold_1__seed_42,42,0.8803842578246049,0.2991839525387093,0.47410090083441186,0.8533898305084746,0.407340978363813,0.4165841256953333,60
qualification_r0_w60_b1024,19,1,G2,0.0005,transformer,R0,G2__qualification_r0_w60_b1024__transformer__r0__w60__fold_1__seed_42,42,0.8788348311124884,0.29939803891149436,0.4515380899376435,0.8542372881355932,0.40743573651475423,0.4171947613012252,60
qualification_r0_w60_b1024,20,1,G2,0.0005,transformer,R0,G2__qualification_r0_w60_b1024__transformer__r0__w60__fold_1__seed_42,42,0.8775952897427952,0.29894780331364273,0.4544132377870242,0.8508474576271187,0.4081643051010067,0.4147718253968254,60
qualification_r0_w60_b1024,21,1,G2,0.0005,transformer,R0,G2__qualification_r0_w60_b1024__transformer__r0__w60__fold_1__seed_42,42,0.8797644871397583,0.2983585773310057,0.4712116516438924,0.8491525423728814,0.4079718380661334,0.41528185554903113,60
qualification_r0_w60_b1024,1,2,G2,0.001,lstm,R0,G2__qualification_r0_w60_b1024__lstm__r0__w60__fold_2__seed_42,42,0.31519118153634174,1.0749635321084607,0.21106246166211898,0.7016197783461211,1.0486974231422406,0.33067949942795133,60
qualification_r0_w60_b1024,2,2,G2,0.001,lstm,R0,G2__qualification_r0_w60_b1024__lstm__r0__w60__fold_2__seed_42,42,0.7533585945573544,1.0272036286169113,0.46758787391698786,0.7408354646206309,0.9911913710685236,0.33663268412173025,60
qualification_r0_w60_b1024,3,2,G2,0.001,lstm,R0,G2__qualification_r0_w60_b1024__lstm__r0__w60__fold_2__seed_42,42,0.7950396141922149,0.9726543968150092,0.4832322723132543,0.7604433077578857,0.9194735528969501,0.3431698531449155,60
qualification_r0_w60_b1024,4,2,G2,0.001,lstm,R0,G2__qualification_r0_w60_b1024__lstm__r0__w60__fold_2__seed_42,42,0.7984843265587324,0.9027827534846425,0.47078669714370003,0.8235294117647058,0.8201068625527371,0.371896866473684,60
qualification_r0_w60_b1024,5,2,G2,0.001,lstm,R0,G2__qualification_r0_w60_b1024__lstm__r0__w60__fold_2__seed_42,42,0.8091629348949363,0.8031672363522707,0.4596023966116434,0.8456947996589941,0.6796477460901857,0.3826885545318633,60
qualification_r0_w60_b1024,6,2,G2,0.001,lstm,R0,G2__qualification_r0_w60_b1024__lstm__r0__w60__fold_2__seed_42,42,0.8022735101619015,0.6695081117520282,0.4310846249537706,0.9173060528559249,0.5195738145000185,0.3189565732918334,60
qualification_r0_w60_b1024,7,2,G2,0.001,lstm,R0,G2__qualification_r0_w60_b1024__lstm__r0__w60__fold_2__seed_42,42,0.7971064416121254,0.5466126094716933,0.3998117900114271,0.9198635976129582,0.41476656276754914,0.3194197750148016,60
qualification_r0_w60_b1024,8,2,G2,0.001,lstm,R0,G2__qualification_r0_w60_b1024__lstm__r0__w60__fold_2__seed_42,42,0.7946951429555632,0.4951553230362845,0.3621894473960112,0.9207161125319693,0.3688030837441954,0.3195739014647137,60
qualification_r0_w60_b1024,9,2,G2,0.001,lstm,R0,G2__qualification_r0_w60_b1024__lstm__r0__w60__fold_2__seed_42,42,0.7878057182225284,0.4860490839767982,0.3300316344191124,0.9207161125319693,0.36081010582146233,0.3195739014647137,60
qualification_r0_w60_b1024,10,2,G2,0.0005,lstm,R0,G2__qualification_r0_w60_b1024__lstm__r0__w60__fold_2__seed_42,42,0.8122631760248019,0.48328300141236963,0.4421792773895448,0.8644501278772379,0.3678393736545184,0.3874546953739524,60
qualification_r0_w60_b1024,11,2,G2,0.0005,lstm,R0,G2__qualification_r0_w60_b1024__lstm__r0__w60__fold_2__seed_42,42,0.826730967964175,0.4779855497861541,0.4893708876855567,0.8567774936061381,0.3749416449312867,0.3849010961800364,60
qualification_r0_w60_b1024,12,2,G2,0.0005,lstm,R0,G2__qualification_r0_w60_b1024__lstm__r0__w60__fold_2__seed_42,42,0.8315535652772994,0.46640566767514513,0.4993094760536621,0.8567774936061381,0.374555635241393,0.38993628349480663,60
qualification_r0_w60_b1024,13,2,G2,0.0005,lstm,R0,G2__qualification_r0_w60_b1024__lstm__r0__w60__fold_2__seed_42,42,0.8329314502239064,0.4583872658114905,0.503413460878949,0.8499573742540495,0.37250198075787594,0.3854051939454124,60
qualification_r0_w60_b1024,14,2,G2,0.0005,lstm,R0,G2__qualification_r0_w60_b1024__lstm__r0__w60__fold_2__seed_42,42,0.8353427488804684,0.45236186327459565,0.506487460050181,0.8465473145780051,0.3701278536063631,0.3832252071555567,60
qualification_r0_w60_b1024,15,2,G2,0.0005,lstm,R0,G2__qualification_r0_w60_b1024__lstm__r0__w60__fold_2__seed_42,42,0.8353427488804684,0.448595459733057,0.5059382741353091,0.8456947996589941,0.3686809094665605,0.3803055825408567,60
qualification_r0_w60_b1024,16,2,G2,0.0005,lstm,R0,G2__qualification_r0_w60_b1024__lstm__r0__w60__fold_2__seed_42,42,0.8374095763003789,0.44772408252291296,0.5083224037501738,0.8448422847399829,0.36986956046060526,0.38448569799376253,60
qualification_r0_w60_b1024,17,2,G2,0.00025,lstm,R0,G2__qualification_r0_w60_b1024__lstm__r0__w60__fold_2__seed_42,42,0.8363761625904237,0.44315567215352153,0.507151348279817,0.8439897698209718,0.37229213161744934,0.38394777899947413,60
qualification_r0_w60_b1024,18,2,G2,0.00025,lstm,R0,G2__qualification_r0_w60_b1024__lstm__r0__w60__fold_2__seed_42,42,0.8391319324836376,0.44219943412903295,0.5114415798598876,0.8431372549019608,0.37450521442489754,0.3834130436350783,60
qualification_r0_w60_b1024,19,2,G2,0.00025,lstm,R0,G2__qualification_r0_w60_b1024__lstm__r0__w60__fold_2__seed_42,42,0.8401653461935928,0.4434674220930245,0.5128961037996546,0.8414322250639387,0.3762580108307207,0.38235294117647056,60
qualification_r0_w60_b1024,20,2,G2,0.00025,lstm,R0,G2__qualification_r0_w60_b1024__lstm__r0__w60__fold_2__seed_42,42,0.8429211160868068,0.44097655403831687,0.5163757549534025,0.8414322250639387,0.3761742375441728,0.38235294117647056,60
qualification_r0_w60_b1024,21,2,G2,0.000125,lstm,R0,G2__qualification_r0_w60_b1024__lstm__r0__w60__fold_2__seed_42,42,0.8415432311401998,0.4433825902186547,0.5150975563883047,0.8414322250639387,0.3759648039212922,0.38235294117647056,60
qualification_r0_w60_b1024,22,2,G2,0.000125,lstm,R0,G2__qualification_r0_w60_b1024__lstm__r0__w60__fold_2__seed_42,42,0.8408542886668963,0.4449369438118332,0.5149570123647638,0.8414322250639387,0.37568793239394316,0.38235294117647056,60
qualification_r0_w60_b1024,23,2,G2,0.000125,lstm,R0,G2__qualification_r0_w60_b1024__lstm__r0__w60__fold_2__seed_42,42,0.8391319324836376,0.4394192087354637,0.5131201660064139,0.8422847399829497,0.37475398640193597,0.38288144603934077,60
qualification_r0_w60_b1024,24,2,G2,0.000125,lstm,R0,G2__qualification_r0_w60_b1024__lstm__r0__w60__fold_2__seed_42,42,0.8394764037202893,0.4409574970289875,0.5134586732708121,0.8431372549019608,0.3737098336067346,0.3834130436350783,60
qualification_r0_w60_b1024,25,2,G2,6.25e-05,lstm,R0,G2__qualification_r0_w60_b1024__lstm__r0__w60__fold_2__seed_42,42,0.8401653461935928,0.4435459362959558,0.5140926442780643,0.8431372549019608,0.37323435056138426,0.3834130436350783,60
qualification_r0_w60_b1024,26,2,G2,6.25e-05,lstm,R0,G2__qualification_r0_w60_b1024__lstm__r0__w60__fold_2__seed_42,42,0.8387874612469859,0.4421840198299534,0.5128605362184107,0.8431372549019608,0.3730948502856854,0.3834130436350783,60
qualification_r0_w60_b1024,27,2,G2,6.25e-05,lstm,R0,G2__qualification_r0_w60_b1024__lstm__r0__w60__fold_2__seed_42,42,0.8387874612469859,0.4391649777812051,0.512473720940715,0.8431372549019608,0.3727610033237314,0.3834130436350783,60
qualification_r0_w60_b1024,1,2,G2,0.001,tcn,R0,G2__qualification_r0_w60_b1024__tcn__r0__w60__fold_2__seed_42,42,0.19565966241818808,1.0921781707376683,0.11164754953911421,0.22847399829497017,0.9886941811211172,0.14799047887444353,60
qualification_r0_w60_b1024,2,2,G2,0.001,tcn,R0,G2__qualification_r0_w60_b1024__tcn__r0__w60__fold_2__seed_42,42,0.5952462969342059,0.9011307823177539,0.35510082141599425,0.9207161125319693,0.7142113359789511,0.3195739014647137,60
qualification_r0_w60_b1024,3,2,G2,0.001,tcn,R0,G2__qualification_r0_w60_b1024__tcn__r0__w60__fold_2__seed_42,42,0.7860833620392698,0.7185974690037845,0.2934104789456766,0.9207161125319693,0.44645627291407836,0.3195739014647137,60
qualification_r0_w60_b1024,4,2,G2,0.001,tcn,R0,G2__qualification_r0_w60_b1024__tcn__r0__w60__fold_2__seed_42,42,0.7860833620392698,0.6034832043849802,0.2934104789456766,0.9207161125319693,0.34665307309875504,0.3195739014647137,60
qualification_r0_w60_b1024,5,2,G2,0.001,tcn,R0,G2__qualification_r0_w60_b1024__tcn__r0__w60__fold_2__seed_42,42,0.7860833620392698,0.5098828602937678,0.2934104789456766,0.8772378516624041,0.36189903583114,0.38791986407513207,60
qualification_r0_w60_b1024,6,2,G2,0.001,tcn,R0,G2__qualification_r0_w60_b1024__tcn__r0__w60__fold_2__seed_42,42,0.8287977953840854,0.451850714958252,0.49059497976846494,0.8593350383631714,0.39644220080115505,0.38918070744472194,60
qualification_r0_w60_b1024,7,2,G2,0.001,tcn,R0,G2__qualification_r0_w60_b1024__tcn__r0__w60__fold_2__seed_42,42,0.836031691353772,0.43900118162005347,0.5086979015436475,0.8499573742540495,0.41712853917177173,0.3829811453054497,60
qualification_r0_w60_b1024,8,2,G2,0.001,tcn,R0,G2__qualification_r0_w60_b1024__tcn__r0__w60__fold_2__seed_42,42,0.8374095763003789,0.43632297996525266,0.5137925497899968,0.8456947996589941,0.42563141878608546,0.3826885545318633,60
qualification_r0_w60_b1024,9,2,G2,0.001,tcn,R0,G2__qualification_r0_w60_b1024__tcn__r0__w60__fold_2__seed_42,42,0.8387874612469859,0.43300986021007704,0.5159655501367676,0.8465473145780051,0.423957166616874,0.3855712745594156,60
qualification_r0_w60_b1024,10,2,G2,0.001,tcn,R0,G2__qualification_r0_w60_b1024__tcn__r0__w60__fold_2__seed_42,42,0.8391319324836376,0.4294105734736436,0.5157482178203813,0.8491048593350383,0.4134695002235923,0.3872247127922211,60
qualification_r0_w60_b1024,11,2,G2,0.0005,tcn,R0,G2__qualification_r0_w60_b1024__tcn__r0__w60__fold_2__seed_42,42,0.8408542886668963,0.4277462210997688,0.5172015235480861,0.8508098891730606,0.40537257590358927,0.38595878818651097,60
qualification_r0_w60_b1024,12,2,G2,0.0005,tcn,R0,G2__qualification_r0_w60_b1024__tcn__r0__w60__fold_2__seed_42,42,0.842576644850155,0.42521721470614693,0.518259058277048,0.855924978687127,0.3964643028945061,0.3868733364646939,60
qualification_r0_w60_b1024,13,2,G2,0.0005,tcn,R0,G2__qualification_r0_w60_b1024__tcn__r0__w60__fold_2__seed_42,42,0.8446434722700654,0.42288670738401224,0.5199578820283776,0.8593350383631714,0.389199453190871,0.38918070744472194,60
qualification_r0_w60_b1024,14,2,G2,0.0005,tcn,R0,G2__qualification_r0_w60_b1024__tcn__r0__w60__fold_2__seed_42,42,0.845332414743369,0.42086988910288387,0.5196875404868274,0.8593350383631714,0.38399049789602696,0.38918070744472194,60
qualification_r0_w60_b1024,15,2,G2,0.00025,tcn,R0,G2__qualification_r0_w60_b1024__tcn__r0__w60__fold_2__seed_42,42,0.8463658284533242,0.4191294516463383,0.5210394019827025,0.8593350383631714,0.3820137218949333,0.38918070744472194,60
qualification_r0_w60_b1024,16,2,G2,0.00025,tcn,R0,G2__qualification_r0_w60_b1024__tcn__r0__w60__fold_2__seed_42,42,0.8460213572166724,0.4184931099538018,0.5202846378673193,0.8593350383631714,0.3808433372854475,0.38918070744472194,60
qualification_r0_w60_b1024,17,2,G2,0.00025,tcn,R0,G2__qualification_r0_w60_b1024__tcn__r0__w60__fold_2__seed_42,42,0.845332414743369,0.41733226790906147,0.5195675255080728,0.8584825234441603,0.38037849712453126,0.3885978863693362,60
qualification_r0_w60_b1024,18,2,G2,0.00025,tcn,R0,G2__qualification_r0_w60_b1024__tcn__r0__w60__fold_2__seed_42,42,0.8470547709266276,0.41643024212608576,0.5214519448857448,0.8567774936061381,0.37983857231168594,0.387444263571378,60
qualification_r0_w60_b1024,19,2,G2,0.000125,tcn,R0,G2__qualification_r0_w60_b1024__tcn__r0__w60__fold_2__seed_42,42,0.8460213572166724,0.4161764935218504,0.5206529022827472,0.8567774936061381,0.3795198671653143,0.387444263571378,60
qualification_r0_w60_b1024,20,2,G2,0.000125,tcn,R0,G2__qualification_r0_w60_b1024__tcn__r0__w60__fold_2__seed_42,42,0.8460213572166724,0.4165439481699093,0.5206529022827472,0.8567774936061381,0.3787584891709525,0.387444263571378,60
qualification_r0_w60_b1024,1,2,G2,0.001,transformer,R0,G2__qualification_r0_w60_b1024__transformer__r0__w60__fold_2__seed_42,42,0.42714433344815705,1.1381399049415615,0.2665569456709422,0.7357203751065644,0.6922958143125308,0.2940705747755053,60
qualification_r0_w60_b1024,2,2,G2,0.001,transformer,R0,G2__qualification_r0_w60_b1024__transformer__r0__w60__fold_2__seed_42,42,0.6954874267998622,0.6594118073485122,0.35087030744012065,0.8269394714407502,0.47255665704112526,0.36252995649523617,60
qualification_r0_w60_b1024,3,2,G2,0.001,transformer,R0,G2__qualification_r0_w60_b1024__transformer__r0__w60__fold_2__seed_42,42,0.8191526007578367,0.49337207871677546,0.5175616325093836,0.8653026427962489,0.3923907524128806,0.38247922603921247,60
qualification_r0_w60_b1024,4,2,G2,0.001,transformer,R0,G2__qualification_r0_w60_b1024__transformer__r0__w60__fold_2__seed_42,42,0.8263864967275233,0.4493465602726432,0.4902064723638752,0.8695652173913043,0.3686557779023511,0.38540303171050966,60
qualification_r0_w60_b1024,5,2,G2,0.001,transformer,R0,G2__qualification_r0_w60_b1024__transformer__r0__w60__fold_2__seed_42,42,0.828108852910782,0.43899972805104664,0.492967733716873,0.8627450980392157,0.37117424580599645,0.3862813492733892,60
qualification_r0_w60_b1024,6,2,G2,0.001,transformer,R0,G2__qualification_r0_w60_b1024__transformer__r0__w60__fold_2__seed_42,42,0.8318980365139511,0.4352081666372991,0.5005808018313432,0.8542199488491049,0.3809654714709556,0.38574294665009523,60
qualification_r0_w60_b1024,7,2,G2,0.001,transformer,R0,G2__qualification_r0_w60_b1024__transformer__r0__w60__fold_2__seed_42,42,0.8329314502239064,0.4330504572354552,0.5035143980571662,0.8525149190110827,0.384736590271614,0.3870766622917133,60
qualification_r0_w60_b1024,8,2,G2,0.001,transformer,R0,G2__qualification_r0_w60_b1024__transformer__r0__w60__fold_2__seed_42,42,0.8336203926972098,0.4316285151655905,0.5048741040340463,0.8542199488491049,0.3813801517826009,0.39062692928581555,60
qualification_r0_w60_b1024,9,2,G2,0.001,transformer,R0,G2__qualification_r0_w60_b1024__transformer__r0__w60__fold_2__seed_42,42,0.8339648639338615,0.42862291970295696,0.5049538446667633,0.855924978687127,0.37618131545600175,0.3917908496732026,60
qualification_r0_w60_b1024,10,2,G2,0.001,transformer,R0,G2__qualification_r0_w60_b1024__transformer__r0__w60__fold_2__seed_42,42,0.8343093351705133,0.42598642942168735,0.5053279335727566,0.855072463768116,0.3756585850079448,0.39120695726731275,60
qualification_r0_w60_b1024,11,2,G2,0.001,transformer,R0,G2__qualification_r0_w60_b1024__transformer__r0__w60__fold_2__seed_42,42,0.8356872201171203,0.4228279975275315,0.5064640263091443,0.8533674339300937,0.37903547497864776,0.3900507071838466,60
qualification_r0_w60_b1024,12,2,G2,0.001,transformer,R0,G2__qualification_r0_w60_b1024__transformer__r0__w60__fold_2__seed_42,42,0.836031691353772,0.4190406206247111,0.5074669548806456,0.8516624040920716,0.3828384657497601,0.38890945201769433,60
qualification_r0_w60_b1024,13,2,G2,0.001,transformer,R0,G2__qualification_r0_w60_b1024__transformer__r0__w60__fold_2__seed_42,42,0.8377540475370306,0.4162831573066652,0.5104065715300997,0.8465473145780051,0.3883311880112507,0.38787355118000283,60
qualification_r0_w60_b1024,14,2,G2,0.0005,transformer,R0,G2__qualification_r0_w60_b1024__transformer__r0__w60__fold_2__seed_42,42,0.8391319324836376,0.41372212473992187,0.5123317783609421,0.8456947996589941,0.38981587939656703,0.387321689070067,60
qualification_r0_w60_b1024,15,2,G2,0.0005,transformer,R0,G2__qualification_r0_w60_b1024__transformer__r0__w60__fold_2__seed_42,42,0.8394764037202893,0.41174082724423067,0.5127903064631948,0.8456947996589941,0.3890503645451376,0.387321689070067,60
qualification_r0_w60_b1024,16,2,G2,0.0005,transformer,R0,G2__qualification_r0_w60_b1024__transformer__r0__w60__fold_2__seed_42,42,0.8411987599035481,0.4103809096486331,0.5148809607713235,0.8448422847399829,0.38892249332364565,0.38677313943171243,60
qualification_r0_w60_b1024,17,2,G2,0.0005,transformer,R0,G2__qualification_r0_w60_b1024__transformer__r0__w60__fold_2__seed_42,42,0.8411987599035481,0.4098728847963581,0.5148809607713235,0.8439897698209718,0.3909233337727146,0.3862278546489073,60
qualification_r0_w60_b1024,18,2,G2,0.00025,transformer,R0,G2__qualification_r0_w60_b1024__transformer__r0__w60__fold_2__seed_42,42,0.8415432311401998,0.4085913622046683,0.5161436008113266,0.8431372549019608,0.3923141192851266,0.3879172185101433,60
qualification_r0_w60_b1024,19,2,G2,0.00025,transformer,R0,G2__qualification_r0_w60_b1024__transformer__r0__w60__fold_2__seed_42,42,0.8408542886668963,0.40781518629079355,0.5155728285607781,0.8422847399829497,0.3936937731855056,0.38737133808392715,60
qualification_r0_w60_b1024,20,2,G2,0.00025,transformer,R0,G2__qualification_r0_w60_b1024__transformer__r0__w60__fold_2__seed_42,42,0.8415432311401998,0.4075222281066048,0.516591454856594,0.8422847399829497,0.3930711396870609,0.38737133808392715,60
qualification_r0_w60_b1024,21,2,G2,0.00025,transformer,R0,G2__qualification_r0_w60_b1024__transformer__r0__w60__fold_2__seed_42,42,0.8415432311401998,0.4066294978353183,0.5160260100753375,0.8422847399829497,0.39366210929776296,0.38737133808392715,60
qualification_r0_w60_b1024,22,2,G2,0.000125,transformer,R0,G2__qualification_r0_w60_b1024__transformer__r0__w60__fold_2__seed_42,42,0.8422321736135032,0.4065167206630516,0.5173049334533241,0.8422847399829497,0.39405364966860007,0.38737133808392715,60
qualification_r0_w60_b1024,23,2,G2,0.000125,transformer,R0,G2__qualification_r0_w60_b1024__transformer__r0__w60__fold_2__seed_42,42,0.8408542886668963,0.40553304815842617,0.5154999064751892,0.8405797101449275,0.3941935136190156,0.38628900699520424,60
qualification_r0_w60_b1024,1,3,G2,0.001,lstm,R0,G2__qualification_r0_w60_b1024__lstm__r0__w60__fold_3__seed_42,42,0.36413208118751894,1.070250525614667,0.24471030871750107,0.6498696785403997,1.0374818431305741,0.3397732426303855,60
qualification_r0_w60_b1024,2,3,G2,0.001,lstm,R0,G2__qualification_r0_w60_b1024__lstm__r0__w60__fold_3__seed_42,42,0.8073311117843078,1.004847461510629,0.5005127022493724,0.6750651607298002,0.9662504722303561,0.3454668014829794,60
qualification_r0_w60_b1024,3,3,G2,0.001,lstm,R0,G2__qualification_r0_w60_b1024__lstm__r0__w60__fold_3__seed_42,42,0.8267191760072705,0.9180246626417119,0.5086913013202735,0.6907037358818419,0.8636333528132567,0.34847747672175156,60
qualification_r0_w60_b1024,4,3,G2,0.001,lstm,R0,G2__qualification_r0_w60_b1024__lstm__r0__w60__fold_3__seed_42,42,0.8309603150560436,0.787074614062305,0.506071776952154,0.7341442224152911,0.7116955875003991,0.3667437067647952,60
qualification_r0_w60_b1024,5,3,G2,0.001,lstm,R0,G2__qualification_r0_w60_b1024__lstm__r0__w60__fold_3__seed_42,42,0.8379279006361708,0.6025377690376783,0.5086393856335767,0.7593397046046916,0.5927681354182788,0.37821425425323024,60
qualification_r0_w60_b1024,6,3,G2,0.001,lstm,R0,G2__qualification_r0_w60_b1024__lstm__r0__w60__fold_3__seed_42,42,0.8476219327476522,0.4779267494821505,0.5159444510532694,0.7810599478714162,0.5674913078028673,0.3858669803490225,60
qualification_r0_w60_b1024,7,3,G2,0.001,lstm,R0,G2__qualification_r0_w60_b1024__lstm__r0__w60__fold_3__seed_42,42,0.846410178733717,0.44945897804322077,0.5040941946020663,0.787141615986099,0.5569322519230905,0.3835237853394278,60
qualification_r0_w60_b1024,8,3,G2,0.001,lstm,R0,G2__qualification_r0_w60_b1024__lstm__r0__w60__fold_3__seed_42,42,0.8600424113904878,0.4349382076072751,0.5275475223646575,0.7775847089487402,0.5711306951338058,0.3892963175113844,60
qualification_r0_w60_b1024,9,3,G2,0.001,lstm,R0,G2__qualification_r0_w60_b1024__lstm__r0__w60__fold_3__seed_42,42,0.8682217509845501,0.4196955627273408,0.5392288930630765,0.7767158992180713,0.5559044914412353,0.38881486613725597,60
qualification_r0_w60_b1024,10,3,G2,0.001,lstm,R0,G2__qualification_r0_w60_b1024__lstm__r0__w60__fold_3__seed_42,42,0.8679188124810664,0.40757626679694064,0.5393811596221793,0.7767158992180713,0.5284794762562297,0.39010486505071346,60
qualification_r0_w60_b1024,11,3,G2,0.001,lstm,R0,G2__qualification_r0_w60_b1024__lstm__r0__w60__fold_3__seed_42,42,0.8694335049984853,0.4020146477930259,0.5404764813741763,0.7775847089487402,0.5268204708419397,0.39312777530650306,60
qualification_r0_w60_b1024,12,3,G2,0.001,lstm,R0,G2__qualification_r0_w60_b1024__lstm__r0__w60__fold_3__seed_42,42,0.8694335049984853,0.39960073572474875,0.5406657954933736,0.7775847089487402,0.5246598996953483,0.39058872182672144,60
qualification_r0_w60_b1024,13,3,G2,0.001,lstm,R0,G2__qualification_r0_w60_b1024__lstm__r0__w60__fold_3__seed_42,42,0.8679188124810664,0.4006280541889453,0.5396597492092692,0.7784535186794093,0.5318284816166093,0.3910740405170934,60
qualification_r0_w60_b1024,14,3,G2,0.001,lstm,R0,G2__qualification_r0_w60_b1024__lstm__r0__w60__fold_3__seed_42,42,0.8691305664950015,0.3994656857740731,0.5403483501678209,0.7801911381407471,0.5174913190039835,0.38538999829322407,60
qualification_r0_w60_b1024,15,3,G2,0.001,lstm,R0,G2__qualification_r0_w60_b1024__lstm__r0__w60__fold_3__seed_42,42,0.8697364435019691,0.3985907025985088,0.538902895471983,0.7819287576020851,0.5316956206236996,0.39172576193093595,60
qualification_r0_w60_b1024,16,3,G2,0.0005,lstm,R0,G2__qualification_r0_w60_b1024__lstm__r0__w60__fold_3__seed_42,42,0.8697364435019691,0.3976493041575298,0.5405047330864355,0.7810599478714162,0.5417183771354027,0.3950964464006144,60
qualification_r0_w60_b1024,17,3,G2,0.0005,lstm,R0,G2__qualification_r0_w60_b1024__lstm__r0__w60__fold_3__seed_42,42,0.8718570130263557,0.39574119303306643,0.5427715754704159,0.787141615986099,0.5320549382917991,0.3946919269499915,60
qualification_r0_w60_b1024,18,3,G2,0.0005,lstm,R0,G2__qualification_r0_w60_b1024__lstm__r0__w60__fold_3__seed_42,42,0.8718570130263557,0.3926948383247372,0.5419139281411722,0.788010425716768,0.5307724038147077,0.38833150556164814,60
qualification_r0_w60_b1024,19,3,G2,0.0005,lstm,R0,G2__qualification_r0_w60_b1024__lstm__r0__w60__fold_3__seed_42,42,0.8718570130263557,0.3977561063818482,0.5421302815160678,0.7862728062554301,0.5327948886062869,0.3873598369011213,60
qualification_r0_w60_b1024,20,3,G2,0.0005,lstm,R0,G2__qualification_r0_w60_b1024__lstm__r0__w60__fold_3__seed_42,42,0.8730687670402908,0.39445462861735686,0.5419827821377771,0.790616854908775,0.5249790748003563,0.38691530334504404,60
qualification_r0_w60_b1024,21,3,G2,0.00025,lstm,R0,G2__qualification_r0_w60_b1024__lstm__r0__w60__fold_3__seed_42,42,0.8733717055437746,0.39373729858966133,0.5430869450942192,0.7862728062554301,0.529301753570265,0.3873598369011213,60
qualification_r0_w60_b1024,22,3,G2,0.00025,lstm,R0,G2__qualification_r0_w60_b1024__lstm__r0__w60__fold_3__seed_42,42,0.8712511360193881,0.3943492114110558,0.5412810006286262,0.788010425716768,0.5282799590162149,0.39112751483572145,60
qualification_r0_w60_b1024,23,3,G2,0.00025,lstm,R0,G2__qualification_r0_w60_b1024__lstm__r0__w60__fold_3__seed_42,42,0.8727658285368071,0.39363561828401517,0.5430322789536141,0.787141615986099,0.5249116231730252,0.38784486413788005,60
qualification_r0_w60_b1024,24,3,G2,0.00025,lstm,R0,G2__qualification_r0_w60_b1024__lstm__r0__w60__fold_3__seed_42,42,0.874280521054226,0.39434217141816486,0.5437499298249554,0.788010425716768,0.5208180265308566,0.3854633639794342,60
qualification_r0_w60_b1024,25,3,G2,0.000125,lstm,R0,G2__qualification_r0_w60_b1024__lstm__r0__w60__fold_3__seed_42,42,0.8718570130263557,0.3958589584763864,0.5413000707140019,0.788010425716768,0.5215226083372491,0.3854633639794342,60
qualification_r0_w60_b1024,26,3,G2,0.000125,lstm,R0,G2__qualification_r0_w60_b1024__lstm__r0__w60__fold_3__seed_42,42,0.8736746440472584,0.3926165848654424,0.5427885795957664,0.788010425716768,0.5234712794306586,0.3854633639794342,60
qualification_r0_w60_b1024,1,3,G2,0.001,tcn,R0,G2__qualification_r0_w60_b1024__tcn__r0__w60__fold_3__seed_42,42,0.20811875189336565,1.0727576039408742,0.11927614853948827,0.5456125108601216,0.9090630277978349,0.3194444444444444,60
qualification_r0_w60_b1024,2,3,G2,0.001,tcn,R0,G2__qualification_r0_w60_b1024__tcn__r0__w60__fold_3__seed_42,42,0.7737049378976067,0.8211959846559275,0.43430404490008917,0.8566463944396178,0.5823620906816577,0.30759631882701605,60
qualification_r0_w60_b1024,3,3,G2,0.001,tcn,R0,G2__qualification_r0_w60_b1024__tcn__r0__w60__fold_3__seed_42,42,0.7843077855195395,0.6018996085318172,0.2930390492359932,0.8566463944396178,0.45449306727180677,0.30759631882701605,60
qualification_r0_w60_b1024,4,3,G2,0.001,tcn,R0,G2__qualification_r0_w60_b1024__tcn__r0__w60__fold_3__seed_42,42,0.8345955770978492,0.4507863099594544,0.4674394679701334,0.7775847089487402,0.5498949682241311,0.39437493627743714,60
qualification_r0_w60_b1024,5,3,G2,0.001,tcn,R0,G2__qualification_r0_w60_b1024__tcn__r0__w60__fold_3__seed_42,42,0.8664041199636474,0.4103944692709922,0.5387077331422158,0.7454387489139879,0.6275155587133172,0.38273655569529147,60
qualification_r0_w60_b1024,6,3,G2,0.001,tcn,R0,G2__qualification_r0_w60_b1024__tcn__r0__w60__fold_3__seed_42,42,0.8657982429566798,0.4064119639125097,0.5404920115076545,0.7636837532580365,0.6005717393732609,0.39255077392055554,60
qualification_r0_w60_b1024,7,3,G2,0.001,tcn,R0,G2__qualification_r0_w60_b1024__tcn__r0__w60__fold_3__seed_42,42,0.8661011814601636,0.39245830964262074,0.540441538364119,0.7715030408340573,0.5571225559214319,0.39575792572144836,60
qualification_r0_w60_b1024,8,3,G2,0.001,tcn,R0,G2__qualification_r0_w60_b1024__tcn__r0__w60__fold_3__seed_42,42,0.8697364435019691,0.38581888331170877,0.5432845169882338,0.7819287576020851,0.5293528201474406,0.40173702223932367,60
qualification_r0_w60_b1024,9,3,G2,0.001,tcn,R0,G2__qualification_r0_w60_b1024__tcn__r0__w60__fold_3__seed_42,42,0.8730687670402908,0.3832215248491142,0.5458942040385472,0.7836663770634231,0.520893364976428,0.3965889111349769,60
qualification_r0_w60_b1024,10,3,G2,0.001,tcn,R0,G2__qualification_r0_w60_b1024__tcn__r0__w60__fold_3__seed_42,42,0.8727658285368071,0.3819520578749864,0.5444234818301733,0.7862728062554301,0.5174403587933937,0.399364823760959,60
qualification_r0_w60_b1024,11,3,G2,0.001,tcn,R0,G2__qualification_r0_w60_b1024__tcn__r0__w60__fold_3__seed_42,42,0.8730687670402908,0.37626196264823397,0.545172353973073,0.7819287576020851,0.5176434562218697,0.40173702223932367,60
qualification_r0_w60_b1024,12,3,G2,0.001,tcn,R0,G2__qualification_r0_w60_b1024__tcn__r0__w60__fold_3__seed_42,42,0.8727658285368071,0.37348222428291217,0.5455844190876965,0.7801911381407471,0.5287866663741195,0.39709484809997225,60
qualification_r0_w60_b1024,13,3,G2,0.0005,tcn,R0,G2__qualification_r0_w60_b1024__tcn__r0__w60__fold_3__seed_42,42,0.8724628900333232,0.37208461927594794,0.5450813332468736,0.7793223284100782,0.532142102420589,0.39659757927086825,60
qualification_r0_w60_b1024,14,3,G2,0.0005,tcn,R0,G2__qualification_r0_w60_b1024__tcn__r0__w60__fold_3__seed_42,42,0.8721599515298395,0.3709861338860842,0.5448571187966856,0.7775847089487402,0.5307882194489008,0.39560751836966673,60
qualification_r0_w60_b1024,15,3,G2,0.0005,tcn,R0,G2__qualification_r0_w60_b1024__tcn__r0__w60__fold_3__seed_42,42,0.8724628900333232,0.3693381105271732,0.5453423201552494,0.7775847089487402,0.5290569632365122,0.39560751836966673,60
qualification_r0_w60_b1024,16,3,G2,0.0005,tcn,R0,G2__qualification_r0_w60_b1024__tcn__r0__w60__fold_3__seed_42,42,0.8721599515298395,0.3692587806181054,0.5449700398647483,0.7836663770634231,0.5277099204027166,0.3990991920233798,60
qualification_r0_w60_b1024,17,3,G2,0.00025,tcn,R0,G2__qualification_r0_w60_b1024__tcn__r0__w60__fold_3__seed_42,42,0.8715540745228718,0.3677748213642043,0.5440922780386206,0.7845351867940921,0.5273539182106171,0.39960417097450746,60
qualification_r0_w60_b1024,18,3,G2,0.00025,tcn,R0,G2__qualification_r0_w60_b1024__tcn__r0__w60__fold_3__seed_42,42,0.8718570130263557,0.36799077896846494,0.5445973266763097,0.7845351867940921,0.5284950927637848,0.39960417097450746,60
qualification_r0_w60_b1024,19,3,G2,0.00025,tcn,R0,G2__qualification_r0_w60_b1024__tcn__r0__w60__fold_3__seed_42,42,0.8730687670402908,0.36711962749040045,0.54545239989576,0.7845351867940921,0.5289853091451212,0.39960417097450746,60
qualification_r0_w60_b1024,20,3,G2,0.00025,tcn,R0,G2__qualification_r0_w60_b1024__tcn__r0__w60__fold_3__seed_42,42,0.8721599515298395,0.36756224836843804,0.5445763154353727,0.7845351867940921,0.5276378428775471,0.3983543906823333,60
qualification_r0_w60_b1024,21,3,G2,0.000125,tcn,R0,G2__qualification_r0_w60_b1024__tcn__r0__w60__fold_3__seed_42,42,0.8712511360193881,0.3661817136821296,0.5438312789292898,0.7836663770634231,0.5262360887797785,0.3978515636566055,60
qualification_r0_w60_b1024,22,3,G2,0.000125,tcn,R0,G2__qualification_r0_w60_b1024__tcn__r0__w60__fold_3__seed_42,42,0.8724628900333232,0.3669517405175397,0.5448186734913568,0.7845351867940921,0.5248301988394751,0.39960417097450746,60
qualification_r0_w60_b1024,23,3,G2,0.000125,tcn,R0,G2__qualification_r0_w60_b1024__tcn__r0__w60__fold_3__seed_42,42,0.8721599515298395,0.36694181956727734,0.5447079764776492,0.7810599478714162,0.5244879971940449,0.39759362879373183,60
qualification_r0_w60_b1024,1,3,G2,0.001,transformer,R0,G2__qualification_r0_w60_b1024__transformer__r0__w60__fold_3__seed_42,42,0.46894880339291123,1.0751615877730742,0.27679907042177593,0.6733275412684622,0.7358464194731956,0.2764401640806135,60
qualification_r0_w60_b1024,2,3,G2,0.001,transformer,R0,G2__qualification_r0_w60_b1024__transformer__r0__w60__fold_3__seed_42,42,0.7691608603453499,0.548661180416117,0.4616224453044809,0.7497827975673328,0.5574777766376035,0.3682475158084914,60
qualification_r0_w60_b1024,3,3,G2,0.001,transformer,R0,G2__qualification_r0_w60_b1024__transformer__r0__w60__fold_3__seed_42,42,0.8551953953347471,0.42287767059836956,0.5233986905244218,0.7827975673327541,0.5204220134133779,0.38402807931683314,60
qualification_r0_w60_b1024,4,3,G2,0.001,transformer,R0,G2__qualification_r0_w60_b1024__transformer__r0__w60__fold_3__seed_42,42,0.8609512269009391,0.3991051702942136,0.528203454737659,0.7827975673327541,0.5294155507088744,0.3922161938655282,60
qualification_r0_w60_b1024,5,3,G2,0.001,transformer,R0,G2__qualification_r0_w60_b1024__transformer__r0__w60__fold_3__seed_42,42,0.8630717964253256,0.3944004794768368,0.532056989172521,0.7793223284100782,0.5482859413951091,0.3915608358041216,60
qualification_r0_w60_b1024,6,3,G2,0.001,transformer,R0,G2__qualification_r0_w60_b1024__transformer__r0__w60__fold_3__seed_42,42,0.8612541654044229,0.3945043109395727,0.5314222960939715,0.7793223284100782,0.5462086247191235,0.39284258411366796,60
qualification_r0_w60_b1024,7,3,G2,0.001,transformer,R0,G2__qualification_r0_w60_b1024__transformer__r0__w60__fold_3__seed_42,42,0.8636776734322933,0.3925777458216486,0.533889243768794,0.7793223284100782,0.52774652442551,0.3915608358041216,60
qualification_r0_w60_b1024,8,3,G2,0.001,transformer,R0,G2__qualification_r0_w60_b1024__transformer__r0__w60__fold_3__seed_42,42,0.8633747349288095,0.3898011371154779,0.532864816348436,0.7793223284100782,0.5219682822219193,0.3915608358041216,60
qualification_r0_w60_b1024,9,3,G2,0.001,transformer,R0,G2__qualification_r0_w60_b1024__transformer__r0__w60__fold_3__seed_42,42,0.8633747349288095,0.38764130305391625,0.5334644460411332,0.7801911381407471,0.5195484573715775,0.39460202853704657,60
qualification_r0_w60_b1024,10,3,G2,0.001,transformer,R0,G2__qualification_r0_w60_b1024__transformer__r0__w60__fold_3__seed_42,42,0.8645864889427446,0.3856985338779335,0.5349467958896859,0.7793223284100782,0.5169892499205551,0.3941091206313085,60
qualification_r0_w60_b1024,11,3,G2,0.001,transformer,R0,G2__qualification_r0_w60_b1024__transformer__r0__w60__fold_3__seed_42,42,0.8664041199636474,0.38195249703716994,0.5371230763597872,0.7801911381407471,0.5253406727086141,0.3995295805860859,60
qualification_r0_w60_b1024,12,3,G2,0.001,transformer,R0,G2__qualification_r0_w60_b1024__transformer__r0__w60__fold_3__seed_42,42,0.8706452590124205,0.37867439621074817,0.5430011279726061,0.7793223284100782,0.5324848873733334,0.39902819672762085,60
qualification_r0_w60_b1024,13,3,G2,0.001,transformer,R0,G2__qualification_r0_w60_b1024__transformer__r0__w60__fold_3__seed_42,42,0.8712511360193881,0.3756364594261345,0.5440042391819803,0.7775847089487402,0.5395303125307935,0.3992201825676762,60
qualification_r0_w60_b1024,14,3,G2,0.001,transformer,R0,G2__qualification_r0_w60_b1024__transformer__r0__w60__fold_3__seed_42,42,0.8730687670402908,0.3732131074609557,0.5461688968574885,0.7775847089487402,0.5375630817757183,0.3992201825676762,60
qualification_r0_w60_b1024,15,3,G2,0.001,transformer,R0,G2__qualification_r0_w60_b1024__transformer__r0__w60__fold_3__seed_42,42,0.8736746440472584,0.3699177093250901,0.5463680431349518,0.7801911381407471,0.5297155832203443,0.3995295805860859,60
qualification_r0_w60_b1024,16,3,G2,0.0005,transformer,R0,G2__qualification_r0_w60_b1024__transformer__r0__w60__fold_3__seed_42,42,0.8733717055437746,0.36877596707858307,0.545861632186667,0.7801911381407471,0.5308868384796261,0.3995295805860859,60
qualification_r0_w60_b1024,17,3,G2,0.0005,transformer,R0,G2__qualification_r0_w60_b1024__transformer__r0__w60__fold_3__seed_42,42,0.874280521054226,0.36709731598761325,0.5705563308422826,0.7749782797567333,0.5371949085973844,0.39772782168117327,60
qualification_r0_w60_b1024,18,3,G2,0.0005,transformer,R0,G2__qualification_r0_w60_b1024__transformer__r0__w60__fold_3__seed_42,42,0.8730687670402908,0.36572660383438566,0.5912779351597676,0.7706342311033884,0.545342571405511,0.3952689187505329,60
qualification_r0_w60_b1024,19,3,G2,0.0005,transformer,R0,G2__qualification_r0_w60_b1024__transformer__r0__w60__fold_3__seed_42,42,0.8739775825507422,0.36417502414020975,0.6111468113803853,0.7784535186794093,0.5406093245920774,0.39972055533415335,60
qualification_r0_w60_b1024,20,3,G2,0.0005,transformer,R0,G2__qualification_r0_w60_b1024__transformer__r0__w60__fold_3__seed_42,42,0.8751893365646773,0.3625243945361556,0.6112607272214565,0.7827975673327541,0.5239438100885454,0.39735030868756094,60
qualification_r0_w60_b1024,21,3,G2,0.0005,transformer,R0,G2__qualification_r0_w60_b1024__transformer__r0__w60__fold_3__seed_42,42,0.8739775825507422,0.3620792221062402,0.6077581024234446,0.7819287576020851,0.5173112889355312,0.39303023056535347,60
qualification_r0_w60_b1024,22,3,G2,0.0005,transformer,R0,G2__qualification_r0_w60_b1024__transformer__r0__w60__fold_3__seed_42,42,0.8748863980611936,0.3609006015667949,0.6173467246501144,0.7827975673327541,0.5174828871735068,0.39735030868756094,60
qualification_r0_w60_b1024,23,3,G2,0.0005,transformer,R0,G2__qualification_r0_w60_b1024__transformer__r0__w60__fold_3__seed_42,42,0.8760981520751288,0.35904849571410324,0.6431428032999615,0.7801911381407471,0.5258648801015627,0.39983733869864185,60
qualification_r0_w60_b1024,24,3,G2,0.0005,transformer,R0,G2__qualification_r0_w60_b1024__transformer__r0__w60__fold_3__seed_42,42,0.8754922750681612,0.3583536460359181,0.6496178331696307,0.7775847089487402,0.5314504460315929,0.3983325649300753,60
qualification_r0_w60_b1024,25,3,G2,0.0005,transformer,R0,G2__qualification_r0_w60_b1024__transformer__r0__w60__fold_3__seed_42,42,0.8754922750681612,0.35670235889386276,0.6646520923104305,0.7767158992180713,0.535711611422842,0.39783395889006923,60
qualification_r0_w60_b1024,26,3,G2,0.0005,transformer,R0,G2__qualification_r0_w60_b1024__transformer__r0__w60__fold_3__seed_42,42,0.8764010905786126,0.3557830509074852,0.6683985574710237,0.7801911381407471,0.5349142832226799,0.3989329935124213,60
qualification_r0_w60_b1024,1,4,G2,0.001,lstm,R0,G2__qualification_r0_w60_b1024__lstm__r0__w60__fold_4__seed_42,42,0.4012362268207471,1.0667408687137399,0.2688957556886981,0.6995555555555556,1.0369965287314522,0.3430863660528732,60
qualification_r0_w60_b1024,2,4,G2,0.001,lstm,R0,G2__qualification_r0_w60_b1024__lstm__r0__w60__fold_4__seed_42,42,0.8395592582639075,0.9977266853998118,0.5218686864633396,0.7271111111111112,0.9604075504938762,0.3501514092709061,60
qualification_r0_w60_b1024,3,4,G2,0.001,lstm,R0,G2__qualification_r0_w60_b1024__lstm__r0__w60__fold_4__seed_42,42,0.8570276807309863,0.9067588882784599,0.5315875144408435,0.7395555555555555,0.8493077262242635,0.35581483282018045,60
qualification_r0_w60_b1024,4,4,G2,0.001,lstm,R0,G2__qualification_r0_w60_b1024__lstm__r0__w60__fold_4__seed_42,42,0.8597151303413061,0.7650969615869386,0.5320618683498927,0.7457777777777778,0.6782187513245477,0.35597096831297576,60
qualification_r0_w60_b1024,5,4,G2,0.001,lstm,R0,G2__qualification_r0_w60_b1024__lstm__r0__w60__fold_4__seed_42,42,0.8591776404192422,0.5642077530288978,0.5304143312898963,0.7573333333333333,0.5229456373320686,0.36146254319686055,60
qualification_r0_w60_b1024,6,4,G2,0.001,lstm,R0,G2__qualification_r0_w60_b1024__lstm__r0__w60__fold_4__seed_42,42,0.8637463047567858,0.4325823574673582,0.532977806265031,0.7768888888888889,0.48211366078588697,0.37132325133366256,60
qualification_r0_w60_b1024,7,4,G2,0.001,lstm,R0,G2__qualification_r0_w60_b1024__lstm__r0__w60__fold_4__seed_42,42,0.8731523783929052,0.40947895685500657,0.5393878326603461,0.8337777777777777,0.46159174275398257,0.40308719816916544,60
qualification_r0_w60_b1024,8,4,G2,0.001,lstm,R0,G2__qualification_r0_w60_b1024__lstm__r0__w60__fold_4__seed_42,42,0.8833646869121204,0.40027284720705836,0.5474727200380888,0.8355555555555556,0.4460378016100989,0.4061546154120889,60
qualification_r0_w60_b1024,9,4,G2,0.001,lstm,R0,G2__qualification_r0_w60_b1024__lstm__r0__w60__fold_4__seed_42,42,0.8852459016393442,0.3824969245698048,0.55044174609392,0.8275555555555556,0.4508971078528298,0.40260116179940125,60
qualification_r0_w60_b1024,10,4,G2,0.001,lstm,R0,G2__qualification_r0_w60_b1024__lstm__r0__w60__fold_4__seed_42,42,0.8868583714055361,0.37223151152379347,0.5532329428372328,0.8266666666666667,0.46392502148946124,0.40378111405488504,60
qualification_r0_w60_b1024,11,4,G2,0.001,lstm,R0,G2__qualification_r0_w60_b1024__lstm__r0__w60__fold_4__seed_42,42,0.8879333512496641,0.36239476984497426,0.5551382942704626,0.8248888888888889,0.4612571079995897,0.4043426116346051,60
qualification_r0_w60_b1024,12,4,G2,0.001,lstm,R0,G2__qualification_r0_w60_b1024__lstm__r0__w60__fold_4__seed_42,42,0.889277076054824,0.3642626619489563,0.5562990165604065,0.8275555555555556,0.4397222772174411,0.4043686363469284,60
qualification_r0_w60_b1024,13,4,G2,0.0005,lstm,R0,G2__qualification_r0_w60_b1024__lstm__r0__w60__fold_4__seed_42,42,0.8879333512496641,0.360202560739407,0.5546535824394608,0.8275555555555556,0.4380017637676663,0.4043686363469284,60
qualification_r0_w60_b1024,14,4,G2,0.0005,lstm,R0,G2__qualification_r0_w60_b1024__lstm__r0__w60__fold_4__seed_42,42,0.888470841171728,0.3581930551356572,0.5552409558875001,0.8275555555555556,0.4463816188706292,0.4078205995041695,60
qualification_r0_w60_b1024,15,4,G2,0.0005,lstm,R0,G2__qualification_r0_w60_b1024__lstm__r0__w60__fold_4__seed_42,42,0.8876646062886321,0.36330155932560493,0.5541805386591615,0.8284444444444444,0.4520304370721181,0.41010814572109844,60
qualification_r0_w60_b1024,16,4,G2,0.0005,lstm,R0,G2__qualification_r0_w60_b1024__lstm__r0__w60__fold_4__seed_42,42,0.888470841171728,0.3599576533673688,0.5551207956961628,0.8284444444444444,0.45102392522494,0.41010814572109844,60
qualification_r0_w60_b1024,17,4,G2,0.0005,lstm,R0,G2__qualification_r0_w60_b1024__lstm__r0__w60__fold_4__seed_42,42,0.8898145659768879,0.3578904676953172,0.5567627990163201,0.8302222222222222,0.4456873642338647,0.41132077923765703,60
qualification_r0_w60_b1024,18,4,G2,0.0005,lstm,R0,G2__qualification_r0_w60_b1024__lstm__r0__w60__fold_4__seed_42,42,0.8873958613276001,0.35850531461097257,0.5540649162242733,0.832,0.4419845390319824,0.4142227767164412,60
qualification_r0_w60_b1024,19,4,G2,0.0005,lstm,R0,G2__qualification_r0_w60_b1024__lstm__r0__w60__fold_4__seed_42,42,0.889545821015856,0.354868427099191,0.5562923830930532,0.832,0.4406446115175883,0.4142227767164412,60
qualification_r0_w60_b1024,20,4,G2,0.0005,lstm,R0,G2__qualification_r0_w60_b1024__lstm__r0__w60__fold_4__seed_42,42,0.889545821015856,0.35680481690580057,0.5564160568814067,0.8337777777777777,0.43979576230049133,0.41546724233801063,60
qualification_r0_w60_b1024,21,4,G2,0.0005,lstm,R0,G2__qualification_r0_w60_b1024__lstm__r0__w60__fold_4__seed_42,42,0.8903520558989519,0.3526857704588945,0.5568756884124311,0.8328888888888889,0.4426737734741635,0.41484341484341486,60
qualification_r0_w60_b1024,22,4,G2,0.0005,lstm,R0,G2__qualification_r0_w60_b1024__lstm__r0__w60__fold_4__seed_42,42,0.8898145659768879,0.3523199557136765,0.5565298489513228,0.8382222222222222,0.4399984004232619,0.41863563167910994,60
qualification_r0_w60_b1024,23,4,G2,0.0005,lstm,R0,G2__qualification_r0_w60_b1024__lstm__r0__w60__fold_4__seed_42,42,0.8906208008599839,0.35095739747464927,0.5566292246872597,0.8444444444444444,0.43783056569099427,0.4214917016267064,60
qualification_r0_w60_b1024,24,4,G2,0.0005,lstm,R0,G2__qualification_r0_w60_b1024__lstm__r0__w60__fold_4__seed_42,42,0.8919645256651437,0.35246437701510025,0.5579463470064562,0.8471111111111111,0.4428368062178294,0.42694260802912715,60
qualification_r0_w60_b1024,25,4,G2,0.0005,lstm,R0,G2__qualification_r0_w60_b1024__lstm__r0__w60__fold_4__seed_42,42,0.8903520558989519,0.34748766877035464,0.5561530558123323,0.8426666666666667,0.4506134161154429,0.4235804336863338,60
qualification_r0_w60_b1024,26,4,G2,0.0005,lstm,R0,G2__qualification_r0_w60_b1024__lstm__r0__w60__fold_4__seed_42,42,0.8906208008599839,0.3483165660410022,0.5567567567567567,0.8462222222222222,0.4483820529248979,0.4228269637611677,60
qualification_r0_w60_b1024,27,4,G2,0.0005,lstm,R0,G2__qualification_r0_w60_b1024__lstm__r0__w60__fold_4__seed_42,42,0.8898145659768879,0.3487651353560286,0.5551900688824875,0.8524444444444444,0.441259088145362,0.424020424020424,60
qualification_r0_w60_b1024,28,4,G2,0.0005,lstm,R0,G2__qualification_r0_w60_b1024__lstm__r0__w60__fold_4__seed_42,42,0.8911582907820479,0.3486919807061429,0.5573700178963338,0.8382222222222222,0.45946866856680973,0.4203096810008129,60
qualification_r0_w60_b1024,29,4,G2,0.00025,lstm,R0,G2__qualification_r0_w60_b1024__lstm__r0__w60__fold_4__seed_42,42,0.8900833109379199,0.3476066086856757,0.5564018838405212,0.8364444444444444,0.46383488074938456,0.41902571454076676,60
qualification_r0_w60_b1024,30,4,G2,0.00025,lstm,R0,G2__qualification_r0_w60_b1024__lstm__r0__w60__fold_4__seed_42,42,0.8908895458210159,0.3428761405638551,0.557601494475242,0.8373333333333334,0.4617688530551063,0.4196660027819929,60
qualification_r0_w60_b1024,31,4,G2,0.00025,lstm,R0,G2__qualification_r0_w60_b1024__lstm__r0__w60__fold_4__seed_42,42,0.8908895458210159,0.3484914372185807,0.557731904317511,0.84,0.45694799717267354,0.4199267511186335,60
qualification_r0_w60_b1024,32,4,G2,0.00025,lstm,R0,G2__qualification_r0_w60_b1024__lstm__r0__w60__fold_4__seed_42,42,0.8908895458210159,0.3451183517672496,0.558340827879906,0.8373333333333334,0.4629888790713416,0.4196660027819929,60
qualification_r0_w60_b1024,33,4,G2,0.000125,lstm,R0,G2__qualification_r0_w60_b1024__lstm__r0__w60__fold_4__seed_42,42,0.8898145659768879,0.3476558948309631,0.5565349927678707,0.8382222222222222,0.46281759950849743,0.4203096810008129,60
qualification_r0_w60_b1024,34,4,G2,0.000125,lstm,R0,G2__qualification_r0_w60_b1024__lstm__r0__w60__fold_4__seed_42,42,0.8925020155872078,0.3422373052615371,0.5591344259501826,0.8364444444444444,0.4629752332104577,0.4173582611339109,60
qualification_r0_w60_b1024,35,4,G2,0.000125,lstm,R0,G2__qualification_r0_w60_b1024__lstm__r0__w60__fold_4__seed_42,42,0.8916957807041118,0.3423697607663331,0.5586748292159114,0.8382222222222222,0.46329771569040085,0.41863563167910994,60
qualification_r0_w60_b1024,36,4,G2,0.000125,lstm,R0,G2__qualification_r0_w60_b1024__lstm__r0__w60__fold_4__seed_42,42,0.8916957807041118,0.3442294299442324,0.5585560069608628,0.8391111111111111,0.46453808622890047,0.41927945108157116,60
qualification_r0_w60_b1024,37,4,G2,6.25e-05,lstm,R0,G2__qualification_r0_w60_b1024__lstm__r0__w60__fold_4__seed_42,42,0.8930395055092717,0.34165273685668046,0.559853287914025,0.8391111111111111,0.46513397969139947,0.41927945108157116,60
qualification_r0_w60_b1024,38,4,G2,6.25e-05,lstm,R0,G2__qualification_r0_w60_b1024__lstm__r0__w60__fold_4__seed_42,42,0.8906208008599839,0.34404940809879336,0.5573700226131543,0.8391111111111111,0.46667833087179394,0.42095679171988293,60
qualification_r0_w60_b1024,39,4,G2,6.25e-05,lstm,R0,G2__qualification_r0_w60_b1024__lstm__r0__w60__fold_4__seed_42,42,0.8922332706261757,0.34005557061907615,0.5588908676779542,0.8373333333333334,0.46798537895414566,0.4196660027819929,60
qualification_r0_w60_b1024,1,4,G2,0.001,tcn,R0,G2__qualification_r0_w60_b1024__tcn__r0__w60__fold_4__seed_42,42,0.20075248589088954,1.0621051532195096,0.11929227487269166,0.5608888888888889,0.912012584315406,0.2949527010206622,60
qualification_r0_w60_b1024,2,4,G2,0.001,tcn,R0,G2__qualification_r0_w60_b1024__tcn__r0__w60__fold_4__seed_42,42,0.8032786885245902,0.8061640252992691,0.4514337427804442,0.8995555555555556,0.5579428154627483,0.3157073779441585,60
qualification_r0_w60_b1024,3,4,G2,0.001,tcn,R0,G2__qualification_r0_w60_b1024__tcn__r0__w60__fold_4__seed_42,42,0.7968288094598226,0.5751418644175418,0.2956426363545717,0.8613333333333333,0.38589195415708755,0.40110738595956513,60
qualification_r0_w60_b1024,4,4,G2,0.001,tcn,R0,G2__qualification_r0_w60_b1024__tcn__r0__w60__fold_4__seed_42,42,0.8548777210427304,0.41290829999252726,0.494732239716354,0.8462222222222222,0.46443741949399314,0.43120758315104607,60
qualification_r0_w60_b1024,5,4,G2,0.001,tcn,R0,G2__qualification_r0_w60_b1024__tcn__r0__w60__fold_4__seed_42,42,0.8817522171459286,0.3699646542963563,0.5499760594594618,0.7751111111111111,0.5384758565690783,0.38508344028110186,60
qualification_r0_w60_b1024,6,4,G2,0.001,tcn,R0,G2__qualification_r0_w60_b1024__tcn__r0__w60__fold_4__seed_42,42,0.8790647675356087,0.36272086409335813,0.5499013736231015,0.7813333333333333,0.511342014948527,0.3886681615359621,60
qualification_r0_w60_b1024,7,4,G2,0.001,tcn,R0,G2__qualification_r0_w60_b1024__tcn__r0__w60__fold_4__seed_42,42,0.8844396667562483,0.3487782960247526,0.5538167320684916,0.8266666666666667,0.4739143076207903,0.41694146052469794,60
qualification_r0_w60_b1024,8,4,G2,0.001,tcn,R0,G2__qualification_r0_w60_b1024__tcn__r0__w60__fold_4__seed_42,42,0.88873958613276,0.34258188263635037,0.5561947308821756,0.8373333333333334,0.44591397998068066,0.4229287691527935,60
qualification_r0_w60_b1024,9,4,G2,0.0005,tcn,R0,G2__qualification_r0_w60_b1024__tcn__r0__w60__fold_4__seed_42,42,0.8900833109379199,0.34083696138599295,0.5571231287297609,0.84,0.437383288330502,0.4248885458183021,60
qualification_r0_w60_b1024,10,4,G2,0.0005,tcn,R0,G2__qualification_r0_w60_b1024__tcn__r0__w60__fold_4__seed_42,42,0.8898145659768879,0.33892318757750983,0.5570149628694735,0.8391111111111111,0.43476091906759473,0.4242318385503549,60
qualification_r0_w60_b1024,11,4,G2,0.0005,tcn,R0,G2__qualification_r0_w60_b1024__tcn__r0__w60__fold_4__seed_42,42,0.8898145659768879,0.3357168303257482,0.5570082834065367,0.8346666666666667,0.4368682600392236,0.4209994016714597,60
qualification_r0_w60_b1024,12,4,G2,0.0005,tcn,R0,G2__qualification_r0_w60_b1024__tcn__r0__w60__fold_4__seed_42,42,0.88873958613276,0.33219083523724674,0.5559558857773667,0.8328888888888889,0.44005209011501734,0.41972950861584085,60
qualification_r0_w60_b1024,13,4,G2,0.00025,tcn,R0,G2__qualification_r0_w60_b1024__tcn__r0__w60__fold_4__seed_42,42,0.8903520558989519,0.3303349354884792,0.5578219126338578,0.8328888888888889,0.441130797651079,0.41972950861584085,60
qualification_r0_w60_b1024,14,4,G2,0.00025,tcn,R0,G2__qualification_r0_w60_b1024__tcn__r0__w60__fold_4__seed_42,42,0.889277076054824,0.3299409145791183,0.5566558764039548,0.832,0.4423662934568193,0.41909934979798247,60
qualification_r0_w60_b1024,15,4,G2,0.00025,tcn,R0,G2__qualification_r0_w60_b1024__tcn__r0__w60__fold_4__seed_42,42,0.889545821015856,0.32873401499922256,0.5568860215848649,0.8311111111111111,0.44306138865152994,0.41847233176230625,60
qualification_r0_w60_b1024,16,4,G2,0.00025,tcn,R0,G2__qualification_r0_w60_b1024__tcn__r0__w60__fold_4__seed_42,42,0.88873958613276,0.32667305105253436,0.5561917177393844,0.8311111111111111,0.4427123271359338,0.41847233176230625,60
qualification_r0_w60_b1024,17,4,G2,0.000125,tcn,R0,G2__qualification_r0_w60_b1024__tcn__r0__w60__fold_4__seed_42,42,0.889277076054824,0.3271466169072812,0.5566539831511638,0.8311111111111111,0.4423304116990831,0.41847233176230625,60
qualification_r0_w60_b1024,18,4,G2,0.000125,tcn,R0,G2__qualification_r0_w60_b1024__tcn__r0__w60__fold_4__seed_42,42,0.889545821015856,0.3268332498684201,0.5572445859641711,0.8311111111111111,0.44171529195043774,0.41847233176230625,60
qualification_r0_w60_b1024,19,4,G2,0.000125,tcn,R0,G2__qualification_r0_w60_b1024__tcn__r0__w60__fold_4__seed_42,42,0.889008331093792,0.3254607789893203,0.5565403464049591,0.8311111111111111,0.44071665472454497,0.41847233176230625,60
qualification_r0_w60_b1024,1,4,G2,0.001,transformer,R0,G2__qualification_r0_w60_b1024__transformer__r0__w60__fold_4__seed_42,42,0.5103466809997312,1.0080212810224694,0.2903327239511078,0.7306666666666667,0.650712998840544,0.28857293312269616,60
qualification_r0_w60_b1024,2,4,G2,0.001,transformer,R0,G2__qualification_r0_w60_b1024__transformer__r0__w60__fold_4__seed_42,42,0.8003224939532384,0.5016178996356,0.48792217231639823,0.8053333333333333,0.4727706708113352,0.3921223596065877,60
qualification_r0_w60_b1024,3,4,G2,0.001,transformer,R0,G2__qualification_r0_w60_b1024__transformer__r0__w60__fold_4__seed_42,42,0.8734211233539371,0.3825910142899457,0.5395364042543633,0.8204444444444444,0.43469433477189806,0.40145647035813575,60
qualification_r0_w60_b1024,4,4,G2,0.001,transformer,R0,G2__qualification_r0_w60_b1024__transformer__r0__w60__fold_4__seed_42,42,0.8796022574576726,0.35904015710808135,0.5440788055327267,0.84,0.4358861223856608,0.4164821768574352,60
qualification_r0_w60_b1024,5,4,G2,0.001,transformer,R0,G2__qualification_r0_w60_b1024__transformer__r0__w60__fold_4__seed_42,42,0.8817522171459286,0.35429615728222724,0.5460938449792595,0.8391111111111111,0.4519208992852105,0.4242318385503549,60
qualification_r0_w60_b1024,6,4,G2,0.001,transformer,R0,G2__qualification_r0_w60_b1024__transformer__r0__w60__fold_4__seed_42,42,0.8820209621069605,0.35154122551485145,0.5467566372691867,0.8346666666666667,0.4563421215216319,0.4209994016714597,60
qualification_r0_w60_b1024,7,4,G2,0.001,transformer,R0,G2__qualification_r0_w60_b1024__transformer__r0__w60__fold_4__seed_42,42,0.8828271969900564,0.34886599504092275,0.5478580985389838,0.8346666666666667,0.4482277281284332,0.4209994016714597,60
qualification_r0_w60_b1024,8,4,G2,0.001,transformer,R0,G2__qualification_r0_w60_b1024__transformer__r0__w60__fold_4__seed_42,42,0.8841709217952164,0.34596549074228844,0.5492731494735503,0.8355555555555556,0.4426020769013299,0.42163921389408504,60
qualification_r0_w60_b1024,9,4,G2,0.001,transformer,R0,G2__qualification_r0_w60_b1024__transformer__r0__w60__fold_4__seed_42,42,0.8841709217952164,0.34245617153887403,0.5497719141653933,0.8337777777777777,0.44169221896595423,0.4203628463405,60
qualification_r0_w60_b1024,10,4,G2,0.0005,transformer,R0,G2__qualification_r0_w60_b1024__transformer__r0__w60__fold_4__seed_42,42,0.8852459016393442,0.3398463733252003,0.551445379111282,0.832,0.44453152034017773,0.4206752497056701,60
qualification_r0_w60_b1024,11,4,G2,0.0005,transformer,R0,G2__qualification_r0_w60_b1024__transformer__r0__w60__fold_4__seed_42,42,0.8855146466003763,0.3385829915285303,0.5519304876954051,0.8302222222222222,0.44977148540814715,0.4194185015377068,60
qualification_r0_w60_b1024,12,4,G2,0.0005,transformer,R0,G2__qualification_r0_w60_b1024__transformer__r0__w60__fold_4__seed_42,42,0.8873958613276001,0.33703561368663926,0.5546725671182945,0.8284444444444444,0.45355509519577025,0.41817400085990547,60
qualification_r0_w60_b1024,13,4,G2,0.0005,transformer,R0,G2__qualification_r0_w60_b1024__transformer__r0__w60__fold_4__seed_42,42,0.889277076054824,0.3352175753016012,0.5572656242834761,0.8266666666666667,0.45461282120810614,0.41694146052469794,60
qualification_r0_w60_b1024,14,4,G2,0.00025,transformer,R0,G2__qualification_r0_w60_b1024__transformer__r0__w60__fold_4__seed_42,42,0.888470841171728,0.33438359277442525,0.5562088696092046,0.8266666666666667,0.45534276048342387,0.41694146052469794,60
qualification_r0_w60_b1024,15,4,G2,0.00025,transformer,R0,G2__qualification_r0_w60_b1024__transformer__r0__w60__fold_4__seed_42,42,0.8898145659768879,0.33354668520657293,0.557733898769582,0.8257777777777778,0.45567325721846685,0.4163295880149813,60
qualification_r0_w60_b1024,16,4,G2,0.00025,transformer,R0,G2__qualification_r0_w60_b1024__transformer__r0__w60__fold_4__seed_42,42,0.8906208008599839,0.3331794970236104,0.5587875168886316,0.8257777777777778,0.4549696990913815,0.4163295880149813,60
qualification_r0_w60_b1024,17,4,G2,0.00025,transformer,R0,G2__qualification_r0_w60_b1024__transformer__r0__w60__fold_4__seed_42,42,0.8906208008599839,0.3321509232398676,0.5590187333755903,0.8257777777777778,0.45542663497394986,0.4163295880149813,60
qualification_r0_w60_b1024,18,4,G2,0.000125,transformer,R0,G2__qualification_r0_w60_b1024__transformer__r0__w60__fold_4__seed_42,42,0.8911582907820479,0.33115550202088023,0.5598312481153385,0.8248888888888889,0.45554531553056504,0.4157206016307125,60
qualification_r0_w60_b1024,19,4,G2,0.000125,transformer,R0,G2__qualification_r0_w60_b1024__transformer__r0__w60__fold_4__seed_42,42,0.8911582907820479,0.33071998909448175,0.5598312481153385,0.8248888888888889,0.45502356023258633,0.4157206016307125,60
qualification_r0_w60_b1024,20,4,G2,0.000125,transformer,R0,G2__qualification_r0_w60_b1024__transformer__r0__w60__fold_4__seed_42,42,0.8916957807041118,0.33074701658117933,0.5604139522798953,0.8248888888888889,0.453600192811754,0.4157206016307125,60
qualification_r0_w150_b1024,1,1,G2,0.001,lstm,R0,G2__qualification_r0_w150_b1024__lstm__r0__w150__fold_1__seed_42,42,0.2706696007544797,1.07625445859382,0.17915109642301943,0.7774891774891775,1.029370851950212,0.39769537893463575,150
qualification_r0_w150_b1024,2,1,G2,0.001,lstm,R0,G2__qualification_r0_w150_b1024__lstm__r0__w150__fold_1__seed_42,42,0.8384155925809493,1.003782069821734,0.4562917824262261,0.793073593073593,0.9502756333454346,0.39419624585385965,150
qualification_r0_w150_b1024,3,1,G2,0.001,lstm,R0,G2__qualification_r0_w150_b1024__lstm__r0__w150__fold_1__seed_42,42,0.8685947815152468,0.9094297369108827,0.4430394998791209,0.8606060606060606,0.8329591978163946,0.3083604777415852,150
qualification_r0_w150_b1024,4,1,G2,0.001,lstm,R0,G2__qualification_r0_w150_b1024__lstm__r0__w150__fold_1__seed_42,42,0.8711097139264382,0.7625484896208348,0.3613161563213989,0.8632034632034632,0.6467215394560909,0.30885997521685254,150
qualification_r0_w150_b1024,5,1,G2,0.001,lstm,R0,G2__qualification_r0_w150_b1024__lstm__r0__w150__fold_1__seed_42,42,0.8786545111600126,0.5388349374391417,0.31882528007277117,0.8649350649350649,0.4778032844587838,0.30919220055710306,150
qualification_r0_w150_b1024,6,1,G2,0.0005,lstm,R0,G2__qualification_r0_w150_b1024__lstm__r0__w150__fold_1__seed_42,42,0.8808550770198051,0.3832781214228369,0.31402742046756904,0.8649350649350649,0.4555735934993405,0.30919220055710306,150
qualification_r0_w150_b1024,7,1,G2,0.0005,lstm,R0,G2__qualification_r0_w150_b1024__lstm__r0__w150__fold_1__seed_42,42,0.8814838101226029,0.3535797305074888,0.31233639654692286,0.8649350649350649,0.45794823042629085,0.30919220055710306,150
qualification_r0_w150_b1024,8,1,G2,0.0005,lstm,R0,G2__qualification_r0_w150_b1024__lstm__r0__w150__fold_1__seed_42,42,0.8817981766740018,0.3524946150015975,0.31239558970932174,0.8649350649350649,0.4618711265457141,0.30919220055710306,150
qualification_r0_w150_b1024,9,1,G2,0.0005,lstm,R0,G2__qualification_r0_w150_b1024__lstm__r0__w150__fold_1__seed_42,42,0.8817981766740018,0.34413756602067536,0.31239558970932174,0.8649350649350649,0.46132062127192813,0.30919220055710306,150
qualification_r0_w150_b1024,10,1,G2,0.00025,lstm,R0,G2__qualification_r0_w150_b1024__lstm__r0__w150__fold_1__seed_42,42,0.8814838101226029,0.33754604344696265,0.31233639654692286,0.8649350649350649,0.45989578012135124,0.30919220055710306,150
qualification_r0_w150_b1024,11,1,G2,0.00025,lstm,R0,G2__qualification_r0_w150_b1024__lstm__r0__w150__fold_1__seed_42,42,0.8817981766740018,0.3374895509478807,0.31239558970932174,0.8649350649350649,0.45411287158469615,0.30919220055710306,150
qualification_r0_w150_b1024,12,1,G2,0.00025,lstm,R0,G2__qualification_r0_w150_b1024__lstm__r0__w150__fold_1__seed_42,42,0.8817981766740018,0.3331317972439859,0.31239558970932174,0.8649350649350649,0.44633767930589197,0.30919220055710306,150
qualification_r0_w150_b1024,13,1,G2,0.00025,lstm,R0,G2__qualification_r0_w150_b1024__lstm__r0__w150__fold_1__seed_42,42,0.8817981766740018,0.3325277580775693,0.31239558970932174,0.8649350649350649,0.43782850627775316,0.30919220055710306,150
qualification_r0_w150_b1024,14,1,G2,0.000125,lstm,R0,G2__qualification_r0_w150_b1024__lstm__r0__w150__fold_1__seed_42,42,0.8817981766740018,0.3259643628251736,0.31239558970932174,0.8649350649350649,0.43456154076051917,0.30919220055710306,150
qualification_r0_w150_b1024,15,1,G2,0.000125,lstm,R0,G2__qualification_r0_w150_b1024__lstm__r0__w150__fold_1__seed_42,42,0.8817981766740018,0.3288103553417605,0.31239558970932174,0.8649350649350649,0.43198041375968366,0.30919220055710306,150
qualification_r0_w150_b1024,16,1,G2,0.000125,lstm,R0,G2__qualification_r0_w150_b1024__lstm__r0__w150__fold_1__seed_42,42,0.8817981766740018,0.3269587750050378,0.31239558970932174,0.8649350649350649,0.4301583958201078,0.30919220055710306,150
qualification_r0_w150_b1024,1,1,G2,0.001,tcn,R0,G2__qualification_r0_w150_b1024__tcn__r0__w150__fold_1__seed_42,42,0.12134548883998743,1.102808759764132,0.07443172775747024,0.8173160173160173,0.893504803005235,0.3284884734160096,150
qualification_r0_w150_b1024,2,1,G2,0.001,tcn,R0,G2__qualification_r0_w150_b1024__tcn__r0__w150__fold_1__seed_42,42,0.8717384470292361,0.7967074565338811,0.3138262742282843,0.8649350649350649,0.5797947736013503,0.30919220055710306,150
qualification_r0_w150_b1024,3,1,G2,0.001,tcn,R0,G2__qualification_r0_w150_b1024__tcn__r0__w150__fold_1__seed_42,42,0.8817981766740018,0.5400236063091982,0.31239558970932174,0.8649350649350649,0.4379111811712191,0.30919220055710306,150
qualification_r0_w150_b1024,4,1,G2,0.001,tcn,R0,G2__qualification_r0_w150_b1024__tcn__r0__w150__fold_1__seed_42,42,0.8817981766740018,0.3947011062799854,0.31239558970932174,0.8649350649350649,0.36812260616651343,0.30919220055710306,150
qualification_r0_w150_b1024,5,1,G2,0.001,tcn,R0,G2__qualification_r0_w150_b1024__tcn__r0__w150__fold_1__seed_42,42,0.8817981766740018,0.30163575408594373,0.31602457646162535,0.8562770562770563,0.36732078693903886,0.3844280076704945,150
qualification_r0_w150_b1024,6,1,G2,0.001,tcn,R0,G2__qualification_r0_w150_b1024__tcn__r0__w150__fold_1__seed_42,42,0.8928010059729645,0.2896492547656859,0.4892793030724065,0.8528138528138528,0.3852246167855861,0.41985548248774407,150
qualification_r0_w150_b1024,7,1,G2,0.001,tcn,R0,G2__qualification_r0_w150_b1024__tcn__r0__w150__fold_1__seed_42,42,0.8874567745991826,0.29245936268157685,0.4874974642123182,0.8510822510822511,0.3852082755400505,0.42510647195413176,150
qualification_r0_w150_b1024,8,1,G2,0.001,tcn,R0,G2__qualification_r0_w150_b1024__tcn__r0__w150__fold_1__seed_42,42,0.8824269097767997,0.2936929304413884,0.4839769544181309,0.8510822510822511,0.38474129002331653,0.42510647195413176,150
qualification_r0_w150_b1024,9,1,G2,0.001,tcn,R0,G2__qualification_r0_w150_b1024__tcn__r0__w150__fold_1__seed_42,42,0.8830556428795976,0.2904174668501848,0.4837209138328559,0.8536796536796537,0.38478319501722014,0.42047714726416624,150
qualification_r0_w150_b1024,10,1,G2,0.001,tcn,R0,G2__qualification_r0_w150_b1024__tcn__r0__w150__fold_1__seed_42,42,0.8893429739075762,0.28545039069611333,0.48804427699372255,0.8649350649350649,0.3884096289674441,0.41604803493449777,150
qualification_r0_w150_b1024,11,1,G2,0.001,tcn,R0,G2__qualification_r0_w150_b1024__tcn__r0__w150__fold_1__seed_42,42,0.8912291732159698,0.2829625195291049,0.4845107708064889,0.8597402597402597,0.3788286352957482,0.38171758818761675,150
qualification_r0_w150_b1024,12,1,G2,0.0005,tcn,R0,G2__qualification_r0_w150_b1024__tcn__r0__w150__fold_1__seed_42,42,0.890286073561773,0.2796869314024187,0.4797563415743764,0.8606060606060606,0.37519722811845474,0.3822478905924192,150
qualification_r0_w150_b1024,13,1,G2,0.0005,tcn,R0,G2__qualification_r0_w150_b1024__tcn__r0__w150__fold_1__seed_42,42,0.8896573404589752,0.2796755957363612,0.4761489009668165,0.8606060606060606,0.3723458433435077,0.3771696106487725,150
qualification_r0_w150_b1024,14,1,G2,0.0005,tcn,R0,G2__qualification_r0_w150_b1024__tcn__r0__w150__fold_1__seed_42,42,0.8896573404589752,0.27878899870897683,0.4735744983413535,0.8588744588744589,0.3742978450797853,0.36820119719219674,150
qualification_r0_w150_b1024,15,1,G2,0.0005,tcn,R0,G2__qualification_r0_w150_b1024__tcn__r0__w150__fold_1__seed_42,42,0.8883998742533794,0.2768059026160655,0.42735495335758916,0.8649350649350649,0.38176274851158065,0.30919220055710306,150
qualification_r0_w150_b1024,16,1,G2,0.00025,tcn,R0,G2__qualification_r0_w150_b1024__tcn__r0__w150__fold_1__seed_42,42,0.8824269097767997,0.2769166380026475,0.3380501114640087,0.8640692640692641,0.3829510180207042,0.3653970260247909,150
qualification_r0_w150_b1024,17,1,G2,0.00025,tcn,R0,G2__qualification_r0_w150_b1024__tcn__r0__w150__fold_1__seed_42,42,0.8877711411505815,0.27586084377537057,0.44085123110925234,0.8606060606060606,0.38199978106336674,0.3771696106487725,150
qualification_r0_w150_b1024,18,1,G2,0.00025,tcn,R0,G2__qualification_r0_w150_b1024__tcn__r0__w150__fold_1__seed_42,42,0.8899717070103741,0.27466479873215016,0.4744053158245445,0.8597402597402597,0.38169656094018517,0.38171758818761675,150
qualification_r0_w150_b1024,19,1,G2,0.00025,tcn,R0,G2__qualification_r0_w150_b1024__tcn__r0__w150__fold_1__seed_42,42,0.8909148066645709,0.2743466528040626,0.47988960985094503,0.8623376623376623,0.38116774761573574,0.3975170025894664,150
qualification_r0_w150_b1024,20,1,G2,0.000125,tcn,R0,G2__qualification_r0_w150_b1024__tcn__r0__w150__fold_1__seed_42,42,0.8918579063187677,0.27415399407954455,0.48372850613275914,0.8632034632034632,0.381062244072363,0.40464075403223476,150
qualification_r0_w150_b1024,21,1,G2,0.000125,tcn,R0,G2__qualification_r0_w150_b1024__tcn__r0__w150__fold_1__seed_42,42,0.8924866394215656,0.27328380439237243,0.485769438332849,0.8614718614718615,0.3808296368751691,0.4034312313422675,150
qualification_r0_w150_b1024,22,1,G2,0.000125,tcn,R0,G2__qualification_r0_w150_b1024__tcn__r0__w150__fold_1__seed_42,42,0.8918579063187677,0.27287978907775967,0.4846714267923118,0.8614718614718615,0.3810148824667518,0.4034312313422675,150
qualification_r0_w150_b1024,1,1,G2,0.001,transformer,R0,G2__qualification_r0_w150_b1024__transformer__r0__w150__fold_1__seed_42,42,0.7783715812637535,0.7132980122351864,0.31401545172982415,0.8242424242424242,0.49860300955834325,0.3094942382805512,150
qualification_r0_w150_b1024,2,1,G2,0.001,transformer,R0,G2__qualification_r0_w150_b1024__transformer__r0__w150__fold_1__seed_42,42,0.8698522477208425,0.3893948185372675,0.4459737821798148,0.8649350649350649,0.4052165243016693,0.30919220055710306,150
qualification_r0_w150_b1024,3,1,G2,0.001,transformer,R0,G2__qualification_r0_w150_b1024__transformer__r0__w150__fold_1__seed_42,42,0.8817981766740018,0.3161690553772641,0.31239558970932174,0.8649350649350649,0.38760539811927003,0.30919220055710306,150
qualification_r0_w150_b1024,4,1,G2,0.001,transformer,R0,G2__qualification_r0_w150_b1024__transformer__r0__w150__fold_1__seed_42,42,0.8874567745991826,0.2984279712128662,0.3695839418791896,0.8597402597402597,0.3794567290967677,0.3792126495409441,150
qualification_r0_w150_b1024,5,1,G2,0.001,transformer,R0,G2__qualification_r0_w150_b1024__transformer__r0__w150__fold_1__seed_42,42,0.8912291732159698,0.2903022467855836,0.484043491057599,0.8571428571428571,0.37811593666221155,0.41041757118105576,150
qualification_r0_w150_b1024,6,1,G2,0.001,transformer,R0,G2__qualification_r0_w150_b1024__transformer__r0__w150__fold_1__seed_42,42,0.8912291732159698,0.2878305147894146,0.48990864286572905,0.8536796536796537,0.37767754140354337,0.39609204536740766,150
qualification_r0_w150_b1024,7,1,G2,0.001,transformer,R0,G2__qualification_r0_w150_b1024__transformer__r0__w150__fold_1__seed_42,42,0.8915435397673688,0.28574367248386157,0.48666589749893435,0.8597402597402597,0.3760398960926316,0.3792126495409441,150
qualification_r0_w150_b1024,8,1,G2,0.001,transformer,R0,G2__qualification_r0_w150_b1024__transformer__r0__w150__fold_1__seed_42,42,0.890600440113172,0.2841545805096139,0.4790841527905942,0.8597402597402597,0.3741063762794841,0.3792126495409441,150
qualification_r0_w150_b1024,9,1,G2,0.001,transformer,R0,G2__qualification_r0_w150_b1024__transformer__r0__w150__fold_1__seed_42,42,0.8915435397673688,0.2831122820546364,0.48002271066061225,0.8606060606060606,0.3731531705691185,0.3822478905924192,150
qualification_r0_w150_b1024,10,1,G2,0.0005,transformer,R0,G2__qualification_r0_w150_b1024__transformer__r0__w150__fold_1__seed_42,42,0.8912291732159698,0.2818248354200671,0.4831005186954056,0.8588744588744589,0.37419296174725414,0.3811905807979106,150
qualification_r0_w150_b1024,11,1,G2,0.0005,transformer,R0,G2__qualification_r0_w150_b1024__transformer__r0__w150__fold_1__seed_42,42,0.8924866394215656,0.2814237610025625,0.48483223586294,0.8588744588744589,0.3762361076100048,0.3811905807979106,150
qualification_r0_w150_b1024,12,1,G2,0.0005,transformer,R0,G2__qualification_r0_w150_b1024__transformer__r0__w150__fold_1__seed_42,42,0.8915435397673688,0.28073461610953865,0.4838870384567457,0.8554112554112554,0.3777364360499176,0.3791145181946056,150
qualification_r0_w150_b1024,13,1,G2,0.0005,transformer,R0,G2__qualification_r0_w150_b1024__transformer__r0__w150__fold_1__seed_42,42,0.8928010059729645,0.2801346838268159,0.4860859077952222,0.8528138528138528,0.3769683703844681,0.3775897173911434,150
qualification_r0_w150_b1024,14,1,G2,0.00025,transformer,R0,G2__qualification_r0_w150_b1024__transformer__r0__w150__fold_1__seed_42,42,0.8918579063187677,0.27981659482856547,0.48652381735009725,0.8493506493506493,0.376985412900582,0.3779537456008044,150
qualification_r0_w150_b1024,15,1,G2,0.00025,transformer,R0,G2__qualification_r0_w150_b1024__transformer__r0__w150__fold_1__seed_42,42,0.8928010059729645,0.27938674908413597,0.48792691998445914,0.8502164502164502,0.37763140755040303,0.3807770396174804,150
qualification_r0_w150_b1024,16,1,G2,0.00025,transformer,R0,G2__qualification_r0_w150_b1024__transformer__r0__w150__fold_1__seed_42,42,0.8928010059729645,0.2789354991215799,0.4883803776867756,0.8502164502164502,0.37880333619458334,0.3807770396174804,150
qualification_r0_w150_b1024,17,1,G2,0.00025,transformer,R0,G2__qualification_r0_w150_b1024__transformer__r0__w150__fold_1__seed_42,42,0.8940584721785602,0.2784810551857656,0.4905511623212931,0.8493506493506493,0.3807538452215525,0.3802673385241779,150
qualification_r0_w150_b1024,18,1,G2,0.000125,transformer,R0,G2__qualification_r0_w150_b1024__transformer__r0__w150__fold_1__seed_42,42,0.8934297390757623,0.27827223859954575,0.4890150875252339,0.8502164502164502,0.3817489032169957,0.3807770396174804,150
qualification_r0_w150_b1024,19,1,G2,0.000125,transformer,R0,G2__qualification_r0_w150_b1024__transformer__r0__w150__fold_1__seed_42,42,0.8931153725243635,0.27800553346609624,0.489148108872393,0.8502164502164502,0.3824950513063055,0.3807770396174804,150
qualification_r0_w150_b1024,20,1,G2,0.000125,transformer,R0,G2__qualification_r0_w150_b1024__transformer__r0__w150__fold_1__seed_42,42,0.8931153725243635,0.27827934264031196,0.4877878547593088,0.8493506493506493,0.38293229758868486,0.3779537456008044,150
qualification_r0_w150_b1024,1,2,G2,0.001,lstm,R0,G2__qualification_r0_w150_b1024__lstm__r0__w150__fold_2__seed_42,42,0.31865828092243187,1.075276851404138,0.21389345130038126,0.6956896551724138,1.0480813848561255,0.32686209139697514,150
qualification_r0_w150_b1024,2,2,G2,0.001,lstm,R0,G2__qualification_r0_w150_b1024__lstm__r0__w150__fold_2__seed_42,42,0.7498252969951084,1.0276143276799734,0.4654070522788438,0.7413793103448276,0.9899510860443115,0.3350620480738473,150
qualification_r0_w150_b1024,3,2,G2,0.001,lstm,R0,G2__qualification_r0_w150_b1024__lstm__r0__w150__fold_2__seed_42,42,0.7948986722571628,0.9729962705899418,0.48076389390241286,0.7603448275862069,0.9174728890945172,0.34117497430251925,150
qualification_r0_w150_b1024,4,2,G2,0.001,lstm,R0,G2__qualification_r0_w150_b1024__lstm__r0__w150__fold_2__seed_42,42,0.7994409503843466,0.9032056656107046,0.46100421667471686,0.8301724137931035,0.8169850295987623,0.3725782006411375,150
qualification_r0_w150_b1024,5,2,G2,0.001,lstm,R0,G2__qualification_r0_w150_b1024__lstm__r0__w150__fold_2__seed_42,42,0.7962962962962963,0.8015210971725645,0.42511351701373257,0.9198275862068965,0.6748812996107957,0.3194132614878012,150
qualification_r0_w150_b1024,6,2,G2,0.001,lstm,R0,G2__qualification_r0_w150_b1024__lstm__r0__w150__fold_2__seed_42,42,0.7973445143256463,0.6683792321520364,0.4032444102087691,0.9224137931034483,0.5131407622633309,0.31988041853512705,150
qualification_r0_w150_b1024,7,2,G2,0.001,lstm,R0,G2__qualification_r0_w150_b1024__lstm__r0__w150__fold_2__seed_42,42,0.7966457023060797,0.5436051474593887,0.35726421950535886,0.9258620689655173,0.40459989350417563,0.3205013428827216,150
qualification_r0_w150_b1024,8,2,G2,0.001,lstm,R0,G2__qualification_r0_w150_b1024__lstm__r0__w150__fold_2__seed_42,42,0.7914046121593291,0.4865088849572516,0.3154340008150767,0.9258620689655173,0.3537237751072851,0.3205013428827216,150
qualification_r0_w150_b1024,9,2,G2,0.0005,lstm,R0,G2__qualification_r0_w150_b1024__lstm__r0__w150__fold_2__seed_42,42,0.7917540181691125,0.4770336832557001,0.30882402778954504,0.9258620689655173,0.3470526864816403,0.3205013428827216,150
qualification_r0_w150_b1024,10,2,G2,0.0005,lstm,R0,G2__qualification_r0_w150_b1024__lstm__r0__w150__fold_2__seed_42,42,0.7910552061495457,0.47616980194129116,0.3306539762392927,0.9258620689655173,0.35031575211163224,0.3205013428827216,150
qualification_r0_w150_b1024,11,2,G2,0.0005,lstm,R0,G2__qualification_r0_w150_b1024__lstm__r0__w150__fold_2__seed_42,42,0.8144654088050315,0.4685924247500782,0.44758497944010456,0.8629310344827587,0.3581720814622682,0.3823956093894744,150
qualification_r0_w150_b1024,12,2,G2,0.0005,lstm,R0,G2__qualification_r0_w150_b1024__lstm__r0__w150__fold_2__seed_42,42,0.8256464011180993,0.46609758614327507,0.4884416650335048,0.8568965517241379,0.36153317227445797,0.3811830788134105,150
qualification_r0_w150_b1024,13,2,G2,0.0005,lstm,R0,G2__qualification_r0_w150_b1024__lstm__r0__w150__fold_2__seed_42,42,0.8291404612159329,0.4546137717451606,0.4972589028855013,0.8577586206896551,0.35819612751747,0.38430654934225417,150
qualification_r0_w150_b1024,14,2,G2,0.0005,lstm,R0,G2__qualification_r0_w150_b1024__lstm__r0__w150__fold_2__seed_42,42,0.8333333333333334,0.4513568056371144,0.5030859561891329,0.8551724137931035,0.3538784941722607,0.3826502308350493,150
qualification_r0_w150_b1024,15,2,G2,0.0005,lstm,R0,G2__qualification_r0_w150_b1024__lstm__r0__w150__fold_2__seed_42,42,0.8312368972746331,0.44571472872061635,0.49973203125061855,0.853448275862069,0.351158273014529,0.38156390566365966,150
qualification_r0_w150_b1024,16,2,G2,0.0005,lstm,R0,G2__qualification_r0_w150_b1024__lstm__r0__w150__fold_2__seed_42,42,0.83298392732355,0.44183928930284594,0.5014944872042849,0.8474137931034482,0.3524245685544507,0.37786772798875395,150
qualification_r0_w150_b1024,17,2,G2,0.0005,lstm,R0,G2__qualification_r0_w150_b1024__lstm__r0__w150__fold_2__seed_42,42,0.836827393431167,0.4365707632339059,0.506878358777977,0.8456896551724138,0.35464945754100535,0.3792442138245981,150
qualification_r0_w150_b1024,18,2,G2,0.00025,lstm,R0,G2__qualification_r0_w150_b1024__lstm__r0__w150__fold_2__seed_42,42,0.8319357092941999,0.4380407828621561,0.5026820704443465,0.8439655172413794,0.35566600900271844,0.37821223427739836,150
qualification_r0_w150_b1024,19,2,G2,0.00025,lstm,R0,G2__qualification_r0_w150_b1024__lstm__r0__w150__fold_2__seed_42,42,0.8389238294898672,0.43436551471009777,0.5113574681222767,0.8439655172413794,0.3573958822365465,0.3805553916179043,150
qualification_r0_w150_b1024,20,2,G2,0.00025,lstm,R0,G2__qualification_r0_w150_b1024__lstm__r0__w150__fold_2__seed_42,42,0.8385744234800838,0.43234854426357316,0.511062869600679,0.843103448275862,0.3589740627798541,0.38003599210495764,150
qualification_r0_w150_b1024,21,2,G2,0.00025,lstm,R0,G2__qualification_r0_w150_b1024__lstm__r0__w150__fold_2__seed_42,42,0.8385744234800838,0.43547878135841767,0.5116934447494568,0.843103448275862,0.3583517406521172,0.38003599210495764,150
qualification_r0_w150_b1024,22,2,G2,0.000125,lstm,R0,G2__qualification_r0_w150_b1024__lstm__r0__w150__fold_2__seed_42,42,0.8389238294898672,0.4319608470803787,0.5123198514101474,0.843103448275862,0.3578766390167434,0.38003599210495764,150
qualification_r0_w150_b1024,23,2,G2,0.000125,lstm,R0,G2__qualification_r0_w150_b1024__lstm__r0__w150__fold_2__seed_42,42,0.8385744234800838,0.4366325884328532,0.5119745026915915,0.843103448275862,0.35735826225116335,0.38003599210495764,150
qualification_r0_w150_b1024,24,2,G2,0.000125,lstm,R0,G2__qualification_r0_w150_b1024__lstm__r0__w150__fold_2__seed_42,42,0.8385744234800838,0.4347607234738908,0.5124020926968574,0.8422413793103448,0.35716123961169144,0.3795195568920871,150
qualification_r0_w150_b1024,25,2,G2,0.000125,lstm,R0,G2__qualification_r0_w150_b1024__lstm__r0__w150__fold_2__seed_42,42,0.8378756114605171,0.43610240874133854,0.5116461270604193,0.8422413793103448,0.3570147803117489,0.3795195568920871,150
qualification_r0_w150_b1024,26,2,G2,6.25e-05,lstm,R0,G2__qualification_r0_w150_b1024__lstm__r0__w150__fold_2__seed_42,42,0.8420684835779175,0.431405846282038,0.5163594165983627,0.8422413793103448,0.3566249181484354,0.3795195568920871,150
qualification_r0_w150_b1024,1,2,G2,0.001,tcn,R0,G2__qualification_r0_w150_b1024__tcn__r0__w150__fold_2__seed_42,42,0.1893780573025856,1.091362006592634,0.10679282515660943,0.23706896551724138,0.9743845972521552,0.15243674597249524,150
qualification_r0_w150_b1024,2,2,G2,0.001,tcn,R0,G2__qualification_r0_w150_b1024__tcn__r0__w150__fold_2__seed_42,42,0.6306778476589797,0.8897503777703233,0.3732346716942599,0.9258620689655173,0.6816673546001829,0.3205013428827216,150
qualification_r0_w150_b1024,3,2,G2,0.001,tcn,R0,G2__qualification_r0_w150_b1024__tcn__r0__w150__fold_2__seed_42,42,0.789308176100629,0.7039775927528312,0.29408318687756296,0.9258620689655173,0.4074731232791111,0.3205013428827216,150
qualification_r0_w150_b1024,4,2,G2,0.001,tcn,R0,G2__qualification_r0_w150_b1024__tcn__r0__w150__fold_2__seed_42,42,0.789308176100629,0.5918901122007897,0.29408318687756296,0.9258620689655173,0.31644918517819765,0.3205013428827216,150
qualification_r0_w150_b1024,5,2,G2,0.001,tcn,R0,G2__qualification_r0_w150_b1024__tcn__r0__w150__fold_2__seed_42,42,0.789308176100629,0.49669414583741994,0.29408318687756296,0.9,0.32603925425430824,0.37381364604096046,150
qualification_r0_w150_b1024,6,2,G2,0.001,tcn,R0,G2__qualification_r0_w150_b1024__tcn__r0__w150__fold_2__seed_42,42,0.8277428371767994,0.4314186331860924,0.48286393174033626,0.8758620689655172,0.34768468984242146,0.37269453361407384,150
qualification_r0_w150_b1024,7,2,G2,0.001,tcn,R0,G2__qualification_r0_w150_b1024__tcn__r0__w150__fold_2__seed_42,42,0.8389238294898672,0.41097033613216283,0.5073328010569066,0.8706896551724138,0.363503338036866,0.37269208899649664,150
qualification_r0_w150_b1024,8,2,G2,0.001,tcn,R0,G2__qualification_r0_w150_b1024__tcn__r0__w150__fold_2__seed_42,42,0.8410202655485675,0.40741159464411597,0.5141495872876923,0.8637931034482759,0.37850765698942646,0.374494743262382,150
qualification_r0_w150_b1024,9,2,G2,0.001,tcn,R0,G2__qualification_r0_w150_b1024__tcn__r0__w150__fold_2__seed_42,42,0.8441649196366178,0.40572759798571084,0.5188480358575245,0.8586206896551725,0.38823078336386846,0.3741894869373623,150
qualification_r0_w150_b1024,10,2,G2,0.001,tcn,R0,G2__qualification_r0_w150_b1024__tcn__r0__w150__fold_2__seed_42,42,0.8480083857442348,0.4037735483014942,0.524263007923191,0.8577586206896551,0.38959802491911527,0.3736707992557548,150
qualification_r0_w150_b1024,11,2,G2,0.001,tcn,R0,G2__qualification_r0_w150_b1024__tcn__r0__w150__fold_2__seed_42,42,0.8455625436757512,0.4022092333754653,0.5206169133063048,0.8663793103448276,0.37883843974820497,0.3731181968979136,150
qualification_r0_w150_b1024,12,2,G2,0.001,tcn,R0,G2__qualification_r0_w150_b1024__tcn__r0__w150__fold_2__seed_42,42,0.8427672955974843,0.39884521049440197,0.5160410588786709,0.8706896551724138,0.3669224053621292,0.37269208899649664,150
qualification_r0_w150_b1024,13,2,G2,0.0005,tcn,R0,G2__qualification_r0_w150_b1024__tcn__r0__w150__fold_2__seed_42,42,0.8431167016072676,0.3973160986297202,0.5153239401988751,0.871551724137931,0.3630789787604891,0.3732301311328175,150
qualification_r0_w150_b1024,14,2,G2,0.0005,tcn,R0,G2__qualification_r0_w150_b1024__tcn__r0__w150__fold_2__seed_42,42,0.8431167016072676,0.3950472662158982,0.5153239401988751,0.8706896551724138,0.3611162653257107,0.37269208899649664,150
qualification_r0_w150_b1024,15,2,G2,0.0005,tcn,R0,G2__qualification_r0_w150_b1024__tcn__r0__w150__fold_2__seed_42,42,0.8441649196366178,0.3931339438523053,0.5163351346936981,0.8706896551724138,0.35964918547663194,0.37269208899649664,150
qualification_r0_w150_b1024,16,2,G2,0.0005,tcn,R0,G2__qualification_r0_w150_b1024__tcn__r0__w150__fold_2__seed_42,42,0.8441649196366178,0.3916566142204506,0.516606247583628,0.871551724137931,0.3545305122589243,0.3732301311328175,150
qualification_r0_w150_b1024,17,2,G2,0.00025,tcn,R0,G2__qualification_r0_w150_b1024__tcn__r0__w150__fold_2__seed_42,42,0.8438155136268344,0.39053924824290137,0.516261970469305,0.8724137931034482,0.35129016925548684,0.37377243732383914,150
qualification_r0_w150_b1024,18,2,G2,0.00025,tcn,R0,G2__qualification_r0_w150_b1024__tcn__r0__w150__fold_2__seed_42,42,0.8452131376659678,0.389677107521573,0.5173476260615987,0.8741379310344828,0.3481999889529985,0.3748701622549957,150
qualification_r0_w150_b1024,19,2,G2,0.00025,tcn,R0,G2__qualification_r0_w150_b1024__tcn__r0__w150__fold_2__seed_42,42,0.8448637316561844,0.38900889359430196,0.5170032994471198,0.8741379310344828,0.34652750707905866,0.3748701622549957,150
qualification_r0_w150_b1024,20,2,G2,0.00025,tcn,R0,G2__qualification_r0_w150_b1024__tcn__r0__w150__fold_2__seed_42,42,0.8448637316561844,0.38828040985358003,0.5170032994471198,0.8741379310344828,0.3456454567868134,0.3748701622549957,150
qualification_r0_w150_b1024,1,2,G2,0.001,transformer,R0,G2__qualification_r0_w150_b1024__transformer__r0__w150__fold_2__seed_42,42,0.6851851851851852,0.8177810979422616,0.3419132964449266,0.8620689655172413,0.49870374099961645,0.3105107902499612,150
qualification_r0_w150_b1024,2,2,G2,0.001,transformer,R0,G2__qualification_r0_w150_b1024__transformer__r0__w150__fold_2__seed_42,42,0.7833682739343116,0.5363305864594018,0.4403861967677427,0.9008620689655172,0.37315316046106406,0.3699900156896305,150
qualification_r0_w150_b1024,3,2,G2,0.001,transformer,R0,G2__qualification_r0_w150_b1024__transformer__r0__w150__fold_2__seed_42,42,0.822501747030049,0.4478866393586125,0.47403958361067255,0.8870689655172413,0.3429383369355366,0.36910802823043004,150
qualification_r0_w150_b1024,4,2,G2,0.001,transformer,R0,G2__qualification_r0_w150_b1024__transformer__r0__w150__fold_2__seed_42,42,0.8361285814116003,0.42119269588458463,0.4986136383509107,0.875,0.34624155040445,0.37215000405184456,150
qualification_r0_w150_b1024,5,2,G2,0.001,transformer,R0,G2__qualification_r0_w150_b1024__transformer__r0__w150__fold_2__seed_42,42,0.8389238294898672,0.4141438392223302,0.5053284281123617,0.8637931034482759,0.3576837204653641,0.37154692286271235,150
qualification_r0_w150_b1024,6,2,G2,0.001,transformer,R0,G2__qualification_r0_w150_b1024__transformer__r0__w150__fold_2__seed_42,42,0.8410202655485675,0.411281859204121,0.5097907879407294,0.8612068965517241,0.36025035432700453,0.3757669884635522,150
qualification_r0_w150_b1024,7,2,G2,0.001,transformer,R0,G2__qualification_r0_w150_b1024__transformer__r0__w150__fold_2__seed_42,42,0.8406708595387841,0.40696793919589286,0.509735647144005,0.8612068965517241,0.35541326660534434,0.3757669884635522,150
qualification_r0_w150_b1024,8,2,G2,0.001,transformer,R0,G2__qualification_r0_w150_b1024__transformer__r0__w150__fold_2__seed_42,42,0.8410202655485675,0.4016859038862459,0.5097907879407294,0.8620689655172413,0.35289603985589124,0.3763001699215253,150
qualification_r0_w150_b1024,9,2,G2,0.001,transformer,R0,G2__qualification_r0_w150_b1024__transformer__r0__w150__fold_2__seed_42,42,0.8420684835779175,0.39666509584560833,0.5107213362493283,0.8620689655172413,0.35572638614424346,0.3763001699215253,150
qualification_r0_w150_b1024,10,2,G2,0.001,transformer,R0,G2__qualification_r0_w150_b1024__transformer__r0__w150__fold_2__seed_42,42,0.8427672955974843,0.39120956909648197,0.512106705457089,0.8525862068965517,0.36375210285186765,0.37062971254431504,150
qualification_r0_w150_b1024,11,2,G2,0.001,transformer,R0,G2__qualification_r0_w150_b1024__transformer__r0__w150__fold_2__seed_42,42,0.8469601677148847,0.3850943572991049,0.5181355008767268,0.8551724137931035,0.3734226617319831,0.396932937007382,150
qualification_r0_w150_b1024,12,2,G2,0.001,transformer,R0,G2__qualification_r0_w150_b1024__transformer__r0__w150__fold_2__seed_42,42,0.8490566037735849,0.3792330579354495,0.5224012486075762,0.8568965517241379,0.37617523012490106,0.40471738144360064,150
qualification_r0_w150_b1024,13,2,G2,0.001,transformer,R0,G2__qualification_r0_w150_b1024__transformer__r0__w150__fold_2__seed_42,42,0.8508036338225018,0.37159834447063655,0.524822254785836,0.8568965517241379,0.3739833965383727,0.4025623775464438,150
qualification_r0_w150_b1024,14,2,G2,0.001,transformer,R0,G2__qualification_r0_w150_b1024__transformer__r0__w150__fold_2__seed_42,42,0.8535988819007687,0.3654846921615214,0.5906032026721681,0.8568965517241379,0.377578564347892,0.40471738144360064,150
qualification_r0_w150_b1024,15,2,G2,0.001,transformer,R0,G2__qualification_r0_w150_b1024__transformer__r0__w150__fold_2__seed_42,42,0.8570929419986024,0.3613035149252723,0.6519670678542041,0.853448275862069,0.38355440641271654,0.4084289248762933,150
qualification_r0_w150_b1024,16,2,G2,0.001,transformer,R0,G2__qualification_r0_w150_b1024__transformer__r0__w150__fold_2__seed_42,42,0.8574423480083857,0.3565920818151918,0.6784717044400689,0.8525862068965517,0.38981819204215346,0.40780859121470475,150
qualification_r0_w150_b1024,17,2,G2,0.001,transformer,R0,G2__qualification_r0_w150_b1024__transformer__r0__w150__fold_2__seed_42,42,0.8598881900768693,0.3532905409504366,0.7117390697854504,0.8525862068965517,0.39119573143021813,0.41023773139910547,150
qualification_r0_w150_b1024,18,2,G2,0.001,transformer,R0,G2__qualification_r0_w150_b1024__transformer__r0__w150__fold_2__seed_42,42,0.8574423480083857,0.350596953487996,0.7102557128725272,0.8517241379310345,0.38699456514983344,0.4085327159996552,150
qualification_r0_w150_b1024,19,2,G2,0.001,transformer,R0,G2__qualification_r0_w150_b1024__transformer__r0__w150__fold_2__seed_42,42,0.8588399720475192,0.3470696325613684,0.7114805370580695,0.8525862068965517,0.38809378979534936,0.4071331319649436,150
qualification_r0_w150_b1024,20,2,G2,0.001,transformer,R0,G2__qualification_r0_w150_b1024__transformer__r0__w150__fold_2__seed_42,42,0.8588399720475192,0.34304662787106216,0.7133057915603289,0.8517241379310345,0.3901699324106348,0.4085327159996552,150
qualification_r0_w150_b1024,21,2,G2,0.001,transformer,R0,G2__qualification_r0_w150_b1024__transformer__r0__w150__fold_2__seed_42,42,0.8577917540181691,0.34047357016389473,0.7114238004989056,0.85,0.3899268586060097,0.40728727566448747,150
qualification_r0_w150_b1024,22,2,G2,0.0005,transformer,R0,G2__qualification_r0_w150_b1024__transformer__r0__w150__fold_2__seed_42,42,0.856743535988819,0.3379056521598315,0.7099835432834007,0.8491379310344828,0.3917657529485637,0.4046631584578522,150
qualification_r0_w150_b1024,23,2,G2,0.0005,transformer,R0,G2__qualification_r0_w150_b1024__transformer__r0__w150__fold_2__seed_42,42,0.8588399720475192,0.336264842169673,0.7183300841873885,0.8456896551724138,0.39403903597387774,0.4042378745420754,150
qualification_r0_w150_b1024,24,2,G2,0.0005,transformer,R0,G2__qualification_r0_w150_b1024__transformer__r0__w150__fold_2__seed_42,42,0.8581411600279525,0.3353888161485633,0.7209624268505769,0.8405172413793104,0.4012502610683441,0.40069276298089856,150
qualification_r0_w150_b1024,25,2,G2,0.0005,transformer,R0,G2__qualification_r0_w150_b1024__transformer__r0__w150__fold_2__seed_42,42,0.859538784067086,0.3331722120235718,0.725464405815325,0.8396551724137931,0.40495438370211373,0.4020308701847661,150
qualification_r0_w150_b1024,26,2,G2,0.00025,transformer,R0,G2__qualification_r0_w150_b1024__transformer__r0__w150__fold_2__seed_42,42,0.8574423480083857,0.3324647832383316,0.7168064879960436,0.8405172413793104,0.40295085208169346,0.4010995505215773,150
qualification_r0_w150_b1024,27,2,G2,0.00025,transformer,R0,G2__qualification_r0_w150_b1024__transformer__r0__w150__fold_2__seed_42,42,0.8591893780573026,0.33158662963130103,0.7251477460444185,0.8413793103448276,0.40235532614691505,0.40168555321450944,150
qualification_r0_w150_b1024,28,2,G2,0.00025,transformer,R0,G2__qualification_r0_w150_b1024__transformer__r0__w150__fold_2__seed_42,42,0.8609364081062194,0.3302524979925922,0.728374337570275,0.8413793103448276,0.40313286627161093,0.40209922079124477,150
qualification_r0_w150_b1024,29,2,G2,0.00025,transformer,R0,G2__qualification_r0_w150_b1024__transformer__r0__w150__fold_2__seed_42,42,0.860587002096436,0.3298324419434132,0.7285340578498416,0.8396551724137931,0.40454350154975366,0.3989635965324325,150
qualification_r0_w150_b1024,30,2,G2,0.000125,transformer,R0,G2__qualification_r0_w150_b1024__transformer__r0__w150__fold_2__seed_42,42,0.860587002096436,0.3291081501877783,0.7207220075659247,0.8396551724137931,0.40503622889518737,0.3989635965324325,150
qualification_r0_w150_b1024,1,3,G2,0.001,lstm,R0,G2__qualification_r0_w150_b1024__lstm__r0__w150__fold_3__seed_42,42,0.3578656853725851,1.0707625976847346,0.24035154618583285,0.6382222222222222,1.037813799964057,0.3312131260175352,150
qualification_r0_w150_b1024,2,3,G2,0.001,lstm,R0,G2__qualification_r0_w150_b1024__lstm__r0__w150__fold_3__seed_42,42,0.8040478380864765,1.0049356687145707,0.49667105667894074,0.6648888888888889,0.9667430544429355,0.33703283306007475,150
qualification_r0_w150_b1024,3,3,G2,0.001,lstm,R0,G2__qualification_r0_w150_b1024__lstm__r0__w150__fold_3__seed_42,42,0.8258203005213125,0.9200198008070253,0.5065622720230415,0.6808888888888889,0.8651059041553073,0.3397809659855495,150
qualification_r0_w150_b1024,4,3,G2,0.001,lstm,R0,G2__qualification_r0_w150_b1024__lstm__r0__w150__fold_3__seed_42,42,0.827966881324747,0.7898372211400734,0.5019947790639343,0.7271111111111112,0.7148919268449148,0.3583299820184623,150
qualification_r0_w150_b1024,5,3,G2,0.001,lstm,R0,G2__qualification_r0_w150_b1024__lstm__r0__w150__fold_3__seed_42,42,0.8304201165286722,0.6037582677041633,0.5008156296865819,0.76,0.5933258468574948,0.37303326251066365,150
qualification_r0_w150_b1024,6,3,G2,0.001,lstm,R0,G2__qualification_r0_w150_b1024__lstm__r0__w150__fold_3__seed_42,42,0.8386997853419197,0.4810887493172587,0.49803462802714765,0.7813333333333333,0.5605257164041201,0.3706736869169587,150
qualification_r0_w150_b1024,7,3,G2,0.001,lstm,R0,G2__qualification_r0_w150_b1024__lstm__r0__w150__fold_3__seed_42,42,0.8356332413370132,0.45387178886086615,0.4708661235169462,0.7848888888888889,0.5530127223001586,0.3724978950164161,150
qualification_r0_w150_b1024,8,3,G2,0.001,lstm,R0,G2__qualification_r0_w150_b1024__lstm__r0__w150__fold_3__seed_42,42,0.8543391597669426,0.434730397040988,0.5175651289871648,0.7777777777777778,0.5668005912370152,0.3823061218888615,150
qualification_r0_w150_b1024,9,3,G2,0.001,lstm,R0,G2__qualification_r0_w150_b1024__lstm__r0__w150__fold_3__seed_42,42,0.864458754983134,0.42455301563347164,0.5353823617655883,0.7742222222222223,0.5563519696129693,0.38040783477570134,150
qualification_r0_w150_b1024,10,3,G2,0.001,lstm,R0,G2__qualification_r0_w150_b1024__lstm__r0__w150__fold_3__seed_42,42,0.8656853725850966,0.408688270627118,0.5372006834397847,0.7777777777777778,0.5174426271253162,0.3808887262156729,150
qualification_r0_w150_b1024,11,3,G2,0.001,lstm,R0,G2__qualification_r0_w150_b1024__lstm__r0__w150__fold_3__seed_42,42,0.865378718184606,0.40212831649631126,0.533821373467217,0.7768888888888889,0.5011779511041111,0.380414940393987,150
qualification_r0_w150_b1024,12,3,G2,0.001,lstm,R0,G2__qualification_r0_w150_b1024__lstm__r0__w150__fold_3__seed_42,42,0.8659920269855872,0.4021398503514968,0.536750101431712,0.7733333333333333,0.5275426971117655,0.3826905801815197,150
qualification_r0_w150_b1024,13,3,G2,0.001,lstm,R0,G2__qualification_r0_w150_b1024__lstm__r0__w150__fold_3__seed_42,42,0.8650720637841153,0.4045752591422934,0.5363085605455402,0.7768888888888889,0.5063621420595381,0.38182936254719985,150
qualification_r0_w150_b1024,14,3,G2,0.001,lstm,R0,G2__qualification_r0_w150_b1024__lstm__r0__w150__fold_3__seed_42,42,0.8690585709904937,0.4024703215872792,0.5390379667989987,0.7795555555555556,0.5129471030433973,0.381840748275818,150
qualification_r0_w150_b1024,15,3,G2,0.001,lstm,R0,G2__qualification_r0_w150_b1024__lstm__r0__w150__fold_3__seed_42,42,0.869671879791475,0.39884937473946064,0.539942654365135,0.7866666666666666,0.5192188585466809,0.38715800575409004,150
qualification_r0_w150_b1024,16,3,G2,0.001,lstm,R0,G2__qualification_r0_w150_b1024__lstm__r0__w150__fold_3__seed_42,42,0.8745783501993254,0.3959404624649002,0.5434611276237206,0.8231111111111111,0.4729966906905174,0.35882761769333,150
qualification_r0_w150_b1024,17,3,G2,0.001,lstm,R0,G2__qualification_r0_w150_b1024__lstm__r0__w150__fold_3__seed_42,42,0.8699785341919657,0.39566150855996135,0.5322238731854289,0.7955555555555556,0.5300443251993922,0.3906970504887905,150
qualification_r0_w150_b1024,18,3,G2,0.001,lstm,R0,G2__qualification_r0_w150_b1024__lstm__r0__w150__fold_3__seed_42,42,0.8742716957988347,0.39652235113708056,0.5437461697535056,0.7946666666666666,0.5366770291063521,0.39019047141256546,150
qualification_r0_w150_b1024,19,3,G2,0.001,lstm,R0,G2__qualification_r0_w150_b1024__lstm__r0__w150__fold_3__seed_42,42,0.8712051517939282,0.3934231271446939,0.5369778364798772,0.8213333333333334,0.4903566626575258,0.35795442249009896,150
qualification_r0_w150_b1024,20,3,G2,0.001,lstm,R0,G2__qualification_r0_w150_b1024__lstm__r0__w150__fold_3__seed_42,42,0.8712051517939282,0.3958252476187287,0.5300226247809618,0.8257777777777778,0.4987095808320575,0.3716538554097479,150
qualification_r0_w150_b1024,21,3,G2,0.001,lstm,R0,G2__qualification_r0_w150_b1024__lstm__r0__w150__fold_3__seed_42,42,0.8767249310027599,0.3873408173571624,0.5439777751595241,0.8248888888888889,0.505447482963403,0.37117064516220016,150
qualification_r0_w150_b1024,22,3,G2,0.0005,lstm,R0,G2__qualification_r0_w150_b1024__lstm__r0__w150__fold_3__seed_42,42,0.8718184605949095,0.38898879534552633,0.5347489135986266,0.824,0.500947862194644,0.3662403347896226,150
qualification_r0_w150_b1024,23,3,G2,0.0005,lstm,R0,G2__qualification_r0_w150_b1024__lstm__r0__w150__fold_3__seed_42,42,0.8739650413983441,0.3857812723638967,0.5370945985257913,0.8195555555555556,0.5042233613729477,0.38816491432645917,150
qualification_r0_w150_b1024,24,3,G2,0.0005,lstm,R0,G2__qualification_r0_w150_b1024__lstm__r0__w150__fold_3__seed_42,42,0.874885004599816,0.382406900399523,0.5419043114246668,0.8071111111111111,0.5135155706339413,0.3878834816229002,150
qualification_r0_w150_b1024,25,3,G2,0.0005,lstm,R0,G2__qualification_r0_w150_b1024__lstm__r0__w150__fold_3__seed_42,42,0.880098129408157,0.38247225798920087,0.5471688981343162,0.8311111111111111,0.5030562067561679,0.38939470161172823,150
qualification_r0_w150_b1024,26,3,G2,0.00025,lstm,R0,G2__qualification_r0_w150_b1024__lstm__r0__w150__fold_3__seed_42,42,0.8776448942042319,0.38457557582774804,0.5410771453792775,0.8302222222222222,0.5002751735912428,0.3868516273032138,150
qualification_r0_w150_b1024,27,3,G2,0.00025,lstm,R0,G2__qualification_r0_w150_b1024__lstm__r0__w150__fold_3__seed_42,42,0.8770315854032505,0.383269777348421,0.5409888311967971,0.8302222222222222,0.5009984267950058,0.3868516273032138,150
qualification_r0_w150_b1024,28,3,G2,0.00025,lstm,R0,G2__qualification_r0_w150_b1024__lstm__r0__w150__fold_3__seed_42,42,0.8758049678012879,0.38510591384824233,0.5396464614000128,0.8311111111111111,0.5021368270582623,0.38939470161172823,150
qualification_r0_w150_b1024,29,3,G2,0.00025,lstm,R0,G2__qualification_r0_w150_b1024__lstm__r0__w150__fold_3__seed_42,42,0.8785648574057038,0.3802018245463355,0.542845901344485,0.8311111111111111,0.502755750755469,0.38939470161172823,150
qualification_r0_w150_b1024,30,3,G2,0.000125,lstm,R0,G2__qualification_r0_w150_b1024__lstm__r0__w150__fold_3__seed_42,42,0.8788715118061944,0.37894947544923774,0.5434127947685212,0.8311111111111111,0.5036613495349884,0.38939470161172823,150
qualification_r0_w150_b1024,31,3,G2,0.000125,lstm,R0,G2__qualification_r0_w150_b1024__lstm__r0__w150__fold_3__seed_42,42,0.8745783501993254,0.3840067556247284,0.5395584814687038,0.8311111111111111,0.5062641061080827,0.38939470161172823,150
qualification_r0_w150_b1024,32,3,G2,0.000125,lstm,R0,G2__qualification_r0_w150_b1024__lstm__r0__w150__fold_3__seed_42,42,0.8776448942042319,0.38239064416940943,0.5428580721469093,0.8311111111111111,0.5080333115193579,0.38939470161172823,150
qualification_r0_w150_b1024,1,3,G2,0.001,tcn,R0,G2__qualification_r0_w150_b1024__tcn__r0__w150__fold_3__seed_42,42,0.20361852192578964,1.071195477943631,0.11635561740974536,0.6515555555555556,0.8947638891537985,0.37185505307746397,150
qualification_r0_w150_b1024,2,3,G2,0.001,tcn,R0,G2__qualification_r0_w150_b1024__tcn__r0__w150__fold_3__seed_42,42,0.808034345292855,0.8043385848827941,0.4561197860455031,0.8613333333333333,0.5545424285464816,0.30850047755491883,150
qualification_r0_w150_b1024,3,3,G2,0.001,tcn,R0,G2__qualification_r0_w150_b1024__tcn__r0__w150__fold_3__seed_42,42,0.7874885004599816,0.5810401360705673,0.29370389432149596,0.8328888888888889,0.4354634877178404,0.3561450903776824,150
qualification_r0_w150_b1024,4,3,G2,0.001,tcn,R0,G2__qualification_r0_w150_b1024__tcn__r0__w150__fold_3__seed_42,42,0.8396197485433916,0.42827374851619565,0.4738487216858384,0.792,0.5098199057446586,0.38868153633314423,150
qualification_r0_w150_b1024,5,3,G2,0.001,tcn,R0,G2__qualification_r0_w150_b1024__tcn__r0__w150__fold_3__seed_42,42,0.8733517325973628,0.3762234955870714,0.5418977211008021,0.7724444444444445,0.5864819675352838,0.3822153689586301,150
qualification_r0_w150_b1024,6,3,G2,0.001,tcn,R0,G2__qualification_r0_w150_b1024__tcn__r0__w150__fold_3__seed_42,42,0.8754983134007973,0.37552701736914895,0.5481687706355985,0.7528888888888889,0.5837631700336933,0.37465843017614137,150
qualification_r0_w150_b1024,7,3,G2,0.001,tcn,R0,G2__qualification_r0_w150_b1024__tcn__r0__w150__fold_3__seed_42,42,0.8767249310027599,0.3665907909920595,0.5496792380478603,0.776,0.5534040932920244,0.38412478509268705,150
qualification_r0_w150_b1024,8,3,G2,0.001,tcn,R0,G2__qualification_r0_w150_b1024__tcn__r0__w150__fold_3__seed_42,42,0.8776448942042319,0.36262327931622573,0.5488678344643428,0.7822222222222223,0.5290172118710147,0.381829355089204,150
qualification_r0_w150_b1024,9,3,G2,0.0005,tcn,R0,G2__qualification_r0_w150_b1024__tcn__r0__w150__fold_3__seed_42,42,0.8767249310027599,0.36107963720226316,0.5469154396692707,0.7893333333333333,0.521365220695734,0.3857126313177269,150
qualification_r0_w150_b1024,10,3,G2,0.0005,tcn,R0,G2__qualification_r0_w150_b1024__tcn__r0__w150__fold_3__seed_42,42,0.8770315854032505,0.3586331769956544,0.5471519859506092,0.7928888888888889,0.5157682698567708,0.3876943315663027,150
qualification_r0_w150_b1024,11,3,G2,0.0005,tcn,R0,G2__qualification_r0_w150_b1024__tcn__r0__w150__fold_3__seed_42,42,0.8773382398037411,0.3544816825606274,0.5468714070693242,0.7955555555555556,0.5142964274817043,0.3891991106974821,150
qualification_r0_w150_b1024,12,3,G2,0.0005,tcn,R0,G2__qualification_r0_w150_b1024__tcn__r0__w150__fold_3__seed_42,42,0.8791781662066851,0.35150099238417915,0.548915953261783,0.7902222222222223,0.5127507053216298,0.38620547034747865,150
qualification_r0_w150_b1024,13,3,G2,0.0005,tcn,R0,G2__qualification_r0_w150_b1024__tcn__r0__w150__fold_3__seed_42,42,0.8785648574057038,0.34969573360358014,0.5486915478042161,0.7875555555555556,0.5123080513576667,0.384732013753124,150
qualification_r0_w150_b1024,14,3,G2,0.0005,tcn,R0,G2__qualification_r0_w150_b1024__tcn__r0__w150__fold_3__seed_42,42,0.8794848206071757,0.3477813853639213,0.5498660669444791,0.7902222222222223,0.5123249241643482,0.3876843876843877,150
qualification_r0_w150_b1024,15,3,G2,0.0005,tcn,R0,G2__qualification_r0_w150_b1024__tcn__r0__w150__fold_3__seed_42,42,0.8804047838086476,0.3459206078634493,0.5508825404362013,0.7911111111111111,0.51266741279761,0.388182093914578,150
qualification_r0_w150_b1024,16,3,G2,0.00025,tcn,R0,G2__qualification_r0_w150_b1024__tcn__r0__w150__fold_3__seed_42,42,0.8794848206071757,0.34458502720411993,0.5497444925878513,0.7928888888888889,0.5121609158350362,0.389182733889532,150
qualification_r0_w150_b1024,17,3,G2,0.00025,tcn,R0,G2__qualification_r0_w150_b1024__tcn__r0__w150__fold_3__seed_42,42,0.880098129408157,0.3445255590413692,0.5503509756827683,0.7946666666666666,0.5120282254417737,0.3886957165051417,150
qualification_r0_w150_b1024,18,3,G2,0.00025,tcn,R0,G2__qualification_r0_w150_b1024__tcn__r0__w150__fold_3__seed_42,42,0.8797914750076664,0.343297280103873,0.5495768523322823,0.7937777777777778,0.5091687010957135,0.3881941300423115,150
qualification_r0_w150_b1024,19,3,G2,0.00025,tcn,R0,G2__qualification_r0_w150_b1024__tcn__r0__w150__fold_3__seed_42,42,0.8810180926096289,0.34203679578613555,0.5509937727059819,0.7937777777777778,0.506887098537551,0.3896857057722156,150
qualification_r0_w150_b1024,1,3,G2,0.001,transformer,R0,G2__qualification_r0_w150_b1024__transformer__r0__w150__fold_3__seed_42,42,0.7129714811407544,0.7707640820578979,0.3455694157950375,0.808,0.5782246089378993,0.35869568145149344,150
qualification_r0_w150_b1024,2,3,G2,0.001,transformer,R0,G2__qualification_r0_w150_b1024__transformer__r0__w150__fold_3__seed_42,42,0.8656853725850966,0.45945609248294966,0.5469269273807847,0.8142222222222222,0.49584673368930815,0.38323634733056666,150
qualification_r0_w150_b1024,3,3,G2,0.001,transformer,R0,G2__qualification_r0_w150_b1024__transformer__r0__w150__fold_3__seed_42,42,0.8721251149954001,0.3854414101156564,0.5367168343685947,0.8,0.5087802194025781,0.39020915706836284,150
qualification_r0_w150_b1024,4,3,G2,0.001,transformer,R0,G2__qualification_r0_w150_b1024__transformer__r0__w150__fold_3__seed_42,42,0.8739650413983441,0.3711854893438877,0.541101825676502,0.7875555555555556,0.5323309464454651,0.38765198888309876,150
qualification_r0_w150_b1024,5,3,G2,0.001,transformer,R0,G2__qualification_r0_w150_b1024__transformer__r0__w150__fold_3__seed_42,42,0.8736583869978534,0.36892528064738606,0.5416382758109909,0.7866666666666666,0.5323600532677438,0.38571055381400204,150
qualification_r0_w150_b1024,6,3,G2,0.001,transformer,R0,G2__qualification_r0_w150_b1024__transformer__r0__w150__fold_3__seed_42,42,0.8742716957988347,0.36542975945510736,0.54196836515227,0.7893333333333333,0.5212301973369386,0.3857126313177269,150
qualification_r0_w150_b1024,7,3,G2,0.001,transformer,R0,G2__qualification_r0_w150_b1024__transformer__r0__w150__fold_3__seed_42,42,0.8745783501993254,0.3612106958440168,0.5414565956174339,0.7946666666666666,0.5066424967977736,0.3886957165051417,150
qualification_r0_w150_b1024,8,3,G2,0.0005,transformer,R0,G2__qualification_r0_w150_b1024__transformer__r0__w150__fold_3__seed_42,42,0.874885004599816,0.3568407312030991,0.5415597167021017,0.7902222222222223,0.5087030979163117,0.38620547034747865,150
qualification_r0_w150_b1024,9,3,G2,0.0005,transformer,R0,G2__qualification_r0_w150_b1024__transformer__r0__w150__fold_3__seed_42,42,0.8751916590003067,0.3528531386657786,0.5424290698294216,0.7857777777777778,0.5186513671974341,0.3866656730506495,150
qualification_r0_w150_b1024,10,3,G2,0.0005,transformer,R0,G2__qualification_r0_w150_b1024__transformer__r0__w150__fold_3__seed_42,42,0.8767249310027599,0.3488602861784894,0.5455527245781524,0.7822222222222223,0.5239701606267029,0.38612674588284346,150
qualification_r0_w150_b1024,11,3,G2,0.0005,transformer,R0,G2__qualification_r0_w150_b1024__transformer__r0__w150__fold_3__seed_42,42,0.8776448942042319,0.34468058471809826,0.5468628854695917,0.784,0.521478298717075,0.3856858889641019,150
qualification_r0_w150_b1024,12,3,G2,0.00025,transformer,R0,G2__qualification_r0_w150_b1024__transformer__r0__w150__fold_3__seed_42,42,0.8773382398037411,0.34105265283102054,0.5463346485219459,0.7857777777777778,0.5208528103695975,0.3866656730506495,150
qualification_r0_w150_b1024,13,3,G2,0.00025,transformer,R0,G2__qualification_r0_w150_b1024__transformer__r0__w150__fold_3__seed_42,42,0.8770315854032505,0.3379283570614522,0.5458042583646449,0.7857777777777778,0.5211963975694445,0.3866656730506495,150
qualification_r0_w150_b1024,14,3,G2,0.00025,transformer,R0,G2__qualification_r0_w150_b1024__transformer__r0__w150__fold_3__seed_42,42,0.8797914750076664,0.33565118081801437,0.5616545955563562,0.7857777777777778,0.5225966253942913,0.3866656730506495,150
qualification_r0_w150_b1024,15,3,G2,0.00025,transformer,R0,G2__qualification_r0_w150_b1024__transformer__r0__w150__fold_3__seed_42,42,0.8825513646120822,0.3334966928671562,0.6582163432531559,0.784,0.5249018826451567,0.38710598135456786,150
qualification_r0_w150_b1024,16,3,G2,0.000125,transformer,R0,G2__qualification_r0_w150_b1024__transformer__r0__w150__fold_3__seed_42,42,0.8831646734130635,0.331298210629288,0.6906883174687367,0.784,0.5241508790022797,0.38710598135456786,150
qualification_r0_w150_b1024,17,3,G2,0.000125,transformer,R0,G2__qualification_r0_w150_b1024__transformer__r0__w150__fold_3__seed_42,42,0.8831646734130635,0.33040732444155185,0.6945432064315303,0.7866666666666666,0.5218840331170294,0.38715800575409004,150
qualification_r0_w150_b1024,18,3,G2,0.000125,transformer,R0,G2__qualification_r0_w150_b1024__transformer__r0__w150__fold_3__seed_42,42,0.8837779822140448,0.32940797362909546,0.7021058254383612,0.7866666666666666,0.5212986652652423,0.38715800575409004,150
qualification_r0_w150_b1024,1,4,G2,0.001,lstm,R0,G2__qualification_r0_w150_b1024__lstm__r0__w150__fold_4__seed_42,42,0.3964159652457236,1.0671986691044817,0.2656993638183329,0.6832579185520362,1.0377098935761602,0.32414645371950845,150
qualification_r0_w150_b1024,2,4,G2,0.001,lstm,R0,G2__qualification_r0_w150_b1024__lstm__r0__w150__fold_4__seed_42,42,0.842791202823785,0.9978379331268178,0.5238133833926355,0.7104072398190046,0.9614651090958539,0.32941838970705256,150
qualification_r0_w150_b1024,3,4,G2,0.001,lstm,R0,G2__qualification_r0_w150_b1024__lstm__r0__w150__fold_4__seed_42,42,0.8563670920445289,0.9086491135906144,0.5298417836441014,0.7230769230769231,0.8512019224296328,0.33448500279965243,150
qualification_r0_w150_b1024,4,4,G2,0.001,lstm,R0,G2__qualification_r0_w150_b1024__lstm__r0__w150__fold_4__seed_42,42,0.8590822698886778,0.7625836874523986,0.5304134981061566,0.7303167420814479,0.6817961670694308,0.33436349020261136,150
qualification_r0_w150_b1024,5,4,G2,0.001,lstm,R0,G2__qualification_r0_w150_b1024__lstm__r0__w150__fold_4__seed_42,42,0.8569101276133587,0.5639964988009618,0.5274797508184731,0.7420814479638009,0.532223026946659,0.33916597562710166,150
qualification_r0_w150_b1024,6,4,G2,0.001,lstm,R0,G2__qualification_r0_w150_b1024__lstm__r0__w150__fold_4__seed_42,42,0.8634265544393158,0.42584393248912794,0.5311868757817731,0.7674208144796381,0.4931814343681163,0.3500846126829042,150
qualification_r0_w150_b1024,7,4,G2,0.001,lstm,R0,G2__qualification_r0_w150_b1024__lstm__r0__w150__fold_4__seed_42,42,0.8759163725224002,0.40080667885302074,0.5414807414807415,0.8244343891402715,0.4708581018771521,0.3766449547043545,150
qualification_r0_w150_b1024,8,4,G2,0.001,lstm,R0,G2__qualification_r0_w150_b1024__lstm__r0__w150__fold_4__seed_42,42,0.8816182459951126,0.3955186687990469,0.5448969621528109,0.8253393665158371,0.4592026515109507,0.37928924864678387,150
qualification_r0_w150_b1024,9,4,G2,0.001,lstm,R0,G2__qualification_r0_w150_b1024__lstm__r0__w150__fold_4__seed_42,42,0.8884061906054846,0.3808131591476826,0.554015506152986,0.8190045248868778,0.4683040705808687,0.3777711137767115,150
qualification_r0_w150_b1024,10,4,G2,0.001,lstm,R0,G2__qualification_r0_w150_b1024__lstm__r0__w150__fold_4__seed_42,42,0.8884061906054846,0.36853359832635496,0.5550136668167082,0.8135746606334842,0.47598860422949985,0.3767511314172148,150
qualification_r0_w150_b1024,11,4,G2,0.001,lstm,R0,G2__qualification_r0_w150_b1024__lstm__r0__w150__fold_4__seed_42,42,0.8894922617431442,0.36240691874715386,0.5564420051065527,0.8153846153846154,0.4657681973406632,0.37971873886134605,150
qualification_r0_w150_b1024,12,4,G2,0.001,lstm,R0,G2__qualification_r0_w150_b1024__lstm__r0__w150__fold_4__seed_42,42,0.8884061906054846,0.35730129700460544,0.5548904071359239,0.8190045248868778,0.43684391399584205,0.3777711137767115,150
qualification_r0_w150_b1024,13,4,G2,0.001,lstm,R0,G2__qualification_r0_w150_b1024__lstm__r0__w150__fold_4__seed_42,42,0.890035297311974,0.35149985068750034,0.5561895015557549,0.8171945701357466,0.44498978723767657,0.3807430246279167,150
qualification_r0_w150_b1024,14,4,G2,0.001,lstm,R0,G2__qualification_r0_w150_b1024__lstm__r0__w150__fold_4__seed_42,42,0.8905783328808037,0.3541764445823397,0.5576261544381474,0.8153846153846154,0.46791111185000495,0.3854251012145749,150
qualification_r0_w150_b1024,15,4,G2,0.001,lstm,R0,G2__qualification_r0_w150_b1024__lstm__r0__w150__fold_4__seed_42,42,0.889763779527559,0.3554628191274565,0.5563169886033753,0.8334841628959276,0.44006433308933657,0.3944777911164466,150
qualification_r0_w150_b1024,16,4,G2,0.001,lstm,R0,G2__qualification_r0_w150_b1024__lstm__r0__w150__fold_4__seed_42,42,0.8919359218028781,0.34914583454078996,0.5565132908264373,0.8298642533936652,0.4556706911972745,0.39415854265595024,150
qualification_r0_w150_b1024,17,4,G2,0.001,lstm,R0,G2__qualification_r0_w150_b1024__lstm__r0__w150__fold_4__seed_42,42,0.8911213684496334,0.352084330281841,0.5572740277561211,0.8497737556561086,0.4302394396579104,0.40743273638010474,150
qualification_r0_w150_b1024,18,4,G2,0.001,lstm,R0,G2__qualification_r0_w150_b1024__lstm__r0__w150__fold_4__seed_42,42,0.8924789573717078,0.3440077981238711,0.5571328225131551,0.8262443438914027,0.4646130590956675,0.39568345323741005,150
qualification_r0_w150_b1024,19,4,G2,0.001,lstm,R0,G2__qualification_r0_w150_b1024__lstm__r0__w150__fold_4__seed_42,42,0.890035297311974,0.34329590187621706,0.5569109624969769,0.8081447963800905,0.48749116254608016,0.3848777309469998,150
qualification_r0_w150_b1024,20,4,G2,0.001,lstm,R0,G2__qualification_r0_w150_b1024__lstm__r0__w150__fold_4__seed_42,42,0.8913928862340483,0.3426231145777846,0.558573388603267,0.8389140271493213,0.4349699960979401,0.4039015606242497,150
qualification_r0_w150_b1024,21,4,G2,0.001,lstm,R0,G2__qualification_r0_w150_b1024__lstm__r0__w150__fold_4__seed_42,42,0.8919359218028781,0.3397609640844419,0.5565275108000741,0.8271493212669683,0.4522275893666626,0.39625098305630413,150
qualification_r0_w150_b1024,22,4,G2,0.0005,lstm,R0,G2__qualification_r0_w150_b1024__lstm__r0__w150__fold_4__seed_42,42,0.8932935107249524,0.34085560899340134,0.5610078337094823,0.8217194570135746,0.4682685124658352,0.39288718893479563,150
qualification_r0_w150_b1024,23,4,G2,0.0005,lstm,R0,G2__qualification_r0_w150_b1024__lstm__r0__w150__fold_4__seed_42,42,0.8932935107249524,0.33714735883427416,0.5606254117972447,0.8307692307692308,0.4563154259823027,0.3985498975922241,150
qualification_r0_w150_b1024,24,4,G2,0.0005,lstm,R0,G2__qualification_r0_w150_b1024__lstm__r0__w150__fold_4__seed_42,42,0.8951941352158567,0.33546736183420267,0.5615536104431192,0.8298642533936652,0.4636825075786038,0.39797077474496834,150
qualification_r0_w150_b1024,25,4,G2,0.0005,lstm,R0,G2__qualification_r0_w150_b1024__lstm__r0__w150__fold_4__seed_42,42,0.8957371707846864,0.3322518605788441,0.5632805660634974,0.8235294117647058,0.48411823771388285,0.3958246882248109,150
qualification_r0_w150_b1024,26,4,G2,0.00025,lstm,R0,G2__qualification_r0_w150_b1024__lstm__r0__w150__fold_4__seed_42,42,0.8962802063535161,0.3285624941761909,0.564551408774474,0.8144796380090498,0.499413785351887,0.3903303160019422,150
qualification_r0_w150_b1024,27,4,G2,0.00025,lstm,R0,G2__qualification_r0_w150_b1024__lstm__r0__w150__fold_4__seed_42,42,0.8946510996470268,0.32996811859963093,0.5623638390553535,0.8479638009049774,0.4546929685238799,0.40409235146077255,150
qualification_r0_w150_b1024,28,4,G2,0.00025,lstm,R0,G2__qualification_r0_w150_b1024__lstm__r0__w150__fold_4__seed_42,42,0.8930219929405376,0.32949288665617155,0.5593188112427397,0.8180995475113122,0.49133505179331854,0.39249761743350925,150
qualification_r0_w150_b1024,29,4,G2,0.00025,lstm,R0,G2__qualification_r0_w150_b1024__lstm__r0__w150__fold_4__seed_42,42,0.8949226174314417,0.3285269080670088,0.5643039858842799,0.8045248868778281,0.5067023775696216,0.38456235011990403,150
qualification_r0_w150_b1024,30,4,G2,0.000125,lstm,R0,G2__qualification_r0_w150_b1024__lstm__r0__w150__fold_4__seed_42,42,0.892207439587293,0.3304315275175559,0.5614943876044312,0.8099547511312217,0.4988621232196756,0.38767485187221307,150
qualification_r0_w150_b1024,31,4,G2,0.000125,lstm,R0,G2__qualification_r0_w150_b1024__lstm__r0__w150__fold_4__seed_42,42,0.8941080640781971,0.32909172015963056,0.5632756045375641,0.8180995475113122,0.480852526277978,0.39249761743350925,150
qualification_r0_w150_b1024,32,4,G2,0.000125,lstm,R0,G2__qualification_r0_w150_b1024__lstm__r0__w150__fold_4__seed_42,42,0.8954656530002715,0.3255218586098264,0.5629548264303234,0.8334841628959276,0.4606338707300333,0.402183571016038,150
qualification_r0_w150_b1024,1,4,G2,0.001,tcn,R0,G2__qualification_r0_w150_b1024__tcn__r0__w150__fold_4__seed_42,42,0.20146619603584034,1.0596936127267518,0.12064097803963587,0.6742081447963801,0.8932480198765232,0.3454478744517269,150
qualification_r0_w150_b1024,2,4,G2,0.001,tcn,R0,G2__qualification_r0_w150_b1024__tcn__r0__w150__fold_4__seed_42,42,0.8322020092316047,0.7909824840730537,0.4647102627315005,0.9067873303167421,0.5154193033999447,0.3170384432842905,150
qualification_r0_w150_b1024,3,4,G2,0.001,tcn,R0,G2__qualification_r0_w150_b1024__tcn__r0__w150__fold_4__seed_42,42,0.799891392886234,0.5570189752091281,0.2962739478050988,0.8714932126696833,0.35274067236557266,0.37592875564934064,150
qualification_r0_w150_b1024,4,4,G2,0.001,tcn,R0,G2__qualification_r0_w150_b1024__tcn__r0__w150__fold_4__seed_42,42,0.8626120010860712,0.39169446434173255,0.5027350661288653,0.8552036199095022,0.41812241479282464,0.4250736420407682,150
qualification_r0_w150_b1024,5,4,G2,0.001,tcn,R0,G2__qualification_r0_w150_b1024__tcn__r0__w150__fold_4__seed_42,42,0.8924789573717078,0.3401116224416986,0.5588305465624593,0.820814479638009,0.47864176207538106,0.4044575774234927,150
qualification_r0_w150_b1024,6,4,G2,0.001,tcn,R0,G2__qualification_r0_w150_b1024__tcn__r0__w150__fold_4__seed_42,42,0.8908498506652186,0.33361416837458957,0.5598365908107463,0.8126696832579186,0.4759094726985396,0.39935620046892667,150
qualification_r0_w150_b1024,7,4,G2,0.001,tcn,R0,G2__qualification_r0_w150_b1024__tcn__r0__w150__fold_4__seed_42,42,0.8913928862340483,0.3202106666781803,0.5601843560533694,0.8271493212669683,0.4498836189238734,0.4068945415483571,150
qualification_r0_w150_b1024,8,4,G2,0.001,tcn,R0,G2__qualification_r0_w150_b1024__tcn__r0__w150__fold_4__seed_42,42,0.8938365462937823,0.31643959862882276,0.56211406703041,0.8443438914027149,0.4315294089765031,0.4187459100290283,150
qualification_r0_w150_b1024,9,4,G2,0.0005,tcn,R0,G2__qualification_r0_w150_b1024__tcn__r0__w150__fold_4__seed_42,42,0.8951941352158567,0.315548434606752,0.5625394138619043,0.8506787330316742,0.42437037171551545,0.4234298784095774,150
qualification_r0_w150_b1024,10,4,G2,0.0005,tcn,R0,G2__qualification_r0_w150_b1024__tcn__r0__w150__fold_4__seed_42,42,0.8960086885691013,0.3129919258320814,0.5631636608798247,0.8506787330316742,0.42230397216065435,0.4234298784095774,150
qualification_r0_w150_b1024,11,4,G2,0.0005,tcn,R0,G2__qualification_r0_w150_b1024__tcn__r0__w150__fold_4__seed_42,42,0.8960086885691013,0.3108429324358273,0.56301954075609,0.8479638009049774,0.42274278364569895,0.4213993871297242,150
qualification_r0_w150_b1024,12,4,G2,0.0005,tcn,R0,G2__qualification_r0_w150_b1024__tcn__r0__w150__fold_4__seed_42,42,0.8962802063535161,0.3074678934012099,0.5637030120487329,0.848868778280543,0.42345280748416936,0.4238372590219455,150
qualification_r0_w150_b1024,13,4,G2,0.00025,tcn,R0,G2__qualification_r0_w150_b1024__tcn__r0__w150__fold_4__seed_42,42,0.8954656530002715,0.3051388109957042,0.5632083939374161,0.8479638009049774,0.42357120385806485,0.42316077675809965,150
qualification_r0_w150_b1024,14,4,G2,0.00025,tcn,R0,G2__qualification_r0_w150_b1024__tcn__r0__w150__fold_4__seed_42,42,0.8951941352158567,0.30474903092836186,0.5629686878140864,0.8470588235294118,0.4233380072526802,0.42248815074428414,150
qualification_r0_w150_b1024,15,4,G2,0.00025,tcn,R0,G2__qualification_r0_w150_b1024__tcn__r0__w150__fold_4__seed_42,42,0.8951941352158567,0.3041408905638582,0.5629552637935785,0.848868778280543,0.42110209025408885,0.4238372590219455,150
qualification_r0_w150_b1024,16,4,G2,0.00025,tcn,R0,G2__qualification_r0_w150_b1024__tcn__r0__w150__fold_4__seed_42,42,0.8957371707846864,0.30313220411385333,0.5634340979376323,0.8506787330316742,0.41730551091254564,0.42520199657839264,150
qualification_r0_w150_b1024,17,4,G2,0.00025,tcn,R0,G2__qualification_r0_w150_b1024__tcn__r0__w150__fold_4__seed_42,42,0.8951941352158567,0.3026110204930478,0.5625001932388375,0.8506787330316742,0.4144251346857839,0.42520199657839264,150
qualification_r0_w150_b1024,18,4,G2,0.00025,tcn,R0,G2__qualification_r0_w150_b1024__tcn__r0__w150__fold_4__seed_42,42,0.8954656530002715,0.3021289928189898,0.5628675859384921,0.8497737556561086,0.4122648282692983,0.4245176483940529,150
qualification_r0_w150_b1024,19,4,G2,0.00025,tcn,R0,G2__qualification_r0_w150_b1024__tcn__r0__w150__fold_4__seed_42,42,0.8960086885691013,0.3013836148475908,0.5634479480633326,0.8497737556561086,0.41141013609607835,0.4245176483940529,150
qualification_r0_w150_b1024,1,4,G2,0.001,transformer,R0,G2__qualification_r0_w150_b1024__transformer__r0__w150__fold_4__seed_42,42,0.7396144447461309,0.7155637062181768,0.3554570487593443,0.8398190045248869,0.49151318512890674,0.3712341566409753,150
qualification_r0_w150_b1024,2,4,G2,0.001,transformer,R0,G2__qualification_r0_w150_b1024__transformer__r0__w150__fold_4__seed_42,42,0.8685853923431984,0.42011594912328054,0.5440007135113332,0.865158371040724,0.3967439260013503,0.4189818837475881,150
qualification_r0_w150_b1024,3,4,G2,0.001,transformer,R0,G2__qualification_r0_w150_b1024__transformer__r0__w150__fold_4__seed_42,42,0.8881346728210697,0.34877615476023593,0.5497856340182619,0.8552036199095022,0.40292383285399475,0.42321963962359366,150
qualification_r0_w150_b1024,4,4,G2,0.001,transformer,R0,G2__qualification_r0_w150_b1024__transformer__r0__w150__fold_4__seed_42,42,0.8903068150963888,0.3322796584259968,0.5544121302510564,0.8452488687782805,0.42864976393151605,0.4228759811052292,150
qualification_r0_w150_b1024,5,4,G2,0.001,transformer,R0,G2__qualification_r0_w150_b1024__transformer__r0__w150__fold_4__seed_42,42,0.8881346728210697,0.329568681997221,0.553413145972039,0.8443438914027149,0.43637706329919634,0.4239014373716632,150
qualification_r0_w150_b1024,6,4,G2,0.001,transformer,R0,G2__qualification_r0_w150_b1024__transformer__r0__w150__fold_4__seed_42,42,0.8894922617431442,0.3245637989419652,0.5554645709925039,0.8443438914027149,0.4283377393068771,0.4239014373716632,150
qualification_r0_w150_b1024,7,4,G2,0.001,transformer,R0,G2__qualification_r0_w150_b1024__transformer__r0__w150__fold_4__seed_42,42,0.892207439587293,0.3189756304891479,0.5580944204808641,0.8443438914027149,0.4174985307643856,0.4222111938240971,150
qualification_r0_w150_b1024,8,4,G2,0.001,transformer,R0,G2__qualification_r0_w150_b1024__transformer__r0__w150__fold_4__seed_42,42,0.8924789573717078,0.3127255840952747,0.5588235511299654,0.8389140271493213,0.4222678343904504,0.4199681385169927,150
qualification_r0_w150_b1024,9,4,G2,0.001,transformer,R0,G2__qualification_r0_w150_b1024__transformer__r0__w150__fold_4__seed_42,42,0.8949226174314417,0.30643892026031727,0.5624766804004223,0.8352941176470589,0.4310351892159535,0.41741419914794525,150
qualification_r0_w150_b1024,10,4,G2,0.0005,transformer,R0,G2__qualification_r0_w150_b1024__transformer__r0__w150__fold_4__seed_42,42,0.8941080640781971,0.3004983101822001,0.5624282809857225,0.8334841628959276,0.43650261351156017,0.4177817471509302,150
qualification_r0_w150_b1024,11,4,G2,0.0005,transformer,R0,G2__qualification_r0_w150_b1024__transformer__r0__w150__fold_4__seed_42,42,0.8946510996470268,0.29716832627914797,0.5632359150518669,0.8334841628959276,0.43939045991293446,0.4177817471509302,150
qualification_r0_w150_b1024,12,4,G2,0.0005,transformer,R0,G2__qualification_r0_w150_b1024__transformer__r0__w150__fold_4__seed_42,42,0.896551724137931,0.29428810377241377,0.6292945059669065,0.8343891402714932,0.4388478276551579,0.4184120808402354,150
qualification_r0_w150_b1024,13,4,G2,0.0005,transformer,R0,G2__qualification_r0_w150_b1024__transformer__r0__w150__fold_4__seed_42,42,0.8987238664132501,0.29145250144355683,0.6841199051905114,0.8352941176470589,0.43910021153510426,0.419045591235043,150
qualification_r0_w150_b1024,14,4,G2,0.00025,transformer,R0,G2__qualification_r0_w150_b1024__transformer__r0__w150__fold_4__seed_42,42,0.8998099375509095,0.28868370845270586,0.690626718826786,0.8352941176470589,0.441281086260377,0.419045591235043,150
qualification_r0_w150_b1024,15,4,G2,0.00025,transformer,R0,G2__qualification_r0_w150_b1024__transformer__r0__w150__fold_4__seed_42,42,0.8989953841976649,0.2876998132705171,0.7043561634729496,0.8343891402714932,0.44206692084198085,0.4184120808402354,150
qualification_r0_w150_b1024,16,4,G2,0.00025,transformer,R0,G2__qualification_r0_w150_b1024__transformer__r0__w150__fold_4__seed_42,42,0.8992669019820798,0.28666235186501493,0.7089815731148873,0.8343891402714932,0.4418070663558951,0.4184120808402354,150
qualification_r0_w150_b1024,17,4,G2,0.00025,transformer,R0,G2__qualification_r0_w150_b1024__transformer__r0__w150__fold_4__seed_42,42,0.8995384197664947,0.2855213878758731,0.7177662780205024,0.8352941176470589,0.44093277212990895,0.419045591235043,150
qualification_r0_w150_b1024,18,4,G2,0.000125,transformer,R0,G2__qualification_r0_w150_b1024__transformer__r0__w150__fold_4__seed_42,42,0.9014390442573988,0.2844682488627904,0.7446823874947363,0.8352941176470589,0.4402928970653007,0.419045591235043,150
