run_id,scope,paradigm,family,phase,model,representation,window_size_frames,fold,seed,balancing,fingerprint,status,source,artifact,duration_seconds,updated_at,message
balance_augmentation::final__screening__deep__lstm__r0__w150__fold_1__seed_42,screening,deep,temporal,screening,lstm,R0,150,1,42,augmentation,c84d2305eaa11da9166b9854ce61957042303c29688b8b68a218c6416cf048a2,pending,new,,,2026-09-15T18:09:11+00:00,G4 · Aumento de dados: 
balance_augmentation::final__screening__deep__lstm__r0__w150__fold_2__seed_42,screening,deep,temporal,screening,lstm,R0,150,2,42,augmentation,c76c6efe802bd377d31d3ac0ccf03ae6ea83ff70149e307dcf93da8ff11586d7,pending,new,,,2026-09-15T18:09:11+00:00,G4 · Aumento de dados: 
balance_augmentation::final__screening__deep__lstm__r0__w150__fold_3__seed_42,screening,deep,temporal,screening,lstm,R0,150,3,42,augmentation,e6c02d138ab814d6423a874940d65c2655d4bb6a864a7d7930198416d76fe5d6,pending,new,,,2026-09-15T18:09:11+00:00,G4 · Aumento de dados: 
balance_augmentation::final__screening__deep__lstm__r0__w150__fold_4__seed_42,screening,deep,temporal,screening,lstm,R0,150,4,42,augmentation,2c738dc349dc9bc821de6d0df3076a65fba9918fb158a89172dfe9192de5a9a7,pending,new,,,2026-09-15T18:09:11+00:00,G4 · Aumento de dados: 
balance_augmentation::final__screening__deep__lstm__r0__w60__fold_1__seed_42,screening,deep,temporal,screening,lstm,R0,60,1,42,augmentation,b36db2b7c3d978ed8d61a633240e0f3abad0755ec49873a4e634f2b488aef859,pending,new,,,2026-09-15T18:09:11+00:00,G4 · Aumento de dados: 
balance_augmentation::final__screening__deep__lstm__r0__w60__fold_2__seed_42,screening,deep,temporal,screening,lstm,R0,60,2,42,augmentation,8df4f6ce09fd5d5d0caf8cb62e59b285084bfec0f902acee73c9584217d970e5,pending,new,,,2026-09-15T18:09:11+00:00,G4 · Aumento de dados: 
balance_augmentation::final__screening__deep__lstm__r0__w60__fold_3__seed_42,screening,deep,temporal,screening,lstm,R0,60,3,42,augmentation,0e571bffc0c79e0c7b521e83405b875df2bc18da08bb1f7373cc5b567eb84d1e,pending,new,,,2026-09-15T18:09:11+00:00,G4 · Aumento de dados: 
balance_augmentation::final__screening__deep__lstm__r0__w60__fold_4__seed_42,screening,deep,temporal,screening,lstm,R0,60,4,42,augmentation,d77c8ed469fb2154e487ddd91a1d1bb1f44a45bd5efe73ecab032dd67743d5cb,pending,new,,,2026-09-15T18:09:11+00:00,G4 · Aumento de dados: 
balance_augmentation::final__screening__deep__tcn__r0__w150__fold_1__seed_42,screening,deep,temporal,screening,tcn,R0,150,1,42,augmentation,508109abdc66ccf400189583070c4177b7d943a68827e819d139636928b1a5a9,pending,new,,,2026-09-15T18:09:11+00:00,G4 · Aumento de dados: 
balance_augmentation::final__screening__deep__tcn__r0__w150__fold_2__seed_42,screening,deep,temporal,screening,tcn,R0,150,2,42,augmentation,babae622e0102615434944574b6af38aa3adfc7ad08e1fe74682c6ade8a08c1d,pending,new,,,2026-09-15T18:09:11+00:00,G4 · Aumento de dados: 
balance_augmentation::final__screening__deep__tcn__r0__w150__fold_3__seed_42,screening,deep,temporal,screening,tcn,R0,150,3,42,augmentation,f41f6645e7fafb76c47e9d821f2f8252a87654be73fc0b3183602f657c567fbb,pending,new,,,2026-09-15T18:09:11+00:00,G4 · Aumento de dados: 
balance_augmentation::final__screening__deep__tcn__r0__w150__fold_4__seed_42,screening,deep,temporal,screening,tcn,R0,150,4,42,augmentation,5fa152ed9ab64231275521042e04762e27dfb7e37872652e73116707d2f3c4e7,pending,new,,,2026-09-15T18:09:11+00:00,G4 · Aumento de dados: 
balance_augmentation::final__screening__deep__tcn__r0__w60__fold_1__seed_42,screening,deep,temporal,screening,tcn,R0,60,1,42,augmentation,0f5a80f27bffe74ef7fbb86961d088c96584bc5849b11343065626d02e2e74c7,pending,new,,,2026-09-15T18:09:11+00:00,G4 · Aumento de dados: 
balance_augmentation::final__screening__deep__tcn__r0__w60__fold_2__seed_42,screening,deep,temporal,screening,tcn,R0,60,2,42,augmentation,5ab175a8d1f4bd639e3d3331cbd1bee7c3a0423ecd78bf60fcb668b2843e61c0,pending,new,,,2026-09-15T18:09:11+00:00,G4 · Aumento de dados: 
balance_augmentation::final__screening__deep__tcn__r0__w60__fold_3__seed_42,screening,deep,temporal,screening,tcn,R0,60,3,42,augmentation,18d4c7237cca107ea7ebc23955440ec7551eed2179668c862f779ae1677066ce,pending,new,,,2026-09-15T18:09:11+00:00,G4 · Aumento de dados: 
balance_augmentation::final__screening__deep__tcn__r0__w60__fold_4__seed_42,screening,deep,temporal,screening,tcn,R0,60,4,42,augmentation,dcb3967fdcc02a8dc1b22e6f4548a024357b113584dd021d1898e3ef5b69db87,pending,new,,,2026-09-15T18:09:11+00:00,G4 · Aumento de dados: 
balance_augmentation::final__screening__deep__transformer__r0__w150__fold_1__seed_42,screening,deep,temporal,screening,transformer,R0,150,1,42,augmentation,539a990ba5f310d51f4885c8fabba2748d618cb4eb55464db221f44924b7d5a4,pending,new,,,2026-09-15T18:09:11+00:00,G4 · Aumento de dados: 
balance_augmentation::final__screening__deep__transformer__r0__w150__fold_2__seed_42,screening,deep,temporal,screening,transformer,R0,150,2,42,augmentation,219c76951e410077eece9f522bd0f2b606d4fffb95016158d699612a0215050e,pending,new,,,2026-09-15T18:09:11+00:00,G4 · Aumento de dados: 
balance_augmentation::final__screening__deep__transformer__r0__w150__fold_3__seed_42,screening,deep,temporal,screening,transformer,R0,150,3,42,augmentation,b0d083f2d8bd95ffb8bab3334c987ae00b4149ee9f32ab0b771629d9f126ee0f,pending,new,,,2026-09-15T18:09:11+00:00,G4 · Aumento de dados: 
balance_augmentation::final__screening__deep__transformer__r0__w150__fold_4__seed_42,screening,deep,temporal,screening,transformer,R0,150,4,42,augmentation,c8dfc162cb5b908b963b5fcff83e5ef8fd051cc1ec85519e3d050d082e67ca8f,pending,new,,,2026-09-15T18:09:11+00:00,G4 · Aumento de dados: 
balance_augmentation::final__screening__deep__transformer__r0__w60__fold_1__seed_42,screening,deep,temporal,screening,transformer,R0,60,1,42,augmentation,1b93bf7d4fc913c44bb4243a51d3aa5a1d942dddb9f521dce85050e75600a1ce,pending,new,,,2026-09-15T18:09:11+00:00,G4 · Aumento de dados: 
balance_augmentation::final__screening__deep__transformer__r0__w60__fold_2__seed_42,screening,deep,temporal,screening,transformer,R0,60,2,42,augmentation,6568dd35457cd11db8b031002ae4f842ee9d0b7bbaa0ade36bfd57eee9c21331,pending,new,,,2026-09-15T18:09:11+00:00,G4 · Aumento de dados: 
balance_augmentation::final__screening__deep__transformer__r0__w60__fold_3__seed_42,screening,deep,temporal,screening,transformer,R0,60,3,42,augmentation,dd3e28003cb1f0dfeefa151a63d321184a6ea73ff60cc21f4cbad74107ca5659,pending,new,,,2026-09-15T18:09:11+00:00,G4 · Aumento de dados: 
balance_augmentation::final__screening__deep__transformer__r0__w60__fold_4__seed_42,screening,deep,temporal,screening,transformer,R0,60,4,42,augmentation,b86fca9350aba2975878733043332931d366a1c53b1c9ad73c260692b875c143,pending,new,,,2026-09-15T18:09:11+00:00,G4 · Aumento de dados: 
balance_augmentation::final__screening__feature__svm__r0_flat__w150__fold_1__seed_42,screening,feature,classical,screening,svm,R0_flat,150,1,42,augmentation,226e68596a48a831403f2e61988abe3deefb6b5d5a8f01e496c6ef4e71be00e2,pending,new,,,2026-09-15T18:09:11+00:00,G4 · Aumento de dados: 
balance_augmentation::final__screening__feature__svm__r0_flat__w150__fold_2__seed_42,screening,feature,classical,screening,svm,R0_flat,150,2,42,augmentation,ff9be171ebff5b63240bad293b96ce57f4b094d92af6b23767fcae018133ffa8,pending,new,,,2026-09-15T18:09:11+00:00,G4 · Aumento de dados: 
balance_augmentation::final__screening__feature__svm__r0_flat__w150__fold_3__seed_42,screening,feature,classical,screening,svm,R0_flat,150,3,42,augmentation,678c3fb463b4bcf9f2ac34533ddf1d32c6af8ca704c13979b72db01d4e36ec0f,pending,new,,,2026-09-15T18:09:11+00:00,G4 · Aumento de dados: 
balance_augmentation::final__screening__feature__svm__r0_flat__w150__fold_4__seed_42,screening,feature,classical,screening,svm,R0_flat,150,4,42,augmentation,365d08efeaa5260ed05766fca8a48a984a80cc8d551206ff9d420b541b1fd7a4,pending,new,,,2026-09-15T18:09:11+00:00,G4 · Aumento de dados: 
balance_augmentation::final__screening__feature__svm__r0_flat__w60__fold_1__seed_42,screening,feature,classical,screening,svm,R0_flat,60,1,42,augmentation,3d88667809407fbaaa7c3eab782a9e09e35bc662e3b6cb556fd6f5d1e9af503d,pending,new,,,2026-09-15T18:09:11+00:00,G4 · Aumento de dados: 
balance_augmentation::final__screening__feature__svm__r0_flat__w60__fold_2__seed_42,screening,feature,classical,screening,svm,R0_flat,60,2,42,augmentation,a328b793bf44753c202b0b7e8231c52e6011dc688d59dbab4796df9c30895de7,pending,new,,,2026-09-15T18:09:11+00:00,G4 · Aumento de dados: 
balance_augmentation::final__screening__feature__svm__r0_flat__w60__fold_3__seed_42,screening,feature,classical,screening,svm,R0_flat,60,3,42,augmentation,a937b8e631f31d366e7bf7525488878644ce92dd7e2825ef4ea0a57d8f4e99c2,pending,new,,,2026-09-15T18:09:11+00:00,G4 · Aumento de dados: 
balance_augmentation::final__screening__feature__svm__r0_flat__w60__fold_4__seed_42,screening,feature,classical,screening,svm,R0_flat,60,4,42,augmentation,7dd6103d56327e6b648b5f745c9690fe2a3685d614dbbf86d095971be512e6cb,pending,new,,,2026-09-15T18:09:11+00:00,G4 · Aumento de dados: 
balance_class_weights::final__screening__deep__lstm__r0__w150__fold_1__seed_42,screening,deep,temporal,screening,lstm,R0,150,1,42,class_weights,91c217bb3710a4d6606c1203be440ba0c974c23f59697b67d1a6c8a1754dfd57,pending,new,,,2026-09-15T18:09:11+00:00,G4 · Pesos de classe: 
balance_class_weights::final__screening__deep__lstm__r0__w150__fold_2__seed_42,screening,deep,temporal,screening,lstm,R0,150,2,42,class_weights,5e0dde2b17684e5914c8f0b987f521cfee50807a977ca428455e1b0155b8baa2,pending,new,,,2026-09-15T18:09:11+00:00,G4 · Pesos de classe: 
balance_class_weights::final__screening__deep__lstm__r0__w150__fold_3__seed_42,screening,deep,temporal,screening,lstm,R0,150,3,42,class_weights,6194901c4ad7f246f4b7757adf9d1d01d3045c340dfacd41674c58c46e83dab5,pending,new,,,2026-09-15T18:09:11+00:00,G4 · Pesos de classe: 
balance_class_weights::final__screening__deep__lstm__r0__w150__fold_4__seed_42,screening,deep,temporal,screening,lstm,R0,150,4,42,class_weights,7a79429e1c0d3ff7b8dbdd384aceb9bdddb64a7e8180dc3f335017a188af0e6c,pending,new,,,2026-09-15T18:09:11+00:00,G4 · Pesos de classe: 
balance_class_weights::final__screening__deep__lstm__r0__w60__fold_1__seed_42,screening,deep,temporal,screening,lstm,R0,60,1,42,class_weights,463097c7933af2d9f9eab8bcb13ac187b905aa01fcc4ec4e2b32dd396021d7f1,pending,new,,,2026-09-15T18:09:11+00:00,G4 · Pesos de classe: 
balance_class_weights::final__screening__deep__lstm__r0__w60__fold_2__seed_42,screening,deep,temporal,screening,lstm,R0,60,2,42,class_weights,6f5418c64be73b820187549301b6b1edc5a28905180b3515cf096e93b1614c6d,pending,new,,,2026-09-15T18:09:11+00:00,G4 · Pesos de classe: 
balance_class_weights::final__screening__deep__lstm__r0__w60__fold_3__seed_42,screening,deep,temporal,screening,lstm,R0,60,3,42,class_weights,ecf3ac5043dca7a84923cde2062b55b22e87753c7c367cba8f07044b89bd4443,pending,new,,,2026-09-15T18:09:11+00:00,G4 · Pesos de classe: 
balance_class_weights::final__screening__deep__lstm__r0__w60__fold_4__seed_42,screening,deep,temporal,screening,lstm,R0,60,4,42,class_weights,42ceb992627c8aef3a2b7e7b3b45e5df23e5acef6ef5e0e44b454b4410ab3ced,pending,new,,,2026-09-15T18:09:11+00:00,G4 · Pesos de classe: 
balance_class_weights::final__screening__deep__tcn__r0__w150__fold_1__seed_42,screening,deep,temporal,screening,tcn,R0,150,1,42,class_weights,a5988ccaa8b13dc01c1ba036d137e105da565b705f56b88b71801aaf26c851a7,pending,new,,,2026-09-15T18:09:11+00:00,G4 · Pesos de classe: 
balance_class_weights::final__screening__deep__tcn__r0__w150__fold_2__seed_42,screening,deep,temporal,screening,tcn,R0,150,2,42,class_weights,7f8480052f3b03e183ba8d29524c725af851a7a9ca6372699acf7911f4a81b18,pending,new,,,2026-09-15T18:09:11+00:00,G4 · Pesos de classe: 
balance_class_weights::final__screening__deep__tcn__r0__w150__fold_3__seed_42,screening,deep,temporal,screening,tcn,R0,150,3,42,class_weights,e80bf53de7fa373698815d5e1e98563fb85025cf87623e54725d94d4d000b248,pending,new,,,2026-09-15T18:09:11+00:00,G4 · Pesos de classe: 
balance_class_weights::final__screening__deep__tcn__r0__w150__fold_4__seed_42,screening,deep,temporal,screening,tcn,R0,150,4,42,class_weights,988051eb4f8e8d1d3a63b146fc393a9a66786820fedd6e1876fc861da96a8caf,pending,new,,,2026-09-15T18:09:11+00:00,G4 · Pesos de classe: 
balance_class_weights::final__screening__deep__tcn__r0__w60__fold_1__seed_42,screening,deep,temporal,screening,tcn,R0,60,1,42,class_weights,5c56ec42cda96dc8cfdde08324726ab5089a4aacf1b4ca4d945e751380e150c4,pending,new,,,2026-09-15T18:09:11+00:00,G4 · Pesos de classe: 
balance_class_weights::final__screening__deep__tcn__r0__w60__fold_2__seed_42,screening,deep,temporal,screening,tcn,R0,60,2,42,class_weights,bd2927535f8b78821920c025a75151f593361cb5b26fad240663a4fe1da8c577,pending,new,,,2026-09-15T18:09:11+00:00,G4 · Pesos de classe: 
balance_class_weights::final__screening__deep__tcn__r0__w60__fold_3__seed_42,screening,deep,temporal,screening,tcn,R0,60,3,42,class_weights,24627133372c2ecda94e7627fe17c0b1271915cb89cd0f667066c2e78447c2ba,pending,new,,,2026-09-15T18:09:11+00:00,G4 · Pesos de classe: 
balance_class_weights::final__screening__deep__tcn__r0__w60__fold_4__seed_42,screening,deep,temporal,screening,tcn,R0,60,4,42,class_weights,0543af724ba5234d7cf9566d9e45131979bb706c9fc590e843ad8077813b58e2,pending,new,,,2026-09-15T18:09:11+00:00,G4 · Pesos de classe: 
balance_class_weights::final__screening__deep__transformer__r0__w150__fold_1__seed_42,screening,deep,temporal,screening,transformer,R0,150,1,42,class_weights,8ba2b4d2b30bb2a9e2625db20a880aef694d97ce1ac1b6edf94e63903bc229ce,pending,new,,,2026-09-15T18:09:11+00:00,G4 · Pesos de classe: 
balance_class_weights::final__screening__deep__transformer__r0__w150__fold_2__seed_42,screening,deep,temporal,screening,transformer,R0,150,2,42,class_weights,ad2ebef57a0f791cf2f0fb10551a5db5b4e0725e9b56cbaa3205b733b64a9e75,pending,new,,,2026-09-15T18:09:11+00:00,G4 · Pesos de classe: 
balance_class_weights::final__screening__deep__transformer__r0__w150__fold_3__seed_42,screening,deep,temporal,screening,transformer,R0,150,3,42,class_weights,2f0c9d07fb65b90dc231872ed8d911b2c90e4b035d642ef941b808a9c5209883,pending,new,,,2026-09-15T18:09:11+00:00,G4 · Pesos de classe: 
balance_class_weights::final__screening__deep__transformer__r0__w150__fold_4__seed_42,screening,deep,temporal,screening,transformer,R0,150,4,42,class_weights,30461a7c540c56173ede65a0b0a1cb9a28b09f09725a9d2913980c187dfb598d,pending,new,,,2026-09-15T18:09:11+00:00,G4 · Pesos de classe: 
balance_class_weights::final__screening__deep__transformer__r0__w60__fold_1__seed_42,screening,deep,temporal,screening,transformer,R0,60,1,42,class_weights,16b01c3b06fbd04da8cc2215dc8e85c719b11b3ab5f38903ac0bc59bd01769f7,pending,new,,,2026-09-15T18:09:11+00:00,G4 · Pesos de classe: 
balance_class_weights::final__screening__deep__transformer__r0__w60__fold_2__seed_42,screening,deep,temporal,screening,transformer,R0,60,2,42,class_weights,a6734600f915308870a19710d05786d0a0db8d722157cc825b49c446a3cdbfa9,pending,new,,,2026-09-15T18:09:11+00:00,G4 · Pesos de classe: 
balance_class_weights::final__screening__deep__transformer__r0__w60__fold_3__seed_42,screening,deep,temporal,screening,transformer,R0,60,3,42,class_weights,edbe90bbb79699d7d7719da3bcf7b7c125e002246fab06a6ee1f159a6daed2d9,pending,new,,,2026-09-15T18:09:11+00:00,G4 · Pesos de classe: 
balance_class_weights::final__screening__deep__transformer__r0__w60__fold_4__seed_42,screening,deep,temporal,screening,transformer,R0,60,4,42,class_weights,0ec4896e0a02fb269720988b34d282e14d05e79b4ce4ad47a0ef290e9950f167,pending,new,,,2026-09-15T18:09:11+00:00,G4 · Pesos de classe: 
balance_class_weights::final__screening__feature__svm__r0_flat__w150__fold_1__seed_42,screening,feature,classical,screening,svm,R0_flat,150,1,42,class_weights,d13b893c4b879fb293afb299ed1f097724597d5efd2668d364875278eea77443,pending,new,,,2026-09-15T18:09:11+00:00,G4 · Pesos de classe: 
balance_class_weights::final__screening__feature__svm__r0_flat__w150__fold_2__seed_42,screening,feature,classical,screening,svm,R0_flat,150,2,42,class_weights,98f831ba16c21ed2ba66bdb0d9114e288e067cdab39ed18c2791564316eaca14,pending,new,,,2026-09-15T18:09:11+00:00,G4 · Pesos de classe: 
balance_class_weights::final__screening__feature__svm__r0_flat__w150__fold_3__seed_42,screening,feature,classical,screening,svm,R0_flat,150,3,42,class_weights,aa157e74c6db5fa5ef00d1595df316d79ef3694934d4bac7be160eb07a51d25a,pending,new,,,2026-09-15T18:09:11+00:00,G4 · Pesos de classe: 
balance_class_weights::final__screening__feature__svm__r0_flat__w150__fold_4__seed_42,screening,feature,classical,screening,svm,R0_flat,150,4,42,class_weights,cff7588570f2e051480ae08453e8cf15798eafd5b43f9cd1267d751b1ebf4a4e,pending,new,,,2026-09-15T18:09:11+00:00,G4 · Pesos de classe: 
balance_class_weights::final__screening__feature__svm__r0_flat__w60__fold_1__seed_42,screening,feature,classical,screening,svm,R0_flat,60,1,42,class_weights,2cc3d9267bfe74ad85b8714f2859f93e9e46a0064448a8050d8b7d5effe2320e,pending,new,,,2026-09-15T18:09:11+00:00,G4 · Pesos de classe: 
balance_class_weights::final__screening__feature__svm__r0_flat__w60__fold_2__seed_42,screening,feature,classical,screening,svm,R0_flat,60,2,42,class_weights,81c1761d41475416cdbc9f230893abba48bc86116d224acfefa5f401e1f3e23e,pending,new,,,2026-09-15T18:09:11+00:00,G4 · Pesos de classe: 
balance_class_weights::final__screening__feature__svm__r0_flat__w60__fold_3__seed_42,screening,feature,classical,screening,svm,R0_flat,60,3,42,class_weights,cd7d319c5907a3f5892efcb2cee0af2bf18fc8539c557f081b4552ef2f0fc94a,pending,new,,,2026-09-15T18:09:11+00:00,G4 · Pesos de classe: 
balance_class_weights::final__screening__feature__svm__r0_flat__w60__fold_4__seed_42,screening,feature,classical,screening,svm,R0_flat,60,4,42,class_weights,92cb1d1c5645cd357c473c8168bdcbd8a831409606f3c194ac08e1e90e3a4363,pending,new,,,2026-09-15T18:09:11+00:00,G4 · Pesos de classe: 
balance_weighted_sampling::final__screening__deep__lstm__r0__w150__fold_1__seed_42,screening,deep,temporal,screening,lstm,R0,150,1,42,weighted_sampling,28136a0b558ea88d85bc70c92730d95c9347e3d2badbab6b1ac1d883d2bed92d,pending,new,,,2026-09-15T18:09:11+00:00,G4 · Amostragem ponderada: 
balance_weighted_sampling::final__screening__deep__lstm__r0__w150__fold_2__seed_42,screening,deep,temporal,screening,lstm,R0,150,2,42,weighted_sampling,81e35535903daff5340d236acefce81062c735e36ae4c785af85f529c7736770,pending,new,,,2026-09-15T18:09:11+00:00,G4 · Amostragem ponderada: 
balance_weighted_sampling::final__screening__deep__lstm__r0__w150__fold_3__seed_42,screening,deep,temporal,screening,lstm,R0,150,3,42,weighted_sampling,3f75dcb958aeba0c5e0839fadb20beeb70cfbc979747bb368cf29fdac9b1d5e6,pending,new,,,2026-09-15T18:09:11+00:00,G4 · Amostragem ponderada: 
balance_weighted_sampling::final__screening__deep__lstm__r0__w150__fold_4__seed_42,screening,deep,temporal,screening,lstm,R0,150,4,42,weighted_sampling,1b0060c10e8629b0973a8c35ced80c180ce38abbde75062d4f83e5b946ff2e3c,pending,new,,,2026-09-15T18:09:11+00:00,G4 · Amostragem ponderada: 
balance_weighted_sampling::final__screening__deep__lstm__r0__w60__fold_1__seed_42,screening,deep,temporal,screening,lstm,R0,60,1,42,weighted_sampling,05568fd41ea97794eb83b7b7ffaaa6dbee4a7b52b978d21e8154b8f51133e3f2,pending,new,,,2026-09-15T18:09:11+00:00,G4 · Amostragem ponderada: 
balance_weighted_sampling::final__screening__deep__lstm__r0__w60__fold_2__seed_42,screening,deep,temporal,screening,lstm,R0,60,2,42,weighted_sampling,aa6f770c81e29a2b362247d002e98c40d05b2b6575c915d54bbe6876468c86c2,pending,new,,,2026-09-15T18:09:11+00:00,G4 · Amostragem ponderada: 
balance_weighted_sampling::final__screening__deep__lstm__r0__w60__fold_3__seed_42,screening,deep,temporal,screening,lstm,R0,60,3,42,weighted_sampling,d4088cab4dd156bca02c1af05c2ee7fabb6b86149e241cd4299895aa7df8ce04,pending,new,,,2026-09-15T18:09:11+00:00,G4 · Amostragem ponderada: 
balance_weighted_sampling::final__screening__deep__lstm__r0__w60__fold_4__seed_42,screening,deep,temporal,screening,lstm,R0,60,4,42,weighted_sampling,c353c2cff67e78bc4ebe5878b54844f22c6b4cb77efcb4a3fe0147f369ed6cb1,pending,new,,,2026-09-15T18:09:11+00:00,G4 · Amostragem ponderada: 
balance_weighted_sampling::final__screening__deep__tcn__r0__w150__fold_1__seed_42,screening,deep,temporal,screening,tcn,R0,150,1,42,weighted_sampling,2e24c989a9a7dc9798619bc2b04aba8e07bad6f9394e4ce2a0504f8470f1c3bd,pending,new,,,2026-09-15T18:09:11+00:00,G4 · Amostragem ponderada: 
balance_weighted_sampling::final__screening__deep__tcn__r0__w150__fold_2__seed_42,screening,deep,temporal,screening,tcn,R0,150,2,42,weighted_sampling,48d46a61c07c3b462f7111dda45aac3cad1dc29bc17613ea441e90cccc47ea82,pending,new,,,2026-09-15T18:09:11+00:00,G4 · Amostragem ponderada: 
balance_weighted_sampling::final__screening__deep__tcn__r0__w150__fold_3__seed_42,screening,deep,temporal,screening,tcn,R0,150,3,42,weighted_sampling,56f4b91be61a93d94a620b59d37ec2d6fcb8d6e46d4baf5c4079d3d838f697ce,pending,new,,,2026-09-15T18:09:11+00:00,G4 · Amostragem ponderada: 
balance_weighted_sampling::final__screening__deep__tcn__r0__w150__fold_4__seed_42,screening,deep,temporal,screening,tcn,R0,150,4,42,weighted_sampling,62e3ed10e7f75150317d13b7e57aeb5786ec11c05ce946d91e77347113ff2e27,pending,new,,,2026-09-15T18:09:11+00:00,G4 · Amostragem ponderada: 
balance_weighted_sampling::final__screening__deep__tcn__r0__w60__fold_1__seed_42,screening,deep,temporal,screening,tcn,R0,60,1,42,weighted_sampling,2248ea11139500df8b70a5863650bbec93247134e01d20d43950ebc5b7fce33a,pending,new,,,2026-09-15T18:09:11+00:00,G4 · Amostragem ponderada: 
balance_weighted_sampling::final__screening__deep__tcn__r0__w60__fold_2__seed_42,screening,deep,temporal,screening,tcn,R0,60,2,42,weighted_sampling,9b0140a8074bc4bf73707ce3e67a9a59c8a0a9378d7859f148841193dab20c78,pending,new,,,2026-09-15T18:09:11+00:00,G4 · Amostragem ponderada: 
balance_weighted_sampling::final__screening__deep__tcn__r0__w60__fold_3__seed_42,screening,deep,temporal,screening,tcn,R0,60,3,42,weighted_sampling,ca00ba4d2b500e4c6a6869e7f16a33cd520d6dc2dcd52c8676cb7857eec42087,pending,new,,,2026-09-15T18:09:11+00:00,G4 · Amostragem ponderada: 
balance_weighted_sampling::final__screening__deep__tcn__r0__w60__fold_4__seed_42,screening,deep,temporal,screening,tcn,R0,60,4,42,weighted_sampling,6c579100ba03b2343aa3dcc57d6357b10ead8157b6d2665acff12ab7498a3f4e,pending,new,,,2026-09-15T18:09:11+00:00,G4 · Amostragem ponderada: 
balance_weighted_sampling::final__screening__deep__transformer__r0__w150__fold_1__seed_42,screening,deep,temporal,screening,transformer,R0,150,1,42,weighted_sampling,f4ca4ee087b30646f39838f809e36d410fc0f56dff0bd24a46511f390cf5d8b6,pending,new,,,2026-09-15T18:09:11+00:00,G4 · Amostragem ponderada: 
balance_weighted_sampling::final__screening__deep__transformer__r0__w150__fold_2__seed_42,screening,deep,temporal,screening,transformer,R0,150,2,42,weighted_sampling,0c038d0aa924bb2ffaec0b1e8ccbc6deb26a8ebf0e04f3a3356ae30c98e63cf7,pending,new,,,2026-09-15T18:09:11+00:00,G4 · Amostragem ponderada: 
balance_weighted_sampling::final__screening__deep__transformer__r0__w150__fold_3__seed_42,screening,deep,temporal,screening,transformer,R0,150,3,42,weighted_sampling,f1daff4faebc23e085ce6048d87379982de2668284044ea9cd0f5268110a0ff8,pending,new,,,2026-09-15T18:09:11+00:00,G4 · Amostragem ponderada: 
balance_weighted_sampling::final__screening__deep__transformer__r0__w150__fold_4__seed_42,screening,deep,temporal,screening,transformer,R0,150,4,42,weighted_sampling,055574e1da1bab9ad4037f4a3e43c6122f3aa93a2c649ed90d9bdec4543da92f,pending,new,,,2026-09-15T18:09:11+00:00,G4 · Amostragem ponderada: 
balance_weighted_sampling::final__screening__deep__transformer__r0__w60__fold_1__seed_42,screening,deep,temporal,screening,transformer,R0,60,1,42,weighted_sampling,3e5f71aed80298413100b02daf0575fe7a84397f743cacffc483b1f8cad1e9e2,pending,new,,,2026-09-15T18:09:11+00:00,G4 · Amostragem ponderada: 
balance_weighted_sampling::final__screening__deep__transformer__r0__w60__fold_2__seed_42,screening,deep,temporal,screening,transformer,R0,60,2,42,weighted_sampling,a07e1ce3a8cba8b8082d6a0341110a1a292e2e9325adee341d20b1dd557d2287,pending,new,,,2026-09-15T18:09:11+00:00,G4 · Amostragem ponderada: 
balance_weighted_sampling::final__screening__deep__transformer__r0__w60__fold_3__seed_42,screening,deep,temporal,screening,transformer,R0,60,3,42,weighted_sampling,c6ac5dcd9f4a92b54dd67cedca0e00c85b70100870bcb9f16a078d123f01b07a,pending,new,,,2026-09-15T18:09:11+00:00,G4 · Amostragem ponderada: 
balance_weighted_sampling::final__screening__deep__transformer__r0__w60__fold_4__seed_42,screening,deep,temporal,screening,transformer,R0,60,4,42,weighted_sampling,c532a1f28c8fb723e613470c6421f6fc7a4606f7d818cdcfa8768c9cea8c5c7b,pending,new,,,2026-09-15T18:09:11+00:00,G4 · Amostragem ponderada: 
balance_weighted_sampling::final__screening__feature__svm__r0_flat__w150__fold_1__seed_42,screening,feature,classical,screening,svm,R0_flat,150,1,42,weighted_sampling,5d29c80dba46ac2d15cb973516b527be0c4994680a25a6385454661b342ca987,pending,new,,,2026-09-15T18:09:11+00:00,G4 · Amostragem ponderada: 
balance_weighted_sampling::final__screening__feature__svm__r0_flat__w150__fold_2__seed_42,screening,feature,classical,screening,svm,R0_flat,150,2,42,weighted_sampling,626d2b8e43bd58ba7a40da1c87f0c3283b48ceb55b1d264fc2351a8f068dedc8,pending,new,,,2026-09-15T18:09:11+00:00,G4 · Amostragem ponderada: 
balance_weighted_sampling::final__screening__feature__svm__r0_flat__w150__fold_3__seed_42,screening,feature,classical,screening,svm,R0_flat,150,3,42,weighted_sampling,0330f88a310820f1396af40db9031d75446e4b3acc6e4d7d367445fcb64901b3,pending,new,,,2026-09-15T18:09:11+00:00,G4 · Amostragem ponderada: 
balance_weighted_sampling::final__screening__feature__svm__r0_flat__w150__fold_4__seed_42,screening,feature,classical,screening,svm,R0_flat,150,4,42,weighted_sampling,2d642dbab8f1a1b3049db76ff0cd6a747fe7dd48b0d66821b47b407d69f32a40,pending,new,,,2026-09-15T18:09:11+00:00,G4 · Amostragem ponderada: 
balance_weighted_sampling::final__screening__feature__svm__r0_flat__w60__fold_1__seed_42,screening,feature,classical,screening,svm,R0_flat,60,1,42,weighted_sampling,b5998ac09af5bb34f7edcc863bd3f97a1732fc65b3d61b3709550a215c1f7cde,pending,new,,,2026-09-15T18:09:11+00:00,G4 · Amostragem ponderada: 
balance_weighted_sampling::final__screening__feature__svm__r0_flat__w60__fold_2__seed_42,screening,feature,classical,screening,svm,R0_flat,60,2,42,weighted_sampling,4bfc4373baa980a3b832735fef4918fd18b6b62f5b9a97d34720ea86db2183d5,pending,new,,,2026-09-15T18:09:11+00:00,G4 · Amostragem ponderada: 
balance_weighted_sampling::final__screening__feature__svm__r0_flat__w60__fold_3__seed_42,screening,feature,classical,screening,svm,R0_flat,60,3,42,weighted_sampling,7e1016756bd9ca946ced0ceeb2868fdf8f5b039f75adaa93f079b24d73bcbe06,pending,new,,,2026-09-15T18:09:11+00:00,G4 · Amostragem ponderada: 
balance_weighted_sampling::final__screening__feature__svm__r0_flat__w60__fold_4__seed_42,screening,feature,classical,screening,svm,R0_flat,60,4,42,weighted_sampling,0825fd4bfd268c9e47c981755dcd778d0a6c3cbf467ca6c8a70654c860f62639,pending,new,,,2026-09-15T18:09:11+00:00,G4 · Amostragem ponderada: 
behavior_features::final__screening__feature__logistic_regression__temporal_behavior_v1__w150__fold_1__seed_42,screening,feature,classical,screening,logistic_regression,temporal_behavior_v1,150,1,42,class_weights,9e285454f59547a67f7c28c6440f7c50dd1301f5375c7e7f58790bf3ad6f9d7d,pending,new,,,2026-09-15T18:09:11+00:00,Características temporais: 
behavior_features::final__screening__feature__logistic_regression__temporal_behavior_v1__w150__fold_2__seed_42,screening,feature,classical,screening,logistic_regression,temporal_behavior_v1,150,2,42,class_weights,736a0e3c80971731d4be81180ffab2809f9f7d9ca92aa2fcb79f0f211217f0ec,pending,new,,,2026-09-15T18:09:11+00:00,Características temporais: 
behavior_features::final__screening__feature__logistic_regression__temporal_behavior_v1__w150__fold_3__seed_42,screening,feature,classical,screening,logistic_regression,temporal_behavior_v1,150,3,42,class_weights,2b798d47d609a67c889c508e33afffd84270c94b5825bd1e6bab469a7f10ff96,pending,new,,,2026-09-15T18:09:11+00:00,Características temporais: 
behavior_features::final__screening__feature__logistic_regression__temporal_behavior_v1__w150__fold_4__seed_42,screening,feature,classical,screening,logistic_regression,temporal_behavior_v1,150,4,42,class_weights,dfe6c8eb0a228613d497a7e22d386ae9b8d0a2e36c1541ccf136aac926836739,pending,new,,,2026-09-15T18:09:11+00:00,Características temporais: 
behavior_features::final__screening__feature__logistic_regression__temporal_behavior_v1__w30__fold_1__seed_42,screening,feature,classical,screening,logistic_regression,temporal_behavior_v1,30,1,42,class_weights,39de446c3d033d703c34bb4874a31e8753deb3f068b95d1482f07269b0b8d66c,pending,new,,,2026-09-15T18:09:11+00:00,Características temporais: 
behavior_features::final__screening__feature__logistic_regression__temporal_behavior_v1__w30__fold_2__seed_42,screening,feature,classical,screening,logistic_regression,temporal_behavior_v1,30,2,42,class_weights,22ac4aa47c799a82f5f4b3ba308a1b573d4c16e658d0d05c942e8ce0a29f3559,pending,new,,,2026-09-15T18:09:11+00:00,Características temporais: 
behavior_features::final__screening__feature__logistic_regression__temporal_behavior_v1__w30__fold_3__seed_42,screening,feature,classical,screening,logistic_regression,temporal_behavior_v1,30,3,42,class_weights,36c9242d4e21fa9521067ef32fee4f4b6e3fee6d4d9743992c2416f504296664,pending,new,,,2026-09-15T18:09:11+00:00,Características temporais: 
behavior_features::final__screening__feature__logistic_regression__temporal_behavior_v1__w30__fold_4__seed_42,screening,feature,classical,screening,logistic_regression,temporal_behavior_v1,30,4,42,class_weights,faf6ebc852611eb1e8e16382031fa1a347fded6c1b6e2bfbcde47b2a6db7fdc3,pending,new,,,2026-09-15T18:09:11+00:00,Características temporais: 
behavior_features::final__screening__feature__logistic_regression__temporal_behavior_v1__w60__fold_1__seed_42,screening,feature,classical,screening,logistic_regression,temporal_behavior_v1,60,1,42,class_weights,5f4c56bb04655bfa73935cc896beaf0dc05f5cd89315e660059fec59af98dd13,pending,new,,,2026-09-15T18:09:11+00:00,Características temporais: 
behavior_features::final__screening__feature__logistic_regression__temporal_behavior_v1__w60__fold_2__seed_42,screening,feature,classical,screening,logistic_regression,temporal_behavior_v1,60,2,42,class_weights,21b37f14a572fc2c53348be6977e7239dc6fd105d6cb417a4dd4cb39335a0708,pending,new,,,2026-09-15T18:09:11+00:00,Características temporais: 
behavior_features::final__screening__feature__logistic_regression__temporal_behavior_v1__w60__fold_3__seed_42,screening,feature,classical,screening,logistic_regression,temporal_behavior_v1,60,3,42,class_weights,605456982bd869b4b21a3e9ea14b56b2923bd8dd757023e6f52a3fe839a9e158,pending,new,,,2026-09-15T18:09:11+00:00,Características temporais: 
behavior_features::final__screening__feature__logistic_regression__temporal_behavior_v1__w60__fold_4__seed_42,screening,feature,classical,screening,logistic_regression,temporal_behavior_v1,60,4,42,class_weights,c374aff9e23234d75cabb546e28c1016ae1d801820dde3d8b518e816ffe2eeee,pending,new,,,2026-09-15T18:09:11+00:00,Características temporais: 
behavior_features::final__screening__feature__random_forest__temporal_behavior_v1__w150__fold_1__seed_42,screening,feature,classical,screening,random_forest,temporal_behavior_v1,150,1,42,class_weights,f8b28e4ef300426a054dccaca85da5322bddc5bab7beffbcbd2cb3c0c19d475e,pending,new,,,2026-09-15T18:09:11+00:00,Características temporais: 
behavior_features::final__screening__feature__random_forest__temporal_behavior_v1__w150__fold_2__seed_42,screening,feature,classical,screening,random_forest,temporal_behavior_v1,150,2,42,class_weights,3cb0aebdb1e76353ee56f217eed9755279a265c2d1b913b52af4cd556ad0b0b5,pending,new,,,2026-09-15T18:09:11+00:00,Características temporais: 
behavior_features::final__screening__feature__random_forest__temporal_behavior_v1__w150__fold_3__seed_42,screening,feature,classical,screening,random_forest,temporal_behavior_v1,150,3,42,class_weights,1a79a983af39d03fb00418641d4061a6f23f0490a6236517f010675d3247fd10,pending,new,,,2026-09-15T18:09:11+00:00,Características temporais: 
behavior_features::final__screening__feature__random_forest__temporal_behavior_v1__w150__fold_4__seed_42,screening,feature,classical,screening,random_forest,temporal_behavior_v1,150,4,42,class_weights,71b0507d49b78955b59949bd4772eab7b99b64ab74c688751515786a6fd7f16e,pending,new,,,2026-09-15T18:09:11+00:00,Características temporais: 
behavior_features::final__screening__feature__random_forest__temporal_behavior_v1__w30__fold_1__seed_42,screening,feature,classical,screening,random_forest,temporal_behavior_v1,30,1,42,class_weights,dc8d3df4cca0992619e5a84558e8573e60408b0ab9b269055ab6fe0008310736,pending,new,,,2026-09-15T18:09:11+00:00,Características temporais: 
behavior_features::final__screening__feature__random_forest__temporal_behavior_v1__w30__fold_2__seed_42,screening,feature,classical,screening,random_forest,temporal_behavior_v1,30,2,42,class_weights,3d654deb7113b81ed2279fb646e61b568a0210637c4a214a8d46e7895180c3f2,pending,new,,,2026-09-15T18:09:11+00:00,Características temporais: 
behavior_features::final__screening__feature__random_forest__temporal_behavior_v1__w30__fold_3__seed_42,screening,feature,classical,screening,random_forest,temporal_behavior_v1,30,3,42,class_weights,bc2adeb276ee3dfe66ae9ee3a6eef7f61840c46e261e7b870af29fa75840761d,pending,new,,,2026-09-15T18:09:11+00:00,Características temporais: 
behavior_features::final__screening__feature__random_forest__temporal_behavior_v1__w30__fold_4__seed_42,screening,feature,classical,screening,random_forest,temporal_behavior_v1,30,4,42,class_weights,5b4ff34b7f5447ad3f8af48561aaf1a2560433c62557f08fe5af3701e671f6b3,pending,new,,,2026-09-15T18:09:11+00:00,Características temporais: 
behavior_features::final__screening__feature__random_forest__temporal_behavior_v1__w60__fold_1__seed_42,screening,feature,classical,screening,random_forest,temporal_behavior_v1,60,1,42,class_weights,6116f24a4416039299e4ce564dfb7aa57ceafa393f8cc24d8f8e38107e1ff3d3,pending,new,,,2026-09-15T18:09:11+00:00,Características temporais: 
behavior_features::final__screening__feature__random_forest__temporal_behavior_v1__w60__fold_2__seed_42,screening,feature,classical,screening,random_forest,temporal_behavior_v1,60,2,42,class_weights,1bc15c0a5e54da2678b23920027e429983f14aff1ae2cb750f01d5a478170b3e,pending,new,,,2026-09-15T18:09:11+00:00,Características temporais: 
behavior_features::final__screening__feature__random_forest__temporal_behavior_v1__w60__fold_3__seed_42,screening,feature,classical,screening,random_forest,temporal_behavior_v1,60,3,42,class_weights,f66b10552978452b637d2b20f189e3b0cdf67a0f9d33aeb55bdfd72554f451b3,pending,new,,,2026-09-15T18:09:11+00:00,Características temporais: 
behavior_features::final__screening__feature__random_forest__temporal_behavior_v1__w60__fold_4__seed_42,screening,feature,classical,screening,random_forest,temporal_behavior_v1,60,4,42,class_weights,552c112190815b7b9280a5f753757ec9df55fdd97bd4840404eac8539ef637e2,pending,new,,,2026-09-15T18:09:11+00:00,Características temporais: 
behavior_features::final__screening__feature__svm__temporal_behavior_v1__w150__fold_1__seed_42,screening,feature,classical,screening,svm,temporal_behavior_v1,150,1,42,class_weights,22a4bb30d018a1cbb9cde0be81d46553615f85f6e17aa97eb39c5ed020852a1c,pending,new,,,2026-09-15T18:09:11+00:00,Características temporais: 
behavior_features::final__screening__feature__svm__temporal_behavior_v1__w150__fold_2__seed_42,screening,feature,classical,screening,svm,temporal_behavior_v1,150,2,42,class_weights,b51516921b29ef41dd0b86f719410330858b24a9f0b32842d01d4570b09d8db0,pending,new,,,2026-09-15T18:09:11+00:00,Características temporais: 
behavior_features::final__screening__feature__svm__temporal_behavior_v1__w150__fold_3__seed_42,screening,feature,classical,screening,svm,temporal_behavior_v1,150,3,42,class_weights,cb5cbc8955a4c3ae75bd8f50e923df4226461f4b1831d5be5ecbee5e59dc3331,pending,new,,,2026-09-15T18:09:11+00:00,Características temporais: 
behavior_features::final__screening__feature__svm__temporal_behavior_v1__w150__fold_4__seed_42,screening,feature,classical,screening,svm,temporal_behavior_v1,150,4,42,class_weights,25c2d07d7d919b3516e92dd5940b407c36a53aad3f7dc770c8902614802738e5,pending,new,,,2026-09-15T18:09:11+00:00,Características temporais: 
behavior_features::final__screening__feature__svm__temporal_behavior_v1__w30__fold_1__seed_42,screening,feature,classical,screening,svm,temporal_behavior_v1,30,1,42,class_weights,9473e67839f0d1dcfb7071630983371091ed5b31ac89669363e599a8bd7606dd,pending,new,,,2026-09-15T18:09:11+00:00,Características temporais: 
behavior_features::final__screening__feature__svm__temporal_behavior_v1__w30__fold_2__seed_42,screening,feature,classical,screening,svm,temporal_behavior_v1,30,2,42,class_weights,0e76b18b3879f8f085bd761a84cebfc7c986d203a689284a1e475c719e2e3634,pending,new,,,2026-09-15T18:09:11+00:00,Características temporais: 
behavior_features::final__screening__feature__svm__temporal_behavior_v1__w30__fold_3__seed_42,screening,feature,classical,screening,svm,temporal_behavior_v1,30,3,42,class_weights,17cc12edaf32449c2961207282291c13753399324650608dfec1ffb3a575b6a7,pending,new,,,2026-09-15T18:09:11+00:00,Características temporais: 
behavior_features::final__screening__feature__svm__temporal_behavior_v1__w30__fold_4__seed_42,screening,feature,classical,screening,svm,temporal_behavior_v1,30,4,42,class_weights,7b370d2e1c83ad84b03575bb0bcf6706ac0c4975c51b1389f0d647f57163a5a9,pending,new,,,2026-09-15T18:09:11+00:00,Características temporais: 
behavior_features::final__screening__feature__svm__temporal_behavior_v1__w60__fold_1__seed_42,screening,feature,classical,screening,svm,temporal_behavior_v1,60,1,42,class_weights,3dd23e6be25d2e0335ac13d91d951c16ed16747f115f9f6614ce296eaa79e106,pending,new,,,2026-09-15T18:09:11+00:00,Características temporais: 
behavior_features::final__screening__feature__svm__temporal_behavior_v1__w60__fold_2__seed_42,screening,feature,classical,screening,svm,temporal_behavior_v1,60,2,42,class_weights,61a321f666918e28c91699d09be2487b182a1b4a05535a4636fb293e638ce208,pending,new,,,2026-09-15T18:09:11+00:00,Características temporais: 
behavior_features::final__screening__feature__svm__temporal_behavior_v1__w60__fold_3__seed_42,screening,feature,classical,screening,svm,temporal_behavior_v1,60,3,42,class_weights,a79f26022f9ebd64eb8975a4fbf417f62da29ad2624ab8c732ec3f31a2d14a3f,pending,new,,,2026-09-15T18:09:11+00:00,Características temporais: 
behavior_features::final__screening__feature__svm__temporal_behavior_v1__w60__fold_4__seed_42,screening,feature,classical,screening,svm,temporal_behavior_v1,60,4,42,class_weights,e2cc935ed9b04dde0640bd974d6482260b725a4fa82178db1941deb5eb09e94d,pending,new,,,2026-09-15T18:09:11+00:00,Características temporais: 
behavior_features::final__screening__feature__xgboost__temporal_behavior_v1__w150__fold_1__seed_42,screening,feature,classical,screening,xgboost,temporal_behavior_v1,150,1,42,class_weights,c0a4cf850c06c95a1b7c36b6ef97834022c6a98870226ba20983e5db6469d52a,pending,new,,,2026-09-15T18:09:11+00:00,Características temporais: 
behavior_features::final__screening__feature__xgboost__temporal_behavior_v1__w150__fold_2__seed_42,screening,feature,classical,screening,xgboost,temporal_behavior_v1,150,2,42,class_weights,937ed3d6ec3c1316231e141b6feef58935424f8a65d170eb8a229be164afd939,pending,new,,,2026-09-15T18:09:11+00:00,Características temporais: 
behavior_features::final__screening__feature__xgboost__temporal_behavior_v1__w150__fold_3__seed_42,screening,feature,classical,screening,xgboost,temporal_behavior_v1,150,3,42,class_weights,7724684f03ec090f683c95460cfddbc0f5832b16a232755158680513b6f74e71,pending,new,,,2026-09-15T18:09:11+00:00,Características temporais: 
behavior_features::final__screening__feature__xgboost__temporal_behavior_v1__w150__fold_4__seed_42,screening,feature,classical,screening,xgboost,temporal_behavior_v1,150,4,42,class_weights,958def476fb840fa416b0d2cc0578edf8ac941d60fd936cc0aa99dc05ed5cda0,pending,new,,,2026-09-15T18:09:11+00:00,Características temporais: 
behavior_features::final__screening__feature__xgboost__temporal_behavior_v1__w30__fold_1__seed_42,screening,feature,classical,screening,xgboost,temporal_behavior_v1,30,1,42,class_weights,3bbdb73c21564045ffea0c6f3f9683455bd4e6081d56df20e21bc74252646ec9,pending,new,,,2026-09-15T18:09:11+00:00,Características temporais: 
behavior_features::final__screening__feature__xgboost__temporal_behavior_v1__w30__fold_2__seed_42,screening,feature,classical,screening,xgboost,temporal_behavior_v1,30,2,42,class_weights,3c41f454156fe703193c50caf2ced4f7c4335b55017473f2fd82fcbdc719e464,pending,new,,,2026-09-15T18:09:11+00:00,Características temporais: 
behavior_features::final__screening__feature__xgboost__temporal_behavior_v1__w30__fold_3__seed_42,screening,feature,classical,screening,xgboost,temporal_behavior_v1,30,3,42,class_weights,616806b510efca23ffa8b090d6c9fe2272dddaedbbb413f1ff15158b46fdd937,pending,new,,,2026-09-15T18:09:11+00:00,Características temporais: 
behavior_features::final__screening__feature__xgboost__temporal_behavior_v1__w30__fold_4__seed_42,screening,feature,classical,screening,xgboost,temporal_behavior_v1,30,4,42,class_weights,7a3897a11e93ce1e765d7a885f9eba4775e61ce5c8455c8cda6f025b9f5b016f,pending,new,,,2026-09-15T18:09:11+00:00,Características temporais: 
behavior_features::final__screening__feature__xgboost__temporal_behavior_v1__w60__fold_1__seed_42,screening,feature,classical,screening,xgboost,temporal_behavior_v1,60,1,42,class_weights,54af8334ce4aab97faf70036698c4f42110597f549fd5772292edcabd88666e1,pending,new,,,2026-09-15T18:09:11+00:00,Características temporais: 
behavior_features::final__screening__feature__xgboost__temporal_behavior_v1__w60__fold_2__seed_42,screening,feature,classical,screening,xgboost,temporal_behavior_v1,60,2,42,class_weights,94341a8d6bf6b3b4b09938181b172228a739d9f51bf0a39e6e5b2ae467c60037,pending,new,,,2026-09-15T18:09:11+00:00,Características temporais: 
behavior_features::final__screening__feature__xgboost__temporal_behavior_v1__w60__fold_3__seed_42,screening,feature,classical,screening,xgboost,temporal_behavior_v1,60,3,42,class_weights,fa91edaf3559e9ff6b1dd87fc3f30ead8066b742966445c793acfe58d7a52e07,pending,new,,,2026-09-15T18:09:11+00:00,Características temporais: 
behavior_features::final__screening__feature__xgboost__temporal_behavior_v1__w60__fold_4__seed_42,screening,feature,classical,screening,xgboost,temporal_behavior_v1,60,4,42,class_weights,23bb6e4d563c08adc678374bfbd959791140b04552338dd1a6714ba7c62cab58,pending,new,,,2026-09-15T18:09:11+00:00,Características temporais: 
binary_experiment::final__screening__deep__inception_individual__r0__w150__fold_1__seed_42,screening,deep,temporal,screening,inception_individual,R0,150,1,42,class_weights,3018b493329ae348604c883000ffea4d04b3d812538b73efb676d9b47eb808ea,pending,new,,,2026-09-15T18:09:11+00:00,Atenção × Distração — comparação completa: 
binary_experiment::final__screening__deep__inception_individual__r0__w150__fold_2__seed_42,screening,deep,temporal,screening,inception_individual,R0,150,2,42,class_weights,fa9418f70ad9424d54de341dd3ec84cd62433c0dbb81a10259f473654b127b57,pending,new,,,2026-09-15T18:09:11+00:00,Atenção × Distração — comparação completa: 
binary_experiment::final__screening__deep__inception_individual__r0__w150__fold_3__seed_42,screening,deep,temporal,screening,inception_individual,R0,150,3,42,class_weights,dbc9052ee2db5a59d577383856e11a223d0b28651ef5f7052f0ad75dfc9c2539,pending,new,,,2026-09-15T18:09:11+00:00,Atenção × Distração — comparação completa: 
binary_experiment::final__screening__deep__inception_individual__r0__w150__fold_4__seed_42,screening,deep,temporal,screening,inception_individual,R0,150,4,42,class_weights,5a1cf881312f855471dc3a7f740689c8ac10bea19df512773b3f8601de20a178,pending,new,,,2026-09-15T18:09:11+00:00,Atenção × Distração — comparação completa: 
binary_experiment::final__screening__deep__inception_individual__r0__w30__fold_1__seed_42,screening,deep,temporal,screening,inception_individual,R0,30,1,42,class_weights,53211f640a086fb95de9bf4200172f29e1e4a2dcc6c1edd7f156bef2d65e0ce3,pending,new,,,2026-09-15T18:09:11+00:00,Atenção × Distração — comparação completa: 
binary_experiment::final__screening__deep__inception_individual__r0__w30__fold_2__seed_42,screening,deep,temporal,screening,inception_individual,R0,30,2,42,class_weights,3fa4f7e0e39358f13a0c8e574202e81d2465311ddc5e65f6abad6d4ae0fd4633,pending,new,,,2026-09-15T18:09:11+00:00,Atenção × Distração — comparação completa: 
binary_experiment::final__screening__deep__inception_individual__r0__w30__fold_3__seed_42,screening,deep,temporal,screening,inception_individual,R0,30,3,42,class_weights,6168dcd45d25d3e2f9bf55a351bbbd094b57a2b5bf9bc3ac2197a0438d3a864e,pending,new,,,2026-09-15T18:09:11+00:00,Atenção × Distração — comparação completa: 
binary_experiment::final__screening__deep__inception_individual__r0__w30__fold_4__seed_42,screening,deep,temporal,screening,inception_individual,R0,30,4,42,class_weights,6f44f92a3e39f1bdd01feb41b78fba336c22bb397f7e3a3e5e73fcb671d56ff8,pending,new,,,2026-09-15T18:09:11+00:00,Atenção × Distração — comparação completa: 
binary_experiment::final__screening__deep__inception_individual__r0__w60__fold_1__seed_42,screening,deep,temporal,screening,inception_individual,R0,60,1,42,class_weights,32a3afd64327dfb12a46b8f0c7ad2f6823d29bd0ede37c6faa1fe7ee4aeb29de,pending,new,,,2026-09-15T18:09:11+00:00,Atenção × Distração — comparação completa: 
binary_experiment::final__screening__deep__inception_individual__r0__w60__fold_2__seed_42,screening,deep,temporal,screening,inception_individual,R0,60,2,42,class_weights,c7b2b776c581b1ef03928ced2359be7bd3edf0a42a22ad07d45659fd4b0d369c,pending,new,,,2026-09-15T18:09:11+00:00,Atenção × Distração — comparação completa: 
binary_experiment::final__screening__deep__inception_individual__r0__w60__fold_3__seed_42,screening,deep,temporal,screening,inception_individual,R0,60,3,42,class_weights,9cb06167ee383a38fd26195a07f695f31c1f716904070491580c627f4778f1cd,pending,new,,,2026-09-15T18:09:11+00:00,Atenção × Distração — comparação completa: 
binary_experiment::final__screening__deep__inception_individual__r0__w60__fold_4__seed_42,screening,deep,temporal,screening,inception_individual,R0,60,4,42,class_weights,cd1b11d16f40a30b42ce12d2046673a7b4dd4b9867134a9c97e19f3a80a52ce7,pending,new,,,2026-09-15T18:09:11+00:00,Atenção × Distração — comparação completa: 
binary_experiment::final__screening__deep__lstm__r0__w150__fold_1__seed_42,screening,deep,temporal,screening,lstm,R0,150,1,42,class_weights,5bc1e55ac0ec3e587e94a7b93a45ad6f60da475e4c4905353aa9f09fc33eee61,pending,new,,,2026-09-15T18:09:11+00:00,Atenção × Distração — comparação completa: 
binary_experiment::final__screening__deep__lstm__r0__w150__fold_2__seed_42,screening,deep,temporal,screening,lstm,R0,150,2,42,class_weights,82fd60864b0dc1ad3da09f3db44d2f64ac4b29f18afcfca0bebac29ff86edead,pending,new,,,2026-09-15T18:09:11+00:00,Atenção × Distração — comparação completa: 
binary_experiment::final__screening__deep__lstm__r0__w150__fold_3__seed_42,screening,deep,temporal,screening,lstm,R0,150,3,42,class_weights,0b38ab8173a536c4c846387d5b3cbf7d53e33c34b960f6981f3cf48ea729ea95,pending,new,,,2026-09-15T18:09:11+00:00,Atenção × Distração — comparação completa: 
binary_experiment::final__screening__deep__lstm__r0__w150__fold_4__seed_42,screening,deep,temporal,screening,lstm,R0,150,4,42,class_weights,a3fe92f84c6ee3845579dfe61e5be64c357db2fbb97cca517283c81d98d963e7,pending,new,,,2026-09-15T18:09:11+00:00,Atenção × Distração — comparação completa: 
binary_experiment::final__screening__deep__lstm__r0__w30__fold_1__seed_42,screening,deep,temporal,screening,lstm,R0,30,1,42,class_weights,d1315600268b62d4f380c7a78964acf3b2d7480ea4c6d77a641d0e8a4d412d9a,pending,new,,,2026-09-15T18:09:11+00:00,Atenção × Distração — comparação completa: 
binary_experiment::final__screening__deep__lstm__r0__w30__fold_2__seed_42,screening,deep,temporal,screening,lstm,R0,30,2,42,class_weights,37183f797a9370c5ea46334dcab2d43af020c0246e202ec0c38516484438d1d4,pending,new,,,2026-09-15T18:09:11+00:00,Atenção × Distração — comparação completa: 
binary_experiment::final__screening__deep__lstm__r0__w30__fold_3__seed_42,screening,deep,temporal,screening,lstm,R0,30,3,42,class_weights,a21684151c9e3a2a1dd585cd5de0277db087642d999dc9f1385e8d3a9cc852ac,pending,new,,,2026-09-15T18:09:11+00:00,Atenção × Distração — comparação completa: 
binary_experiment::final__screening__deep__lstm__r0__w30__fold_4__seed_42,screening,deep,temporal,screening,lstm,R0,30,4,42,class_weights,8142bc5fbeb1ef5b7dcfc64c55d49ebc61b57c782af1cfb9efbfd91f0db95468,pending,new,,,2026-09-15T18:09:11+00:00,Atenção × Distração — comparação completa: 
binary_experiment::final__screening__deep__lstm__r0__w60__fold_1__seed_42,screening,deep,temporal,screening,lstm,R0,60,1,42,class_weights,68144b9beae9e676fdc4e5e9e84a1113fb42d7b2a50b53c9a79e40cfc2addda5,pending,new,,,2026-09-15T18:09:11+00:00,Atenção × Distração — comparação completa: 
binary_experiment::final__screening__deep__lstm__r0__w60__fold_2__seed_42,screening,deep,temporal,screening,lstm,R0,60,2,42,class_weights,e881d50d9bed394b3b10e2ae80549b729638767b4ae0a43040daf9e27f720586,pending,new,,,2026-09-15T18:09:11+00:00,Atenção × Distração — comparação completa: 
binary_experiment::final__screening__deep__lstm__r0__w60__fold_3__seed_42,screening,deep,temporal,screening,lstm,R0,60,3,42,class_weights,ca2eb5d22ba7d5667ce31c0512f5b3a7a88217a2a3266d2babc29b0d9b2c703d,pending,new,,,2026-09-15T18:09:11+00:00,Atenção × Distração — comparação completa: 
binary_experiment::final__screening__deep__lstm__r0__w60__fold_4__seed_42,screening,deep,temporal,screening,lstm,R0,60,4,42,class_weights,6023eda80e51a708c1e7e31cd41aa81ff4ec4d07fe6247b69fb4318cec03f51f,pending,new,,,2026-09-15T18:09:11+00:00,Atenção × Distração — comparação completa: 
binary_experiment::final__screening__deep__tcn__r0__w150__fold_1__seed_42,screening,deep,temporal,screening,tcn,R0,150,1,42,class_weights,0f2f421eb32f16a9a985e84aab7b12f8cee921d126990062349ee22e1e45ff14,pending,new,,,2026-09-15T18:09:11+00:00,Atenção × Distração — comparação completa: 
binary_experiment::final__screening__deep__tcn__r0__w150__fold_2__seed_42,screening,deep,temporal,screening,tcn,R0,150,2,42,class_weights,8cc4f587da21895ee6e8b1096b79edc680dba0d8f53b0c30b22542a28ba7acd2,pending,new,,,2026-09-15T18:09:11+00:00,Atenção × Distração — comparação completa: 
binary_experiment::final__screening__deep__tcn__r0__w150__fold_3__seed_42,screening,deep,temporal,screening,tcn,R0,150,3,42,class_weights,c341e6d7ce960861eab448c5708505753788140610b826221a6fbad16c04def7,pending,new,,,2026-09-15T18:09:11+00:00,Atenção × Distração — comparação completa: 
binary_experiment::final__screening__deep__tcn__r0__w150__fold_4__seed_42,screening,deep,temporal,screening,tcn,R0,150,4,42,class_weights,80ed3143603c118f731f9669f80627822395faddb48aa184fb75f25c0f08c5d6,pending,new,,,2026-09-15T18:09:11+00:00,Atenção × Distração — comparação completa: 
binary_experiment::final__screening__deep__tcn__r0__w30__fold_1__seed_42,screening,deep,temporal,screening,tcn,R0,30,1,42,class_weights,3f0614e43fab17ba66d3f6269d79857564816eb4306c1becd22f8b52a53317e0,pending,new,,,2026-09-15T18:09:11+00:00,Atenção × Distração — comparação completa: 
binary_experiment::final__screening__deep__tcn__r0__w30__fold_2__seed_42,screening,deep,temporal,screening,tcn,R0,30,2,42,class_weights,4c6032be567f3343cd932ae546814dd4fc9dc679d467f939c8de20f9fa4e6974,pending,new,,,2026-09-15T18:09:11+00:00,Atenção × Distração — comparação completa: 
binary_experiment::final__screening__deep__tcn__r0__w30__fold_3__seed_42,screening,deep,temporal,screening,tcn,R0,30,3,42,class_weights,05d9e0c995d481f599cc1d2e5a9d6f02b0788e05f3b01d5a67ebab68aef287cd,pending,new,,,2026-09-15T18:09:11+00:00,Atenção × Distração — comparação completa: 
binary_experiment::final__screening__deep__tcn__r0__w30__fold_4__seed_42,screening,deep,temporal,screening,tcn,R0,30,4,42,class_weights,206efa5914effa144278550ae20f95fd8a68f53d1b2df04a24e6a19f6d9e1771,pending,new,,,2026-09-15T18:09:11+00:00,Atenção × Distração — comparação completa: 
binary_experiment::final__screening__deep__tcn__r0__w60__fold_1__seed_42,screening,deep,temporal,screening,tcn,R0,60,1,42,class_weights,504a5f332ff07e6a8ccc752d2ee99226694bbc39509146ad7496f7dc80ac9191,pending,new,,,2026-09-15T18:09:11+00:00,Atenção × Distração — comparação completa: 
binary_experiment::final__screening__deep__tcn__r0__w60__fold_2__seed_42,screening,deep,temporal,screening,tcn,R0,60,2,42,class_weights,4be33c5a165fe7a3e541f9c828ba804ff41c5f04399bcc7131e1e3f8cc36a87e,pending,new,,,2026-09-15T18:09:11+00:00,Atenção × Distração — comparação completa: 
binary_experiment::final__screening__deep__tcn__r0__w60__fold_3__seed_42,screening,deep,temporal,screening,tcn,R0,60,3,42,class_weights,302653221681614297759898e28d5a23aef884aa6fb81084cc8fe4097d41ad89,pending,new,,,2026-09-15T18:09:11+00:00,Atenção × Distração — comparação completa: 
binary_experiment::final__screening__deep__tcn__r0__w60__fold_4__seed_42,screening,deep,temporal,screening,tcn,R0,60,4,42,class_weights,c255c57f4910a394919c457048e7a551780887541e211bacbb62cf09c24a6023,pending,new,,,2026-09-15T18:09:11+00:00,Atenção × Distração — comparação completa: 
binary_experiment::final__screening__deep__transformer__r0__w150__fold_1__seed_42,screening,deep,temporal,screening,transformer,R0,150,1,42,class_weights,bb5b33f74b3132908cc97802991fbfa0126fb385aff8580c65de92101e24d557,pending,new,,,2026-09-15T18:09:11+00:00,Atenção × Distração — comparação completa: 
binary_experiment::final__screening__deep__transformer__r0__w150__fold_2__seed_42,screening,deep,temporal,screening,transformer,R0,150,2,42,class_weights,52752ddb3447f9fa223934785b9dc4cab7bcb3222ac316b2e59ecddadc4ab726,pending,new,,,2026-09-15T18:09:11+00:00,Atenção × Distração — comparação completa: 
binary_experiment::final__screening__deep__transformer__r0__w150__fold_3__seed_42,screening,deep,temporal,screening,transformer,R0,150,3,42,class_weights,6d3cd6faa1709515fdcaf6d766d43b629363a6531f23ef01c03e41f2b0cc9c04,pending,new,,,2026-09-15T18:09:11+00:00,Atenção × Distração — comparação completa: 
binary_experiment::final__screening__deep__transformer__r0__w150__fold_4__seed_42,screening,deep,temporal,screening,transformer,R0,150,4,42,class_weights,36bc6a4531384415560933fa4e118e660840c6e6a05ca706dfa4d161c888bd99,pending,new,,,2026-09-15T18:09:11+00:00,Atenção × Distração — comparação completa: 
binary_experiment::final__screening__deep__transformer__r0__w30__fold_1__seed_42,screening,deep,temporal,screening,transformer,R0,30,1,42,class_weights,e401774661a68bdafbb8186875bc72d60e2e9f2bd57c6ed934f95e3d1a345248,pending,new,,,2026-09-15T18:09:11+00:00,Atenção × Distração — comparação completa: 
binary_experiment::final__screening__deep__transformer__r0__w30__fold_2__seed_42,screening,deep,temporal,screening,transformer,R0,30,2,42,class_weights,1b51c9372c501e44127881ef46b224d81ccb709b9aaddf5dfb61d93b774dd790,pending,new,,,2026-09-15T18:09:11+00:00,Atenção × Distração — comparação completa: 
binary_experiment::final__screening__deep__transformer__r0__w30__fold_3__seed_42,screening,deep,temporal,screening,transformer,R0,30,3,42,class_weights,57e1cfff353e314d65a0b6c31c4e01336452e94b364551996536af1a5f9af187,pending,new,,,2026-09-15T18:09:11+00:00,Atenção × Distração — comparação completa: 
binary_experiment::final__screening__deep__transformer__r0__w30__fold_4__seed_42,screening,deep,temporal,screening,transformer,R0,30,4,42,class_weights,152fc8cf9a37eb193297c760eaed30df18cd8f809c26ef4936ab1b9d4a31b278,pending,new,,,2026-09-15T18:09:11+00:00,Atenção × Distração — comparação completa: 
binary_experiment::final__screening__deep__transformer__r0__w60__fold_1__seed_42,screening,deep,temporal,screening,transformer,R0,60,1,42,class_weights,5f4eedb55f4170a9daf8d8974b8219fa6f4829d0dc8fde2cb5f0b796c9450cce,pending,new,,,2026-09-15T18:09:11+00:00,Atenção × Distração — comparação completa: 
binary_experiment::final__screening__deep__transformer__r0__w60__fold_2__seed_42,screening,deep,temporal,screening,transformer,R0,60,2,42,class_weights,1e8d897ec13ba3345ad0d5e77741d177f6d11c2ee36824bf9b8072e54b5ff177,pending,new,,,2026-09-15T18:09:11+00:00,Atenção × Distração — comparação completa: 
binary_experiment::final__screening__deep__transformer__r0__w60__fold_3__seed_42,screening,deep,temporal,screening,transformer,R0,60,3,42,class_weights,06b434678a4b8ae6d8c45f8e7f3ae8845997cd9de73396a395e80c45ee291771,pending,new,,,2026-09-15T18:09:11+00:00,Atenção × Distração — comparação completa: 
binary_experiment::final__screening__deep__transformer__r0__w60__fold_4__seed_42,screening,deep,temporal,screening,transformer,R0,60,4,42,class_weights,c93483ffa886c7b92490c05ade1d534567ed0d43c3040f52b9366b4ed6e25aad,pending,new,,,2026-09-15T18:09:11+00:00,Atenção × Distração — comparação completa: 
binary_experiment::final__screening__distance__knn_dtw__r0__w60__fold_1__seed_42,screening,distance,classical,screening,knn_dtw,R0,60,1,42,none,d361e08168d9bbad7201cd78ebe0c0992e4dcd34b245ff7faca32cd123a6695d,blocked,new,,,2026-09-15T18:09:11+00:00,"Atenção × Distração — comparação completa: DTW train=3233 eval=2715 pairs=8,777,595; limit=5,000,000; cache=True"
binary_experiment::final__screening__distance__knn_dtw__r0__w60__fold_2__seed_42,screening,distance,classical,screening,knn_dtw,R0,60,2,42,none,4a6aaf113969ee5aeb80f3fadbb773055a7413c3b780d60289ab6b0db74c6aa7,blocked,new,,,2026-09-15T18:09:11+00:00,"Atenção × Distração — comparação completa: DTW train=2910 eval=3037 pairs=8,837,670; limit=5,000,000; cache=True"
binary_experiment::final__screening__distance__knn_dtw__r0__w60__fold_3__seed_42,screening,distance,classical,screening,knn_dtw,R0,60,3,42,none,65acae595fc868b4dd310cb344cd48684b30e04d6ef4e6519c78f6f0c9c0c66e,blocked,new,,,2026-09-15T18:09:11+00:00,"Atenção × Distração — comparação completa: DTW train=3307 eval=2652 pairs=8,770,164; limit=5,000,000; cache=True"
binary_experiment::final__screening__distance__knn_dtw__r0__w60__fold_4__seed_42,screening,distance,classical,screening,knn_dtw,R0,60,4,42,none,1524d30fa9a467532ad69942c08b5a5591d5b9153785bafb3fc7c9ff3dc656f6,blocked,new,,,2026-09-15T18:09:11+00:00,"Atenção × Distração — comparação completa: DTW train=3723 eval=2225 pairs=8,283,675; limit=5,000,000; cache=True"
binary_experiment::final__screening__feature__dummy__r0_flat__w150__fold_1__seed_42,screening,feature,classical,screening,dummy,R0_flat,150,1,42,none,b2e8e146e2e516e18c1d645ac07e31d3615df5c15a05e6f89cd3c6bbc20f5c4c,pending,new,,,2026-09-15T18:09:11+00:00,Atenção × Distração — comparação completa: 
binary_experiment::final__screening__feature__dummy__r0_flat__w150__fold_2__seed_42,screening,feature,classical,screening,dummy,R0_flat,150,2,42,none,9ef0dcedf4e5209f124b41ba07662127655d4bf263b35f2d1e360d684fa29754,pending,new,,,2026-09-15T18:09:11+00:00,Atenção × Distração — comparação completa: 
binary_experiment::final__screening__feature__dummy__r0_flat__w150__fold_3__seed_42,screening,feature,classical,screening,dummy,R0_flat,150,3,42,none,11955bafb7f715715b98df518acb5e0e5103dcd390c9102fa3e92bdbd961b363,pending,new,,,2026-09-15T18:09:11+00:00,Atenção × Distração — comparação completa: 
binary_experiment::final__screening__feature__dummy__r0_flat__w150__fold_4__seed_42,screening,feature,classical,screening,dummy,R0_flat,150,4,42,none,14cbc591cb18d172128ad2da4c2f948d6885dee2e13445ee7da6878d3640e8ae,pending,new,,,2026-09-15T18:09:11+00:00,Atenção × Distração — comparação completa: 
binary_experiment::final__screening__feature__dummy__r0_flat__w30__fold_1__seed_42,screening,feature,classical,screening,dummy,R0_flat,30,1,42,none,fbc765228e7fb5b41e2d46594a8860f89ef944abb6bdf37d204e59004885c69a,pending,new,,,2026-09-15T18:09:11+00:00,Atenção × Distração — comparação completa: 
binary_experiment::final__screening__feature__dummy__r0_flat__w30__fold_2__seed_42,screening,feature,classical,screening,dummy,R0_flat,30,2,42,none,b5b6dbfcd816033ac292afb18c65bfc07475aedddf31f4fde11f1d0d6d1473a0,pending,new,,,2026-09-15T18:09:11+00:00,Atenção × Distração — comparação completa: 
binary_experiment::final__screening__feature__dummy__r0_flat__w30__fold_3__seed_42,screening,feature,classical,screening,dummy,R0_flat,30,3,42,none,9c523a1c4d0d906212afb9f2c2fd7e0cb032cfe2d6113d0ae0e795798d1cf653,pending,new,,,2026-09-15T18:09:11+00:00,Atenção × Distração — comparação completa: 
binary_experiment::final__screening__feature__dummy__r0_flat__w30__fold_4__seed_42,screening,feature,classical,screening,dummy,R0_flat,30,4,42,none,ac510f4b67774448d5466371ba355be0871fe32a9ff3149d9c69ebe0d6b4764c,pending,new,,,2026-09-15T18:09:11+00:00,Atenção × Distração — comparação completa: 
binary_experiment::final__screening__feature__dummy__r0_flat__w60__fold_1__seed_42,screening,feature,classical,screening,dummy,R0_flat,60,1,42,none,4929f113cd176f7afe8d4cc022d4b05ec58635b5d15097568098b3c67ca2ef90,pending,new,,,2026-09-15T18:09:11+00:00,Atenção × Distração — comparação completa: 
binary_experiment::final__screening__feature__dummy__r0_flat__w60__fold_2__seed_42,screening,feature,classical,screening,dummy,R0_flat,60,2,42,none,f81651e0534190c792d27f980086ff35a98f57f4205374a911382b1006152eb6,pending,new,,,2026-09-15T18:09:11+00:00,Atenção × Distração — comparação completa: 
binary_experiment::final__screening__feature__dummy__r0_flat__w60__fold_3__seed_42,screening,feature,classical,screening,dummy,R0_flat,60,3,42,none,4e66dfadf43ae81bf0f978d939d3bb746dd3aed8dd24f62717aa5e371972e980,pending,new,,,2026-09-15T18:09:11+00:00,Atenção × Distração — comparação completa: 
binary_experiment::final__screening__feature__dummy__r0_flat__w60__fold_4__seed_42,screening,feature,classical,screening,dummy,R0_flat,60,4,42,none,10ffa36c7fce4310e992c3c28c0c6e97969d705fcf7e49c03480ce4f37ab164f,pending,new,,,2026-09-15T18:09:11+00:00,Atenção × Distração — comparação completa: 
binary_experiment::final__screening__feature__logistic_regression__r0_flat__w150__fold_1__seed_42,screening,feature,classical,screening,logistic_regression,R0_flat,150,1,42,none,a4c57e673a6ef298a87cafca448e758180e485416f4d3c0cbf4e5df4dc61f320,pending,new,,,2026-09-15T18:09:11+00:00,Atenção × Distração — comparação completa: 
binary_experiment::final__screening__feature__logistic_regression__r0_flat__w150__fold_2__seed_42,screening,feature,classical,screening,logistic_regression,R0_flat,150,2,42,none,59da8391e02e1a5fe716595af9cf0c9baecc321c10f061a95f132458311d9ef4,pending,new,,,2026-09-15T18:09:11+00:00,Atenção × Distração — comparação completa: 
binary_experiment::final__screening__feature__logistic_regression__r0_flat__w150__fold_3__seed_42,screening,feature,classical,screening,logistic_regression,R0_flat,150,3,42,none,4cd18c6fd12b710d327aa0f9d426517a51ecb8d164958b8d7fe6a9e4d8e3d855,pending,new,,,2026-09-15T18:09:11+00:00,Atenção × Distração — comparação completa: 
binary_experiment::final__screening__feature__logistic_regression__r0_flat__w150__fold_4__seed_42,screening,feature,classical,screening,logistic_regression,R0_flat,150,4,42,none,dfd35e6cbbf77ab3083991c23e295d66f04e13cc008f9a1af2a54db46203eb21,pending,new,,,2026-09-15T18:09:11+00:00,Atenção × Distração — comparação completa: 
binary_experiment::final__screening__feature__logistic_regression__r0_flat__w30__fold_1__seed_42,screening,feature,classical,screening,logistic_regression,R0_flat,30,1,42,none,89bb38a45b99374488404b912a33488882478279f0f9ecaf47ac0db704cf3ba6,pending,new,,,2026-09-15T18:09:11+00:00,Atenção × Distração — comparação completa: 
binary_experiment::final__screening__feature__logistic_regression__r0_flat__w30__fold_2__seed_42,screening,feature,classical,screening,logistic_regression,R0_flat,30,2,42,none,f551298e11f0c0bc86fa0516e311107f9095db3f7ab0a4425eb6f8f4f00459ae,pending,new,,,2026-09-15T18:09:11+00:00,Atenção × Distração — comparação completa: 
binary_experiment::final__screening__feature__logistic_regression__r0_flat__w30__fold_3__seed_42,screening,feature,classical,screening,logistic_regression,R0_flat,30,3,42,none,309ec1523b20e7d5b60cd93e4ffe73488ec4c966664dbb6a8bcdf8f0a64f06ac,pending,new,,,2026-09-15T18:09:11+00:00,Atenção × Distração — comparação completa: 
binary_experiment::final__screening__feature__logistic_regression__r0_flat__w30__fold_4__seed_42,screening,feature,classical,screening,logistic_regression,R0_flat,30,4,42,none,9a29acee87e82f861ccfd028dd02b9265e48a9d532e2ef89943c450a1bfdfacd,pending,new,,,2026-09-15T18:09:11+00:00,Atenção × Distração — comparação completa: 
binary_experiment::final__screening__feature__logistic_regression__r0_flat__w60__fold_1__seed_42,screening,feature,classical,screening,logistic_regression,R0_flat,60,1,42,none,a7a6cd3fcfac16c41ac06696c4b4baf45467bbd5719c044153f990bffe0fc503,pending,new,,,2026-09-15T18:09:11+00:00,Atenção × Distração — comparação completa: 
binary_experiment::final__screening__feature__logistic_regression__r0_flat__w60__fold_2__seed_42,screening,feature,classical,screening,logistic_regression,R0_flat,60,2,42,none,3eafe15a7cb43fd867be746e904c475328cc233cc323dd6413b69e9919308fed,pending,new,,,2026-09-15T18:09:11+00:00,Atenção × Distração — comparação completa: 
binary_experiment::final__screening__feature__logistic_regression__r0_flat__w60__fold_3__seed_42,screening,feature,classical,screening,logistic_regression,R0_flat,60,3,42,none,e84928b3a014c92a07a5a8bb61ea2d4749a7c3ff456c00d15ef731d4dc17e4f5,pending,new,,,2026-09-15T18:09:11+00:00,Atenção × Distração — comparação completa: 
binary_experiment::final__screening__feature__logistic_regression__r0_flat__w60__fold_4__seed_42,screening,feature,classical,screening,logistic_regression,R0_flat,60,4,42,none,a099839729fada21acd167fda152a4c1a3619e804f49344c5aca55355d45957c,pending,new,,,2026-09-15T18:09:11+00:00,Atenção × Distração — comparação completa: 
binary_experiment::final__screening__feature__random_forest__r0_flat__w150__fold_1__seed_42,screening,feature,classical,screening,random_forest,R0_flat,150,1,42,none,83742f389dd5fb627fb377506fc0730943e03151641b5f98b3b139bf4c70892e,pending,new,,,2026-09-15T18:09:11+00:00,Atenção × Distração — comparação completa: 
binary_experiment::final__screening__feature__random_forest__r0_flat__w150__fold_2__seed_42,screening,feature,classical,screening,random_forest,R0_flat,150,2,42,none,fba43049475995e665ffac11bc388bb8277d3ade576287da3910c4f2c219eb7a,pending,new,,,2026-09-15T18:09:11+00:00,Atenção × Distração — comparação completa: 
binary_experiment::final__screening__feature__random_forest__r0_flat__w150__fold_3__seed_42,screening,feature,classical,screening,random_forest,R0_flat,150,3,42,none,5678fe8bf16082fbe2b1d960708ebea70160ba76fb41f5e5b174cb33e4f548a3,pending,new,,,2026-09-15T18:09:11+00:00,Atenção × Distração — comparação completa: 
binary_experiment::final__screening__feature__random_forest__r0_flat__w150__fold_4__seed_42,screening,feature,classical,screening,random_forest,R0_flat,150,4,42,none,8c6d30a03f8d2afbecef2381bb4c41c5f7c199af31ade5b3022c71526028392f,pending,new,,,2026-09-15T18:09:11+00:00,Atenção × Distração — comparação completa: 
binary_experiment::final__screening__feature__random_forest__r0_flat__w30__fold_1__seed_42,screening,feature,classical,screening,random_forest,R0_flat,30,1,42,none,c257c954e8e1e36610b2e1a88423af9ad75795967618185b20dece85ba8051bd,pending,new,,,2026-09-15T18:09:11+00:00,Atenção × Distração — comparação completa: 
binary_experiment::final__screening__feature__random_forest__r0_flat__w30__fold_2__seed_42,screening,feature,classical,screening,random_forest,R0_flat,30,2,42,none,5fb1800c76b67b279d38b3eb41dc337cddb57afc9f1a9959d28cbdc388cbf12b,pending,new,,,2026-09-15T18:09:11+00:00,Atenção × Distração — comparação completa: 
binary_experiment::final__screening__feature__random_forest__r0_flat__w30__fold_3__seed_42,screening,feature,classical,screening,random_forest,R0_flat,30,3,42,none,fe412c00369b33b216c2d12fe7c06747416cb1f26c7e0bdcb486df33a09c4f64,pending,new,,,2026-09-15T18:09:11+00:00,Atenção × Distração — comparação completa: 
binary_experiment::final__screening__feature__random_forest__r0_flat__w30__fold_4__seed_42,screening,feature,classical,screening,random_forest,R0_flat,30,4,42,none,1386f9974618fd719ceb8bfc4bc272b3d2fe1228408b15fb3840d4f3013d97ba,pending,new,,,2026-09-15T18:09:11+00:00,Atenção × Distração — comparação completa: 
binary_experiment::final__screening__feature__random_forest__r0_flat__w60__fold_1__seed_42,screening,feature,classical,screening,random_forest,R0_flat,60,1,42,none,c2d1d0a3c74cebe63b3a5ac74c0e2362c9dc45b570ad6c237106459c86fbc9d8,pending,new,,,2026-09-15T18:09:11+00:00,Atenção × Distração — comparação completa: 
binary_experiment::final__screening__feature__random_forest__r0_flat__w60__fold_2__seed_42,screening,feature,classical,screening,random_forest,R0_flat,60,2,42,none,5b26c275dd25ea2a0a54bfb017c58a2cbff0bbf50cec59a60c8654695c8f27d5,pending,new,,,2026-09-15T18:09:11+00:00,Atenção × Distração — comparação completa: 
binary_experiment::final__screening__feature__random_forest__r0_flat__w60__fold_3__seed_42,screening,feature,classical,screening,random_forest,R0_flat,60,3,42,none,a4fb4b9c72035128631a4b20ee81280cacb6066855fa75c72a7171d1908ab3f9,pending,new,,,2026-09-15T18:09:11+00:00,Atenção × Distração — comparação completa: 
binary_experiment::final__screening__feature__random_forest__r0_flat__w60__fold_4__seed_42,screening,feature,classical,screening,random_forest,R0_flat,60,4,42,none,ddd2bd0cd82914542740cb7b9b3e6aea3a0938ca8947107fc70ccf4b301878e3,pending,new,,,2026-09-15T18:09:11+00:00,Atenção × Distração — comparação completa: 
binary_experiment::final__screening__feature__svm__r0_flat__w150__fold_1__seed_42,screening,feature,classical,screening,svm,R0_flat,150,1,42,none,0d90a6175067ac666f3d96ede593ad3e2960bbee1218e0b7c240ca73eb967ad5,pending,new,,,2026-09-15T18:09:11+00:00,Atenção × Distração — comparação completa: 
binary_experiment::final__screening__feature__svm__r0_flat__w150__fold_2__seed_42,screening,feature,classical,screening,svm,R0_flat,150,2,42,none,c409a3f568986ac75ecfb6507c872eb7b68ef092e1b94d324e63285dce57e025,pending,new,,,2026-09-15T18:09:11+00:00,Atenção × Distração — comparação completa: 
binary_experiment::final__screening__feature__svm__r0_flat__w150__fold_3__seed_42,screening,feature,classical,screening,svm,R0_flat,150,3,42,none,c3cb393ce322ebf0bc38e5ad3307f46a7a91669e59ed693bbed84f164faf5bae,pending,new,,,2026-09-15T18:09:11+00:00,Atenção × Distração — comparação completa: 
binary_experiment::final__screening__feature__svm__r0_flat__w150__fold_4__seed_42,screening,feature,classical,screening,svm,R0_flat,150,4,42,none,03fbbeecef3ffa9d4f63320d440c5b02755532fcd7c5d6eb998029e089a89009,pending,new,,,2026-09-15T18:09:11+00:00,Atenção × Distração — comparação completa: 
binary_experiment::final__screening__feature__svm__r0_flat__w30__fold_1__seed_42,screening,feature,classical,screening,svm,R0_flat,30,1,42,none,c47bc4b1eaddc190756ac6370299468fdd5af493ff972e189b8f8de54f301739,pending,new,,,2026-09-15T18:09:11+00:00,Atenção × Distração — comparação completa: 
binary_experiment::final__screening__feature__svm__r0_flat__w30__fold_2__seed_42,screening,feature,classical,screening,svm,R0_flat,30,2,42,none,ecde2bd58bb71623757f8bc2bcbc31b6f2509ef57fcfe30da914eb72a2f608f3,pending,new,,,2026-09-15T18:09:11+00:00,Atenção × Distração — comparação completa: 
binary_experiment::final__screening__feature__svm__r0_flat__w30__fold_3__seed_42,screening,feature,classical,screening,svm,R0_flat,30,3,42,none,4b6da9ee55f816d0ca5409178b1622cb4f7d156d0b419c028fe9bb2357267eaf,pending,new,,,2026-09-15T18:09:11+00:00,Atenção × Distração — comparação completa: 
binary_experiment::final__screening__feature__svm__r0_flat__w30__fold_4__seed_42,screening,feature,classical,screening,svm,R0_flat,30,4,42,none,3a3463d68c301a1eb9502996f633ff285424c5c82636b6151aef53492b62af9b,pending,new,,,2026-09-15T18:09:11+00:00,Atenção × Distração — comparação completa: 
binary_experiment::final__screening__feature__svm__r0_flat__w60__fold_1__seed_42,screening,feature,classical,screening,svm,R0_flat,60,1,42,none,8ab1b6dfe7fe3bbb16344eca73c73cda0de943be2209da228067d3a23ec462b9,pending,new,,,2026-09-15T18:09:11+00:00,Atenção × Distração — comparação completa: 
binary_experiment::final__screening__feature__svm__r0_flat__w60__fold_2__seed_42,screening,feature,classical,screening,svm,R0_flat,60,2,42,none,83f90fc3b9a2137dd62f0a0dc6b4d9ce1da400f7b4c81d29a6df7f19e3920f27,pending,new,,,2026-09-15T18:09:11+00:00,Atenção × Distração — comparação completa: 
binary_experiment::final__screening__feature__svm__r0_flat__w60__fold_3__seed_42,screening,feature,classical,screening,svm,R0_flat,60,3,42,none,b96850c93717f085ecdcc93a8e5b19b25cff40bbf384bcf843c9041ed313f2da,pending,new,,,2026-09-15T18:09:11+00:00,Atenção × Distração — comparação completa: 
binary_experiment::final__screening__feature__svm__r0_flat__w60__fold_4__seed_42,screening,feature,classical,screening,svm,R0_flat,60,4,42,none,05e0c80e15fe11a56a506f038c438f5661a51a7e474ea22986b615049b5ece9e,pending,new,,,2026-09-15T18:09:11+00:00,Atenção × Distração — comparação completa: 
binary_experiment::final__screening__feature__xgboost__r0_flat__w150__fold_1__seed_42,screening,feature,classical,screening,xgboost,R0_flat,150,1,42,none,77a9a4964a7524b5c9e9428da5dfe777b1461c080aa4dc01927978a7438a2c0c,pending,new,,,2026-09-15T18:09:11+00:00,Atenção × Distração — comparação completa: 
binary_experiment::final__screening__feature__xgboost__r0_flat__w150__fold_2__seed_42,screening,feature,classical,screening,xgboost,R0_flat,150,2,42,none,3e67e3fe24068a5737f94ab7364b38cc030dc6ab791b2e3aedf052a5743d5389,pending,new,,,2026-09-15T18:09:11+00:00,Atenção × Distração — comparação completa: 
binary_experiment::final__screening__feature__xgboost__r0_flat__w150__fold_3__seed_42,screening,feature,classical,screening,xgboost,R0_flat,150,3,42,none,3dbdf19819310185e96b1fda58ec9f789daa74a1d211a8590a70fb392be506e7,pending,new,,,2026-09-15T18:09:11+00:00,Atenção × Distração — comparação completa: 
binary_experiment::final__screening__feature__xgboost__r0_flat__w150__fold_4__seed_42,screening,feature,classical,screening,xgboost,R0_flat,150,4,42,none,9499368079fc1ce06bf023b40724fad4c74bfbbbb2e4f613835a8d36ede7b4e4,pending,new,,,2026-09-15T18:09:11+00:00,Atenção × Distração — comparação completa: 
binary_experiment::final__screening__feature__xgboost__r0_flat__w30__fold_1__seed_42,screening,feature,classical,screening,xgboost,R0_flat,30,1,42,none,977b0e8869cf4b50b7883adfa51857d828f587deaf49e1dbab1be367147d5ad7,pending,new,,,2026-09-15T18:09:11+00:00,Atenção × Distração — comparação completa: 
binary_experiment::final__screening__feature__xgboost__r0_flat__w30__fold_2__seed_42,screening,feature,classical,screening,xgboost,R0_flat,30,2,42,none,e9699bd52a34fc0b3bf2bfa42859ecb6f2703593066a2d0d51ecbfccd1fdde4e,pending,new,,,2026-09-15T18:09:11+00:00,Atenção × Distração — comparação completa: 
binary_experiment::final__screening__feature__xgboost__r0_flat__w30__fold_3__seed_42,screening,feature,classical,screening,xgboost,R0_flat,30,3,42,none,225d65bc150f2c0fd413bb6c41712c1417566fb1eea8552778ae4b847e315f2e,pending,new,,,2026-09-15T18:09:11+00:00,Atenção × Distração — comparação completa: 
binary_experiment::final__screening__feature__xgboost__r0_flat__w30__fold_4__seed_42,screening,feature,classical,screening,xgboost,R0_flat,30,4,42,none,14c6fd1b56c39100891493c2a753356a2d26b17569c61ad2a7f46454c9c36111,pending,new,,,2026-09-15T18:09:11+00:00,Atenção × Distração — comparação completa: 
binary_experiment::final__screening__feature__xgboost__r0_flat__w60__fold_1__seed_42,screening,feature,classical,screening,xgboost,R0_flat,60,1,42,none,100522c908ff1dc317542db2a958d11393974f9e6b587837238636e7736964bc,pending,new,,,2026-09-15T18:09:11+00:00,Atenção × Distração — comparação completa: 
binary_experiment::final__screening__feature__xgboost__r0_flat__w60__fold_2__seed_42,screening,feature,classical,screening,xgboost,R0_flat,60,2,42,none,a6e3ada8e75117562646564fa9e5183d4fffb50106add175088488baca5eef28,pending,new,,,2026-09-15T18:09:11+00:00,Atenção × Distração — comparação completa: 
binary_experiment::final__screening__feature__xgboost__r0_flat__w60__fold_3__seed_42,screening,feature,classical,screening,xgboost,R0_flat,60,3,42,none,6d9ea4042b233425709b349e4d8419c8a6461f3554be4f37fd1a74bcea0b122d,pending,new,,,2026-09-15T18:09:11+00:00,Atenção × Distração — comparação completa: 
binary_experiment::final__screening__feature__xgboost__r0_flat__w60__fold_4__seed_42,screening,feature,classical,screening,xgboost,R0_flat,60,4,42,none,24708c333bfb0b106da9c8a5e6b72c1fe99a0f62726ff81cf755af33b9f1cdc6,pending,new,,,2026-09-15T18:09:11+00:00,Atenção × Distração — comparação completa: 
binary_experiment::final__screening__rule__fixed_rules__r0__w150__fold_1__seed_42,screening,rule,classical,screening,fixed_rules,R0,150,1,42,none,57e43a7791ba19a7e0c94d6723fa199c6564096990e79e443072908d624edbdc,pending,new,,,2026-09-15T18:09:11+00:00,Atenção × Distração — comparação completa: 
binary_experiment::final__screening__rule__fixed_rules__r0__w150__fold_2__seed_42,screening,rule,classical,screening,fixed_rules,R0,150,2,42,none,88a639cbef7a00de51aeefcd3078653f12beb12f35442d5265c4733f0554bd15,pending,new,,,2026-09-15T18:09:11+00:00,Atenção × Distração — comparação completa: 
binary_experiment::final__screening__rule__fixed_rules__r0__w150__fold_3__seed_42,screening,rule,classical,screening,fixed_rules,R0,150,3,42,none,3ffabc450597d27d4cc6ac05bca0a50904dee38bd2c610a7fad58ac23b98c79c,pending,new,,,2026-09-15T18:09:11+00:00,Atenção × Distração — comparação completa: 
binary_experiment::final__screening__rule__fixed_rules__r0__w150__fold_4__seed_42,screening,rule,classical,screening,fixed_rules,R0,150,4,42,none,6cfd344368d63fb6e3e4303af23407c6fe0caa06d968477f7b268afa503581c4,pending,new,,,2026-09-15T18:09:11+00:00,Atenção × Distração — comparação completa: 
binary_experiment::final__screening__rule__fixed_rules__r0__w30__fold_1__seed_42,screening,rule,classical,screening,fixed_rules,R0,30,1,42,none,ae1ce079445aadbfb66eaf75bcc475b046f9e2fa8c7cf79f5ba6c9bd3fccdef8,pending,new,,,2026-09-15T18:09:11+00:00,Atenção × Distração — comparação completa: 
binary_experiment::final__screening__rule__fixed_rules__r0__w30__fold_2__seed_42,screening,rule,classical,screening,fixed_rules,R0,30,2,42,none,193ba9de2081fd3cf84c148d69018c8e527749326d7b1df452349e05489c4e28,pending,new,,,2026-09-15T18:09:11+00:00,Atenção × Distração — comparação completa: 
binary_experiment::final__screening__rule__fixed_rules__r0__w30__fold_3__seed_42,screening,rule,classical,screening,fixed_rules,R0,30,3,42,none,a1ec13140f38d22ff78bf9d7d85abfbd5f4bdcc831470e45a693ee56ea493ba8,pending,new,,,2026-09-15T18:09:11+00:00,Atenção × Distração — comparação completa: 
binary_experiment::final__screening__rule__fixed_rules__r0__w30__fold_4__seed_42,screening,rule,classical,screening,fixed_rules,R0,30,4,42,none,5090df6e34da65b2f7b6a9b0ec38ff85c55ef13298c3100c608c97636121363b,pending,new,,,2026-09-15T18:09:11+00:00,Atenção × Distração — comparação completa: 
binary_experiment::final__screening__rule__fixed_rules__r0__w60__fold_1__seed_42,screening,rule,classical,screening,fixed_rules,R0,60,1,42,none,47a7fc07d46477eda3b8593fbdd668998e1acc9a3ad903db4ac6a339c48ec441,pending,new,,,2026-09-15T18:09:11+00:00,Atenção × Distração — comparação completa: 
binary_experiment::final__screening__rule__fixed_rules__r0__w60__fold_2__seed_42,screening,rule,classical,screening,fixed_rules,R0,60,2,42,none,d7167be0145e0773aadfc0d1efd2af45202653de37cf1e2780ad04e17c5777d5,pending,new,,,2026-09-15T18:09:11+00:00,Atenção × Distração — comparação completa: 
binary_experiment::final__screening__rule__fixed_rules__r0__w60__fold_3__seed_42,screening,rule,classical,screening,fixed_rules,R0,60,3,42,none,4d0148e8a52c492263d74facec2c14f2840bed1a4f71b6c354199a95ad386969,pending,new,,,2026-09-15T18:09:11+00:00,Atenção × Distração — comparação completa: 
binary_experiment::final__screening__rule__fixed_rules__r0__w60__fold_4__seed_42,screening,rule,classical,screening,fixed_rules,R0,60,4,42,none,9dea74c13506c118d6846f0ce20eff417af91f9e9812d3ee4e1b4f0449eab13d,pending,new,,,2026-09-15T18:09:11+00:00,Atenção × Distração — comparação completa: 
binary_experiment::final__screening__shapelet__random_shapelet_ridge__r0__w60__fold_1__seed_42,screening,shapelet,classical,screening,random_shapelet_ridge,R0,60,1,42,none,21b8ce9d0796fe24496fd5a355f3dce96d7df26d59a91130e0a58a9c3b5904ba,pending,new,,,2026-09-15T18:09:11+00:00,Atenção × Distração — comparação completa: 
binary_experiment::final__screening__shapelet__random_shapelet_ridge__r0__w60__fold_2__seed_42,screening,shapelet,classical,screening,random_shapelet_ridge,R0,60,2,42,none,ea2b794994f92671cf02d47163543b48a00441886ecf42f98c70749baefa663a,pending,new,,,2026-09-15T18:09:11+00:00,Atenção × Distração — comparação completa: 
binary_experiment::final__screening__shapelet__random_shapelet_ridge__r0__w60__fold_3__seed_42,screening,shapelet,classical,screening,random_shapelet_ridge,R0,60,3,42,none,293d83dac76e7eae345e06af06a5b41fa333aa9cf6966c194a3c53bb946b07cd,pending,new,,,2026-09-15T18:09:11+00:00,Atenção × Distração — comparação completa: 
binary_experiment::final__screening__shapelet__random_shapelet_ridge__r0__w60__fold_4__seed_42,screening,shapelet,classical,screening,random_shapelet_ridge,R0,60,4,42,none,5e411066fa3e8eec0758cc51a88259b193d082d0a0d19ea4dbe5456d321668cb,pending,new,,,2026-09-15T18:09:11+00:00,Atenção × Distração — comparação completa: 
binary_experiment::final__screening__transform__hydra_multirocket_ridge__r0__w150__fold_1__seed_42,screening,transform,classical,screening,hydra_multirocket_ridge,R0,150,1,42,none,b2caad16f259209ed05b74f3e12dd280ee8a42c07bb64afdbcdc00ecd2220a33,pending,new,,,2026-09-15T18:09:11+00:00,Atenção × Distração — comparação completa: 
binary_experiment::final__screening__transform__hydra_multirocket_ridge__r0__w150__fold_2__seed_42,screening,transform,classical,screening,hydra_multirocket_ridge,R0,150,2,42,none,1659e440ea8b219b40d4a67d2027a091a3344da7bdf5b62c4159a52a84a58c20,pending,new,,,2026-09-15T18:09:11+00:00,Atenção × Distração — comparação completa: 
binary_experiment::final__screening__transform__hydra_multirocket_ridge__r0__w150__fold_3__seed_42,screening,transform,classical,screening,hydra_multirocket_ridge,R0,150,3,42,none,9e684c97362a5c2598bd39b1b75b8722c949f8752fc2427cf8dec9eaa9e86791,pending,new,,,2026-09-15T18:09:11+00:00,Atenção × Distração — comparação completa: 
binary_experiment::final__screening__transform__hydra_multirocket_ridge__r0__w150__fold_4__seed_42,screening,transform,classical,screening,hydra_multirocket_ridge,R0,150,4,42,none,9f5702ab8bea513e17ae1fbd7352f4a59bb66f77d29cf16263ae7d2e6f10504b,pending,new,,,2026-09-15T18:09:11+00:00,Atenção × Distração — comparação completa: 
binary_experiment::final__screening__transform__hydra_multirocket_ridge__r0__w30__fold_1__seed_42,screening,transform,classical,screening,hydra_multirocket_ridge,R0,30,1,42,none,268e1611177fc5711d7f19fc3dabe2c829110019397c3e3008bbae36d40e52c2,pending,new,,,2026-09-15T18:09:11+00:00,Atenção × Distração — comparação completa: 
binary_experiment::final__screening__transform__hydra_multirocket_ridge__r0__w30__fold_2__seed_42,screening,transform,classical,screening,hydra_multirocket_ridge,R0,30,2,42,none,da56a1a9204362b25c5f0fedfc1b4ef0ba0b5e77cbe3f75b598ee1f1a05ae1d7,pending,new,,,2026-09-15T18:09:11+00:00,Atenção × Distração — comparação completa: 
binary_experiment::final__screening__transform__hydra_multirocket_ridge__r0__w30__fold_3__seed_42,screening,transform,classical,screening,hydra_multirocket_ridge,R0,30,3,42,none,d5b1e9fdfea35d0134afe8f2f65280b3408c3f677176829c475bab8930aa4395,pending,new,,,2026-09-15T18:09:11+00:00,Atenção × Distração — comparação completa: 
binary_experiment::final__screening__transform__hydra_multirocket_ridge__r0__w30__fold_4__seed_42,screening,transform,classical,screening,hydra_multirocket_ridge,R0,30,4,42,none,55455070abd1a83bf4247f2deba0d8ae2b4d233fa9243da3d5c2d9820d6e35da,pending,new,,,2026-09-15T18:09:11+00:00,Atenção × Distração — comparação completa: 
binary_experiment::final__screening__transform__hydra_multirocket_ridge__r0__w60__fold_1__seed_42,screening,transform,classical,screening,hydra_multirocket_ridge,R0,60,1,42,none,79abdbcf1aa3a14c77c98639f0c53dc5a214c3cdfbd952ac755cad549bdbc79c,pending,new,,,2026-09-15T18:09:11+00:00,Atenção × Distração — comparação completa: 
binary_experiment::final__screening__transform__hydra_multirocket_ridge__r0__w60__fold_2__seed_42,screening,transform,classical,screening,hydra_multirocket_ridge,R0,60,2,42,none,5efbdc18cdd7a7cd3b8da2d0054569f8c122eae6c5a42e16876de4d28224ec20,pending,new,,,2026-09-15T18:09:11+00:00,Atenção × Distração — comparação completa: 
binary_experiment::final__screening__transform__hydra_multirocket_ridge__r0__w60__fold_3__seed_42,screening,transform,classical,screening,hydra_multirocket_ridge,R0,60,3,42,none,0169108a858327536d3f06b03b258e44966d103d1aa3148bf69c7f3c632f2355,pending,new,,,2026-09-15T18:09:11+00:00,Atenção × Distração — comparação completa: 
binary_experiment::final__screening__transform__hydra_multirocket_ridge__r0__w60__fold_4__seed_42,screening,transform,classical,screening,hydra_multirocket_ridge,R0,60,4,42,none,621807c8565e0ec4be7ae3d5792b9d92086f762787978b9caa3f2221de8912a2,pending,new,,,2026-09-15T18:09:11+00:00,Atenção × Distração — comparação completa: 
binary_experiment::final__screening__transform__mantis_frozen_ridge__r0__w150__fold_1__seed_42,screening,transform,classical,screening,mantis_frozen_ridge,R0,150,1,42,none,61e0ee4cd4f691fce72d79b12545236f63fd32722abe276d0b8f25b1cef59ab0,pending,new,,,2026-09-15T18:09:11+00:00,Atenção × Distração — comparação completa: 
binary_experiment::final__screening__transform__mantis_frozen_ridge__r0__w150__fold_2__seed_42,screening,transform,classical,screening,mantis_frozen_ridge,R0,150,2,42,none,d7c0d100e6fc69d5f526a41329bd23e775d25c5117dc5ff121cf73590a3bd440,pending,new,,,2026-09-15T18:09:11+00:00,Atenção × Distração — comparação completa: 
binary_experiment::final__screening__transform__mantis_frozen_ridge__r0__w150__fold_3__seed_42,screening,transform,classical,screening,mantis_frozen_ridge,R0,150,3,42,none,c326fe1225ed0c67bb8d0712f1fdad97045e5b96cd6280b11e296bf9f9b4df33,pending,new,,,2026-09-15T18:09:11+00:00,Atenção × Distração — comparação completa: 
binary_experiment::final__screening__transform__mantis_frozen_ridge__r0__w150__fold_4__seed_42,screening,transform,classical,screening,mantis_frozen_ridge,R0,150,4,42,none,34a2f88750e87263a3317a05a3927429d4735d99d225045771ba3301775875a8,pending,new,,,2026-09-15T18:09:11+00:00,Atenção × Distração — comparação completa: 
binary_experiment::final__screening__transform__mantis_frozen_ridge__r0__w30__fold_1__seed_42,screening,transform,classical,screening,mantis_frozen_ridge,R0,30,1,42,none,a6bda0f748b0896e571f8e05adbfed3111181fe2e18147a65806e9b042203e38,pending,new,,,2026-09-15T18:09:11+00:00,Atenção × Distração — comparação completa: 
binary_experiment::final__screening__transform__mantis_frozen_ridge__r0__w30__fold_2__seed_42,screening,transform,classical,screening,mantis_frozen_ridge,R0,30,2,42,none,9177820ccb5fab0be0b26538a1a95b9cae8fb69abcf0ab57720a04ad43e22726,pending,new,,,2026-09-15T18:09:11+00:00,Atenção × Distração — comparação completa: 
binary_experiment::final__screening__transform__mantis_frozen_ridge__r0__w30__fold_3__seed_42,screening,transform,classical,screening,mantis_frozen_ridge,R0,30,3,42,none,ca801c1c24f64e150abb874adae4a1da5e0e970c8ceab9e78962312eb772d1d3,pending,new,,,2026-09-15T18:09:11+00:00,Atenção × Distração — comparação completa: 
binary_experiment::final__screening__transform__mantis_frozen_ridge__r0__w30__fold_4__seed_42,screening,transform,classical,screening,mantis_frozen_ridge,R0,30,4,42,none,32b499b75f07c9f7e159445439bf60ff1cbbd9bb5bc1e2f8562c1b4101fcde77,pending,new,,,2026-09-15T18:09:11+00:00,Atenção × Distração — comparação completa: 
binary_experiment::final__screening__transform__mantis_frozen_ridge__r0__w60__fold_1__seed_42,screening,transform,classical,screening,mantis_frozen_ridge,R0,60,1,42,none,47e724e86c738d16dfc5092582f14c1dfb90d50415df14d196b4889b09ae8758,pending,new,,,2026-09-15T18:09:11+00:00,Atenção × Distração — comparação completa: 
binary_experiment::final__screening__transform__mantis_frozen_ridge__r0__w60__fold_2__seed_42,screening,transform,classical,screening,mantis_frozen_ridge,R0,60,2,42,none,704ce92e14252bec21c054d10ebc6be973c22fda51898532fa91734ac9f3e03c,pending,new,,,2026-09-15T18:09:11+00:00,Atenção × Distração — comparação completa: 
binary_experiment::final__screening__transform__mantis_frozen_ridge__r0__w60__fold_3__seed_42,screening,transform,classical,screening,mantis_frozen_ridge,R0,60,3,42,none,b23a5bd4eadf4fa4dd7013a0c4e44b9b9e2c9fa96a90979bd0a9369ac06d409d,pending,new,,,2026-09-15T18:09:11+00:00,Atenção × Distração — comparação completa: 
binary_experiment::final__screening__transform__mantis_frozen_ridge__r0__w60__fold_4__seed_42,screening,transform,classical,screening,mantis_frozen_ridge,R0,60,4,42,none,227829caa6847822142237bf9aa72cd4bef2e3487a37c1665bfbb0302a01759e,pending,new,,,2026-09-15T18:09:11+00:00,Atenção × Distração — comparação completa: 
binary_experiment::final__screening__transform__minirocket_ridge__r0__w150__fold_1__seed_42,screening,transform,classical,screening,minirocket_ridge,R0,150,1,42,none,dca7f5d1949061f37f6bdf7ad4a8a3166411460a3a68f92ac95910817dbfa5a2,pending,new,,,2026-09-15T18:09:11+00:00,Atenção × Distração — comparação completa: 
binary_experiment::final__screening__transform__minirocket_ridge__r0__w150__fold_2__seed_42,screening,transform,classical,screening,minirocket_ridge,R0,150,2,42,none,e668d6bc16c2fb9f673be811bbd643301db3ddbe6af6e3589ffdd2cedc84abb0,pending,new,,,2026-09-15T18:09:11+00:00,Atenção × Distração — comparação completa: 
binary_experiment::final__screening__transform__minirocket_ridge__r0__w150__fold_3__seed_42,screening,transform,classical,screening,minirocket_ridge,R0,150,3,42,none,2d1e87bdeec6610585903a1460bc99cfb6433dd35e2f748e7b49e877e4c721ca,pending,new,,,2026-09-15T18:09:11+00:00,Atenção × Distração — comparação completa: 
binary_experiment::final__screening__transform__minirocket_ridge__r0__w150__fold_4__seed_42,screening,transform,classical,screening,minirocket_ridge,R0,150,4,42,none,c42c50c938cd10c4bc262db0bacd19e3023984c86091a46ef6bb41c2532f547e,pending,new,,,2026-09-15T18:09:11+00:00,Atenção × Distração — comparação completa: 
binary_experiment::final__screening__transform__minirocket_ridge__r0__w30__fold_1__seed_42,screening,transform,classical,screening,minirocket_ridge,R0,30,1,42,none,86a23a02216c1d2d0cb1a77c9734e85ab809209563859c49669c11691b3cc522,pending,new,,,2026-09-15T18:09:11+00:00,Atenção × Distração — comparação completa: 
binary_experiment::final__screening__transform__minirocket_ridge__r0__w30__fold_2__seed_42,screening,transform,classical,screening,minirocket_ridge,R0,30,2,42,none,97373064169596223164f67be35fd69dee29fa8975f30ca3335de6f059d50192,pending,new,,,2026-09-15T18:09:11+00:00,Atenção × Distração — comparação completa: 
binary_experiment::final__screening__transform__minirocket_ridge__r0__w30__fold_3__seed_42,screening,transform,classical,screening,minirocket_ridge,R0,30,3,42,none,02ecf3a2a2488fad96e71bb48d84c235b7e62408df17b1109eacc1cf9ccdac25,pending,new,,,2026-09-15T18:09:11+00:00,Atenção × Distração — comparação completa: 
binary_experiment::final__screening__transform__minirocket_ridge__r0__w30__fold_4__seed_42,screening,transform,classical,screening,minirocket_ridge,R0,30,4,42,none,80a4c19f9b4f1fec73df16708aace3c156c74565afe448d401a31f3bc1190ba1,pending,new,,,2026-09-15T18:09:11+00:00,Atenção × Distração — comparação completa: 
binary_experiment::final__screening__transform__minirocket_ridge__r0__w60__fold_1__seed_42,screening,transform,classical,screening,minirocket_ridge,R0,60,1,42,none,807c7b5e81a9b2eacee1c193571ed0f28a9c9debbeb6c2731d88297479591cce,pending,new,,,2026-09-15T18:09:11+00:00,Atenção × Distração — comparação completa: 
binary_experiment::final__screening__transform__minirocket_ridge__r0__w60__fold_2__seed_42,screening,transform,classical,screening,minirocket_ridge,R0,60,2,42,none,36b5733bb276273ec6ced0e9d2321e5964672babc923b4b96cf60431922f91bc,pending,new,,,2026-09-15T18:09:11+00:00,Atenção × Distração — comparação completa: 
binary_experiment::final__screening__transform__minirocket_ridge__r0__w60__fold_3__seed_42,screening,transform,classical,screening,minirocket_ridge,R0,60,3,42,none,1957db49d4e76ca3e8445e88b2d1ddf5c52c90e0349202e9e766d252d637192e,pending,new,,,2026-09-15T18:09:11+00:00,Atenção × Distração — comparação completa: 
binary_experiment::final__screening__transform__minirocket_ridge__r0__w60__fold_4__seed_42,screening,transform,classical,screening,minirocket_ridge,R0,60,4,42,none,817fc9980aa043666da3d7d9845a3009b8be26ba6360c83126cf672a9d89b680,pending,new,,,2026-09-15T18:09:11+00:00,Atenção × Distração — comparação completa: 
binary_experiment::final__screening__transform__multirocket_ridge__r0__w150__fold_1__seed_42,screening,transform,classical,screening,multirocket_ridge,R0,150,1,42,none,8c8940786d75283b5b626433378afd57dbf217567332d942edeee04a7d1e062c,pending,new,,,2026-09-15T18:09:11+00:00,Atenção × Distração — comparação completa: 
binary_experiment::final__screening__transform__multirocket_ridge__r0__w150__fold_2__seed_42,screening,transform,classical,screening,multirocket_ridge,R0,150,2,42,none,47b6fa4fdf82f6edc3d7c5caff77c5d91130a528bd1a2b249021d7fdaa8143c4,pending,new,,,2026-09-15T18:09:11+00:00,Atenção × Distração — comparação completa: 
binary_experiment::final__screening__transform__multirocket_ridge__r0__w150__fold_3__seed_42,screening,transform,classical,screening,multirocket_ridge,R0,150,3,42,none,88077f245ff38d1dabb390656c36d40f0e00728be7aee5df887c1f2945f429db,pending,new,,,2026-09-15T18:09:11+00:00,Atenção × Distração — comparação completa: 
binary_experiment::final__screening__transform__multirocket_ridge__r0__w150__fold_4__seed_42,screening,transform,classical,screening,multirocket_ridge,R0,150,4,42,none,39df81c381b54721265964f21601f11663d6249826a334f3f9e599dbc81cc9f3,pending,new,,,2026-09-15T18:09:11+00:00,Atenção × Distração — comparação completa: 
binary_experiment::final__screening__transform__multirocket_ridge__r0__w30__fold_1__seed_42,screening,transform,classical,screening,multirocket_ridge,R0,30,1,42,none,a3bd875feac3c8237ff1d68499dd30079d39e91de75b5ec4dd74fa3ce53a8229,pending,new,,,2026-09-15T18:09:11+00:00,Atenção × Distração — comparação completa: 
binary_experiment::final__screening__transform__multirocket_ridge__r0__w30__fold_2__seed_42,screening,transform,classical,screening,multirocket_ridge,R0,30,2,42,none,54aee90fa9c8abdde4326a829512cb7836ff1753932c167a21b65766faeb064a,pending,new,,,2026-09-15T18:09:11+00:00,Atenção × Distração — comparação completa: 
binary_experiment::final__screening__transform__multirocket_ridge__r0__w30__fold_3__seed_42,screening,transform,classical,screening,multirocket_ridge,R0,30,3,42,none,d52f4c43b6cae776cc155c4c7e37ad6d2d1f4c6b2c44e75697a8f01f00da0b44,pending,new,,,2026-09-15T18:09:11+00:00,Atenção × Distração — comparação completa: 
binary_experiment::final__screening__transform__multirocket_ridge__r0__w30__fold_4__seed_42,screening,transform,classical,screening,multirocket_ridge,R0,30,4,42,none,dccba7a443b4378fce2c17b0144eaeda1704e8a9d7a73fea816c772d57dd77ac,pending,new,,,2026-09-15T18:09:11+00:00,Atenção × Distração — comparação completa: 
binary_experiment::final__screening__transform__multirocket_ridge__r0__w60__fold_1__seed_42,screening,transform,classical,screening,multirocket_ridge,R0,60,1,42,none,b7ebff935e869d4edf511f9b5dbe1a480b6c7ec9e77eb3054aa57df0dc46a2fc,pending,new,,,2026-09-15T18:09:11+00:00,Atenção × Distração — comparação completa: 
binary_experiment::final__screening__transform__multirocket_ridge__r0__w60__fold_2__seed_42,screening,transform,classical,screening,multirocket_ridge,R0,60,2,42,none,e6cf2779e94143a6869ab2117f14b79cb4299509e27e542beb0901eacf40a853,pending,new,,,2026-09-15T18:09:11+00:00,Atenção × Distração — comparação completa: 
binary_experiment::final__screening__transform__multirocket_ridge__r0__w60__fold_3__seed_42,screening,transform,classical,screening,multirocket_ridge,R0,60,3,42,none,c92795e90dce7849bd67ad6471d78fd5b1e12a24f47dcd9dc3cd3e8c1b13b2f9,pending,new,,,2026-09-15T18:09:11+00:00,Atenção × Distração — comparação completa: 
binary_experiment::final__screening__transform__multirocket_ridge__r0__w60__fold_4__seed_42,screening,transform,classical,screening,multirocket_ridge,R0,60,4,42,none,02a8938a3b54e9e53de038c62e3c6f6c5d70d8d4a2f9a75e282ee1b2272061e6,pending,new,,,2026-09-15T18:09:11+00:00,Atenção × Distração — comparação completa: 
focal::final__screening__deep__lstm__r0__w150__fold_1__seed_42,screening,deep,temporal,screening,lstm,R0,150,1,42,none,7d5a5f6cff82b642a48589d0dfde4b201fda0aec5841ed4a45c67aa8fc020c84,pending,new,,,2026-09-15T18:09:11+00:00,G4.5 · Focal Loss: 
focal::final__screening__deep__lstm__r0__w150__fold_2__seed_42,screening,deep,temporal,screening,lstm,R0,150,2,42,none,a036207ad850ed61833d5538c6d960ec72859aa778a2650d585fb07157ccfd0d,pending,new,,,2026-09-15T18:09:11+00:00,G4.5 · Focal Loss: 
focal::final__screening__deep__lstm__r0__w150__fold_3__seed_42,screening,deep,temporal,screening,lstm,R0,150,3,42,none,592ab611efa8f2dfe5601b1e119906581ccd32ec3145f9fa957aa79684bad8e8,pending,new,,,2026-09-15T18:09:11+00:00,G4.5 · Focal Loss: 
focal::final__screening__deep__lstm__r0__w150__fold_4__seed_42,screening,deep,temporal,screening,lstm,R0,150,4,42,none,ad0f584ab832776203445841eae3a85e6c0c511df8769c98c8fa4a6481629e3c,pending,new,,,2026-09-15T18:09:11+00:00,G4.5 · Focal Loss: 
focal::final__screening__deep__lstm__r0__w60__fold_1__seed_42,screening,deep,temporal,screening,lstm,R0,60,1,42,none,c2544b686efef9e631a1afcec870280950d3f6d2e512cc310cf5b2b68b1b62a0,pending,new,,,2026-09-15T18:09:11+00:00,G4.5 · Focal Loss: 
focal::final__screening__deep__lstm__r0__w60__fold_2__seed_42,screening,deep,temporal,screening,lstm,R0,60,2,42,none,50cfa589b1d4858fda91a56fd8ab265bd2f83ee6316655eaaf65d43d90d7d60c,pending,new,,,2026-09-15T18:09:11+00:00,G4.5 · Focal Loss: 
focal::final__screening__deep__lstm__r0__w60__fold_3__seed_42,screening,deep,temporal,screening,lstm,R0,60,3,42,none,ff90fe1dd68aa18ad045b72d313dfc2cecc0666cb243f6e69dab89de33098cb0,pending,new,,,2026-09-15T18:09:11+00:00,G4.5 · Focal Loss: 
focal::final__screening__deep__lstm__r0__w60__fold_4__seed_42,screening,deep,temporal,screening,lstm,R0,60,4,42,none,1652e7a5a0a8759d57edbfe32c4d2b90c666c27404c617bac2546053616b4651,pending,new,,,2026-09-15T18:09:11+00:00,G4.5 · Focal Loss: 
focal::final__screening__deep__tcn__r0__w150__fold_1__seed_42,screening,deep,temporal,screening,tcn,R0,150,1,42,none,e890d28a5ac57cd1b3c59ae3a62b209bd6cf46de4b32230cc9eefcc1a408f55e,pending,new,,,2026-09-15T18:09:11+00:00,G4.5 · Focal Loss: 
focal::final__screening__deep__tcn__r0__w150__fold_2__seed_42,screening,deep,temporal,screening,tcn,R0,150,2,42,none,0bd256a99b96dd4ba0b7cbe392b0c8cc36fe9af80478661e4908f274d663767f,pending,new,,,2026-09-15T18:09:11+00:00,G4.5 · Focal Loss: 
focal::final__screening__deep__tcn__r0__w150__fold_3__seed_42,screening,deep,temporal,screening,tcn,R0,150,3,42,none,6d1c35287191660d805b0fd2a714ada24fde781df6f3df95b6c08ade0f525119,pending,new,,,2026-09-15T18:09:11+00:00,G4.5 · Focal Loss: 
focal::final__screening__deep__tcn__r0__w150__fold_4__seed_42,screening,deep,temporal,screening,tcn,R0,150,4,42,none,aec24222a0b8ca9ec76c54e1dd1eb4fb21685b9b202375066928a8b7b952e866,pending,new,,,2026-09-15T18:09:11+00:00,G4.5 · Focal Loss: 
focal::final__screening__deep__tcn__r0__w60__fold_1__seed_42,screening,deep,temporal,screening,tcn,R0,60,1,42,none,6e0d2235fa43b5f8d684060bdad578c66f16ae93bb84537fad555b50c429b2e9,pending,new,,,2026-09-15T18:09:11+00:00,G4.5 · Focal Loss: 
focal::final__screening__deep__tcn__r0__w60__fold_2__seed_42,screening,deep,temporal,screening,tcn,R0,60,2,42,none,ea19f8dbea1c8e7845c6427e2813ba14e6a25db818ec5857c00614a0124a94d5,pending,new,,,2026-09-15T18:09:11+00:00,G4.5 · Focal Loss: 
focal::final__screening__deep__tcn__r0__w60__fold_3__seed_42,screening,deep,temporal,screening,tcn,R0,60,3,42,none,c679a66372313878bfd24e780dd3cdc55fe174c8b45ea83eb312219fd8105288,pending,new,,,2026-09-15T18:09:11+00:00,G4.5 · Focal Loss: 
focal::final__screening__deep__tcn__r0__w60__fold_4__seed_42,screening,deep,temporal,screening,tcn,R0,60,4,42,none,8d3ad393723d43a60e5fd677df4c205131847e28efa8df4e0073c1888ad3411b,pending,new,,,2026-09-15T18:09:11+00:00,G4.5 · Focal Loss: 
focal::final__screening__deep__transformer__r0__w150__fold_1__seed_42,screening,deep,temporal,screening,transformer,R0,150,1,42,none,1a6b8572e22c0a6003ef4bc00b75c649da331c7dff33a4d09e900dc84faeb352,pending,new,,,2026-09-15T18:09:11+00:00,G4.5 · Focal Loss: 
focal::final__screening__deep__transformer__r0__w150__fold_2__seed_42,screening,deep,temporal,screening,transformer,R0,150,2,42,none,df022f953740b237097b139b4113dff8c4cb61ea72952665ea35a5ba1e67edf5,pending,new,,,2026-09-15T18:09:11+00:00,G4.5 · Focal Loss: 
focal::final__screening__deep__transformer__r0__w150__fold_3__seed_42,screening,deep,temporal,screening,transformer,R0,150,3,42,none,749ffeaac9f0517aa5bbdd61c6ef361bda8c7e6bf7cb9a31ca2781c5f2b54ee0,pending,new,,,2026-09-15T18:09:11+00:00,G4.5 · Focal Loss: 
focal::final__screening__deep__transformer__r0__w150__fold_4__seed_42,screening,deep,temporal,screening,transformer,R0,150,4,42,none,9145cce91165f7fca08b47274f24bb7296c7ab1b49b6770c24dae6fef5aad5ad,pending,new,,,2026-09-15T18:09:11+00:00,G4.5 · Focal Loss: 
focal::final__screening__deep__transformer__r0__w60__fold_1__seed_42,screening,deep,temporal,screening,transformer,R0,60,1,42,none,da56e3761991ec643ebda70bf37be2ddf8c148862ad817445fd7d5253c5616bb,pending,new,,,2026-09-15T18:09:11+00:00,G4.5 · Focal Loss: 
focal::final__screening__deep__transformer__r0__w60__fold_2__seed_42,screening,deep,temporal,screening,transformer,R0,60,2,42,none,5a34b752cfa947babedea1d195e7df523b064992fe6e057ef47e43f6e6f41109,pending,new,,,2026-09-15T18:09:11+00:00,G4.5 · Focal Loss: 
focal::final__screening__deep__transformer__r0__w60__fold_3__seed_42,screening,deep,temporal,screening,transformer,R0,60,3,42,none,78316191ef1c54fa4c2181a0a12331e67e165d61d60887a0ad367c68618d4e3e,pending,new,,,2026-09-15T18:09:11+00:00,G4.5 · Focal Loss: 
focal::final__screening__deep__transformer__r0__w60__fold_4__seed_42,screening,deep,temporal,screening,transformer,R0,60,4,42,none,8abe9c94da3c803be12062d4629b1d9144b4d5f131cf971b0068ebfc16e770d4,pending,new,,,2026-09-15T18:09:11+00:00,G4.5 · Focal Loss: 
measurement::final__screening__deep__lstm__qa__w60__fold_1__seed_42,screening,deep,temporal,screening,lstm,QA,60,1,42,class_weights,1c9f9e2d855b03fa2ed278391947f65af86b0857e5dfe56658b95155ed7fac38,blocked,new,,,2026-09-15T18:09:11+00:00,Qualidade das medidas · binário: Complete verified measurement_v1 raw extraction required (sample is not training data)
measurement::final__screening__deep__lstm__qa__w60__fold_2__seed_42,screening,deep,temporal,screening,lstm,QA,60,2,42,class_weights,a37dfd5dc9900f19d27f1b76742039571b5b267c001fd4e2815c98baf28f386b,blocked,new,,,2026-09-15T18:09:11+00:00,Qualidade das medidas · binário: Complete verified measurement_v1 raw extraction required (sample is not training data)
measurement::final__screening__deep__lstm__qa__w60__fold_3__seed_42,screening,deep,temporal,screening,lstm,QA,60,3,42,class_weights,3e483a37cf34084ac86b57d1cca063df70c3a96f3c701b31bb6f4eb08c4d7bd1,blocked,new,,,2026-09-15T18:09:11+00:00,Qualidade das medidas · binário: Complete verified measurement_v1 raw extraction required (sample is not training data)
measurement::final__screening__deep__lstm__qa__w60__fold_4__seed_42,screening,deep,temporal,screening,lstm,QA,60,4,42,class_weights,3e6f705fac12a4c5ee8c546846e4e27f5c531a60afca06015fbff13492d841fe,blocked,new,,,2026-09-15T18:09:11+00:00,Qualidade das medidas · binário: Complete verified measurement_v1 raw extraction required (sample is not training data)
measurement::final__screening__deep__lstm__qb0__w60__fold_1__seed_42,screening,deep,temporal,screening,lstm,QB0,60,1,42,class_weights,ca409caf06be4f992ea18d4a54d9ea85a21fcdc426f31e0b884f2a2c6c31d503,blocked,new,,,2026-09-15T18:09:11+00:00,Qualidade das medidas · binário: Complete verified measurement_v1 raw extraction required (sample is not training data)
measurement::final__screening__deep__lstm__qb0__w60__fold_2__seed_42,screening,deep,temporal,screening,lstm,QB0,60,2,42,class_weights,9412290d72d65f9af23bc120eeec85983e24efef8b17bdfc36effab56b77b3c6,blocked,new,,,2026-09-15T18:09:11+00:00,Qualidade das medidas · binário: Complete verified measurement_v1 raw extraction required (sample is not training data)
measurement::final__screening__deep__lstm__qb0__w60__fold_3__seed_42,screening,deep,temporal,screening,lstm,QB0,60,3,42,class_weights,24ae205d90f4e1ed2877e13aa9966b658471075e9fd28393420ad0845e3d93fa,blocked,new,,,2026-09-15T18:09:11+00:00,Qualidade das medidas · binário: Complete verified measurement_v1 raw extraction required (sample is not training data)
measurement::final__screening__deep__lstm__qb0__w60__fold_4__seed_42,screening,deep,temporal,screening,lstm,QB0,60,4,42,class_weights,ab14f5f8e307957c5112194ea6ef40db7a4f4d2018ef2b0262355564f462e31d,blocked,new,,,2026-09-15T18:09:11+00:00,Qualidade das medidas · binário: Complete verified measurement_v1 raw extraction required (sample is not training data)
measurement::final__screening__deep__lstm__qb__w60__fold_1__seed_42,screening,deep,temporal,screening,lstm,QB,60,1,42,class_weights,53c4d0a4308e72dea64d0ec797fadf8c415bfc9a8f418ec66d2d1578677d26f8,blocked,new,,,2026-09-15T18:09:11+00:00,Qualidade das medidas · binário: Complete verified measurement_v1 raw extraction required (sample is not training data)
measurement::final__screening__deep__lstm__qb__w60__fold_2__seed_42,screening,deep,temporal,screening,lstm,QB,60,2,42,class_weights,a6ef909e58477b1e43c407778aadffd330f4e13e193f71cae0bbffe21a671f2a,blocked,new,,,2026-09-15T18:09:11+00:00,Qualidade das medidas · binário: Complete verified measurement_v1 raw extraction required (sample is not training data)
measurement::final__screening__deep__lstm__qb__w60__fold_3__seed_42,screening,deep,temporal,screening,lstm,QB,60,3,42,class_weights,3dd683cfe5d81cb0f1a0899066920507af628eb257e9d5d489b0fb2825d195fc,blocked,new,,,2026-09-15T18:09:11+00:00,Qualidade das medidas · binário: Complete verified measurement_v1 raw extraction required (sample is not training data)
measurement::final__screening__deep__lstm__qb__w60__fold_4__seed_42,screening,deep,temporal,screening,lstm,QB,60,4,42,class_weights,c4a4bccb989a72763f189ee648e6a1794a1a9a08516a861c0f9348dce11996a4,blocked,new,,,2026-09-15T18:09:11+00:00,Qualidade das medidas · binário: Complete verified measurement_v1 raw extraction required (sample is not training data)
measurement::final__screening__deep__lstm__qc__w60__fold_1__seed_42,screening,deep,temporal,screening,lstm,QC,60,1,42,class_weights,e6bf5797b3ead14736738178d1bee82dddd34d81ace010d2c54a8d5864c4b525,blocked,new,,,2026-09-15T18:09:11+00:00,Qualidade das medidas · binário: Predominant eye requires installation/development verification
measurement::final__screening__deep__lstm__qc__w60__fold_2__seed_42,screening,deep,temporal,screening,lstm,QC,60,2,42,class_weights,3a43f76c8b93b22de38fe559b6e997bdd09bc694d648cd53f079bdba5b3f333a,blocked,new,,,2026-09-15T18:09:11+00:00,Qualidade das medidas · binário: Predominant eye requires installation/development verification
measurement::final__screening__deep__lstm__qc__w60__fold_3__seed_42,screening,deep,temporal,screening,lstm,QC,60,3,42,class_weights,c61b493070724c9067059ac9426bc31caa486cd3ca5552034910f7b909fa26f6,blocked,new,,,2026-09-15T18:09:11+00:00,Qualidade das medidas · binário: Predominant eye requires installation/development verification
measurement::final__screening__deep__lstm__qc__w60__fold_4__seed_42,screening,deep,temporal,screening,lstm,QC,60,4,42,class_weights,7f5ab0ad223cdaa5891a7a9d04c46f1824abf197988faf4aa3213c98de9c897d,blocked,new,,,2026-09-15T18:09:11+00:00,Qualidade das medidas · binário: Predominant eye requires installation/development verification
measurement::final__screening__deep__lstm__qe01__w60__fold_1__seed_42,screening,deep,temporal,screening,lstm,QE01,60,1,42,class_weights,858a2cf380d7b0a3933e92e89537dcdd4cfd331e4a4b25f3923f10a48e624149,blocked,new,,,2026-09-15T18:09:11+00:00,Qualidade das medidas · binário: Predominant eye requires installation/development verification
measurement::final__screening__deep__lstm__qe01__w60__fold_2__seed_42,screening,deep,temporal,screening,lstm,QE01,60,2,42,class_weights,7566abb40d0c60d43b683e5b9851ef363df6e0fe0d306f58aba62d09a660c239,blocked,new,,,2026-09-15T18:09:11+00:00,Qualidade das medidas · binário: Predominant eye requires installation/development verification
measurement::final__screening__deep__lstm__qe01__w60__fold_3__seed_42,screening,deep,temporal,screening,lstm,QE01,60,3,42,class_weights,0a6711f8f21d1004821e88f92b89b935e7f246e08d5cf30ced8f2f3cabcd0073,blocked,new,,,2026-09-15T18:09:11+00:00,Qualidade das medidas · binário: Predominant eye requires installation/development verification
measurement::final__screening__deep__lstm__qe01__w60__fold_4__seed_42,screening,deep,temporal,screening,lstm,QE01,60,4,42,class_weights,194fdfad4cfd43d46d10346570ce049db3609e3dcfe1bd495ce12eb631b8c628,blocked,new,,,2026-09-15T18:09:11+00:00,Qualidade das medidas · binário: Predominant eye requires installation/development verification
measurement::final__screening__deep__lstm__qe02__w60__fold_1__seed_42,screening,deep,temporal,screening,lstm,QE02,60,1,42,class_weights,017401b401a47060ef5fcf65e02087dde4dc7e04852d2a70bc9e858c513e8b1b,blocked,new,,,2026-09-15T18:09:11+00:00,Qualidade das medidas · binário: Predominant eye requires installation/development verification
measurement::final__screening__deep__lstm__qe02__w60__fold_2__seed_42,screening,deep,temporal,screening,lstm,QE02,60,2,42,class_weights,9a9eee1f40e14be6f292befb5482ae22eff2c2b68391ae8f45a90d2bb79ceff6,blocked,new,,,2026-09-15T18:09:11+00:00,Qualidade das medidas · binário: Predominant eye requires installation/development verification
measurement::final__screening__deep__lstm__qe02__w60__fold_3__seed_42,screening,deep,temporal,screening,lstm,QE02,60,3,42,class_weights,809bde49d6a93c27b11d9d7682ae99bf13a1dde9162ab160832da562b59ab3b5,blocked,new,,,2026-09-15T18:09:11+00:00,Qualidade das medidas · binário: Predominant eye requires installation/development verification
measurement::final__screening__deep__lstm__qe02__w60__fold_4__seed_42,screening,deep,temporal,screening,lstm,QE02,60,4,42,class_weights,b66d695277c781bb61fb0c5660d1d7dfc248558d00bbe8ff648c179e0579831a,blocked,new,,,2026-09-15T18:09:11+00:00,Qualidade das medidas · binário: Predominant eye requires installation/development verification
measurement::final__screening__deep__lstm__qes__w60__fold_1__seed_42,screening,deep,temporal,screening,lstm,QES,60,1,42,class_weights,6a946f997c9322177b8fbcff17293e94139b578ff50f37c7cb92dd48c448c36e,blocked,new,,,2026-09-15T18:09:11+00:00,Qualidade das medidas · binário: Predominant eye requires installation/development verification
measurement::final__screening__deep__lstm__qes__w60__fold_2__seed_42,screening,deep,temporal,screening,lstm,QES,60,2,42,class_weights,719bd9c98f9e0b297433f81e10263cd88179ce62be30a720cb5d3cd68a5e1904,blocked,new,,,2026-09-15T18:09:11+00:00,Qualidade das medidas · binário: Predominant eye requires installation/development verification
measurement::final__screening__deep__lstm__qes__w60__fold_3__seed_42,screening,deep,temporal,screening,lstm,QES,60,3,42,class_weights,38e1cbcbb73858ca58ac8169236337b45e4d50097f676e78a9a0bb4462bc2441,blocked,new,,,2026-09-15T18:09:11+00:00,Qualidade das medidas · binário: Predominant eye requires installation/development verification
measurement::final__screening__deep__lstm__qes__w60__fold_4__seed_42,screening,deep,temporal,screening,lstm,QES,60,4,42,class_weights,488c57e9a8a3312dd97e8e84867a8d8084b18e135caa8a7bb583bc4c2db25221,blocked,new,,,2026-09-15T18:09:11+00:00,Qualidade das medidas · binário: Predominant eye requires installation/development verification
measurement::final__screening__feature__missingness_logistic__qb__w60__fold_1__seed_42,screening,feature,classical,screening,missingness_logistic,QB,60,1,42,class_weights,36f3e566f018a7bb2d74cf61dd770c1dbd4a318e6bd52a9d91f23b8606461b39,blocked,new,,,2026-09-15T18:09:11+00:00,Qualidade das medidas · binário: Complete verified measurement_v1 raw extraction required (sample is not training data)
measurement::final__screening__feature__missingness_logistic__qb__w60__fold_2__seed_42,screening,feature,classical,screening,missingness_logistic,QB,60,2,42,class_weights,c3cae40e8427c199a455102e8b8392eda20bc90edc4b6a766745d411acac3064,blocked,new,,,2026-09-15T18:09:11+00:00,Qualidade das medidas · binário: Complete verified measurement_v1 raw extraction required (sample is not training data)
measurement::final__screening__feature__missingness_logistic__qb__w60__fold_3__seed_42,screening,feature,classical,screening,missingness_logistic,QB,60,3,42,class_weights,f032309a519e72be16e493befcd7f276de432eff08cd755c0060e1817e39204b,blocked,new,,,2026-09-15T18:09:11+00:00,Qualidade das medidas · binário: Complete verified measurement_v1 raw extraction required (sample is not training data)
measurement::final__screening__feature__missingness_logistic__qb__w60__fold_4__seed_42,screening,feature,classical,screening,missingness_logistic,QB,60,4,42,class_weights,1bf50b307d24787eaabaf02403333973a1a851beee1103a1c27db0509346bbc7,blocked,new,,,2026-09-15T18:09:11+00:00,Qualidade das medidas · binário: Complete verified measurement_v1 raw extraction required (sample is not training data)
measurement::final__screening__feature__svm__qa__w60__fold_1__seed_42,screening,feature,classical,screening,svm,QA,60,1,42,class_weights,b91a6ec87944ce91607f873c9a2db85dddb9111948c7f91a4751eef120eb4694,blocked,new,,,2026-09-15T18:09:11+00:00,Qualidade das medidas · binário: Complete verified measurement_v1 raw extraction required (sample is not training data)
measurement::final__screening__feature__svm__qa__w60__fold_2__seed_42,screening,feature,classical,screening,svm,QA,60,2,42,class_weights,c9d47f419c3a398723ae72431f262ad4158eb2e8d842de42d430f333c8e7f82c,blocked,new,,,2026-09-15T18:09:11+00:00,Qualidade das medidas · binário: Complete verified measurement_v1 raw extraction required (sample is not training data)
measurement::final__screening__feature__svm__qa__w60__fold_3__seed_42,screening,feature,classical,screening,svm,QA,60,3,42,class_weights,4e378e9924b2dcc070bfb20b048bae74a707757072d324fba7a5fd79944ac106,blocked,new,,,2026-09-15T18:09:11+00:00,Qualidade das medidas · binário: Complete verified measurement_v1 raw extraction required (sample is not training data)
measurement::final__screening__feature__svm__qa__w60__fold_4__seed_42,screening,feature,classical,screening,svm,QA,60,4,42,class_weights,619ea89a2d3ca1cd6383c255d5871636445af8c7841a068bfe1394a77365d80e,blocked,new,,,2026-09-15T18:09:11+00:00,Qualidade das medidas · binário: Complete verified measurement_v1 raw extraction required (sample is not training data)
measurement::final__screening__feature__svm__qb0__w60__fold_1__seed_42,screening,feature,classical,screening,svm,QB0,60,1,42,class_weights,dc8f0d25ab9b656e59bc6fee7818eb82bbc3a8d2a26f5dc40a6ca8e51c750c26,blocked,new,,,2026-09-15T18:09:11+00:00,Qualidade das medidas · binário: Complete verified measurement_v1 raw extraction required (sample is not training data)
measurement::final__screening__feature__svm__qb0__w60__fold_2__seed_42,screening,feature,classical,screening,svm,QB0,60,2,42,class_weights,ebdc813f69cc875b028d4a77c9ca1745b67dd3b0946211958af9b90aedcf69d8,blocked,new,,,2026-09-15T18:09:11+00:00,Qualidade das medidas · binário: Complete verified measurement_v1 raw extraction required (sample is not training data)
measurement::final__screening__feature__svm__qb0__w60__fold_3__seed_42,screening,feature,classical,screening,svm,QB0,60,3,42,class_weights,bc8d0dc249f0de073739127b0eade8a358f52eebf2ce47065b21af59d10e4948,blocked,new,,,2026-09-15T18:09:11+00:00,Qualidade das medidas · binário: Complete verified measurement_v1 raw extraction required (sample is not training data)
measurement::final__screening__feature__svm__qb0__w60__fold_4__seed_42,screening,feature,classical,screening,svm,QB0,60,4,42,class_weights,7497d92c6d064ff57c121dbe501a4bd8a2fb381b20aaa0c8f8de3cc48f1da448,blocked,new,,,2026-09-15T18:09:11+00:00,Qualidade das medidas · binário: Complete verified measurement_v1 raw extraction required (sample is not training data)
measurement::final__screening__feature__svm__qb__w60__fold_1__seed_42,screening,feature,classical,screening,svm,QB,60,1,42,class_weights,26ad92b3648d950e5cb5da9c2cfe272e524d013688bac2e263393c8604a0d062,blocked,new,,,2026-09-15T18:09:11+00:00,Qualidade das medidas · binário: Complete verified measurement_v1 raw extraction required (sample is not training data)
measurement::final__screening__feature__svm__qb__w60__fold_2__seed_42,screening,feature,classical,screening,svm,QB,60,2,42,class_weights,51458df8c60f4095196ed5f1baa90610ae23ffc3658f6664a1854857c39b4793,blocked,new,,,2026-09-15T18:09:11+00:00,Qualidade das medidas · binário: Complete verified measurement_v1 raw extraction required (sample is not training data)
measurement::final__screening__feature__svm__qb__w60__fold_3__seed_42,screening,feature,classical,screening,svm,QB,60,3,42,class_weights,051847b14c97caf363decffcf9ac8e9c2b9ad389e4cc2500ab108eb17b0ce591,blocked,new,,,2026-09-15T18:09:11+00:00,Qualidade das medidas · binário: Complete verified measurement_v1 raw extraction required (sample is not training data)
measurement::final__screening__feature__svm__qb__w60__fold_4__seed_42,screening,feature,classical,screening,svm,QB,60,4,42,class_weights,568f2f8ff87481adb3b79a2c071ddd41722d0770a784e36a2129d8636de24ec5,blocked,new,,,2026-09-15T18:09:11+00:00,Qualidade das medidas · binário: Complete verified measurement_v1 raw extraction required (sample is not training data)
measurement::final__screening__feature__svm__qc__w60__fold_1__seed_42,screening,feature,classical,screening,svm,QC,60,1,42,class_weights,f025e1024516c924486ea242533c5c6898ab8e0b5fc30feb7a72abc56de64a8b,blocked,new,,,2026-09-15T18:09:11+00:00,Qualidade das medidas · binário: Predominant eye requires installation/development verification
measurement::final__screening__feature__svm__qc__w60__fold_2__seed_42,screening,feature,classical,screening,svm,QC,60,2,42,class_weights,dcedec0b8f6f2e4706603f952b1fd00c97b8c33ee940200242a8966a9aa424ae,blocked,new,,,2026-09-15T18:09:11+00:00,Qualidade das medidas · binário: Predominant eye requires installation/development verification
measurement::final__screening__feature__svm__qc__w60__fold_3__seed_42,screening,feature,classical,screening,svm,QC,60,3,42,class_weights,4a6a43630b2413b73b2692c8cea17d99e04dcea1a495d3677229062a34f70a4c,blocked,new,,,2026-09-15T18:09:11+00:00,Qualidade das medidas · binário: Predominant eye requires installation/development verification
measurement::final__screening__feature__svm__qc__w60__fold_4__seed_42,screening,feature,classical,screening,svm,QC,60,4,42,class_weights,494ff893ab45b6b0b687db288fe152b69ceb9a4507de996865d2624119eac7fb,blocked,new,,,2026-09-15T18:09:11+00:00,Qualidade das medidas · binário: Predominant eye requires installation/development verification
measurement::final__screening__feature__svm__qe01__w60__fold_1__seed_42,screening,feature,classical,screening,svm,QE01,60,1,42,class_weights,670cca516f464276dca5180e4cdd19a5b6a2616f23723a7ea21be1c999adb488,blocked,new,,,2026-09-15T18:09:11+00:00,Qualidade das medidas · binário: Predominant eye requires installation/development verification
measurement::final__screening__feature__svm__qe01__w60__fold_2__seed_42,screening,feature,classical,screening,svm,QE01,60,2,42,class_weights,5e5c9c3057024f183c03da5330d28741d3dfbdc86c8b38b4effedf5447a876aa,blocked,new,,,2026-09-15T18:09:11+00:00,Qualidade das medidas · binário: Predominant eye requires installation/development verification
measurement::final__screening__feature__svm__qe01__w60__fold_3__seed_42,screening,feature,classical,screening,svm,QE01,60,3,42,class_weights,ae56263075d133e6464d548427394c07aa526139e3beb0afe2cd771d38e01394,blocked,new,,,2026-09-15T18:09:11+00:00,Qualidade das medidas · binário: Predominant eye requires installation/development verification
measurement::final__screening__feature__svm__qe01__w60__fold_4__seed_42,screening,feature,classical,screening,svm,QE01,60,4,42,class_weights,7c78ccbf46123e30c2f7ad126d7127a20983abc04c53c6a51817e94e917b9291,blocked,new,,,2026-09-15T18:09:11+00:00,Qualidade das medidas · binário: Predominant eye requires installation/development verification
measurement::final__screening__feature__svm__qe02__w60__fold_1__seed_42,screening,feature,classical,screening,svm,QE02,60,1,42,class_weights,806eb0b9b64a70656bbbc3ffb9cb6e47a007b12a5b37422a342ea28e594d1a73,blocked,new,,,2026-09-15T18:09:11+00:00,Qualidade das medidas · binário: Predominant eye requires installation/development verification
measurement::final__screening__feature__svm__qe02__w60__fold_2__seed_42,screening,feature,classical,screening,svm,QE02,60,2,42,class_weights,9d12c5c3fa20eb3c29ad4f78f0f8ebd7c6db0cb70653e47c38171474e5582b38,blocked,new,,,2026-09-15T18:09:11+00:00,Qualidade das medidas · binário: Predominant eye requires installation/development verification
measurement::final__screening__feature__svm__qe02__w60__fold_3__seed_42,screening,feature,classical,screening,svm,QE02,60,3,42,class_weights,12f752c8d25352a8c74f169505bfa9f47fc8613a3a77fd5295133745c7b8e8da,blocked,new,,,2026-09-15T18:09:11+00:00,Qualidade das medidas · binário: Predominant eye requires installation/development verification
measurement::final__screening__feature__svm__qe02__w60__fold_4__seed_42,screening,feature,classical,screening,svm,QE02,60,4,42,class_weights,4ed4bf8a8bad7e4addc6fc3604e35c1beba1f72b0d41142953363a28b8384e8d,blocked,new,,,2026-09-15T18:09:11+00:00,Qualidade das medidas · binário: Predominant eye requires installation/development verification
measurement::final__screening__feature__svm__qes__w60__fold_1__seed_42,screening,feature,classical,screening,svm,QES,60,1,42,class_weights,a58e6539572a0d77bbda8415d3eabe4be1c35c4b4b30bb7f8a47720398f41f0c,blocked,new,,,2026-09-15T18:09:11+00:00,Qualidade das medidas · binário: Predominant eye requires installation/development verification
measurement::final__screening__feature__svm__qes__w60__fold_2__seed_42,screening,feature,classical,screening,svm,QES,60,2,42,class_weights,7547ff01dd9da67ae8239fe56878ccf761d69c9b08b437c1b88ca7dd4e65caaa,blocked,new,,,2026-09-15T18:09:11+00:00,Qualidade das medidas · binário: Predominant eye requires installation/development verification
measurement::final__screening__feature__svm__qes__w60__fold_3__seed_42,screening,feature,classical,screening,svm,QES,60,3,42,class_weights,be3e2ea61c1143cb04338c00d2107d382246afb493c5fc99d58242b97e31c6d3,blocked,new,,,2026-09-15T18:09:11+00:00,Qualidade das medidas · binário: Predominant eye requires installation/development verification
measurement::final__screening__feature__svm__qes__w60__fold_4__seed_42,screening,feature,classical,screening,svm,QES,60,4,42,class_weights,457614728eb9fd72175ba6b48fa8b6a32c3470996419a6093d6356fc16269b3a,blocked,new,,,2026-09-15T18:09:11+00:00,Qualidade das medidas · binário: Predominant eye requires installation/development verification
pose::final__screening__feature__random_forest__pose_baseline__w60__fold_1__seed_42,screening,feature,classical,screening,random_forest,pose_baseline,60,1,42,none,6c2f65666ef9c2425f207c051745361f6dbb6e62e37183c837c421b89d326271,blocked,new,,,2026-09-15T18:09:11+00:00,G4.6 · Robustez à pose: Reextração geometry_v2 completa necessária; use Extrair indicadores neste perfil.
pose::final__screening__feature__random_forest__pose_baseline__w60__fold_2__seed_42,screening,feature,classical,screening,random_forest,pose_baseline,60,2,42,none,35a15f7cb8512a22fef135fe81967a1344809c9d9b70ff026ea35830e52786b2,blocked,new,,,2026-09-15T18:09:11+00:00,G4.6 · Robustez à pose: Reextração geometry_v2 completa necessária; use Extrair indicadores neste perfil.
pose::final__screening__feature__random_forest__pose_baseline__w60__fold_3__seed_42,screening,feature,classical,screening,random_forest,pose_baseline,60,3,42,none,32fa9e907b92039190671f485416809743cbc6dc9cfb43330917195b810c0166,blocked,new,,,2026-09-15T18:09:11+00:00,G4.6 · Robustez à pose: Reextração geometry_v2 completa necessária; use Extrair indicadores neste perfil.
pose::final__screening__feature__random_forest__pose_baseline__w60__fold_4__seed_42,screening,feature,classical,screening,random_forest,pose_baseline,60,4,42,none,e71a927df7b1c953630555495dad3bb8d6cce66202c61c4cbcc3ddfc552a68d7,blocked,new,,,2026-09-15T18:09:11+00:00,G4.6 · Robustez à pose: Reextração geometry_v2 completa necessária; use Extrair indicadores neste perfil.
pose::final__screening__feature__random_forest__pose_geometry_normalized__w60__fold_1__seed_42,screening,feature,classical,screening,random_forest,pose_geometry_normalized,60,1,42,none,c5a56105841538be5f49f63cd9297ef624980c5bf83f3cc69bde654e3ad85e98,blocked,new,,,2026-09-15T18:09:11+00:00,G4.6 · Robustez à pose: Reextração geometry_v2 completa necessária; use Extrair indicadores neste perfil.
pose::final__screening__feature__random_forest__pose_geometry_normalized__w60__fold_2__seed_42,screening,feature,classical,screening,random_forest,pose_geometry_normalized,60,2,42,none,92ce73dbc1fb52eded6e1a8ac957ffb2b3e649bf764531c9e384888daca3f7c1,blocked,new,,,2026-09-15T18:09:11+00:00,G4.6 · Robustez à pose: Reextração geometry_v2 completa necessária; use Extrair indicadores neste perfil.
pose::final__screening__feature__random_forest__pose_geometry_normalized__w60__fold_3__seed_42,screening,feature,classical,screening,random_forest,pose_geometry_normalized,60,3,42,none,629578eb4faa7f2648eeb3a1b88f1c87af9cb0a9e64b8945038ba76aedfe56d5,blocked,new,,,2026-09-15T18:09:11+00:00,G4.6 · Robustez à pose: Reextração geometry_v2 completa necessária; use Extrair indicadores neste perfil.
pose::final__screening__feature__random_forest__pose_geometry_normalized__w60__fold_4__seed_42,screening,feature,classical,screening,random_forest,pose_geometry_normalized,60,4,42,none,7718a185a8ddbf472bbe2e07deb6146bf003305e2b5bbea366dc6486f16e9e5e,blocked,new,,,2026-09-15T18:09:11+00:00,G4.6 · Robustez à pose: Reextração geometry_v2 completa necessária; use Extrair indicadores neste perfil.
pose::final__screening__feature__random_forest__pose_pose_corrected__w60__fold_1__seed_42,screening,feature,classical,screening,random_forest,pose_pose_corrected,60,1,42,none,6e8d4479b168fd9d38eade40d4e3e5a2bb2cbeaf18cbb7a14c2a8c600f9621f5,blocked,new,,,2026-09-15T18:09:11+00:00,G4.6 · Robustez à pose: Reextração geometry_v2 completa necessária; use Extrair indicadores neste perfil.
pose::final__screening__feature__random_forest__pose_pose_corrected__w60__fold_2__seed_42,screening,feature,classical,screening,random_forest,pose_pose_corrected,60,2,42,none,54e513a040dec93130db1a88b36f6fef9b5ecc4af8e2dabf4ea9066d04835da2,blocked,new,,,2026-09-15T18:09:11+00:00,G4.6 · Robustez à pose: Reextração geometry_v2 completa necessária; use Extrair indicadores neste perfil.
pose::final__screening__feature__random_forest__pose_pose_corrected__w60__fold_3__seed_42,screening,feature,classical,screening,random_forest,pose_pose_corrected,60,3,42,none,c47dc575599411d27ea06979e3190979c9d3dfa93ce6cbdbc7fafee82eb34781,blocked,new,,,2026-09-15T18:09:11+00:00,G4.6 · Robustez à pose: Reextração geometry_v2 completa necessária; use Extrair indicadores neste perfil.
pose::final__screening__feature__random_forest__pose_pose_corrected__w60__fold_4__seed_42,screening,feature,classical,screening,random_forest,pose_pose_corrected,60,4,42,none,a22252c15f57ebe3b1e8c8f916c8ca5fc4ba3d269b417ff6402ba9b8ab78b242,blocked,new,,,2026-09-15T18:09:11+00:00,G4.6 · Robustez à pose: Reextração geometry_v2 completa necessária; use Extrair indicadores neste perfil.
preprocessing_r1::final__screening__deep__lstm__r1__w150__fold_1__seed_42,screening,deep,temporal,screening,lstm,R1,150,1,42,none,f3b37ae66d357f2eabdba85fbe1e066403bcdc69bde18927c9c29997eb46544a,pending,new,,,2026-09-15T18:09:11+00:00,G3 · Pré-processamento R1: 
preprocessing_r1::final__screening__deep__lstm__r1__w150__fold_2__seed_42,screening,deep,temporal,screening,lstm,R1,150,2,42,none,c34ac87f79b305839f3ef265a173c43b363a0224cc20eb95ce9a9caa693cad89,pending,new,,,2026-09-15T18:09:11+00:00,G3 · Pré-processamento R1: 
preprocessing_r1::final__screening__deep__lstm__r1__w150__fold_3__seed_42,screening,deep,temporal,screening,lstm,R1,150,3,42,none,58441ad0b53f792573f4292ab1cbfabf6d8bcda341b6fe637f8b1980d12ae2ec,pending,new,,,2026-09-15T18:09:11+00:00,G3 · Pré-processamento R1: 
preprocessing_r1::final__screening__deep__lstm__r1__w150__fold_4__seed_42,screening,deep,temporal,screening,lstm,R1,150,4,42,none,ff781ecf388f1b57477671c71373dab9b23b337399da090920a9535a1d4b599e,pending,new,,,2026-09-15T18:09:11+00:00,G3 · Pré-processamento R1: 
preprocessing_r1::final__screening__deep__lstm__r1__w30__fold_1__seed_42,screening,deep,temporal,screening,lstm,R1,30,1,42,none,2e570b9aaaef933c394a6d5250d9b7a12c3d8ac007f5eb79ae84b9b7539a9abe,pending,new,,,2026-09-15T18:09:11+00:00,G3 · Pré-processamento R1: 
preprocessing_r1::final__screening__deep__lstm__r1__w30__fold_2__seed_42,screening,deep,temporal,screening,lstm,R1,30,2,42,none,458fe9ecb10df350539171484f9bc851701ba16f9e10cb4512c9bded45dae159,pending,new,,,2026-09-15T18:09:11+00:00,G3 · Pré-processamento R1: 
preprocessing_r1::final__screening__deep__lstm__r1__w30__fold_3__seed_42,screening,deep,temporal,screening,lstm,R1,30,3,42,none,a01ad3a0c851e5a83f785818d42b13f2e9403c89ee439371e5b8be136cc5015d,pending,new,,,2026-09-15T18:09:11+00:00,G3 · Pré-processamento R1: 
preprocessing_r1::final__screening__deep__lstm__r1__w30__fold_4__seed_42,screening,deep,temporal,screening,lstm,R1,30,4,42,none,16e417afab11968be4164eb54695ef82e5eb65b25d332ad842ac5cfe3da21dae,pending,new,,,2026-09-15T18:09:11+00:00,G3 · Pré-processamento R1: 
preprocessing_r1::final__screening__deep__lstm__r1__w60__fold_1__seed_42,screening,deep,temporal,screening,lstm,R1,60,1,42,none,186ea4b9c2cfd60689d2a1700a4bafa9f1941ebda7c60d441ccba96d1c0f0712,pending,new,,,2026-09-15T18:09:11+00:00,G3 · Pré-processamento R1: 
preprocessing_r1::final__screening__deep__lstm__r1__w60__fold_2__seed_42,screening,deep,temporal,screening,lstm,R1,60,2,42,none,ca16eee5795222fb6791bacdfa5f65a1d85a610b15b93df2d3b1ea77e42413c6,pending,new,,,2026-09-15T18:09:11+00:00,G3 · Pré-processamento R1: 
preprocessing_r1::final__screening__deep__lstm__r1__w60__fold_3__seed_42,screening,deep,temporal,screening,lstm,R1,60,3,42,none,b3970163092fdc7f4a4e565d9e900a963ad3a13b295bb75b273aa85eaf72f875,pending,new,,,2026-09-15T18:09:11+00:00,G3 · Pré-processamento R1: 
preprocessing_r1::final__screening__deep__lstm__r1__w60__fold_4__seed_42,screening,deep,temporal,screening,lstm,R1,60,4,42,none,74a60dc86e8a543d0027fb50a5887e4e487d30e4f4301c05cc9d05e0e7527c97,pending,new,,,2026-09-15T18:09:11+00:00,G3 · Pré-processamento R1: 
preprocessing_r1::final__screening__deep__tcn__r1__w150__fold_1__seed_42,screening,deep,temporal,screening,tcn,R1,150,1,42,none,5f98c14912114d215e5a3bd9d4ef9311b50223c5e2e8564b3411a2968c0b64cd,pending,new,,,2026-09-15T18:09:11+00:00,G3 · Pré-processamento R1: 
preprocessing_r1::final__screening__deep__tcn__r1__w150__fold_2__seed_42,screening,deep,temporal,screening,tcn,R1,150,2,42,none,2118bf5c55e0e1db8a3e7d805458819ff8d5620511f589b3001c5627a67c132c,pending,new,,,2026-09-15T18:09:11+00:00,G3 · Pré-processamento R1: 
preprocessing_r1::final__screening__deep__tcn__r1__w150__fold_3__seed_42,screening,deep,temporal,screening,tcn,R1,150,3,42,none,b06c09b2f4217af713b717c4586ae82ebb51636306dd4ee5d8cea215b6e5bb62,pending,new,,,2026-09-15T18:09:11+00:00,G3 · Pré-processamento R1: 
preprocessing_r1::final__screening__deep__tcn__r1__w150__fold_4__seed_42,screening,deep,temporal,screening,tcn,R1,150,4,42,none,6cf1239c397256ebdea4794d52bb6581266eb603beeded5c1510d92c8b96af56,pending,new,,,2026-09-15T18:09:11+00:00,G3 · Pré-processamento R1: 
preprocessing_r1::final__screening__deep__tcn__r1__w30__fold_1__seed_42,screening,deep,temporal,screening,tcn,R1,30,1,42,none,7467646c128e72df046ab771c95f7af9b9ef085f6036520f4e72ce6ea4ca818e,pending,new,,,2026-09-15T18:09:11+00:00,G3 · Pré-processamento R1: 
preprocessing_r1::final__screening__deep__tcn__r1__w30__fold_2__seed_42,screening,deep,temporal,screening,tcn,R1,30,2,42,none,2ce1bf86cc561af85d730013306e5465b0015b8651dba4fa2d8cead942cb6518,pending,new,,,2026-09-15T18:09:11+00:00,G3 · Pré-processamento R1: 
preprocessing_r1::final__screening__deep__tcn__r1__w30__fold_3__seed_42,screening,deep,temporal,screening,tcn,R1,30,3,42,none,e1b97cd111e57188afa5f5c24fb5eec73530b5217d98189c665f81ff53f889dd,pending,new,,,2026-09-15T18:09:11+00:00,G3 · Pré-processamento R1: 
preprocessing_r1::final__screening__deep__tcn__r1__w30__fold_4__seed_42,screening,deep,temporal,screening,tcn,R1,30,4,42,none,58a0e9e7029755d508c3cab2fca46c15e004b130230e3120ab314a4273a19a56,pending,new,,,2026-09-15T18:09:11+00:00,G3 · Pré-processamento R1: 
preprocessing_r1::final__screening__deep__tcn__r1__w60__fold_1__seed_42,screening,deep,temporal,screening,tcn,R1,60,1,42,none,37ae242c717315e4494f21a19def72984b675289a99085fac5299fe4be4cc260,pending,new,,,2026-09-15T18:09:11+00:00,G3 · Pré-processamento R1: 
preprocessing_r1::final__screening__deep__tcn__r1__w60__fold_2__seed_42,screening,deep,temporal,screening,tcn,R1,60,2,42,none,c88a8ddc177b9dba000fff7525d7c003ba76c3c9ff95015215f5dbada430c9a2,pending,new,,,2026-09-15T18:09:11+00:00,G3 · Pré-processamento R1: 
preprocessing_r1::final__screening__deep__tcn__r1__w60__fold_3__seed_42,screening,deep,temporal,screening,tcn,R1,60,3,42,none,bda2653e6ca4ed1e23c55787fe6e79d46a6bb62a0daa0c3dfd77b8373a102413,pending,new,,,2026-09-15T18:09:11+00:00,G3 · Pré-processamento R1: 
preprocessing_r1::final__screening__deep__tcn__r1__w60__fold_4__seed_42,screening,deep,temporal,screening,tcn,R1,60,4,42,none,7039cf05242804c8b556601b0b082825e16cc749356b75af4fbc187a58277ccf,pending,new,,,2026-09-15T18:09:11+00:00,G3 · Pré-processamento R1: 
preprocessing_r1::final__screening__deep__transformer__r1__w150__fold_1__seed_42,screening,deep,temporal,screening,transformer,R1,150,1,42,none,7dd7a4b2b2462e5e4d3b5cd3f0c7364ec9a5b0d8a20b13c89ca72902fd6e9985,pending,new,,,2026-09-15T18:09:11+00:00,G3 · Pré-processamento R1: 
preprocessing_r1::final__screening__deep__transformer__r1__w150__fold_2__seed_42,screening,deep,temporal,screening,transformer,R1,150,2,42,none,3ef405e426976af2f4d4b33cc73bd8ed04b223b58a94f219aef4968ac3772306,pending,new,,,2026-09-15T18:09:11+00:00,G3 · Pré-processamento R1: 
preprocessing_r1::final__screening__deep__transformer__r1__w150__fold_3__seed_42,screening,deep,temporal,screening,transformer,R1,150,3,42,none,516830ed513ee502963d45c618acced9370ebaae4405f5d7dee13fd797b0bb66,pending,new,,,2026-09-15T18:09:11+00:00,G3 · Pré-processamento R1: 
preprocessing_r1::final__screening__deep__transformer__r1__w150__fold_4__seed_42,screening,deep,temporal,screening,transformer,R1,150,4,42,none,ed0708ae414e34c647e6d645946c5d7d8ceda43969a3eb665f8353bd978566aa,pending,new,,,2026-09-15T18:09:11+00:00,G3 · Pré-processamento R1: 
preprocessing_r1::final__screening__deep__transformer__r1__w30__fold_1__seed_42,screening,deep,temporal,screening,transformer,R1,30,1,42,none,850127d8e151c052c7aafb1131ae89999be64067ea8ca049c9cde743155dcac2,pending,new,,,2026-09-15T18:09:11+00:00,G3 · Pré-processamento R1: 
preprocessing_r1::final__screening__deep__transformer__r1__w30__fold_2__seed_42,screening,deep,temporal,screening,transformer,R1,30,2,42,none,78bc8f8d208b81ccaef37f56e7804f9363d356781e66cebbd89932752b18e4dd,pending,new,,,2026-09-15T18:09:11+00:00,G3 · Pré-processamento R1: 
preprocessing_r1::final__screening__deep__transformer__r1__w30__fold_3__seed_42,screening,deep,temporal,screening,transformer,R1,30,3,42,none,fe0a3f534fd3268ad98bbf8145dc7ed70065e99b345fb532f7b1b1de688ef629,pending,new,,,2026-09-15T18:09:11+00:00,G3 · Pré-processamento R1: 
preprocessing_r1::final__screening__deep__transformer__r1__w30__fold_4__seed_42,screening,deep,temporal,screening,transformer,R1,30,4,42,none,2b436b5df111baa5a8a2e28cc09d7ce0b58bf19c5ce3f640562e97c17d2cc35a,pending,new,,,2026-09-15T18:09:11+00:00,G3 · Pré-processamento R1: 
preprocessing_r1::final__screening__deep__transformer__r1__w60__fold_1__seed_42,screening,deep,temporal,screening,transformer,R1,60,1,42,none,e87e35d9d9f148b8607134e28d84e65ba468a5df57debe45f43e334080884012,pending,new,,,2026-09-15T18:09:11+00:00,G3 · Pré-processamento R1: 
preprocessing_r1::final__screening__deep__transformer__r1__w60__fold_2__seed_42,screening,deep,temporal,screening,transformer,R1,60,2,42,none,cedf68dd11327552f64e817f411da30b4bd7217be6bf0f4483aa3678e1f0973c,pending,new,,,2026-09-15T18:09:11+00:00,G3 · Pré-processamento R1: 
preprocessing_r1::final__screening__deep__transformer__r1__w60__fold_3__seed_42,screening,deep,temporal,screening,transformer,R1,60,3,42,none,fab87f77ffc5164607f14d6bb674e65d9255db19066940344eee9bbfc9505c9a,pending,new,,,2026-09-15T18:09:11+00:00,G3 · Pré-processamento R1: 
preprocessing_r1::final__screening__deep__transformer__r1__w60__fold_4__seed_42,screening,deep,temporal,screening,transformer,R1,60,4,42,none,ceec45df2e45258bf3f0f5111de1759335c424e2a728abe902547005144c59e9,pending,new,,,2026-09-15T18:09:11+00:00,G3 · Pré-processamento R1: 
preprocessing_r1::final__screening__feature__logistic_regression__r1__w150__fold_1__seed_42,screening,feature,classical,screening,logistic_regression,R1,150,1,42,none,263ce0da5fa63a75211afb774e0adf773d65be187efb5801b45c3c3f6556158b,pending,new,,,2026-09-15T18:09:11+00:00,G3 · Pré-processamento R1: 
preprocessing_r1::final__screening__feature__logistic_regression__r1__w150__fold_2__seed_42,screening,feature,classical,screening,logistic_regression,R1,150,2,42,none,07b01cfe3879f3ccf9e062794eefba2b1b06e961c5df5d551f0264322a31d863,pending,new,,,2026-09-15T18:09:11+00:00,G3 · Pré-processamento R1: 
preprocessing_r1::final__screening__feature__logistic_regression__r1__w150__fold_3__seed_42,screening,feature,classical,screening,logistic_regression,R1,150,3,42,none,06484c4bcdbad1dffb8accbbbe6c2c08120e53000923254c0d7f1b281d055914,pending,new,,,2026-09-15T18:09:11+00:00,G3 · Pré-processamento R1: 
preprocessing_r1::final__screening__feature__logistic_regression__r1__w150__fold_4__seed_42,screening,feature,classical,screening,logistic_regression,R1,150,4,42,none,42477b3b6e8bb1b9569a4a0fdf48b1bd013dcc3abe1ad346de3f305dabd9da51,pending,new,,,2026-09-15T18:09:11+00:00,G3 · Pré-processamento R1: 
preprocessing_r1::final__screening__feature__logistic_regression__r1__w30__fold_1__seed_42,screening,feature,classical,screening,logistic_regression,R1,30,1,42,none,10c5f30f8fc58105b495dd96dbeb1e1e630ebb6eb3b576221ce1e3aadfc53c42,pending,new,,,2026-09-15T18:09:11+00:00,G3 · Pré-processamento R1: 
preprocessing_r1::final__screening__feature__logistic_regression__r1__w30__fold_2__seed_42,screening,feature,classical,screening,logistic_regression,R1,30,2,42,none,09780b2cb5adfb97ceb03f293168abb8e38021ff4a436ab78b76b32b05f4eb2a,pending,new,,,2026-09-15T18:09:11+00:00,G3 · Pré-processamento R1: 
preprocessing_r1::final__screening__feature__logistic_regression__r1__w30__fold_3__seed_42,screening,feature,classical,screening,logistic_regression,R1,30,3,42,none,f1d813c71524cdf9e443d54d71ffde4019866cb3504d69ff8552d2126e7e5360,pending,new,,,2026-09-15T18:09:11+00:00,G3 · Pré-processamento R1: 
preprocessing_r1::final__screening__feature__logistic_regression__r1__w30__fold_4__seed_42,screening,feature,classical,screening,logistic_regression,R1,30,4,42,none,57ed7515c71afaa872f5de025eb8763c423964dc716244eb5b8c031a1d9cc06d,pending,new,,,2026-09-15T18:09:11+00:00,G3 · Pré-processamento R1: 
preprocessing_r1::final__screening__feature__logistic_regression__r1__w60__fold_1__seed_42,screening,feature,classical,screening,logistic_regression,R1,60,1,42,none,72865319331df6b27e520dbe9ef2e2a16abe9947258040e054d35a0b0a1df6ad,pending,new,,,2026-09-15T18:09:11+00:00,G3 · Pré-processamento R1: 
preprocessing_r1::final__screening__feature__logistic_regression__r1__w60__fold_2__seed_42,screening,feature,classical,screening,logistic_regression,R1,60,2,42,none,767e272932d959bcb899d19faad334add663353bb689a40f2d7aa3b8cdef7fb1,pending,new,,,2026-09-15T18:09:11+00:00,G3 · Pré-processamento R1: 
preprocessing_r1::final__screening__feature__logistic_regression__r1__w60__fold_3__seed_42,screening,feature,classical,screening,logistic_regression,R1,60,3,42,none,41cae21c361e01c8af693382e064e646a882b13e77de66bf36439b931cce2f8a,pending,new,,,2026-09-15T18:09:11+00:00,G3 · Pré-processamento R1: 
preprocessing_r1::final__screening__feature__logistic_regression__r1__w60__fold_4__seed_42,screening,feature,classical,screening,logistic_regression,R1,60,4,42,none,aa179da21e739629d0da6a8913d8d9b0e6d27ecff16715c0bdf639f7cdc834bf,pending,new,,,2026-09-15T18:09:11+00:00,G3 · Pré-processamento R1: 
preprocessing_r1::final__screening__feature__svm__r1__w150__fold_1__seed_42,screening,feature,classical,screening,svm,R1,150,1,42,none,5e15f901cb369c797d82140d026eaec9283c5aba0f3cc3fd67becc50b86fe59b,pending,new,,,2026-09-15T18:09:11+00:00,G3 · Pré-processamento R1: 
preprocessing_r1::final__screening__feature__svm__r1__w150__fold_2__seed_42,screening,feature,classical,screening,svm,R1,150,2,42,none,5c919619cce8b6c7375b6f551467eaac07f1df079d82f861e9e362eb17546212,pending,new,,,2026-09-15T18:09:11+00:00,G3 · Pré-processamento R1: 
preprocessing_r1::final__screening__feature__svm__r1__w150__fold_3__seed_42,screening,feature,classical,screening,svm,R1,150,3,42,none,656c593c59595bf470a50600d16fc5c2e269f2e57dc2a382515644fa1ff8c8cb,pending,new,,,2026-09-15T18:09:11+00:00,G3 · Pré-processamento R1: 
preprocessing_r1::final__screening__feature__svm__r1__w150__fold_4__seed_42,screening,feature,classical,screening,svm,R1,150,4,42,none,a9583cafdd6ba8d1b86abf8d58ef58db24729790446af3cbe664c5de253229e9,pending,new,,,2026-09-15T18:09:11+00:00,G3 · Pré-processamento R1: 
preprocessing_r1::final__screening__feature__svm__r1__w30__fold_1__seed_42,screening,feature,classical,screening,svm,R1,30,1,42,none,04f67c41e6aa2b88fb678aab6c99a89284b14da7940e69f9eb5b4111c8481a4a,pending,new,,,2026-09-15T18:09:11+00:00,G3 · Pré-processamento R1: 
preprocessing_r1::final__screening__feature__svm__r1__w30__fold_2__seed_42,screening,feature,classical,screening,svm,R1,30,2,42,none,c52e299e245589532879803143acfb09c56486b7b6fe7b94672eb5a66c25bd33,pending,new,,,2026-09-15T18:09:11+00:00,G3 · Pré-processamento R1: 
preprocessing_r1::final__screening__feature__svm__r1__w30__fold_3__seed_42,screening,feature,classical,screening,svm,R1,30,3,42,none,b9f8f7eb586fddb8f0e126c95e8b875a6e1a9bc8784a7f45c55db87d09808e1b,pending,new,,,2026-09-15T18:09:11+00:00,G3 · Pré-processamento R1: 
preprocessing_r1::final__screening__feature__svm__r1__w30__fold_4__seed_42,screening,feature,classical,screening,svm,R1,30,4,42,none,bf0e4579c8df9d4abf79b37b68efc1e6b4fa67e1cb3d62ef8e93f886ca043bd1,pending,new,,,2026-09-15T18:09:11+00:00,G3 · Pré-processamento R1: 
preprocessing_r1::final__screening__feature__svm__r1__w60__fold_1__seed_42,screening,feature,classical,screening,svm,R1,60,1,42,none,4c4a5ab9dc9fb573e2ea7876b161d748cce25fa7028ad4bc6bb33a5faf7025ce,pending,new,,,2026-09-15T18:09:11+00:00,G3 · Pré-processamento R1: 
preprocessing_r1::final__screening__feature__svm__r1__w60__fold_2__seed_42,screening,feature,classical,screening,svm,R1,60,2,42,none,e95668fc4febe1280a31173ec069b3f5757721e601fbd192807f4371192b06aa,pending,new,,,2026-09-15T18:09:11+00:00,G3 · Pré-processamento R1: 
preprocessing_r1::final__screening__feature__svm__r1__w60__fold_3__seed_42,screening,feature,classical,screening,svm,R1,60,3,42,none,44225ede323b8259824c2664cf991732adb28407c643de1ebc1139182ce70a92,pending,new,,,2026-09-15T18:09:11+00:00,G3 · Pré-processamento R1: 
preprocessing_r1::final__screening__feature__svm__r1__w60__fold_4__seed_42,screening,feature,classical,screening,svm,R1,60,4,42,none,fc0dcaed185372e2a785276e14251103a6fa8a8792032f754493692be4f93c16,pending,new,,,2026-09-15T18:09:11+00:00,G3 · Pré-processamento R1: 
preprocessing_r2::final__screening__deep__lstm__r2__w150__fold_1__seed_42,screening,deep,temporal,screening,lstm,R2,150,1,42,none,40a9d033d9ebd17dd2bf98f086e1e737dde05a456021852adff6d075d7d8643d,pending,new,,,2026-09-15T18:09:11+00:00,G3 · Pré-processamento R2: 
preprocessing_r2::final__screening__deep__lstm__r2__w150__fold_2__seed_42,screening,deep,temporal,screening,lstm,R2,150,2,42,none,1662de64b7613d10a54037f61830dd704ab63e21d5ec7b633400424bdd1dfe66,pending,new,,,2026-09-15T18:09:11+00:00,G3 · Pré-processamento R2: 
preprocessing_r2::final__screening__deep__lstm__r2__w150__fold_3__seed_42,screening,deep,temporal,screening,lstm,R2,150,3,42,none,b52a026153394375992dfdba2b11d5845b745b10435c26341a874ad9b20e4ccd,pending,new,,,2026-09-15T18:09:11+00:00,G3 · Pré-processamento R2: 
preprocessing_r2::final__screening__deep__lstm__r2__w150__fold_4__seed_42,screening,deep,temporal,screening,lstm,R2,150,4,42,none,c3937043bbe0b0f4a7ee73dfa1b93efc22e041ed1454bc50fde8ac3a975b075a,pending,new,,,2026-09-15T18:09:11+00:00,G3 · Pré-processamento R2: 
preprocessing_r2::final__screening__deep__lstm__r2__w30__fold_1__seed_42,screening,deep,temporal,screening,lstm,R2,30,1,42,none,174736c9390848fdbbc96d6b2854f3b972ee336e576497d9ef033a0fdff76488,pending,new,,,2026-09-15T18:09:11+00:00,G3 · Pré-processamento R2: 
preprocessing_r2::final__screening__deep__lstm__r2__w30__fold_2__seed_42,screening,deep,temporal,screening,lstm,R2,30,2,42,none,d97093edd49560df98ea47f2922c4f80bd010f6e55a6f35ff4354470698293ca,pending,new,,,2026-09-15T18:09:11+00:00,G3 · Pré-processamento R2: 
preprocessing_r2::final__screening__deep__lstm__r2__w30__fold_3__seed_42,screening,deep,temporal,screening,lstm,R2,30,3,42,none,9de0abab938d0785a2af18666e848849dac5d5090f1a8f3adb81b21fe0586a39,pending,new,,,2026-09-15T18:09:11+00:00,G3 · Pré-processamento R2: 
preprocessing_r2::final__screening__deep__lstm__r2__w30__fold_4__seed_42,screening,deep,temporal,screening,lstm,R2,30,4,42,none,8c67c3e9d550a7c519ab912f2eeb4e55b7202dd187b31763e2e97b5941fc73ef,pending,new,,,2026-09-15T18:09:11+00:00,G3 · Pré-processamento R2: 
preprocessing_r2::final__screening__deep__lstm__r2__w60__fold_1__seed_42,screening,deep,temporal,screening,lstm,R2,60,1,42,none,b01807a56ef316bec1d66194f5c0483d2367ed772ade664c5af5c9b25479892a,pending,new,,,2026-09-15T18:09:11+00:00,G3 · Pré-processamento R2: 
preprocessing_r2::final__screening__deep__lstm__r2__w60__fold_2__seed_42,screening,deep,temporal,screening,lstm,R2,60,2,42,none,1caffb2d7b87790bdfd566fa367fbb8301b32874e7a103bec5db8893925da132,pending,new,,,2026-09-15T18:09:11+00:00,G3 · Pré-processamento R2: 
preprocessing_r2::final__screening__deep__lstm__r2__w60__fold_3__seed_42,screening,deep,temporal,screening,lstm,R2,60,3,42,none,00faef4b559123ae9493a0616d4c28153f5be7a17a9f213447e72fe4ac023110,pending,new,,,2026-09-15T18:09:11+00:00,G3 · Pré-processamento R2: 
preprocessing_r2::final__screening__deep__lstm__r2__w60__fold_4__seed_42,screening,deep,temporal,screening,lstm,R2,60,4,42,none,d0144fa0038fe9e9e2a5fc0c4a556d4f30bef7656300329380cf01b5a6b2bf20,pending,new,,,2026-09-15T18:09:11+00:00,G3 · Pré-processamento R2: 
preprocessing_r2::final__screening__deep__tcn__r2__w150__fold_1__seed_42,screening,deep,temporal,screening,tcn,R2,150,1,42,none,bf7ee402ca457a4c1d146111953edc502f39980430859cf2d519d779d0c128cb,pending,new,,,2026-09-15T18:09:11+00:00,G3 · Pré-processamento R2: 
preprocessing_r2::final__screening__deep__tcn__r2__w150__fold_2__seed_42,screening,deep,temporal,screening,tcn,R2,150,2,42,none,c30935d0e8a676de029c5c02391c917f832d4312e955bf1c1a3b477ff0219a5e,pending,new,,,2026-09-15T18:09:11+00:00,G3 · Pré-processamento R2: 
preprocessing_r2::final__screening__deep__tcn__r2__w150__fold_3__seed_42,screening,deep,temporal,screening,tcn,R2,150,3,42,none,6c957d22e06aa2dcb15350fc458290a8f23d2fce49d76cb9dc2a98fb6e37c361,pending,new,,,2026-09-15T18:09:11+00:00,G3 · Pré-processamento R2: 
preprocessing_r2::final__screening__deep__tcn__r2__w150__fold_4__seed_42,screening,deep,temporal,screening,tcn,R2,150,4,42,none,6dc0fe95bbc898dbd762dfe74ff892e714085e35e2e838f7768f9fa3b6c5dee7,pending,new,,,2026-09-15T18:09:11+00:00,G3 · Pré-processamento R2: 
preprocessing_r2::final__screening__deep__tcn__r2__w30__fold_1__seed_42,screening,deep,temporal,screening,tcn,R2,30,1,42,none,4dd8d3588aef942f7b03a68f39aaaf4787ade6cec89a7e7476b3f0bfde3e7aac,pending,new,,,2026-09-15T18:09:11+00:00,G3 · Pré-processamento R2: 
preprocessing_r2::final__screening__deep__tcn__r2__w30__fold_2__seed_42,screening,deep,temporal,screening,tcn,R2,30,2,42,none,780a6a05a542bb3051ecb1a5276082caf70264fb97d8bd49bc434d375b1de87a,pending,new,,,2026-09-15T18:09:11+00:00,G3 · Pré-processamento R2: 
preprocessing_r2::final__screening__deep__tcn__r2__w30__fold_3__seed_42,screening,deep,temporal,screening,tcn,R2,30,3,42,none,10e8574e1465e6c3278114d5f199dec0ef5eb0cee410f7665d262cb925d2523e,pending,new,,,2026-09-15T18:09:11+00:00,G3 · Pré-processamento R2: 
preprocessing_r2::final__screening__deep__tcn__r2__w30__fold_4__seed_42,screening,deep,temporal,screening,tcn,R2,30,4,42,none,18234409c7a2d9c543392ab83e841008e3cf2e8739e45f586389348d66594c5a,pending,new,,,2026-09-15T18:09:11+00:00,G3 · Pré-processamento R2: 
preprocessing_r2::final__screening__deep__tcn__r2__w60__fold_1__seed_42,screening,deep,temporal,screening,tcn,R2,60,1,42,none,15b9e18d77655cdd63ecb48e9d13ea318b24ce0cbdb7f2495d99c9be264c9c67,pending,new,,,2026-09-15T18:09:11+00:00,G3 · Pré-processamento R2: 
preprocessing_r2::final__screening__deep__tcn__r2__w60__fold_2__seed_42,screening,deep,temporal,screening,tcn,R2,60,2,42,none,10f7d3f0bfcc82d8124a67873fa6f36500430159cdc0f3cc1c52350e0b85e5c2,pending,new,,,2026-09-15T18:09:11+00:00,G3 · Pré-processamento R2: 
preprocessing_r2::final__screening__deep__tcn__r2__w60__fold_3__seed_42,screening,deep,temporal,screening,tcn,R2,60,3,42,none,216afbffdc6a7feb22f24ccccb7a397629e83997d9aa6cb7a9574dcb28acca09,pending,new,,,2026-09-15T18:09:11+00:00,G3 · Pré-processamento R2: 
preprocessing_r2::final__screening__deep__tcn__r2__w60__fold_4__seed_42,screening,deep,temporal,screening,tcn,R2,60,4,42,none,45d740135df6c8dcf756e10a6d9f8bfea4bf41e20d94c7408a5014b020625f73,pending,new,,,2026-09-15T18:09:11+00:00,G3 · Pré-processamento R2: 
preprocessing_r2::final__screening__deep__transformer__r2__w150__fold_1__seed_42,screening,deep,temporal,screening,transformer,R2,150,1,42,none,34676e85a8af77eef86f5033348a7d779f0ce2ad0430671e6bb77b1605c99ea0,pending,new,,,2026-09-15T18:09:11+00:00,G3 · Pré-processamento R2: 
preprocessing_r2::final__screening__deep__transformer__r2__w150__fold_2__seed_42,screening,deep,temporal,screening,transformer,R2,150,2,42,none,48735e4f3bc5e0490ae6a7b60c63370eee6dcfb183a1aea20aa73223c9f96b14,pending,new,,,2026-09-15T18:09:11+00:00,G3 · Pré-processamento R2: 
preprocessing_r2::final__screening__deep__transformer__r2__w150__fold_3__seed_42,screening,deep,temporal,screening,transformer,R2,150,3,42,none,5f632d0e4a2d6271b1acfb6329ebb456bcd65b45937ba6187bf56d3da3098ea2,pending,new,,,2026-09-15T18:09:11+00:00,G3 · Pré-processamento R2: 
preprocessing_r2::final__screening__deep__transformer__r2__w150__fold_4__seed_42,screening,deep,temporal,screening,transformer,R2,150,4,42,none,0bc3fff3cceb25c0a50536b385cda4e7c37d269998ece1c36f7cf92adf6d0be0,pending,new,,,2026-09-15T18:09:11+00:00,G3 · Pré-processamento R2: 
preprocessing_r2::final__screening__deep__transformer__r2__w30__fold_1__seed_42,screening,deep,temporal,screening,transformer,R2,30,1,42,none,70b9332b9246ecbdb5b2ce1d1510b99c2a0630fab9454ed44e7975232a80155c,pending,new,,,2026-09-15T18:09:11+00:00,G3 · Pré-processamento R2: 
preprocessing_r2::final__screening__deep__transformer__r2__w30__fold_2__seed_42,screening,deep,temporal,screening,transformer,R2,30,2,42,none,3cb3e162198c3ea1a55e8d9e085f01b371fe6f9b64bb99260d6ec4ac31157e6e,pending,new,,,2026-09-15T18:09:11+00:00,G3 · Pré-processamento R2: 
preprocessing_r2::final__screening__deep__transformer__r2__w30__fold_3__seed_42,screening,deep,temporal,screening,transformer,R2,30,3,42,none,7286278dc4b5540d24ef4112d51f8fad8d514f42d2138ad1b8934e7106a0e97c,pending,new,,,2026-09-15T18:09:11+00:00,G3 · Pré-processamento R2: 
preprocessing_r2::final__screening__deep__transformer__r2__w30__fold_4__seed_42,screening,deep,temporal,screening,transformer,R2,30,4,42,none,1abdafac6f011e65f174d384b9b62df5d451f927308eb674001344f4bef0f7ca,pending,new,,,2026-09-15T18:09:11+00:00,G3 · Pré-processamento R2: 
preprocessing_r2::final__screening__deep__transformer__r2__w60__fold_1__seed_42,screening,deep,temporal,screening,transformer,R2,60,1,42,none,c62273c4a369414eb41e94f68c66586f9a7807c7b6d4c216c3a4617ac6c64cc4,pending,new,,,2026-09-15T18:09:11+00:00,G3 · Pré-processamento R2: 
preprocessing_r2::final__screening__deep__transformer__r2__w60__fold_2__seed_42,screening,deep,temporal,screening,transformer,R2,60,2,42,none,cabf64132caceb1ca0915c0dee5ff9e8a422c3025487db9ac6d1a35be33e423d,pending,new,,,2026-09-15T18:09:11+00:00,G3 · Pré-processamento R2: 
preprocessing_r2::final__screening__deep__transformer__r2__w60__fold_3__seed_42,screening,deep,temporal,screening,transformer,R2,60,3,42,none,766a49540eaaddaf03b90693f35d459b60dca8ff023313eaa91ea46b7e56154f,pending,new,,,2026-09-15T18:09:11+00:00,G3 · Pré-processamento R2: 
preprocessing_r2::final__screening__deep__transformer__r2__w60__fold_4__seed_42,screening,deep,temporal,screening,transformer,R2,60,4,42,none,b8e308c12862505c217ab0bdce0b06e7e3205da13e1dd3042fbdf9f294c67a49,pending,new,,,2026-09-15T18:09:11+00:00,G3 · Pré-processamento R2: 
preprocessing_r2::final__screening__feature__logistic_regression__r2__w150__fold_1__seed_42,screening,feature,classical,screening,logistic_regression,R2,150,1,42,none,0f03c52fe740239e5228c20787d96854cc54c660c78d4506626c68280dcdfdda,pending,new,,,2026-09-15T18:09:11+00:00,G3 · Pré-processamento R2: 
preprocessing_r2::final__screening__feature__logistic_regression__r2__w150__fold_2__seed_42,screening,feature,classical,screening,logistic_regression,R2,150,2,42,none,72d5ba0c1dc417920f19bb8bca43192a359e460e35e6ba862e056fa8352d6146,pending,new,,,2026-09-15T18:09:11+00:00,G3 · Pré-processamento R2: 
preprocessing_r2::final__screening__feature__logistic_regression__r2__w150__fold_3__seed_42,screening,feature,classical,screening,logistic_regression,R2,150,3,42,none,fea7cfdd99762c5ae09a2bbccd062377cc07ac44ceca90e187836e4967c331ec,pending,new,,,2026-09-15T18:09:11+00:00,G3 · Pré-processamento R2: 
preprocessing_r2::final__screening__feature__logistic_regression__r2__w150__fold_4__seed_42,screening,feature,classical,screening,logistic_regression,R2,150,4,42,none,0575faba84ced0bf2029a93d0c58ab3972f283c8f42518d151ca13076cc4e8dc,pending,new,,,2026-09-15T18:09:11+00:00,G3 · Pré-processamento R2: 
preprocessing_r2::final__screening__feature__logistic_regression__r2__w30__fold_1__seed_42,screening,feature,classical,screening,logistic_regression,R2,30,1,42,none,fcfc2e3894c9c892653443618f07407025faaae4c39637d57ede99d823a1b722,pending,new,,,2026-09-15T18:09:11+00:00,G3 · Pré-processamento R2: 
preprocessing_r2::final__screening__feature__logistic_regression__r2__w30__fold_2__seed_42,screening,feature,classical,screening,logistic_regression,R2,30,2,42,none,059efee2d88380f47eb9ce6a41c3816f1748421f2f796484813b0d7f2a225823,pending,new,,,2026-09-15T18:09:11+00:00,G3 · Pré-processamento R2: 
preprocessing_r2::final__screening__feature__logistic_regression__r2__w30__fold_3__seed_42,screening,feature,classical,screening,logistic_regression,R2,30,3,42,none,3a52ec0fa4563a264694408411eafecee0c32b812690fc24827af17f76cd127c,pending,new,,,2026-09-15T18:09:11+00:00,G3 · Pré-processamento R2: 
preprocessing_r2::final__screening__feature__logistic_regression__r2__w30__fold_4__seed_42,screening,feature,classical,screening,logistic_regression,R2,30,4,42,none,b0d783f7cb7489d3d13b123ce5bc2659009cd4c0a3ded9b99c79b36479173b28,pending,new,,,2026-09-15T18:09:11+00:00,G3 · Pré-processamento R2: 
preprocessing_r2::final__screening__feature__logistic_regression__r2__w60__fold_1__seed_42,screening,feature,classical,screening,logistic_regression,R2,60,1,42,none,27ceaf717ecfa78eacc12f76729991f3302dda931678b9d202ed81a4ccb7bff0,pending,new,,,2026-09-15T18:09:11+00:00,G3 · Pré-processamento R2: 
preprocessing_r2::final__screening__feature__logistic_regression__r2__w60__fold_2__seed_42,screening,feature,classical,screening,logistic_regression,R2,60,2,42,none,52d5462fcb36e6c6835468399a63a5009cb6964f050465025d8e2ff0284144fe,pending,new,,,2026-09-15T18:09:11+00:00,G3 · Pré-processamento R2: 
preprocessing_r2::final__screening__feature__logistic_regression__r2__w60__fold_3__seed_42,screening,feature,classical,screening,logistic_regression,R2,60,3,42,none,c07c3a257075e660d6207d305e01baf0f05cec282ca648b92e2d5a08db78a397,pending,new,,,2026-09-15T18:09:11+00:00,G3 · Pré-processamento R2: 
preprocessing_r2::final__screening__feature__logistic_regression__r2__w60__fold_4__seed_42,screening,feature,classical,screening,logistic_regression,R2,60,4,42,none,853c9fa00bcdc0cffdeadc74b63cc8c91caf8e78e874af46b5ba3417586ec199,pending,new,,,2026-09-15T18:09:11+00:00,G3 · Pré-processamento R2: 
preprocessing_r2::final__screening__feature__svm__r2__w150__fold_1__seed_42,screening,feature,classical,screening,svm,R2,150,1,42,none,a2e6c3fb0a3c5f9a43e8c4df5dfcba766bd943cfd8279d4378da5c71376e823e,pending,new,,,2026-09-15T18:09:11+00:00,G3 · Pré-processamento R2: 
preprocessing_r2::final__screening__feature__svm__r2__w150__fold_2__seed_42,screening,feature,classical,screening,svm,R2,150,2,42,none,312e7301f85d71698ebc4139968385ec751864dd154c2de7eb40023970184018,pending,new,,,2026-09-15T18:09:11+00:00,G3 · Pré-processamento R2: 
preprocessing_r2::final__screening__feature__svm__r2__w150__fold_3__seed_42,screening,feature,classical,screening,svm,R2,150,3,42,none,1e887c927973481da16e81dda67b901d532f85b389f185753b5d7f5eb5a09ccd,pending,new,,,2026-09-15T18:09:11+00:00,G3 · Pré-processamento R2: 
preprocessing_r2::final__screening__feature__svm__r2__w150__fold_4__seed_42,screening,feature,classical,screening,svm,R2,150,4,42,none,38420136326aae23e672a7fe2ba92aa44f5d16e0c0d1e6f5ed28c398f92cb90f,pending,new,,,2026-09-15T18:09:11+00:00,G3 · Pré-processamento R2: 
preprocessing_r2::final__screening__feature__svm__r2__w30__fold_1__seed_42,screening,feature,classical,screening,svm,R2,30,1,42,none,e94437260a897b3ec338f5ac9e60bcae5d131dfaea51fcb805b38562337f476f,pending,new,,,2026-09-15T18:09:11+00:00,G3 · Pré-processamento R2: 
preprocessing_r2::final__screening__feature__svm__r2__w30__fold_2__seed_42,screening,feature,classical,screening,svm,R2,30,2,42,none,0984db0db165e9a7c6b098ae34143cd8b1557e57a25d6d3f0df35213e5c18a29,pending,new,,,2026-09-15T18:09:11+00:00,G3 · Pré-processamento R2: 
preprocessing_r2::final__screening__feature__svm__r2__w30__fold_3__seed_42,screening,feature,classical,screening,svm,R2,30,3,42,none,eecf96a842494bfbca627075e2e33baa4ffde9ce9cc8097b8be675518cd8173e,pending,new,,,2026-09-15T18:09:11+00:00,G3 · Pré-processamento R2: 
preprocessing_r2::final__screening__feature__svm__r2__w30__fold_4__seed_42,screening,feature,classical,screening,svm,R2,30,4,42,none,619fe584c31c30350edfe55e82f480b64400ea445fef06759cdf42e1be085e80,pending,new,,,2026-09-15T18:09:11+00:00,G3 · Pré-processamento R2: 
preprocessing_r2::final__screening__feature__svm__r2__w60__fold_1__seed_42,screening,feature,classical,screening,svm,R2,60,1,42,none,293a3b8837f7f85c8a1a97cfa79a850dc389db76abe600f32499171f545f50b7,pending,new,,,2026-09-15T18:09:11+00:00,G3 · Pré-processamento R2: 
preprocessing_r2::final__screening__feature__svm__r2__w60__fold_2__seed_42,screening,feature,classical,screening,svm,R2,60,2,42,none,9dcaa8602ecfac5a1703810fe8a75287f542449a5295bf5c521bae7994a1e487,pending,new,,,2026-09-15T18:09:11+00:00,G3 · Pré-processamento R2: 
preprocessing_r2::final__screening__feature__svm__r2__w60__fold_3__seed_42,screening,feature,classical,screening,svm,R2,60,3,42,none,7be31c1c8eb425854b4c794581357530bc830845f1f6cd7cafde1bf6e905d83f,pending,new,,,2026-09-15T18:09:11+00:00,G3 · Pré-processamento R2: 
preprocessing_r2::final__screening__feature__svm__r2__w60__fold_4__seed_42,screening,feature,classical,screening,svm,R2,60,4,42,none,7c5a5e3a3046fee9506d1a43662c0fdfd46d48855da54ebe277e1e2f5779d40f,pending,new,,,2026-09-15T18:09:11+00:00,G3 · Pré-processamento R2: 
temporal_r0::final__screening__deep__lstm__r0__w150__fold_1__seed_42,screening,deep,temporal,screening,lstm,R0,150,1,42,none,93c8f0a4810c66668c82a0926cf9a394720a748dcd34343a8ff4de99fef79b03,pending,new,,,2026-09-15T18:09:11+00:00,G2 · Temporais R0 sem balanceamento: 
temporal_r0::final__screening__deep__lstm__r0__w150__fold_2__seed_42,screening,deep,temporal,screening,lstm,R0,150,2,42,none,90a6b8dc785e9ca6a001fea7b1923b6085c77b8e96fa9bdd7a0682f664ad15c8,pending,new,,,2026-09-15T18:09:11+00:00,G2 · Temporais R0 sem balanceamento: 
temporal_r0::final__screening__deep__lstm__r0__w150__fold_3__seed_42,screening,deep,temporal,screening,lstm,R0,150,3,42,none,28bc2ea0ba7ab9b5b1ff1bb3bcbd7fa6cb2840d0ea9888e1fb7c53a972f01ae4,pending,new,,,2026-09-15T18:09:11+00:00,G2 · Temporais R0 sem balanceamento: 
temporal_r0::final__screening__deep__lstm__r0__w150__fold_4__seed_42,screening,deep,temporal,screening,lstm,R0,150,4,42,none,7ed0b444fc7fff67395ce8a051cb5f5fbecdd119af1659781c2e9ba1a44080fd,pending,new,,,2026-09-15T18:09:11+00:00,G2 · Temporais R0 sem balanceamento: 
temporal_r0::final__screening__deep__lstm__r0__w30__fold_1__seed_42,screening,deep,temporal,screening,lstm,R0,30,1,42,none,a30adacfe700d28e109ef0111e4ca0d866ef7c863b88b9bf0f97691f60f4c3de,pending,new,,,2026-09-15T18:09:11+00:00,G2 · Temporais R0 sem balanceamento: 
temporal_r0::final__screening__deep__lstm__r0__w30__fold_2__seed_42,screening,deep,temporal,screening,lstm,R0,30,2,42,none,c9c636687f98b69a23aedfc40735529b4c4ab4d845d473a7ce148f09a0ed3da3,pending,new,,,2026-09-15T18:09:11+00:00,G2 · Temporais R0 sem balanceamento: 
temporal_r0::final__screening__deep__lstm__r0__w30__fold_3__seed_42,screening,deep,temporal,screening,lstm,R0,30,3,42,none,a39579ddb8199a9413ce2f141dacccb0343513e7a98890610c66f732b179c979,pending,new,,,2026-09-15T18:09:11+00:00,G2 · Temporais R0 sem balanceamento: 
temporal_r0::final__screening__deep__lstm__r0__w30__fold_4__seed_42,screening,deep,temporal,screening,lstm,R0,30,4,42,none,c3d06ba8a958f49a9f1ca8fdbe70615b072949357ebda2b5ca52fa892f902d99,pending,new,,,2026-09-15T18:09:11+00:00,G2 · Temporais R0 sem balanceamento: 
temporal_r0::final__screening__deep__lstm__r0__w60__fold_1__seed_42,screening,deep,temporal,screening,lstm,R0,60,1,42,none,faf1aed205c9e98a1e34e4b4e2de46e727b70267a9f99ef734c666608f5b1e0c,pending,new,,,2026-09-15T18:09:11+00:00,G2 · Temporais R0 sem balanceamento: 
temporal_r0::final__screening__deep__lstm__r0__w60__fold_2__seed_42,screening,deep,temporal,screening,lstm,R0,60,2,42,none,273ac035ae6de24645251eb69846f653b6d8d7bfbd7906d1250840894d019fb4,pending,new,,,2026-09-15T18:09:11+00:00,G2 · Temporais R0 sem balanceamento: 
temporal_r0::final__screening__deep__lstm__r0__w60__fold_3__seed_42,screening,deep,temporal,screening,lstm,R0,60,3,42,none,ef56d38d22231d1fc2aa0fa73f3f894ddd7f8504e91f9ed28c44dacb9a3d9f34,pending,new,,,2026-09-15T18:09:11+00:00,G2 · Temporais R0 sem balanceamento: 
temporal_r0::final__screening__deep__lstm__r0__w60__fold_4__seed_42,screening,deep,temporal,screening,lstm,R0,60,4,42,none,6b5e79681e56013fb3f69e1a96b39d114e3bb82cb6f048431c0b0b59b0ccf879,pending,new,,,2026-09-15T18:09:11+00:00,G2 · Temporais R0 sem balanceamento: 
temporal_r0::final__screening__deep__tcn__r0__w150__fold_1__seed_42,screening,deep,temporal,screening,tcn,R0,150,1,42,none,77f4541a3585fabd6efa5dab790f27c06f53b4ecb771fa2f8723977e1a33251b,pending,new,,,2026-09-15T18:09:11+00:00,G2 · Temporais R0 sem balanceamento: 
temporal_r0::final__screening__deep__tcn__r0__w150__fold_2__seed_42,screening,deep,temporal,screening,tcn,R0,150,2,42,none,62d325b67d6245396fec161acffa6b4404894c70e5962107497381800eb36747,pending,new,,,2026-09-15T18:09:11+00:00,G2 · Temporais R0 sem balanceamento: 
temporal_r0::final__screening__deep__tcn__r0__w150__fold_3__seed_42,screening,deep,temporal,screening,tcn,R0,150,3,42,none,b804fd565c5201309a41c7ef9cb780013450dc386b6b6b13fa10b2d2ac2b1dd1,pending,new,,,2026-09-15T18:09:11+00:00,G2 · Temporais R0 sem balanceamento: 
temporal_r0::final__screening__deep__tcn__r0__w150__fold_4__seed_42,screening,deep,temporal,screening,tcn,R0,150,4,42,none,38cc26dbcd474c5486933ca79de7c53da467a3e9f690a409524e7472526e8744,pending,new,,,2026-09-15T18:09:11+00:00,G2 · Temporais R0 sem balanceamento: 
temporal_r0::final__screening__deep__tcn__r0__w30__fold_1__seed_42,screening,deep,temporal,screening,tcn,R0,30,1,42,none,bc70129096cbc749c32d3ee25ee7eae81b075c14380fe2121a9ee551d59d1f09,pending,new,,,2026-09-15T18:09:11+00:00,G2 · Temporais R0 sem balanceamento: 
temporal_r0::final__screening__deep__tcn__r0__w30__fold_2__seed_42,screening,deep,temporal,screening,tcn,R0,30,2,42,none,34dbe2a0bd23614b74e5a8e2f0d3e791f24561c951578fc7e5f77e454423a983,pending,new,,,2026-09-15T18:09:11+00:00,G2 · Temporais R0 sem balanceamento: 
temporal_r0::final__screening__deep__tcn__r0__w30__fold_3__seed_42,screening,deep,temporal,screening,tcn,R0,30,3,42,none,68b4e08a78a412b7f41ffe94156175c68fba72e62d6bcf847d42f71435405e77,pending,new,,,2026-09-15T18:09:11+00:00,G2 · Temporais R0 sem balanceamento: 
temporal_r0::final__screening__deep__tcn__r0__w30__fold_4__seed_42,screening,deep,temporal,screening,tcn,R0,30,4,42,none,21ea9b456502906c3b6de1ee7e9de780059bbe6a5d9a9ba34b639036c455c210,pending,new,,,2026-09-15T18:09:11+00:00,G2 · Temporais R0 sem balanceamento: 
temporal_r0::final__screening__deep__tcn__r0__w60__fold_1__seed_42,screening,deep,temporal,screening,tcn,R0,60,1,42,none,281767ea176b5d8b536f1efaeac85b23f8cf3bf80a9f685b372f8d66c387f98e,pending,new,,,2026-09-15T18:09:11+00:00,G2 · Temporais R0 sem balanceamento: 
temporal_r0::final__screening__deep__tcn__r0__w60__fold_2__seed_42,screening,deep,temporal,screening,tcn,R0,60,2,42,none,f7f9f1bdfb789b48f442b54f090018c8671cd95db1a49d92e22121101b1df007,pending,new,,,2026-09-15T18:09:11+00:00,G2 · Temporais R0 sem balanceamento: 
temporal_r0::final__screening__deep__tcn__r0__w60__fold_3__seed_42,screening,deep,temporal,screening,tcn,R0,60,3,42,none,8576641aed27a88fadad66fe43645aa424e7ff4adfccac6fc7704c7507654db4,pending,new,,,2026-09-15T18:09:11+00:00,G2 · Temporais R0 sem balanceamento: 
temporal_r0::final__screening__deep__tcn__r0__w60__fold_4__seed_42,screening,deep,temporal,screening,tcn,R0,60,4,42,none,61ab88c31c79fe8a8e74a20f8560d26d0674e80c64e728d16292fcbc3fb90066,pending,new,,,2026-09-15T18:09:11+00:00,G2 · Temporais R0 sem balanceamento: 
temporal_r0::final__screening__deep__transformer__r0__w150__fold_1__seed_42,screening,deep,temporal,screening,transformer,R0,150,1,42,none,8cc09d0865c004f742814968c0ac0dff7e44dbfcd52e808f1961c2cf9b1dc489,pending,new,,,2026-09-15T18:09:11+00:00,G2 · Temporais R0 sem balanceamento: 
temporal_r0::final__screening__deep__transformer__r0__w150__fold_2__seed_42,screening,deep,temporal,screening,transformer,R0,150,2,42,none,b13e48b0b965bb5848ed81035e99620c850b9e14df70306b8cc56ff0a35c2092,pending,new,,,2026-09-15T18:09:11+00:00,G2 · Temporais R0 sem balanceamento: 
temporal_r0::final__screening__deep__transformer__r0__w150__fold_3__seed_42,screening,deep,temporal,screening,transformer,R0,150,3,42,none,f2f9910c5000f5b7160364f788b9d381805d54c4d4d5ed26999fc42d2739aea4,pending,new,,,2026-09-15T18:09:11+00:00,G2 · Temporais R0 sem balanceamento: 
temporal_r0::final__screening__deep__transformer__r0__w150__fold_4__seed_42,screening,deep,temporal,screening,transformer,R0,150,4,42,none,5329c350d99600a2431d4843eff0b4f870b91035b6d471c5e0d570fe601d280c,pending,new,,,2026-09-15T18:09:11+00:00,G2 · Temporais R0 sem balanceamento: 
temporal_r0::final__screening__deep__transformer__r0__w30__fold_1__seed_42,screening,deep,temporal,screening,transformer,R0,30,1,42,none,e3103dc43f34b8c4f80501011179826644932194fad1e0b11703379623bd8d99,pending,new,,,2026-09-15T18:09:11+00:00,G2 · Temporais R0 sem balanceamento: 
temporal_r0::final__screening__deep__transformer__r0__w30__fold_2__seed_42,screening,deep,temporal,screening,transformer,R0,30,2,42,none,94c83996fc066adbbebf478e983007d0f4a00d20afd5e05fa0244f0d9262ee03,pending,new,,,2026-09-15T18:09:11+00:00,G2 · Temporais R0 sem balanceamento: 
temporal_r0::final__screening__deep__transformer__r0__w30__fold_3__seed_42,screening,deep,temporal,screening,transformer,R0,30,3,42,none,2739417a51abc8879618dd4931b70bf54c02cde40cbf8a80a4326860100a5657,pending,new,,,2026-09-15T18:09:11+00:00,G2 · Temporais R0 sem balanceamento: 
temporal_r0::final__screening__deep__transformer__r0__w30__fold_4__seed_42,screening,deep,temporal,screening,transformer,R0,30,4,42,none,b8327417bd97f1f0137ff0a05c1df479ed9a45c284f0575929d5abf797f2f276,pending,new,,,2026-09-15T18:09:11+00:00,G2 · Temporais R0 sem balanceamento: 
temporal_r0::final__screening__deep__transformer__r0__w60__fold_1__seed_42,screening,deep,temporal,screening,transformer,R0,60,1,42,none,2dcb50c7dd8d69abbfce1bc16e1216ffeb41494b8342133981fc43523185ae5d,pending,new,,,2026-09-15T18:09:11+00:00,G2 · Temporais R0 sem balanceamento: 
temporal_r0::final__screening__deep__transformer__r0__w60__fold_2__seed_42,screening,deep,temporal,screening,transformer,R0,60,2,42,none,32250f110dbb804d9ca216042cf89e4f5e5d05105866e1a33e36a669c3b49d06,pending,new,,,2026-09-15T18:09:11+00:00,G2 · Temporais R0 sem balanceamento: 
temporal_r0::final__screening__deep__transformer__r0__w60__fold_3__seed_42,screening,deep,temporal,screening,transformer,R0,60,3,42,none,f6b00f6dc1fe16a2cccd06545cb94c226a1a2fc95192a467c414606b19c7e86a,pending,new,,,2026-09-15T18:09:11+00:00,G2 · Temporais R0 sem balanceamento: 
temporal_r0::final__screening__deep__transformer__r0__w60__fold_4__seed_42,screening,deep,temporal,screening,transformer,R0,60,4,42,none,cbf0399146ab13041d9ae2bc6cd13870e616621becc4c0e572179e651f1e686c,pending,new,,,2026-09-15T18:09:11+00:00,G2 · Temporais R0 sem balanceamento: 
