source,scientific_status,run_id,family,model,representation,window_size_frames,fold,seed,balancing,subset,scope,label,metric,value
G1,reused_valid,G1__qualification_r0_flat__fixed_rules__r0_flat__w150__fold_1__seed_42,classical,fixed_rules,R0_flat,150,1,42,none,validation,global,,accuracy,0.08744588744588745
G1,reused_valid,G1__qualification_r0_flat__fixed_rules__r0_flat__w150__fold_1__seed_42,classical,fixed_rules,R0_flat,150,1,42,none,validation,global,,balanced_accuracy,0.20266933600266934
G1,reused_valid,G1__qualification_r0_flat__fixed_rules__r0_flat__w150__fold_1__seed_42,classical,fixed_rules,R0_flat,150,1,42,none,validation,global,,macro_f1,0.05967172639229392
G1,reused_valid,G1__qualification_r0_flat__fixed_rules__r0_flat__w150__fold_1__seed_42,classical,fixed_rules,R0_flat,150,1,42,none,test,global,,accuracy,0.1106020942408377
G1,reused_valid,G1__qualification_r0_flat__fixed_rules__r0_flat__w150__fold_1__seed_42,classical,fixed_rules,R0_flat,150,1,42,none,test,global,,balanced_accuracy,0.23136046797176554
G1,reused_valid,G1__qualification_r0_flat__fixed_rules__r0_flat__w150__fold_1__seed_42,classical,fixed_rules,R0_flat,150,1,42,none,test,global,,macro_f1,0.10741420597874458
G1,reused_valid,G1__qualification_r0_flat__fixed_rules__r0_flat__w150__fold_1__seed_42,classical,fixed_rules,R0_flat,150,1,42,none,all,cost,,train_seconds,0.0
G1,reused_valid,G1__qualification_r0_flat__fixed_rules__r0_flat__w150__fold_2__seed_42,classical,fixed_rules,R0_flat,150,2,42,none,validation,global,,accuracy,0.0896551724137931
G1,reused_valid,G1__qualification_r0_flat__fixed_rules__r0_flat__w150__fold_2__seed_42,classical,fixed_rules,R0_flat,150,2,42,none,validation,global,,balanced_accuracy,0.24617914003388863
G1,reused_valid,G1__qualification_r0_flat__fixed_rules__r0_flat__w150__fold_2__seed_42,classical,fixed_rules,R0_flat,150,2,42,none,validation,global,,macro_f1,0.06611649727909302
G1,reused_valid,G1__qualification_r0_flat__fixed_rules__r0_flat__w150__fold_2__seed_42,classical,fixed_rules,R0_flat,150,2,42,none,test,global,,accuracy,0.053775122216186855
G1,reused_valid,G1__qualification_r0_flat__fixed_rules__r0_flat__w150__fold_2__seed_42,classical,fixed_rules,R0_flat,150,2,42,none,test,global,,balanced_accuracy,0.1703211971895246
G1,reused_valid,G1__qualification_r0_flat__fixed_rules__r0_flat__w150__fold_2__seed_42,classical,fixed_rules,R0_flat,150,2,42,none,test,global,,macro_f1,0.036160596202120594
G1,reused_valid,G1__qualification_r0_flat__fixed_rules__r0_flat__w150__fold_2__seed_42,classical,fixed_rules,R0_flat,150,2,42,none,all,cost,,train_seconds,0.0
G1,reused_valid,G1__qualification_r0_flat__fixed_rules__r0_flat__w150__fold_3__seed_42,classical,fixed_rules,R0_flat,150,3,42,none,validation,global,,accuracy,0.12711111111111112
G1,reused_valid,G1__qualification_r0_flat__fixed_rules__r0_flat__w150__fold_3__seed_42,classical,fixed_rules,R0_flat,150,3,42,none,validation,global,,balanced_accuracy,0.2251284058693048
G1,reused_valid,G1__qualification_r0_flat__fixed_rules__r0_flat__w150__fold_3__seed_42,classical,fixed_rules,R0_flat,150,3,42,none,validation,global,,macro_f1,0.09847109319474058
G1,reused_valid,G1__qualification_r0_flat__fixed_rules__r0_flat__w150__fold_3__seed_42,classical,fixed_rules,R0_flat,150,3,42,none,test,global,,accuracy,0.04018754186202277
G1,reused_valid,G1__qualification_r0_flat__fixed_rules__r0_flat__w150__fold_3__seed_42,classical,fixed_rules,R0_flat,150,3,42,none,test,global,,balanced_accuracy,0.17498706743989764
G1,reused_valid,G1__qualification_r0_flat__fixed_rules__r0_flat__w150__fold_3__seed_42,classical,fixed_rules,R0_flat,150,3,42,none,test,global,,macro_f1,0.0351721393754564
G1,reused_valid,G1__qualification_r0_flat__fixed_rules__r0_flat__w150__fold_3__seed_42,classical,fixed_rules,R0_flat,150,3,42,none,all,cost,,train_seconds,0.0
G1,reused_valid,G1__qualification_r0_flat__fixed_rules__r0_flat__w150__fold_4__seed_42,classical,fixed_rules,R0_flat,150,4,42,none,validation,global,,accuracy,0.08144796380090498
G1,reused_valid,G1__qualification_r0_flat__fixed_rules__r0_flat__w150__fold_4__seed_42,classical,fixed_rules,R0_flat,150,4,42,none,validation,global,,balanced_accuracy,0.17980522471540436
G1,reused_valid,G1__qualification_r0_flat__fixed_rules__r0_flat__w150__fold_4__seed_42,classical,fixed_rules,R0_flat,150,4,42,none,validation,global,,macro_f1,0.06156569836264784
G1,reused_valid,G1__qualification_r0_flat__fixed_rules__r0_flat__w150__fold_4__seed_42,classical,fixed_rules,R0_flat,150,4,42,none,test,global,,accuracy,0.12174721189591078
G1,reused_valid,G1__qualification_r0_flat__fixed_rules__r0_flat__w150__fold_4__seed_42,classical,fixed_rules,R0_flat,150,4,42,none,test,global,,balanced_accuracy,0.3678240364286876
G1,reused_valid,G1__qualification_r0_flat__fixed_rules__r0_flat__w150__fold_4__seed_42,classical,fixed_rules,R0_flat,150,4,42,none,test,global,,macro_f1,0.08854527381997064
G1,reused_valid,G1__qualification_r0_flat__fixed_rules__r0_flat__w150__fold_4__seed_42,classical,fixed_rules,R0_flat,150,4,42,none,all,cost,,train_seconds,0.0
G1,reused_valid,G1__qualification_r0_flat__fixed_rules__r0_flat__w30__fold_1__seed_42,classical,fixed_rules,R0_flat,30,1,42,none,validation,global,,accuracy,0.18927973199329984
G1,reused_valid,G1__qualification_r0_flat__fixed_rules__r0_flat__w30__fold_1__seed_42,classical,fixed_rules,R0_flat,30,1,42,none,validation,global,,balanced_accuracy,0.23464587163217301
G1,reused_valid,G1__qualification_r0_flat__fixed_rules__r0_flat__w30__fold_1__seed_42,classical,fixed_rules,R0_flat,30,1,42,none,validation,global,,macro_f1,0.12613738305779829
G1,reused_valid,G1__qualification_r0_flat__fixed_rules__r0_flat__w30__fold_1__seed_42,classical,fixed_rules,R0_flat,30,1,42,none,test,global,,accuracy,0.2553745928338762
G1,reused_valid,G1__qualification_r0_flat__fixed_rules__r0_flat__w30__fold_1__seed_42,classical,fixed_rules,R0_flat,30,1,42,none,test,global,,balanced_accuracy,0.13843835687309225
G1,reused_valid,G1__qualification_r0_flat__fixed_rules__r0_flat__w30__fold_1__seed_42,classical,fixed_rules,R0_flat,30,1,42,none,test,global,,macro_f1,0.14863826785013864
G1,reused_valid,G1__qualification_r0_flat__fixed_rules__r0_flat__w30__fold_1__seed_42,classical,fixed_rules,R0_flat,30,1,42,none,all,cost,,train_seconds,0.0
G1,reused_valid,G1__qualification_r0_flat__fixed_rules__r0_flat__w30__fold_2__seed_42,classical,fixed_rules,R0_flat,30,2,42,none,validation,global,,accuracy,0.2514767932489452
G1,reused_valid,G1__qualification_r0_flat__fixed_rules__r0_flat__w30__fold_2__seed_42,classical,fixed_rules,R0_flat,30,2,42,none,validation,global,,balanced_accuracy,0.28709078334926297
G1,reused_valid,G1__qualification_r0_flat__fixed_rules__r0_flat__w30__fold_2__seed_42,classical,fixed_rules,R0_flat,30,2,42,none,validation,global,,macro_f1,0.15464158959844057
G1,reused_valid,G1__qualification_r0_flat__fixed_rules__r0_flat__w30__fold_2__seed_42,classical,fixed_rules,R0_flat,30,2,42,none,test,global,,accuracy,0.1184
G1,reused_valid,G1__qualification_r0_flat__fixed_rules__r0_flat__w30__fold_2__seed_42,classical,fixed_rules,R0_flat,30,2,42,none,test,global,,balanced_accuracy,0.20947757991847243
G1,reused_valid,G1__qualification_r0_flat__fixed_rules__r0_flat__w30__fold_2__seed_42,classical,fixed_rules,R0_flat,30,2,42,none,test,global,,macro_f1,0.07888603309870314
G1,reused_valid,G1__qualification_r0_flat__fixed_rules__r0_flat__w30__fold_2__seed_42,classical,fixed_rules,R0_flat,30,2,42,none,all,cost,,train_seconds,0.0
G1,reused_valid,G1__qualification_r0_flat__fixed_rules__r0_flat__w30__fold_3__seed_42,classical,fixed_rules,R0_flat,30,3,42,none,validation,global,,accuracy,0.31951640759930916
G1,reused_valid,G1__qualification_r0_flat__fixed_rules__r0_flat__w30__fold_3__seed_42,classical,fixed_rules,R0_flat,30,3,42,none,validation,global,,balanced_accuracy,0.29135969329163797
G1,reused_valid,G1__qualification_r0_flat__fixed_rules__r0_flat__w30__fold_3__seed_42,classical,fixed_rules,R0_flat,30,3,42,none,validation,global,,macro_f1,0.20159587680079483
G1,reused_valid,G1__qualification_r0_flat__fixed_rules__r0_flat__w30__fold_3__seed_42,classical,fixed_rules,R0_flat,30,3,42,none,test,global,,accuracy,0.10971579643093192
G1,reused_valid,G1__qualification_r0_flat__fixed_rules__r0_flat__w30__fold_3__seed_42,classical,fixed_rules,R0_flat,30,3,42,none,test,global,,balanced_accuracy,0.1602299151533287
G1,reused_valid,G1__qualification_r0_flat__fixed_rules__r0_flat__w30__fold_3__seed_42,classical,fixed_rules,R0_flat,30,3,42,none,test,global,,macro_f1,0.07246823747235522
G1,reused_valid,G1__qualification_r0_flat__fixed_rules__r0_flat__w30__fold_3__seed_42,classical,fixed_rules,R0_flat,30,3,42,none,all,cost,,train_seconds,0.0
G1,reused_valid,G1__qualification_r0_flat__fixed_rules__r0_flat__w30__fold_4__seed_42,classical,fixed_rules,R0_flat,30,4,42,none,validation,global,,accuracy,0.2532981530343008
G1,reused_valid,G1__qualification_r0_flat__fixed_rules__r0_flat__w30__fold_4__seed_42,classical,fixed_rules,R0_flat,30,4,42,none,validation,global,,balanced_accuracy,0.24628075119234258
G1,reused_valid,G1__qualification_r0_flat__fixed_rules__r0_flat__w30__fold_4__seed_42,classical,fixed_rules,R0_flat,30,4,42,none,validation,global,,macro_f1,0.15630384642392225
G1,reused_valid,G1__qualification_r0_flat__fixed_rules__r0_flat__w30__fold_4__seed_42,classical,fixed_rules,R0_flat,30,4,42,none,test,global,,accuracy,0.26334841628959277
G1,reused_valid,G1__qualification_r0_flat__fixed_rules__r0_flat__w30__fold_4__seed_42,classical,fixed_rules,R0_flat,30,4,42,none,test,global,,balanced_accuracy,0.2886081560283688
G1,reused_valid,G1__qualification_r0_flat__fixed_rules__r0_flat__w30__fold_4__seed_42,classical,fixed_rules,R0_flat,30,4,42,none,test,global,,macro_f1,0.1715435684647303
G1,reused_valid,G1__qualification_r0_flat__fixed_rules__r0_flat__w30__fold_4__seed_42,classical,fixed_rules,R0_flat,30,4,42,none,all,cost,,train_seconds,0.0
G1,reused_valid,G1__qualification_r0_flat__fixed_rules__r0_flat__w60__fold_1__seed_42,classical,fixed_rules,R0_flat,60,1,42,none,validation,global,,accuracy,0.10932203389830508
G1,reused_valid,G1__qualification_r0_flat__fixed_rules__r0_flat__w60__fold_1__seed_42,classical,fixed_rules,R0_flat,60,1,42,none,validation,global,,balanced_accuracy,0.2083789904302725
G1,reused_valid,G1__qualification_r0_flat__fixed_rules__r0_flat__w60__fold_1__seed_42,classical,fixed_rules,R0_flat,60,1,42,none,validation,global,,macro_f1,0.07627118644067797
G1,reused_valid,G1__qualification_r0_flat__fixed_rules__r0_flat__w60__fold_1__seed_42,classical,fixed_rules,R0_flat,60,1,42,none,test,global,,accuracy,0.1408083441981747
G1,reused_valid,G1__qualification_r0_flat__fixed_rules__r0_flat__w60__fold_1__seed_42,classical,fixed_rules,R0_flat,60,1,42,none,test,global,,balanced_accuracy,0.21581497438695085
G1,reused_valid,G1__qualification_r0_flat__fixed_rules__r0_flat__w60__fold_1__seed_42,classical,fixed_rules,R0_flat,60,1,42,none,test,global,,macro_f1,0.12844578121161074
G1,reused_valid,G1__qualification_r0_flat__fixed_rules__r0_flat__w60__fold_1__seed_42,classical,fixed_rules,R0_flat,60,1,42,none,all,cost,,train_seconds,0.0
G1,reused_valid,G1__qualification_r0_flat__fixed_rules__r0_flat__w60__fold_2__seed_42,classical,fixed_rules,R0_flat,60,2,42,none,validation,global,,accuracy,0.11508951406649616
G1,reused_valid,G1__qualification_r0_flat__fixed_rules__r0_flat__w60__fold_2__seed_42,classical,fixed_rules,R0_flat,60,2,42,none,validation,global,,balanced_accuracy,0.26890933761418795
G1,reused_valid,G1__qualification_r0_flat__fixed_rules__r0_flat__w60__fold_2__seed_42,classical,fixed_rules,R0_flat,60,2,42,none,validation,global,,macro_f1,0.08540685767629246
G1,reused_valid,G1__qualification_r0_flat__fixed_rules__r0_flat__w60__fold_2__seed_42,classical,fixed_rules,R0_flat,60,2,42,none,test,global,,accuracy,0.06330472103004292
G1,reused_valid,G1__qualification_r0_flat__fixed_rules__r0_flat__w60__fold_2__seed_42,classical,fixed_rules,R0_flat,60,2,42,none,test,global,,balanced_accuracy,0.1791537313465261
G1,reused_valid,G1__qualification_r0_flat__fixed_rules__r0_flat__w60__fold_2__seed_42,classical,fixed_rules,R0_flat,60,2,42,none,test,global,,macro_f1,0.04329944200711841
G1,reused_valid,G1__qualification_r0_flat__fixed_rules__r0_flat__w60__fold_2__seed_42,classical,fixed_rules,R0_flat,60,2,42,none,all,cost,,train_seconds,0.0
G1,reused_valid,G1__qualification_r0_flat__fixed_rules__r0_flat__w60__fold_3__seed_42,classical,fixed_rules,R0_flat,60,3,42,none,validation,global,,accuracy,0.15377932232841007
G1,reused_valid,G1__qualification_r0_flat__fixed_rules__r0_flat__w60__fold_3__seed_42,classical,fixed_rules,R0_flat,60,3,42,none,validation,global,,balanced_accuracy,0.25764789372401203
G1,reused_valid,G1__qualification_r0_flat__fixed_rules__r0_flat__w60__fold_3__seed_42,classical,fixed_rules,R0_flat,60,3,42,none,validation,global,,macro_f1,0.11780387058868014
G1,reused_valid,G1__qualification_r0_flat__fixed_rules__r0_flat__w60__fold_3__seed_42,classical,fixed_rules,R0_flat,60,3,42,none,test,global,,accuracy,0.048666666666666664
G1,reused_valid,G1__qualification_r0_flat__fixed_rules__r0_flat__w60__fold_3__seed_42,classical,fixed_rules,R0_flat,60,3,42,none,test,global,,balanced_accuracy,0.15911769487116964
G1,reused_valid,G1__qualification_r0_flat__fixed_rules__r0_flat__w60__fold_3__seed_42,classical,fixed_rules,R0_flat,60,3,42,none,test,global,,macro_f1,0.03791962327975197
G1,reused_valid,G1__qualification_r0_flat__fixed_rules__r0_flat__w60__fold_3__seed_42,classical,fixed_rules,R0_flat,60,3,42,none,all,cost,,train_seconds,0.0
G1,reused_valid,G1__qualification_r0_flat__fixed_rules__r0_flat__w60__fold_4__seed_42,classical,fixed_rules,R0_flat,60,4,42,none,validation,global,,accuracy,0.10933333333333334
G1,reused_valid,G1__qualification_r0_flat__fixed_rules__r0_flat__w60__fold_4__seed_42,classical,fixed_rules,R0_flat,60,4,42,none,validation,global,,balanced_accuracy,0.21064868635201117
G1,reused_valid,G1__qualification_r0_flat__fixed_rules__r0_flat__w60__fold_4__seed_42,classical,fixed_rules,R0_flat,60,4,42,none,validation,global,,macro_f1,0.08214842390783349
G1,reused_valid,G1__qualification_r0_flat__fixed_rules__r0_flat__w60__fold_4__seed_42,classical,fixed_rules,R0_flat,60,4,42,none,test,global,,accuracy,0.1415525114155251
G1,reused_valid,G1__qualification_r0_flat__fixed_rules__r0_flat__w60__fold_4__seed_42,classical,fixed_rules,R0_flat,60,4,42,none,test,global,,balanced_accuracy,0.3724501385670801
G1,reused_valid,G1__qualification_r0_flat__fixed_rules__r0_flat__w60__fold_4__seed_42,classical,fixed_rules,R0_flat,60,4,42,none,test,global,,macro_f1,0.10380215444091079
G1,reused_valid,G1__qualification_r0_flat__fixed_rules__r0_flat__w60__fold_4__seed_42,classical,fixed_rules,R0_flat,60,4,42,none,all,cost,,train_seconds,0.0
G1,reused_valid,G1__qualification_r0_flat__random_forest__r0_flat__w150__fold_1__seed_42,classical,random_forest,R0_flat,150,1,42,none,validation,global,,accuracy,0.8562770562770563
G1,reused_valid,G1__qualification_r0_flat__random_forest__r0_flat__w150__fold_1__seed_42,classical,random_forest,R0_flat,150,1,42,none,validation,global,,balanced_accuracy,0.3881365236203946
G1,reused_valid,G1__qualification_r0_flat__random_forest__r0_flat__w150__fold_1__seed_42,classical,random_forest,R0_flat,150,1,42,none,validation,global,,macro_f1,0.39988943007501954
G1,reused_valid,G1__qualification_r0_flat__random_forest__r0_flat__w150__fold_1__seed_42,classical,random_forest,R0_flat,150,1,42,none,test,global,,accuracy,0.8075916230366492
G1,reused_valid,G1__qualification_r0_flat__random_forest__r0_flat__w150__fold_1__seed_42,classical,random_forest,R0_flat,150,1,42,none,test,global,,balanced_accuracy,0.49757791658533407
G1,reused_valid,G1__qualification_r0_flat__random_forest__r0_flat__w150__fold_1__seed_42,classical,random_forest,R0_flat,150,1,42,none,test,global,,macro_f1,0.5036017669045192
G1,reused_valid,G1__qualification_r0_flat__random_forest__r0_flat__w150__fold_1__seed_42,classical,random_forest,R0_flat,150,1,42,none,all,cost,,train_seconds,1.7757083000033163
G1,reused_valid,G1__qualification_r0_flat__random_forest__r0_flat__w150__fold_2__seed_42,classical,random_forest,R0_flat,150,2,42,none,validation,global,,accuracy,0.8646551724137931
G1,reused_valid,G1__qualification_r0_flat__random_forest__r0_flat__w150__fold_2__seed_42,classical,random_forest,R0_flat,150,2,42,none,validation,global,,balanced_accuracy,0.4203449259315181
G1,reused_valid,G1__qualification_r0_flat__random_forest__r0_flat__w150__fold_2__seed_42,classical,random_forest,R0_flat,150,2,42,none,validation,global,,macro_f1,0.3969779290209689
G1,reused_valid,G1__qualification_r0_flat__random_forest__r0_flat__w150__fold_2__seed_42,classical,random_forest,R0_flat,150,2,42,none,test,global,,accuracy,0.8951656708310701
G1,reused_valid,G1__qualification_r0_flat__random_forest__r0_flat__w150__fold_2__seed_42,classical,random_forest,R0_flat,150,2,42,none,test,global,,balanced_accuracy,0.7805855917510722
G1,reused_valid,G1__qualification_r0_flat__random_forest__r0_flat__w150__fold_2__seed_42,classical,random_forest,R0_flat,150,2,42,none,test,global,,macro_f1,0.5268410664529023
G1,reused_valid,G1__qualification_r0_flat__random_forest__r0_flat__w150__fold_2__seed_42,classical,random_forest,R0_flat,150,2,42,none,all,cost,,train_seconds,1.365466799998103
G1,reused_valid,G1__qualification_r0_flat__random_forest__r0_flat__w150__fold_3__seed_42,classical,random_forest,R0_flat,150,3,42,none,validation,global,,accuracy,0.8088888888888889
G1,reused_valid,G1__qualification_r0_flat__random_forest__r0_flat__w150__fold_3__seed_42,classical,random_forest,R0_flat,150,3,42,none,validation,global,,balanced_accuracy,0.3892767754409689
G1,reused_valid,G1__qualification_r0_flat__random_forest__r0_flat__w150__fold_3__seed_42,classical,random_forest,R0_flat,150,3,42,none,validation,global,,macro_f1,0.38891123698525387
G1,reused_valid,G1__qualification_r0_flat__random_forest__r0_flat__w150__fold_3__seed_42,classical,random_forest,R0_flat,150,3,42,none,test,global,,accuracy,0.8961821835231079
G1,reused_valid,G1__qualification_r0_flat__random_forest__r0_flat__w150__fold_3__seed_42,classical,random_forest,R0_flat,150,3,42,none,test,global,,balanced_accuracy,0.4282558112746792
G1,reused_valid,G1__qualification_r0_flat__random_forest__r0_flat__w150__fold_3__seed_42,classical,random_forest,R0_flat,150,3,42,none,test,global,,macro_f1,0.42956283538781137
G1,reused_valid,G1__qualification_r0_flat__random_forest__r0_flat__w150__fold_3__seed_42,classical,random_forest,R0_flat,150,3,42,none,all,cost,,train_seconds,1.7034227000003739
G1,reused_valid,G1__qualification_r0_flat__random_forest__r0_flat__w150__fold_4__seed_42,classical,random_forest,R0_flat,150,4,42,none,validation,global,,accuracy,0.8443438914027149
G1,reused_valid,G1__qualification_r0_flat__random_forest__r0_flat__w150__fold_4__seed_42,classical,random_forest,R0_flat,150,4,42,none,validation,global,,balanced_accuracy,0.4302713254809063
G1,reused_valid,G1__qualification_r0_flat__random_forest__r0_flat__w150__fold_4__seed_42,classical,random_forest,R0_flat,150,4,42,none,validation,global,,macro_f1,0.40761918125372715
G1,reused_valid,G1__qualification_r0_flat__random_forest__r0_flat__w150__fold_4__seed_42,classical,random_forest,R0_flat,150,4,42,none,test,global,,accuracy,0.7871747211895911
G1,reused_valid,G1__qualification_r0_flat__random_forest__r0_flat__w150__fold_4__seed_42,classical,random_forest,R0_flat,150,4,42,none,test,global,,balanced_accuracy,0.5505204098227354
G1,reused_valid,G1__qualification_r0_flat__random_forest__r0_flat__w150__fold_4__seed_42,classical,random_forest,R0_flat,150,4,42,none,test,global,,macro_f1,0.36333543224306974
G1,reused_valid,G1__qualification_r0_flat__random_forest__r0_flat__w150__fold_4__seed_42,classical,random_forest,R0_flat,150,4,42,none,all,cost,,train_seconds,1.954322100002173
G1,reused_valid,G1__qualification_r0_flat__random_forest__r0_flat__w30__fold_1__seed_42,classical,random_forest,R0_flat,30,1,42,none,validation,global,,accuracy,0.8291457286432161
G1,reused_valid,G1__qualification_r0_flat__random_forest__r0_flat__w30__fold_1__seed_42,classical,random_forest,R0_flat,30,1,42,none,validation,global,,balanced_accuracy,0.4042104014706755
G1,reused_valid,G1__qualification_r0_flat__random_forest__r0_flat__w30__fold_1__seed_42,classical,random_forest,R0_flat,30,1,42,none,validation,global,,macro_f1,0.4099813005897506
G1,reused_valid,G1__qualification_r0_flat__random_forest__r0_flat__w30__fold_1__seed_42,classical,random_forest,R0_flat,30,1,42,none,test,global,,accuracy,0.8149837133550488
G1,reused_valid,G1__qualification_r0_flat__random_forest__r0_flat__w30__fold_1__seed_42,classical,random_forest,R0_flat,30,1,42,none,test,global,,balanced_accuracy,0.5179587666201045
G1,reused_valid,G1__qualification_r0_flat__random_forest__r0_flat__w30__fold_1__seed_42,classical,random_forest,R0_flat,30,1,42,none,test,global,,macro_f1,0.5159965727403527
G1,reused_valid,G1__qualification_r0_flat__random_forest__r0_flat__w30__fold_1__seed_42,classical,random_forest,R0_flat,30,1,42,none,all,cost,,train_seconds,0.889426599998842
G1,reused_valid,G1__qualification_r0_flat__random_forest__r0_flat__w30__fold_2__seed_42,classical,random_forest,R0_flat,30,2,42,none,validation,global,,accuracy,0.8379746835443038
G1,reused_valid,G1__qualification_r0_flat__random_forest__r0_flat__w30__fold_2__seed_42,classical,random_forest,R0_flat,30,2,42,none,validation,global,,balanced_accuracy,0.4143374439548997
G1,reused_valid,G1__qualification_r0_flat__random_forest__r0_flat__w30__fold_2__seed_42,classical,random_forest,R0_flat,30,2,42,none,validation,global,,macro_f1,0.3850444521608766
G1,reused_valid,G1__qualification_r0_flat__random_forest__r0_flat__w30__fold_2__seed_42,classical,random_forest,R0_flat,30,2,42,none,test,global,,accuracy,0.8821333333333333
G1,reused_valid,G1__qualification_r0_flat__random_forest__r0_flat__w30__fold_2__seed_42,classical,random_forest,R0_flat,30,2,42,none,test,global,,balanced_accuracy,0.7756758206393477
G1,reused_valid,G1__qualification_r0_flat__random_forest__r0_flat__w30__fold_2__seed_42,classical,random_forest,R0_flat,30,2,42,none,test,global,,macro_f1,0.5178796644837392
G1,reused_valid,G1__qualification_r0_flat__random_forest__r0_flat__w30__fold_2__seed_42,classical,random_forest,R0_flat,30,2,42,none,all,cost,,train_seconds,0.7419021000023349
G1,reused_valid,G1__qualification_r0_flat__random_forest__r0_flat__w30__fold_3__seed_42,classical,random_forest,R0_flat,30,3,42,none,validation,global,,accuracy,0.7841105354058722
G1,reused_valid,G1__qualification_r0_flat__random_forest__r0_flat__w30__fold_3__seed_42,classical,random_forest,R0_flat,30,3,42,none,validation,global,,balanced_accuracy,0.39766523559654426
G1,reused_valid,G1__qualification_r0_flat__random_forest__r0_flat__w30__fold_3__seed_42,classical,random_forest,R0_flat,30,3,42,none,validation,global,,macro_f1,0.38985805176627797
G1,reused_valid,G1__qualification_r0_flat__random_forest__r0_flat__w30__fold_3__seed_42,classical,random_forest,R0_flat,30,3,42,none,test,global,,accuracy,0.8889623265036352
G1,reused_valid,G1__qualification_r0_flat__random_forest__r0_flat__w30__fold_3__seed_42,classical,random_forest,R0_flat,30,3,42,none,test,global,,balanced_accuracy,0.4651230931318459
G1,reused_valid,G1__qualification_r0_flat__random_forest__r0_flat__w30__fold_3__seed_42,classical,random_forest,R0_flat,30,3,42,none,test,global,,macro_f1,0.4539823735361584
G1,reused_valid,G1__qualification_r0_flat__random_forest__r0_flat__w30__fold_3__seed_42,classical,random_forest,R0_flat,30,3,42,none,all,cost,,train_seconds,0.861654099997395
G1,reused_valid,G1__qualification_r0_flat__random_forest__r0_flat__w30__fold_4__seed_42,classical,random_forest,R0_flat,30,4,42,none,validation,global,,accuracy,0.8258575197889182
G1,reused_valid,G1__qualification_r0_flat__random_forest__r0_flat__w30__fold_4__seed_42,classical,random_forest,R0_flat,30,4,42,none,validation,global,,balanced_accuracy,0.4381668684222712
G1,reused_valid,G1__qualification_r0_flat__random_forest__r0_flat__w30__fold_4__seed_42,classical,random_forest,R0_flat,30,4,42,none,validation,global,,macro_f1,0.40875336277346325
G1,reused_valid,G1__qualification_r0_flat__random_forest__r0_flat__w30__fold_4__seed_42,classical,random_forest,R0_flat,30,4,42,none,test,global,,accuracy,0.7547511312217194
G1,reused_valid,G1__qualification_r0_flat__random_forest__r0_flat__w30__fold_4__seed_42,classical,random_forest,R0_flat,30,4,42,none,test,global,,balanced_accuracy,0.37429078014184397
G1,reused_valid,G1__qualification_r0_flat__random_forest__r0_flat__w30__fold_4__seed_42,classical,random_forest,R0_flat,30,4,42,none,test,global,,macro_f1,0.3644081983704625
G1,reused_valid,G1__qualification_r0_flat__random_forest__r0_flat__w30__fold_4__seed_42,classical,random_forest,R0_flat,30,4,42,none,all,cost,,train_seconds,0.9750060999976995
G1,reused_valid,G1__qualification_r0_flat__random_forest__r0_flat__w60__fold_1__seed_42,classical,random_forest,R0_flat,60,1,42,none,validation,global,,accuracy,0.8466101694915255
G1,reused_valid,G1__qualification_r0_flat__random_forest__r0_flat__w60__fold_1__seed_42,classical,random_forest,R0_flat,60,1,42,none,validation,global,,balanced_accuracy,0.4079309421189763
G1,reused_valid,G1__qualification_r0_flat__random_forest__r0_flat__w60__fold_1__seed_42,classical,random_forest,R0_flat,60,1,42,none,validation,global,,macro_f1,0.4184266916991894
G1,reused_valid,G1__qualification_r0_flat__random_forest__r0_flat__w60__fold_1__seed_42,classical,random_forest,R0_flat,60,1,42,none,test,global,,accuracy,0.8096479791395046
G1,reused_valid,G1__qualification_r0_flat__random_forest__r0_flat__w60__fold_1__seed_42,classical,random_forest,R0_flat,60,1,42,none,test,global,,balanced_accuracy,0.5094700644109887
G1,reused_valid,G1__qualification_r0_flat__random_forest__r0_flat__w60__fold_1__seed_42,classical,random_forest,R0_flat,60,1,42,none,test,global,,macro_f1,0.5103966134026942
G1,reused_valid,G1__qualification_r0_flat__random_forest__r0_flat__w60__fold_1__seed_42,classical,random_forest,R0_flat,60,1,42,none,all,cost,,train_seconds,1.162704099999246
G1,reused_valid,G1__qualification_r0_flat__random_forest__r0_flat__w60__fold_2__seed_42,classical,random_forest,R0_flat,60,2,42,none,validation,global,,accuracy,0.8397271952259164
G1,reused_valid,G1__qualification_r0_flat__random_forest__r0_flat__w60__fold_2__seed_42,classical,random_forest,R0_flat,60,2,42,none,validation,global,,balanced_accuracy,0.41002274204028594
G1,reused_valid,G1__qualification_r0_flat__random_forest__r0_flat__w60__fold_2__seed_42,classical,random_forest,R0_flat,60,2,42,none,validation,global,,macro_f1,0.3816551594329372
G1,reused_valid,G1__qualification_r0_flat__random_forest__r0_flat__w60__fold_2__seed_42,classical,random_forest,R0_flat,60,2,42,none,test,global,,accuracy,0.8873390557939914
G1,reused_valid,G1__qualification_r0_flat__random_forest__r0_flat__w60__fold_2__seed_42,classical,random_forest,R0_flat,60,2,42,none,test,global,,balanced_accuracy,0.7804598275483757
G1,reused_valid,G1__qualification_r0_flat__random_forest__r0_flat__w60__fold_2__seed_42,classical,random_forest,R0_flat,60,2,42,none,test,global,,macro_f1,0.5229307670614777
G1,reused_valid,G1__qualification_r0_flat__random_forest__r0_flat__w60__fold_2__seed_42,classical,random_forest,R0_flat,60,2,42,none,all,cost,,train_seconds,0.9903904999991937
G1,reused_valid,G1__qualification_r0_flat__random_forest__r0_flat__w60__fold_3__seed_42,classical,random_forest,R0_flat,60,3,42,none,validation,global,,accuracy,0.7958297132927888
G1,reused_valid,G1__qualification_r0_flat__random_forest__r0_flat__w60__fold_3__seed_42,classical,random_forest,R0_flat,60,3,42,none,validation,global,,balanced_accuracy,0.39499484004127966
G1,reused_valid,G1__qualification_r0_flat__random_forest__r0_flat__w60__fold_3__seed_42,classical,random_forest,R0_flat,60,3,42,none,validation,global,,macro_f1,0.3913354296003655
G1,reused_valid,G1__qualification_r0_flat__random_forest__r0_flat__w60__fold_3__seed_42,classical,random_forest,R0_flat,60,3,42,none,test,global,,accuracy,0.8966666666666666
G1,reused_valid,G1__qualification_r0_flat__random_forest__r0_flat__w60__fold_3__seed_42,classical,random_forest,R0_flat,60,3,42,none,test,global,,balanced_accuracy,0.4618538161424042
G1,reused_valid,G1__qualification_r0_flat__random_forest__r0_flat__w60__fold_3__seed_42,classical,random_forest,R0_flat,60,3,42,none,test,global,,macro_f1,0.4543552379617954
G1,reused_valid,G1__qualification_r0_flat__random_forest__r0_flat__w60__fold_3__seed_42,classical,random_forest,R0_flat,60,3,42,none,all,cost,,train_seconds,1.114797299997008
G1,reused_valid,G1__qualification_r0_flat__random_forest__r0_flat__w60__fold_4__seed_42,classical,random_forest,R0_flat,60,4,42,none,validation,global,,accuracy,0.8364444444444444
G1,reused_valid,G1__qualification_r0_flat__random_forest__r0_flat__w60__fold_4__seed_42,classical,random_forest,R0_flat,60,4,42,none,validation,global,,balanced_accuracy,0.44823232323232326
G1,reused_valid,G1__qualification_r0_flat__random_forest__r0_flat__w60__fold_4__seed_42,classical,random_forest,R0_flat,60,4,42,none,validation,global,,macro_f1,0.4173582611339109
G1,reused_valid,G1__qualification_r0_flat__random_forest__r0_flat__w60__fold_4__seed_42,classical,random_forest,R0_flat,60,4,42,none,test,global,,accuracy,0.7589041095890411
G1,reused_valid,G1__qualification_r0_flat__random_forest__r0_flat__w60__fold_4__seed_42,classical,random_forest,R0_flat,60,4,42,none,test,global,,balanced_accuracy,0.5737017854709009
G1,reused_valid,G1__qualification_r0_flat__random_forest__r0_flat__w60__fold_4__seed_42,classical,random_forest,R0_flat,60,4,42,none,test,global,,macro_f1,0.3701488128207968
G1,reused_valid,G1__qualification_r0_flat__random_forest__r0_flat__w60__fold_4__seed_42,classical,random_forest,R0_flat,60,4,42,none,all,cost,,train_seconds,1.2971918000002916
G1,reused_valid,G1__qualification_r0_flat__svm__r0_flat__w150__fold_1__seed_42,classical,svm,R0_flat,150,1,42,none,validation,global,,accuracy,0.8025974025974026
G1,reused_valid,G1__qualification_r0_flat__svm__r0_flat__w150__fold_1__seed_42,classical,svm,R0_flat,150,1,42,none,validation,global,,balanced_accuracy,0.3910684878426814
G1,reused_valid,G1__qualification_r0_flat__svm__r0_flat__w150__fold_1__seed_42,classical,svm,R0_flat,150,1,42,none,validation,global,,macro_f1,0.39386493341788203
G1,reused_valid,G1__qualification_r0_flat__svm__r0_flat__w150__fold_1__seed_42,classical,svm,R0_flat,150,1,42,none,test,global,,accuracy,0.643324607329843
G1,reused_valid,G1__qualification_r0_flat__svm__r0_flat__w150__fold_1__seed_42,classical,svm,R0_flat,150,1,42,none,test,global,,balanced_accuracy,0.4301109376016657
G1,reused_valid,G1__qualification_r0_flat__svm__r0_flat__w150__fold_1__seed_42,classical,svm,R0_flat,150,1,42,none,test,global,,macro_f1,0.40377122398792636
G1,reused_valid,G1__qualification_r0_flat__svm__r0_flat__w150__fold_1__seed_42,classical,svm,R0_flat,150,1,42,none,all,cost,,train_seconds,4.575780499999382
G1,reused_valid,G1__qualification_r0_flat__svm__r0_flat__w150__fold_2__seed_42,classical,svm,R0_flat,150,2,42,none,validation,global,,accuracy,0.7603448275862069
G1,reused_valid,G1__qualification_r0_flat__svm__r0_flat__w150__fold_2__seed_42,classical,svm,R0_flat,150,2,42,none,validation,global,,balanced_accuracy,0.3660140587514889
G1,reused_valid,G1__qualification_r0_flat__svm__r0_flat__w150__fold_2__seed_42,classical,svm,R0_flat,150,2,42,none,validation,global,,macro_f1,0.3380462489226312
G1,reused_valid,G1__qualification_r0_flat__svm__r0_flat__w150__fold_2__seed_42,classical,svm,R0_flat,150,2,42,none,test,global,,accuracy,0.8527973927213471
G1,reused_valid,G1__qualification_r0_flat__svm__r0_flat__w150__fold_2__seed_42,classical,svm,R0_flat,150,2,42,none,test,global,,balanced_accuracy,0.7541267451409801
G1,reused_valid,G1__qualification_r0_flat__svm__r0_flat__w150__fold_2__seed_42,classical,svm,R0_flat,150,2,42,none,test,global,,macro_f1,0.4960505943503121
G1,reused_valid,G1__qualification_r0_flat__svm__r0_flat__w150__fold_2__seed_42,classical,svm,R0_flat,150,2,42,none,all,cost,,train_seconds,9.484366000000591
G1,reused_valid,G1__qualification_r0_flat__svm__r0_flat__w150__fold_3__seed_42,classical,svm,R0_flat,150,3,42,none,validation,global,,accuracy,0.7502222222222222
G1,reused_valid,G1__qualification_r0_flat__svm__r0_flat__w150__fold_3__seed_42,classical,svm,R0_flat,150,3,42,none,validation,global,,balanced_accuracy,0.3587535437647533
G1,reused_valid,G1__qualification_r0_flat__svm__r0_flat__w150__fold_3__seed_42,classical,svm,R0_flat,150,3,42,none,validation,global,,macro_f1,0.35345357205546774
G1,reused_valid,G1__qualification_r0_flat__svm__r0_flat__w150__fold_3__seed_42,classical,svm,R0_flat,150,3,42,none,test,global,,accuracy,0.7890154052243804
G1,reused_valid,G1__qualification_r0_flat__svm__r0_flat__w150__fold_3__seed_42,classical,svm,R0_flat,150,3,42,none,test,global,,balanced_accuracy,0.46790107167465655
G1,reused_valid,G1__qualification_r0_flat__svm__r0_flat__w150__fold_3__seed_42,classical,svm,R0_flat,150,3,42,none,test,global,,macro_f1,0.41424690905213213
G1,reused_valid,G1__qualification_r0_flat__svm__r0_flat__w150__fold_3__seed_42,classical,svm,R0_flat,150,3,42,none,all,cost,,train_seconds,14.148051700001815
G1,reused_valid,G1__qualification_r0_flat__svm__r0_flat__w150__fold_4__seed_42,classical,svm,R0_flat,150,4,42,none,validation,global,,accuracy,0.7484162895927602
G1,reused_valid,G1__qualification_r0_flat__svm__r0_flat__w150__fold_4__seed_42,classical,svm,R0_flat,150,4,42,none,validation,global,,balanced_accuracy,0.36503549677202374
G1,reused_valid,G1__qualification_r0_flat__svm__r0_flat__w150__fold_4__seed_42,classical,svm,R0_flat,150,4,42,none,validation,global,,macro_f1,0.34495217113757337
G1,reused_valid,G1__qualification_r0_flat__svm__r0_flat__w150__fold_4__seed_42,classical,svm,R0_flat,150,4,42,none,test,global,,accuracy,0.7481412639405205
G1,reused_valid,G1__qualification_r0_flat__svm__r0_flat__w150__fold_4__seed_42,classical,svm,R0_flat,150,4,42,none,test,global,,balanced_accuracy,0.5283216783216783
G1,reused_valid,G1__qualification_r0_flat__svm__r0_flat__w150__fold_4__seed_42,classical,svm,R0_flat,150,4,42,none,test,global,,macro_f1,0.34938543386534576
G1,reused_valid,G1__qualification_r0_flat__svm__r0_flat__w150__fold_4__seed_42,classical,svm,R0_flat,150,4,42,none,all,cost,,train_seconds,10.748064700001123
G1,reused_valid,G1__qualification_r0_flat__svm__r0_flat__w30__fold_1__seed_42,classical,svm,R0_flat,30,1,42,none,validation,global,,accuracy,0.8509212730318257
G1,reused_valid,G1__qualification_r0_flat__svm__r0_flat__w30__fold_1__seed_42,classical,svm,R0_flat,30,1,42,none,validation,global,,balanced_accuracy,0.37866927592954985
G1,reused_valid,G1__qualification_r0_flat__svm__r0_flat__w30__fold_1__seed_42,classical,svm,R0_flat,30,1,42,none,validation,global,,macro_f1,0.34595488240627165
G1,reused_valid,G1__qualification_r0_flat__svm__r0_flat__w30__fold_1__seed_42,classical,svm,R0_flat,30,1,42,none,test,global,,accuracy,0.6970684039087948
G1,reused_valid,G1__qualification_r0_flat__svm__r0_flat__w30__fold_1__seed_42,classical,svm,R0_flat,30,1,42,none,test,global,,balanced_accuracy,0.3278186274509804
G1,reused_valid,G1__qualification_r0_flat__svm__r0_flat__w30__fold_1__seed_42,classical,svm,R0_flat,30,1,42,none,test,global,,macro_f1,0.27435897435897433
G1,reused_valid,G1__qualification_r0_flat__svm__r0_flat__w30__fold_1__seed_42,classical,svm,R0_flat,30,1,42,none,all,cost,,train_seconds,4.355644100000063
G1,reused_valid,G1__qualification_r0_flat__svm__r0_flat__w30__fold_2__seed_42,classical,svm,R0_flat,30,2,42,none,validation,global,,accuracy,0.8312236286919831
G1,reused_valid,G1__qualification_r0_flat__svm__r0_flat__w30__fold_2__seed_42,classical,svm,R0_flat,30,2,42,none,validation,global,,balanced_accuracy,0.40014453225167257
G1,reused_valid,G1__qualification_r0_flat__svm__r0_flat__w30__fold_2__seed_42,classical,svm,R0_flat,30,2,42,none,validation,global,,macro_f1,0.3775866415426489
G1,reused_valid,G1__qualification_r0_flat__svm__r0_flat__w30__fold_2__seed_42,classical,svm,R0_flat,30,2,42,none,test,global,,accuracy,0.8757333333333334
G1,reused_valid,G1__qualification_r0_flat__svm__r0_flat__w30__fold_2__seed_42,classical,svm,R0_flat,30,2,42,none,test,global,,balanced_accuracy,0.7663645140527784
G1,reused_valid,G1__qualification_r0_flat__svm__r0_flat__w30__fold_2__seed_42,classical,svm,R0_flat,30,2,42,none,test,global,,macro_f1,0.5139253411588033
G1,reused_valid,G1__qualification_r0_flat__svm__r0_flat__w30__fold_2__seed_42,classical,svm,R0_flat,30,2,42,none,all,cost,,train_seconds,7.651476399998501
G1,reused_valid,G1__qualification_r0_flat__svm__r0_flat__w30__fold_3__seed_42,classical,svm,R0_flat,30,3,42,none,validation,global,,accuracy,0.7573402417962003
G1,reused_valid,G1__qualification_r0_flat__svm__r0_flat__w30__fold_3__seed_42,classical,svm,R0_flat,30,3,42,none,validation,global,,balanced_accuracy,0.3928309570502288
G1,reused_valid,G1__qualification_r0_flat__svm__r0_flat__w30__fold_3__seed_42,classical,svm,R0_flat,30,3,42,none,validation,global,,macro_f1,0.3810862796417049
G1,reused_valid,G1__qualification_r0_flat__svm__r0_flat__w30__fold_3__seed_42,classical,svm,R0_flat,30,3,42,none,test,global,,accuracy,0.8486450760079313
G1,reused_valid,G1__qualification_r0_flat__svm__r0_flat__w30__fold_3__seed_42,classical,svm,R0_flat,30,3,42,none,test,global,,balanced_accuracy,0.4789566540113586
G1,reused_valid,G1__qualification_r0_flat__svm__r0_flat__w30__fold_3__seed_42,classical,svm,R0_flat,30,3,42,none,test,global,,macro_f1,0.43774444843900095
G1,reused_valid,G1__qualification_r0_flat__svm__r0_flat__w30__fold_3__seed_42,classical,svm,R0_flat,30,3,42,none,all,cost,,train_seconds,7.153566900000442
G1,reused_valid,G1__qualification_r0_flat__svm__r0_flat__w30__fold_4__seed_42,classical,svm,R0_flat,30,4,42,none,validation,global,,accuracy,0.8170624450307827
G1,reused_valid,G1__qualification_r0_flat__svm__r0_flat__w30__fold_4__seed_42,classical,svm,R0_flat,30,4,42,none,validation,global,,balanced_accuracy,0.43793203812850184
G1,reused_valid,G1__qualification_r0_flat__svm__r0_flat__w30__fold_4__seed_42,classical,svm,R0_flat,30,4,42,none,validation,global,,macro_f1,0.4081869135335978
G1,reused_valid,G1__qualification_r0_flat__svm__r0_flat__w30__fold_4__seed_42,classical,svm,R0_flat,30,4,42,none,test,global,,accuracy,0.7592760180995475
G1,reused_valid,G1__qualification_r0_flat__svm__r0_flat__w30__fold_4__seed_42,classical,svm,R0_flat,30,4,42,none,test,global,,balanced_accuracy,0.3800605791962175
G1,reused_valid,G1__qualification_r0_flat__svm__r0_flat__w30__fold_4__seed_42,classical,svm,R0_flat,30,4,42,none,test,global,,macro_f1,0.37194708633835605
G1,reused_valid,G1__qualification_r0_flat__svm__r0_flat__w30__fold_4__seed_42,classical,svm,R0_flat,30,4,42,none,all,cost,,train_seconds,8.725825100002112
G1,reused_valid,G1__qualification_r0_flat__svm__r0_flat__w60__fold_1__seed_42,classical,svm,R0_flat,60,1,42,none,validation,global,,accuracy,0.823728813559322
G1,reused_valid,G1__qualification_r0_flat__svm__r0_flat__w60__fold_1__seed_42,classical,svm,R0_flat,60,1,42,none,validation,global,,balanced_accuracy,0.5788954635108481
G1,reused_valid,G1__qualification_r0_flat__svm__r0_flat__w60__fold_1__seed_42,classical,svm,R0_flat,60,1,42,none,validation,global,,macro_f1,0.506268081002893
G1,reused_valid,G1__qualification_r0_flat__svm__r0_flat__w60__fold_1__seed_42,classical,svm,R0_flat,60,1,42,none,test,global,,accuracy,0.7913950456323338
G1,reused_valid,G1__qualification_r0_flat__svm__r0_flat__w60__fold_1__seed_42,classical,svm,R0_flat,60,1,42,none,test,global,,balanced_accuracy,0.5203782205494335
G1,reused_valid,G1__qualification_r0_flat__svm__r0_flat__w60__fold_1__seed_42,classical,svm,R0_flat,60,1,42,none,test,global,,macro_f1,0.5057423550574236
G1,reused_valid,G1__qualification_r0_flat__svm__r0_flat__w60__fold_1__seed_42,classical,svm,R0_flat,60,1,42,none,all,cost,,train_seconds,4.972631199998432
G1,reused_valid,G1__qualification_r0_flat__svm__r0_flat__w60__fold_2__seed_42,classical,svm,R0_flat,60,2,42,none,validation,global,,accuracy,0.8013640238704177
G1,reused_valid,G1__qualification_r0_flat__svm__r0_flat__w60__fold_2__seed_42,classical,svm,R0_flat,60,2,42,none,validation,global,,balanced_accuracy,0.4113557313763712
G1,reused_valid,G1__qualification_r0_flat__svm__r0_flat__w60__fold_2__seed_42,classical,svm,R0_flat,60,2,42,none,validation,global,,macro_f1,0.379491939661849
G1,reused_valid,G1__qualification_r0_flat__svm__r0_flat__w60__fold_2__seed_42,classical,svm,R0_flat,60,2,42,none,test,global,,accuracy,0.8572961373390557
G1,reused_valid,G1__qualification_r0_flat__svm__r0_flat__w60__fold_2__seed_42,classical,svm,R0_flat,60,2,42,none,test,global,,balanced_accuracy,0.7459781926252924
G1,reused_valid,G1__qualification_r0_flat__svm__r0_flat__w60__fold_2__seed_42,classical,svm,R0_flat,60,2,42,none,test,global,,macro_f1,0.5043568389176954
G1,reused_valid,G1__qualification_r0_flat__svm__r0_flat__w60__fold_2__seed_42,classical,svm,R0_flat,60,2,42,none,all,cost,,train_seconds,13.340794799998548
G1,reused_valid,G1__qualification_r0_flat__svm__r0_flat__w60__fold_3__seed_42,classical,svm,R0_flat,60,3,42,none,validation,global,,accuracy,0.7567332754126846
G1,reused_valid,G1__qualification_r0_flat__svm__r0_flat__w60__fold_3__seed_42,classical,svm,R0_flat,60,3,42,none,validation,global,,balanced_accuracy,0.3927662716629301
G1,reused_valid,G1__qualification_r0_flat__svm__r0_flat__w60__fold_3__seed_42,classical,svm,R0_flat,60,3,42,none,validation,global,,macro_f1,0.3844486634190374
G1,reused_valid,G1__qualification_r0_flat__svm__r0_flat__w60__fold_3__seed_42,classical,svm,R0_flat,60,3,42,none,test,global,,accuracy,0.8493333333333334
G1,reused_valid,G1__qualification_r0_flat__svm__r0_flat__w60__fold_3__seed_42,classical,svm,R0_flat,60,3,42,none,test,global,,balanced_accuracy,0.49372322081722225
G1,reused_valid,G1__qualification_r0_flat__svm__r0_flat__w60__fold_3__seed_42,classical,svm,R0_flat,60,3,42,none,test,global,,macro_f1,0.4403787708797944
G1,reused_valid,G1__qualification_r0_flat__svm__r0_flat__w60__fold_3__seed_42,classical,svm,R0_flat,60,3,42,none,all,cost,,train_seconds,17.180193399999553
G1,reused_valid,G1__qualification_r0_flat__svm__r0_flat__w60__fold_4__seed_42,classical,svm,R0_flat,60,4,42,none,validation,global,,accuracy,0.7982222222222223
G1,reused_valid,G1__qualification_r0_flat__svm__r0_flat__w60__fold_4__seed_42,classical,svm,R0_flat,60,4,42,none,validation,global,,balanced_accuracy,0.43449036399803664
G1,reused_valid,G1__qualification_r0_flat__svm__r0_flat__w60__fold_4__seed_42,classical,svm,R0_flat,60,4,42,none,validation,global,,macro_f1,0.4062007307272231
G1,reused_valid,G1__qualification_r0_flat__svm__r0_flat__w60__fold_4__seed_42,classical,svm,R0_flat,60,4,42,none,test,global,,accuracy,0.7579908675799086
G1,reused_valid,G1__qualification_r0_flat__svm__r0_flat__w60__fold_4__seed_42,classical,svm,R0_flat,60,4,42,none,test,global,,balanced_accuracy,0.5576757076007451
G1,reused_valid,G1__qualification_r0_flat__svm__r0_flat__w60__fold_4__seed_42,classical,svm,R0_flat,60,4,42,none,test,global,,macro_f1,0.36817033012542844
G1,reused_valid,G1__qualification_r0_flat__svm__r0_flat__w60__fold_4__seed_42,classical,svm,R0_flat,60,4,42,none,all,cost,,train_seconds,13.603763699997216
G1,reused_valid,G1__qualification_r0_flat__xgboost__r0_flat__w150__fold_1__seed_42,classical,xgboost,R0_flat,150,1,42,none,validation,global,,accuracy,0.8614718614718615
G1,reused_valid,G1__qualification_r0_flat__xgboost__r0_flat__w150__fold_1__seed_42,classical,xgboost,R0_flat,150,1,42,none,validation,global,,balanced_accuracy,0.3937722668905465
G1,reused_valid,G1__qualification_r0_flat__xgboost__r0_flat__w150__fold_1__seed_42,classical,xgboost,R0_flat,150,1,42,none,validation,global,,macro_f1,0.40757009596273774
G1,reused_valid,G1__qualification_r0_flat__xgboost__r0_flat__w150__fold_1__seed_42,classical,xgboost,R0_flat,150,1,42,none,test,global,,accuracy,0.8160994764397905
G1,reused_valid,G1__qualification_r0_flat__xgboost__r0_flat__w150__fold_1__seed_42,classical,xgboost,R0_flat,150,1,42,none,test,global,,balanced_accuracy,0.5091027392803696
G1,reused_valid,G1__qualification_r0_flat__xgboost__r0_flat__w150__fold_1__seed_42,classical,xgboost,R0_flat,150,1,42,none,test,global,,macro_f1,0.5137129723387499
G1,reused_valid,G1__qualification_r0_flat__xgboost__r0_flat__w150__fold_1__seed_42,classical,xgboost,R0_flat,150,1,42,none,all,cost,,train_seconds,2.2949417999989237
G1,reused_valid,G1__qualification_r0_flat__xgboost__r0_flat__w150__fold_2__seed_42,classical,xgboost,R0_flat,150,2,42,none,validation,global,,accuracy,0.8672413793103448
G1,reused_valid,G1__qualification_r0_flat__xgboost__r0_flat__w150__fold_2__seed_42,classical,xgboost,R0_flat,150,2,42,none,validation,global,,balanced_accuracy,0.41708188635562937
G1,reused_valid,G1__qualification_r0_flat__xgboost__r0_flat__w150__fold_2__seed_42,classical,xgboost,R0_flat,150,2,42,none,validation,global,,macro_f1,0.39587927956311697
G1,reused_valid,G1__qualification_r0_flat__xgboost__r0_flat__w150__fold_2__seed_42,classical,xgboost,R0_flat,150,2,42,none,test,global,,accuracy,0.8962520369364476
G1,reused_valid,G1__qualification_r0_flat__xgboost__r0_flat__w150__fold_2__seed_42,classical,xgboost,R0_flat,150,2,42,none,test,global,,balanced_accuracy,0.7812266173920979
G1,reused_valid,G1__qualification_r0_flat__xgboost__r0_flat__w150__fold_2__seed_42,classical,xgboost,R0_flat,150,2,42,none,test,global,,macro_f1,0.5278629927989112
G1,reused_valid,G1__qualification_r0_flat__xgboost__r0_flat__w150__fold_2__seed_42,classical,xgboost,R0_flat,150,2,42,none,all,cost,,train_seconds,2.539412000001903
G1,reused_valid,G1__qualification_r0_flat__xgboost__r0_flat__w150__fold_3__seed_42,classical,xgboost,R0_flat,150,3,42,none,validation,global,,accuracy,0.8124444444444444
G1,reused_valid,G1__qualification_r0_flat__xgboost__r0_flat__w150__fold_3__seed_42,classical,xgboost,R0_flat,150,3,42,none,validation,global,,balanced_accuracy,0.39847217773981947
G1,reused_valid,G1__qualification_r0_flat__xgboost__r0_flat__w150__fold_3__seed_42,classical,xgboost,R0_flat,150,3,42,none,validation,global,,macro_f1,0.3975534620695911
G1,reused_valid,G1__qualification_r0_flat__xgboost__r0_flat__w150__fold_3__seed_42,classical,xgboost,R0_flat,150,3,42,none,test,global,,accuracy,0.8955123911587408
G1,reused_valid,G1__qualification_r0_flat__xgboost__r0_flat__w150__fold_3__seed_42,classical,xgboost,R0_flat,150,3,42,none,test,global,,balanced_accuracy,0.43961342640587925
G1,reused_valid,G1__qualification_r0_flat__xgboost__r0_flat__w150__fold_3__seed_42,classical,xgboost,R0_flat,150,3,42,none,test,global,,macro_f1,0.4370794939300863
G1,reused_valid,G1__qualification_r0_flat__xgboost__r0_flat__w150__fold_3__seed_42,classical,xgboost,R0_flat,150,3,42,none,all,cost,,train_seconds,2.106704099998751
G1,reused_valid,G1__qualification_r0_flat__xgboost__r0_flat__w150__fold_4__seed_42,classical,xgboost,R0_flat,150,4,42,none,validation,global,,accuracy,0.8416289592760181
G1,reused_valid,G1__qualification_r0_flat__xgboost__r0_flat__w150__fold_4__seed_42,classical,xgboost,R0_flat,150,4,42,none,validation,global,,balanced_accuracy,0.42927332148889036
G1,reused_valid,G1__qualification_r0_flat__xgboost__r0_flat__w150__fold_4__seed_42,classical,xgboost,R0_flat,150,4,42,none,validation,global,,macro_f1,0.40574457246290413
G1,reused_valid,G1__qualification_r0_flat__xgboost__r0_flat__w150__fold_4__seed_42,classical,xgboost,R0_flat,150,4,42,none,test,global,,accuracy,0.7927509293680297
G1,reused_valid,G1__qualification_r0_flat__xgboost__r0_flat__w150__fold_4__seed_42,classical,xgboost,R0_flat,150,4,42,none,test,global,,balanced_accuracy,0.5769149455195967
G1,reused_valid,G1__qualification_r0_flat__xgboost__r0_flat__w150__fold_4__seed_42,classical,xgboost,R0_flat,150,4,42,none,test,global,,macro_f1,0.37794507204864086
G1,reused_valid,G1__qualification_r0_flat__xgboost__r0_flat__w150__fold_4__seed_42,classical,xgboost,R0_flat,150,4,42,none,all,cost,,train_seconds,2.5793521000014152
G1,reused_valid,G1__qualification_r0_flat__xgboost__r0_flat__w30__fold_1__seed_42,classical,xgboost,R0_flat,30,1,42,none,validation,global,,accuracy,0.8333333333333334
G1,reused_valid,G1__qualification_r0_flat__xgboost__r0_flat__w30__fold_1__seed_42,classical,xgboost,R0_flat,30,1,42,none,validation,global,,balanced_accuracy,0.412617367411888
G1,reused_valid,G1__qualification_r0_flat__xgboost__r0_flat__w30__fold_1__seed_42,classical,xgboost,R0_flat,30,1,42,none,validation,global,,macro_f1,0.4186359020891395
G1,reused_valid,G1__qualification_r0_flat__xgboost__r0_flat__w30__fold_1__seed_42,classical,xgboost,R0_flat,30,1,42,none,test,global,,accuracy,0.8130293159609121
G1,reused_valid,G1__qualification_r0_flat__xgboost__r0_flat__w30__fold_1__seed_42,classical,xgboost,R0_flat,30,1,42,none,test,global,,balanced_accuracy,0.5164665140462518
G1,reused_valid,G1__qualification_r0_flat__xgboost__r0_flat__w30__fold_1__seed_42,classical,xgboost,R0_flat,30,1,42,none,test,global,,macro_f1,0.5144769387458169
G1,reused_valid,G1__qualification_r0_flat__xgboost__r0_flat__w30__fold_1__seed_42,classical,xgboost,R0_flat,30,1,42,none,all,cost,,train_seconds,1.5012863000010839
G1,reused_valid,G1__qualification_r0_flat__xgboost__r0_flat__w30__fold_2__seed_42,classical,xgboost,R0_flat,30,2,42,none,validation,global,,accuracy,0.8388185654008439
G1,reused_valid,G1__qualification_r0_flat__xgboost__r0_flat__w30__fold_2__seed_42,classical,xgboost,R0_flat,30,2,42,none,validation,global,,balanced_accuracy,0.41464438072592485
G1,reused_valid,G1__qualification_r0_flat__xgboost__r0_flat__w30__fold_2__seed_42,classical,xgboost,R0_flat,30,2,42,none,validation,global,,macro_f1,0.38594019427620235
G1,reused_valid,G1__qualification_r0_flat__xgboost__r0_flat__w30__fold_2__seed_42,classical,xgboost,R0_flat,30,2,42,none,test,global,,accuracy,0.8805333333333333
G1,reused_valid,G1__qualification_r0_flat__xgboost__r0_flat__w30__fold_2__seed_42,classical,xgboost,R0_flat,30,2,42,none,test,global,,balanced_accuracy,0.7692126153186012
G1,reused_valid,G1__qualification_r0_flat__xgboost__r0_flat__w30__fold_2__seed_42,classical,xgboost,R0_flat,30,2,42,none,test,global,,macro_f1,0.5151573103380332
G1,reused_valid,G1__qualification_r0_flat__xgboost__r0_flat__w30__fold_2__seed_42,classical,xgboost,R0_flat,30,2,42,none,all,cost,,train_seconds,1.4953585999974166
G1,reused_valid,G1__qualification_r0_flat__xgboost__r0_flat__w30__fold_3__seed_42,classical,xgboost,R0_flat,30,3,42,none,validation,global,,accuracy,0.7832469775474957
G1,reused_valid,G1__qualification_r0_flat__xgboost__r0_flat__w30__fold_3__seed_42,classical,xgboost,R0_flat,30,3,42,none,validation,global,,balanced_accuracy,0.401044151163407
G1,reused_valid,G1__qualification_r0_flat__xgboost__r0_flat__w30__fold_3__seed_42,classical,xgboost,R0_flat,30,3,42,none,validation,global,,macro_f1,0.3920325489342371
G1,reused_valid,G1__qualification_r0_flat__xgboost__r0_flat__w30__fold_3__seed_42,classical,xgboost,R0_flat,30,3,42,none,test,global,,accuracy,0.8856576338400529
G1,reused_valid,G1__qualification_r0_flat__xgboost__r0_flat__w30__fold_3__seed_42,classical,xgboost,R0_flat,30,3,42,none,test,global,,balanced_accuracy,0.4613015641462031
G1,reused_valid,G1__qualification_r0_flat__xgboost__r0_flat__w30__fold_3__seed_42,classical,xgboost,R0_flat,30,3,42,none,test,global,,macro_f1,0.44906636397425204
G1,reused_valid,G1__qualification_r0_flat__xgboost__r0_flat__w30__fold_3__seed_42,classical,xgboost,R0_flat,30,3,42,none,all,cost,,train_seconds,1.2696256000017456
G1,reused_valid,G1__qualification_r0_flat__xgboost__r0_flat__w30__fold_4__seed_42,classical,xgboost,R0_flat,30,4,42,none,validation,global,,accuracy,0.820580474934037
G1,reused_valid,G1__qualification_r0_flat__xgboost__r0_flat__w30__fold_4__seed_42,classical,xgboost,R0_flat,30,4,42,none,validation,global,,balanced_accuracy,0.4331626679367347
G1,reused_valid,G1__qualification_r0_flat__xgboost__r0_flat__w30__fold_4__seed_42,classical,xgboost,R0_flat,30,4,42,none,validation,global,,macro_f1,0.40357126752942235
G1,reused_valid,G1__qualification_r0_flat__xgboost__r0_flat__w30__fold_4__seed_42,classical,xgboost,R0_flat,30,4,42,none,test,global,,accuracy,0.7592760180995475
G1,reused_valid,G1__qualification_r0_flat__xgboost__r0_flat__w30__fold_4__seed_42,classical,xgboost,R0_flat,30,4,42,none,test,global,,balanced_accuracy,0.3800605791962175
G1,reused_valid,G1__qualification_r0_flat__xgboost__r0_flat__w30__fold_4__seed_42,classical,xgboost,R0_flat,30,4,42,none,test,global,,macro_f1,0.3693698686371101
G1,reused_valid,G1__qualification_r0_flat__xgboost__r0_flat__w30__fold_4__seed_42,classical,xgboost,R0_flat,30,4,42,none,all,cost,,train_seconds,1.4426293999968038
G1,reused_valid,G1__qualification_r0_flat__xgboost__r0_flat__w60__fold_1__seed_42,classical,xgboost,R0_flat,60,1,42,none,validation,global,,accuracy,0.8516949152542372
G1,reused_valid,G1__qualification_r0_flat__xgboost__r0_flat__w60__fold_1__seed_42,classical,xgboost,R0_flat,60,1,42,none,validation,global,,balanced_accuracy,0.41163221077750994
G1,reused_valid,G1__qualification_r0_flat__xgboost__r0_flat__w60__fold_1__seed_42,classical,xgboost,R0_flat,60,1,42,none,validation,global,,macro_f1,0.4236749892471177
G1,reused_valid,G1__qualification_r0_flat__xgboost__r0_flat__w60__fold_1__seed_42,classical,xgboost,R0_flat,60,1,42,none,test,global,,accuracy,0.81877444589309
G1,reused_valid,G1__qualification_r0_flat__xgboost__r0_flat__w60__fold_1__seed_42,classical,xgboost,R0_flat,60,1,42,none,test,global,,balanced_accuracy,0.5200637642919964
G1,reused_valid,G1__qualification_r0_flat__xgboost__r0_flat__w60__fold_1__seed_42,classical,xgboost,R0_flat,60,1,42,none,test,global,,macro_f1,0.5202855901160985
G1,reused_valid,G1__qualification_r0_flat__xgboost__r0_flat__w60__fold_1__seed_42,classical,xgboost,R0_flat,60,1,42,none,all,cost,,train_seconds,1.523636700003408
G1,reused_valid,G1__qualification_r0_flat__xgboost__r0_flat__w60__fold_2__seed_42,classical,xgboost,R0_flat,60,2,42,none,validation,global,,accuracy,0.8473998294970162
G1,reused_valid,G1__qualification_r0_flat__xgboost__r0_flat__w60__fold_2__seed_42,classical,xgboost,R0_flat,60,2,42,none,validation,global,,balanced_accuracy,0.4128005198180637
G1,reused_valid,G1__qualification_r0_flat__xgboost__r0_flat__w60__fold_2__seed_42,classical,xgboost,R0_flat,60,2,42,none,validation,global,,macro_f1,0.38611902815521826
G1,reused_valid,G1__qualification_r0_flat__xgboost__r0_flat__w60__fold_2__seed_42,classical,xgboost,R0_flat,60,2,42,none,test,global,,accuracy,0.8857296137339056
G1,reused_valid,G1__qualification_r0_flat__xgboost__r0_flat__w60__fold_2__seed_42,classical,xgboost,R0_flat,60,2,42,none,test,global,,balanced_accuracy,0.7795050216922331
G1,reused_valid,G1__qualification_r0_flat__xgboost__r0_flat__w60__fold_2__seed_42,classical,xgboost,R0_flat,60,2,42,none,test,global,,macro_f1,0.5214946105104508
G1,reused_valid,G1__qualification_r0_flat__xgboost__r0_flat__w60__fold_2__seed_42,classical,xgboost,R0_flat,60,2,42,none,all,cost,,train_seconds,1.8056166999995185
G1,reused_valid,G1__qualification_r0_flat__xgboost__r0_flat__w60__fold_3__seed_42,classical,xgboost,R0_flat,60,3,42,none,validation,global,,accuracy,0.788010425716768
G1,reused_valid,G1__qualification_r0_flat__xgboost__r0_flat__w60__fold_3__seed_42,classical,xgboost,R0_flat,60,3,42,none,validation,global,,balanced_accuracy,0.3919522436923953
G1,reused_valid,G1__qualification_r0_flat__xgboost__r0_flat__w60__fold_3__seed_42,classical,xgboost,R0_flat,60,3,42,none,validation,global,,macro_f1,0.3869066178701496
G1,reused_valid,G1__qualification_r0_flat__xgboost__r0_flat__w60__fold_3__seed_42,classical,xgboost,R0_flat,60,3,42,none,test,global,,accuracy,0.896
G1,reused_valid,G1__qualification_r0_flat__xgboost__r0_flat__w60__fold_3__seed_42,classical,xgboost,R0_flat,60,3,42,none,test,global,,balanced_accuracy,0.46434232068833386
G1,reused_valid,G1__qualification_r0_flat__xgboost__r0_flat__w60__fold_3__seed_42,classical,xgboost,R0_flat,60,3,42,none,test,global,,macro_f1,0.4552591812930289
G1,reused_valid,G1__qualification_r0_flat__xgboost__r0_flat__w60__fold_3__seed_42,classical,xgboost,R0_flat,60,3,42,none,all,cost,,train_seconds,1.3391815000031784
G1,reused_valid,G1__qualification_r0_flat__xgboost__r0_flat__w60__fold_4__seed_42,classical,xgboost,R0_flat,60,4,42,none,validation,global,,accuracy,0.8311111111111111
G1,reused_valid,G1__qualification_r0_flat__xgboost__r0_flat__w60__fold_4__seed_42,classical,xgboost,R0_flat,60,4,42,none,validation,global,,balanced_accuracy,0.44311319718928416
G1,reused_valid,G1__qualification_r0_flat__xgboost__r0_flat__w60__fold_4__seed_42,classical,xgboost,R0_flat,60,4,42,none,validation,global,,macro_f1,0.4127930279101734
G1,reused_valid,G1__qualification_r0_flat__xgboost__r0_flat__w60__fold_4__seed_42,classical,xgboost,R0_flat,60,4,42,none,test,global,,accuracy,0.7698630136986301
G1,reused_valid,G1__qualification_r0_flat__xgboost__r0_flat__w60__fold_4__seed_42,classical,xgboost,R0_flat,60,4,42,none,test,global,,balanced_accuracy,0.5768706555813002
G1,reused_valid,G1__qualification_r0_flat__xgboost__r0_flat__w60__fold_4__seed_42,classical,xgboost,R0_flat,60,4,42,none,test,global,,macro_f1,0.3742024377318495
G1,reused_valid,G1__qualification_r0_flat__xgboost__r0_flat__w60__fold_4__seed_42,classical,xgboost,R0_flat,60,4,42,none,all,cost,,train_seconds,1.6879581999965012
G2,reused_valid,G2__qualification_r0_w150_b1024__lstm__r0__w150__fold_1__seed_42,temporal,lstm,R0,150,1,42,,validation,global,,accuracy,0.7774891774891775
G2,reused_valid,G2__qualification_r0_w150_b1024__lstm__r0__w150__fold_1__seed_42,temporal,lstm,R0,150,1,42,,validation,global,,balanced_accuracy,0.412278945612279
G2,reused_valid,G2__qualification_r0_w150_b1024__lstm__r0__w150__fold_1__seed_42,temporal,lstm,R0,150,1,42,,validation,global,,macro_f1,0.39769537893463575
G2,reused_valid,G2__qualification_r0_w150_b1024__lstm__r0__w150__fold_1__seed_42,temporal,lstm,R0,150,1,42,,test,global,,accuracy,0.6969895287958116
G2,reused_valid,G2__qualification_r0_w150_b1024__lstm__r0__w150__fold_1__seed_42,temporal,lstm,R0,150,1,42,,test,global,,balanced_accuracy,0.5266152644934609
G2,reused_valid,G2__qualification_r0_w150_b1024__lstm__r0__w150__fold_1__seed_42,temporal,lstm,R0,150,1,42,,test,global,,macro_f1,0.461156906945005
G2,reused_valid,G2__qualification_r0_w150_b1024__lstm__r0__w150__fold_1__seed_42,temporal,lstm,R0,150,1,42,,all,cost,,training_seconds,2.8266306999976223
G2,reused_valid,G2__qualification_r0_w150_b1024__lstm__r0__w150__fold_1__seed_42,temporal,lstm,R0,150,1,42,,all,cost,,parameter_count,51651
G2,reused_valid,G2__qualification_r0_w150_b1024__lstm__r0__w150__fold_1__seed_42,temporal,lstm,R0,150,1,42,,all,cost,,model_size_bytes,651410
G2,reused_valid,G2__qualification_r0_w150_b1024__lstm__r0__w150__fold_1__seed_42,temporal,lstm,R0,150,1,42,,all,cost,,peak_gpu_memory_bytes,808088576
G2,reused_valid,G2__qualification_r0_w150_b1024__lstm__r0__w150__fold_2__seed_42,temporal,lstm,R0,150,2,42,,validation,global,,accuracy,0.8629310344827587
G2,reused_valid,G2__qualification_r0_w150_b1024__lstm__r0__w150__fold_2__seed_42,temporal,lstm,R0,150,2,42,,validation,global,,balanced_accuracy,0.3987535021054574
G2,reused_valid,G2__qualification_r0_w150_b1024__lstm__r0__w150__fold_2__seed_42,temporal,lstm,R0,150,2,42,,validation,global,,macro_f1,0.3823956093894744
G2,reused_valid,G2__qualification_r0_w150_b1024__lstm__r0__w150__fold_2__seed_42,temporal,lstm,R0,150,2,42,,test,global,,accuracy,0.8788701792504073
G2,reused_valid,G2__qualification_r0_w150_b1024__lstm__r0__w150__fold_2__seed_42,temporal,lstm,R0,150,2,42,,test,global,,balanced_accuracy,0.7476286613742129
G2,reused_valid,G2__qualification_r0_w150_b1024__lstm__r0__w150__fold_2__seed_42,temporal,lstm,R0,150,2,42,,test,global,,macro_f1,0.5046079270200203
G2,reused_valid,G2__qualification_r0_w150_b1024__lstm__r0__w150__fold_2__seed_42,temporal,lstm,R0,150,2,42,,all,cost,,training_seconds,4.196802599999501
G2,reused_valid,G2__qualification_r0_w150_b1024__lstm__r0__w150__fold_2__seed_42,temporal,lstm,R0,150,2,42,,all,cost,,parameter_count,51651
G2,reused_valid,G2__qualification_r0_w150_b1024__lstm__r0__w150__fold_2__seed_42,temporal,lstm,R0,150,2,42,,all,cost,,model_size_bytes,652498
G2,reused_valid,G2__qualification_r0_w150_b1024__lstm__r0__w150__fold_2__seed_42,temporal,lstm,R0,150,2,42,,all,cost,,peak_gpu_memory_bytes,808088576
G2,reused_valid,G2__qualification_r0_w150_b1024__lstm__r0__w150__fold_3__seed_42,temporal,lstm,R0,150,3,42,,validation,global,,accuracy,0.7955555555555556
G2,reused_valid,G2__qualification_r0_w150_b1024__lstm__r0__w150__fold_3__seed_42,temporal,lstm,R0,150,3,42,,validation,global,,balanced_accuracy,0.39584593668078244
G2,reused_valid,G2__qualification_r0_w150_b1024__lstm__r0__w150__fold_3__seed_42,temporal,lstm,R0,150,3,42,,validation,global,,macro_f1,0.3906970504887905
G2,reused_valid,G2__qualification_r0_w150_b1024__lstm__r0__w150__fold_3__seed_42,temporal,lstm,R0,150,3,42,,test,global,,accuracy,0.8955123911587408
G2,reused_valid,G2__qualification_r0_w150_b1024__lstm__r0__w150__fold_3__seed_42,temporal,lstm,R0,150,3,42,,test,global,,balanced_accuracy,0.45121524178127953
G2,reused_valid,G2__qualification_r0_w150_b1024__lstm__r0__w150__fold_3__seed_42,temporal,lstm,R0,150,3,42,,test,global,,macro_f1,0.4442109326413759
G2,reused_valid,G2__qualification_r0_w150_b1024__lstm__r0__w150__fold_3__seed_42,temporal,lstm,R0,150,3,42,,all,cost,,training_seconds,5.938692499999888
G2,reused_valid,G2__qualification_r0_w150_b1024__lstm__r0__w150__fold_3__seed_42,temporal,lstm,R0,150,3,42,,all,cost,,parameter_count,51651
G2,reused_valid,G2__qualification_r0_w150_b1024__lstm__r0__w150__fold_3__seed_42,temporal,lstm,R0,150,3,42,,all,cost,,model_size_bytes,653202
G2,reused_valid,G2__qualification_r0_w150_b1024__lstm__r0__w150__fold_3__seed_42,temporal,lstm,R0,150,3,42,,all,cost,,peak_gpu_memory_bytes,808088576
G2,reused_valid,G2__qualification_r0_w150_b1024__lstm__r0__w150__fold_4__seed_42,temporal,lstm,R0,150,4,42,,validation,global,,accuracy,0.8497737556561086
G2,reused_valid,G2__qualification_r0_w150_b1024__lstm__r0__w150__fold_4__seed_42,temporal,lstm,R0,150,4,42,,validation,global,,balanced_accuracy,0.42560666213360826
G2,reused_valid,G2__qualification_r0_w150_b1024__lstm__r0__w150__fold_4__seed_42,temporal,lstm,R0,150,4,42,,validation,global,,macro_f1,0.40743273638010474
G2,reused_valid,G2__qualification_r0_w150_b1024__lstm__r0__w150__fold_4__seed_42,temporal,lstm,R0,150,4,42,,test,global,,accuracy,0.8011152416356877
G2,reused_valid,G2__qualification_r0_w150_b1024__lstm__r0__w150__fold_4__seed_42,temporal,lstm,R0,150,4,42,,test,global,,balanced_accuracy,0.5385428524963409
G2,reused_valid,G2__qualification_r0_w150_b1024__lstm__r0__w150__fold_4__seed_42,temporal,lstm,R0,150,4,42,,test,global,,macro_f1,0.35868216058894026
G2,reused_valid,G2__qualification_r0_w150_b1024__lstm__r0__w150__fold_4__seed_42,temporal,lstm,R0,150,4,42,,all,cost,,training_seconds,5.9692604999981995
G2,reused_valid,G2__qualification_r0_w150_b1024__lstm__r0__w150__fold_4__seed_42,temporal,lstm,R0,150,4,42,,all,cost,,parameter_count,51651
G2,reused_valid,G2__qualification_r0_w150_b1024__lstm__r0__w150__fold_4__seed_42,temporal,lstm,R0,150,4,42,,all,cost,,model_size_bytes,653202
G2,reused_valid,G2__qualification_r0_w150_b1024__lstm__r0__w150__fold_4__seed_42,temporal,lstm,R0,150,4,42,,all,cost,,peak_gpu_memory_bytes,808088576
G2,reused_valid,G2__qualification_r0_w150_b1024__tcn__r0__w150__fold_1__seed_42,temporal,tcn,R0,150,1,42,,validation,global,,accuracy,0.8510822510822511
G2,reused_valid,G2__qualification_r0_w150_b1024__tcn__r0__w150__fold_1__seed_42,temporal,tcn,R0,150,1,42,,validation,global,,balanced_accuracy,0.41520445176359155
G2,reused_valid,G2__qualification_r0_w150_b1024__tcn__r0__w150__fold_1__seed_42,temporal,tcn,R0,150,1,42,,validation,global,,macro_f1,0.42510647195413176
G2,reused_valid,G2__qualification_r0_w150_b1024__tcn__r0__w150__fold_1__seed_42,temporal,tcn,R0,150,1,42,,test,global,,accuracy,0.8455497382198953
G2,reused_valid,G2__qualification_r0_w150_b1024__tcn__r0__w150__fold_1__seed_42,temporal,tcn,R0,150,1,42,,test,global,,balanced_accuracy,0.5646756457804671
G2,reused_valid,G2__qualification_r0_w150_b1024__tcn__r0__w150__fold_1__seed_42,temporal,tcn,R0,150,1,42,,test,global,,macro_f1,0.5518076215750635
G2,reused_valid,G2__qualification_r0_w150_b1024__tcn__r0__w150__fold_1__seed_42,temporal,tcn,R0,150,1,42,,all,cost,,training_seconds,360.0625308000017
G2,reused_valid,G2__qualification_r0_w150_b1024__tcn__r0__w150__fold_1__seed_42,temporal,tcn,R0,150,1,42,,all,cost,,parameter_count,49379
G2,reused_valid,G2__qualification_r0_w150_b1024__tcn__r0__w150__fold_1__seed_42,temporal,tcn,R0,150,1,42,,all,cost,,model_size_bytes,637244
G2,reused_valid,G2__qualification_r0_w150_b1024__tcn__r0__w150__fold_1__seed_42,temporal,tcn,R0,150,1,42,,all,cost,,peak_gpu_memory_bytes,363581440
G2,reused_valid,G2__qualification_r0_w150_b1024__tcn__r0__w150__fold_2__seed_42,temporal,tcn,R0,150,2,42,,validation,global,,accuracy,0.9
G2,reused_valid,G2__qualification_r0_w150_b1024__tcn__r0__w150__fold_2__seed_42,temporal,tcn,R0,150,2,42,,validation,global,,balanced_accuracy,0.3701578673645713
G2,reused_valid,G2__qualification_r0_w150_b1024__tcn__r0__w150__fold_2__seed_42,temporal,tcn,R0,150,2,42,,validation,global,,macro_f1,0.37381364604096046
G2,reused_valid,G2__qualification_r0_w150_b1024__tcn__r0__w150__fold_2__seed_42,temporal,tcn,R0,150,2,42,,test,global,,accuracy,0.9022270505160239
G2,reused_valid,G2__qualification_r0_w150_b1024__tcn__r0__w150__fold_2__seed_42,temporal,tcn,R0,150,2,42,,test,global,,balanced_accuracy,0.7584930194360799
G2,reused_valid,G2__qualification_r0_w150_b1024__tcn__r0__w150__fold_2__seed_42,temporal,tcn,R0,150,2,42,,test,global,,macro_f1,0.525420694593627
G2,reused_valid,G2__qualification_r0_w150_b1024__tcn__r0__w150__fold_2__seed_42,temporal,tcn,R0,150,2,42,,all,cost,,training_seconds,295.7192161000021
G2,reused_valid,G2__qualification_r0_w150_b1024__tcn__r0__w150__fold_2__seed_42,temporal,tcn,R0,150,2,42,,all,cost,,parameter_count,49379
G2,reused_valid,G2__qualification_r0_w150_b1024__tcn__r0__w150__fold_2__seed_42,temporal,tcn,R0,150,2,42,,all,cost,,model_size_bytes,637052
G2,reused_valid,G2__qualification_r0_w150_b1024__tcn__r0__w150__fold_2__seed_42,temporal,tcn,R0,150,2,42,,all,cost,,peak_gpu_memory_bytes,363581440
G2,reused_valid,G2__qualification_r0_w150_b1024__tcn__r0__w150__fold_3__seed_42,temporal,tcn,R0,150,3,42,,validation,global,,accuracy,0.792
G2,reused_valid,G2__qualification_r0_w150_b1024__tcn__r0__w150__fold_3__seed_42,temporal,tcn,R0,150,3,42,,validation,global,,balanced_accuracy,0.39446994768869437
G2,reused_valid,G2__qualification_r0_w150_b1024__tcn__r0__w150__fold_3__seed_42,temporal,tcn,R0,150,3,42,,validation,global,,macro_f1,0.38868153633314423
G2,reused_valid,G2__qualification_r0_w150_b1024__tcn__r0__w150__fold_3__seed_42,temporal,tcn,R0,150,3,42,,test,global,,accuracy,0.8941728064300067
G2,reused_valid,G2__qualification_r0_w150_b1024__tcn__r0__w150__fold_3__seed_42,temporal,tcn,R0,150,3,42,,test,global,,balanced_accuracy,0.4565277489805792
G2,reused_valid,G2__qualification_r0_w150_b1024__tcn__r0__w150__fold_3__seed_42,temporal,tcn,R0,150,3,42,,test,global,,macro_f1,0.4468412444973076
G2,reused_valid,G2__qualification_r0_w150_b1024__tcn__r0__w150__fold_3__seed_42,temporal,tcn,R0,150,3,42,,all,cost,,training_seconds,313.9401807000031
G2,reused_valid,G2__qualification_r0_w150_b1024__tcn__r0__w150__fold_3__seed_42,temporal,tcn,R0,150,3,42,,all,cost,,parameter_count,49379
G2,reused_valid,G2__qualification_r0_w150_b1024__tcn__r0__w150__fold_3__seed_42,temporal,tcn,R0,150,3,42,,all,cost,,model_size_bytes,636924
G2,reused_valid,G2__qualification_r0_w150_b1024__tcn__r0__w150__fold_3__seed_42,temporal,tcn,R0,150,3,42,,all,cost,,peak_gpu_memory_bytes,363581440
G2,reused_valid,G2__qualification_r0_w150_b1024__tcn__r0__w150__fold_4__seed_42,temporal,tcn,R0,150,4,42,,validation,global,,accuracy,0.8552036199095022
G2,reused_valid,G2__qualification_r0_w150_b1024__tcn__r0__w150__fold_4__seed_42,temporal,tcn,R0,150,4,42,,validation,global,,balanced_accuracy,0.45091501977729526
G2,reused_valid,G2__qualification_r0_w150_b1024__tcn__r0__w150__fold_4__seed_42,temporal,tcn,R0,150,4,42,,validation,global,,macro_f1,0.4250736420407682
G2,reused_valid,G2__qualification_r0_w150_b1024__tcn__r0__w150__fold_4__seed_42,temporal,tcn,R0,150,4,42,,test,global,,accuracy,0.7713754646840149
G2,reused_valid,G2__qualification_r0_w150_b1024__tcn__r0__w150__fold_4__seed_42,temporal,tcn,R0,150,4,42,,test,global,,balanced_accuracy,0.5382175963571313
G2,reused_valid,G2__qualification_r0_w150_b1024__tcn__r0__w150__fold_4__seed_42,temporal,tcn,R0,150,4,42,,test,global,,macro_f1,0.354272442093486
G2,reused_valid,G2__qualification_r0_w150_b1024__tcn__r0__w150__fold_4__seed_42,temporal,tcn,R0,150,4,42,,all,cost,,training_seconds,347.4366588999983
G2,reused_valid,G2__qualification_r0_w150_b1024__tcn__r0__w150__fold_4__seed_42,temporal,tcn,R0,150,4,42,,all,cost,,parameter_count,49379
G2,reused_valid,G2__qualification_r0_w150_b1024__tcn__r0__w150__fold_4__seed_42,temporal,tcn,R0,150,4,42,,all,cost,,model_size_bytes,636924
G2,reused_valid,G2__qualification_r0_w150_b1024__tcn__r0__w150__fold_4__seed_42,temporal,tcn,R0,150,4,42,,all,cost,,peak_gpu_memory_bytes,363581440
G2,reused_valid,G2__qualification_r0_w150_b1024__transformer__r0__w150__fold_1__seed_42,temporal,transformer,R0,150,1,42,,validation,global,,accuracy,0.8571428571428571
G2,reused_valid,G2__qualification_r0_w150_b1024__transformer__r0__w150__fold_1__seed_42,temporal,transformer,R0,150,1,42,,validation,global,,balanced_accuracy,0.39755454379110294
G2,reused_valid,G2__qualification_r0_w150_b1024__transformer__r0__w150__fold_1__seed_42,temporal,transformer,R0,150,1,42,,validation,global,,macro_f1,0.41041757118105576
G2,reused_valid,G2__qualification_r0_w150_b1024__transformer__r0__w150__fold_1__seed_42,temporal,transformer,R0,150,1,42,,test,global,,accuracy,0.831151832460733
G2,reused_valid,G2__qualification_r0_w150_b1024__transformer__r0__w150__fold_1__seed_42,temporal,transformer,R0,150,1,42,,test,global,,balanced_accuracy,0.5358806688789121
G2,reused_valid,G2__qualification_r0_w150_b1024__transformer__r0__w150__fold_1__seed_42,temporal,transformer,R0,150,1,42,,test,global,,macro_f1,0.5326557684054466
G2,reused_valid,G2__qualification_r0_w150_b1024__transformer__r0__w150__fold_1__seed_42,temporal,transformer,R0,150,1,42,,all,cost,,training_seconds,6.9278790999997
G2,reused_valid,G2__qualification_r0_w150_b1024__transformer__r0__w150__fold_1__seed_42,temporal,transformer,R0,150,1,42,,all,cost,,parameter_count,17443
G2,reused_valid,G2__qualification_r0_w150_b1024__transformer__r0__w150__fold_1__seed_42,temporal,transformer,R0,150,1,42,,all,cost,,model_size_bytes,267763
G2,reused_valid,G2__qualification_r0_w150_b1024__transformer__r0__w150__fold_1__seed_42,temporal,transformer,R0,150,1,42,,all,cost,,peak_gpu_memory_bytes,570034688
G2,reused_valid,G2__qualification_r0_w150_b1024__transformer__r0__w150__fold_2__seed_42,temporal,transformer,R0,150,2,42,,validation,global,,accuracy,0.853448275862069
G2,reused_valid,G2__qualification_r0_w150_b1024__transformer__r0__w150__fold_2__seed_42,temporal,transformer,R0,150,2,42,,validation,global,,balanced_accuracy,0.4540574093646719
G2,reused_valid,G2__qualification_r0_w150_b1024__transformer__r0__w150__fold_2__seed_42,temporal,transformer,R0,150,2,42,,validation,global,,macro_f1,0.4084289248762933
G2,reused_valid,G2__qualification_r0_w150_b1024__transformer__r0__w150__fold_2__seed_42,temporal,transformer,R0,150,2,42,,test,global,,accuracy,0.8924497555676263
G2,reused_valid,G2__qualification_r0_w150_b1024__transformer__r0__w150__fold_2__seed_42,temporal,transformer,R0,150,2,42,,test,global,,balanced_accuracy,0.7921126471393376
G2,reused_valid,G2__qualification_r0_w150_b1024__transformer__r0__w150__fold_2__seed_42,temporal,transformer,R0,150,2,42,,test,global,,macro_f1,0.5280750980928918
G2,reused_valid,G2__qualification_r0_w150_b1024__transformer__r0__w150__fold_2__seed_42,temporal,transformer,R0,150,2,42,,all,cost,,training_seconds,8.022920000003069
G2,reused_valid,G2__qualification_r0_w150_b1024__transformer__r0__w150__fold_2__seed_42,temporal,transformer,R0,150,2,42,,all,cost,,parameter_count,17443
G2,reused_valid,G2__qualification_r0_w150_b1024__transformer__r0__w150__fold_2__seed_42,temporal,transformer,R0,150,2,42,,all,cost,,model_size_bytes,268851
G2,reused_valid,G2__qualification_r0_w150_b1024__transformer__r0__w150__fold_2__seed_42,temporal,transformer,R0,150,2,42,,all,cost,,peak_gpu_memory_bytes,570034688
G2,reused_valid,G2__qualification_r0_w150_b1024__transformer__r0__w150__fold_3__seed_42,temporal,transformer,R0,150,3,42,,validation,global,,accuracy,0.8
G2,reused_valid,G2__qualification_r0_w150_b1024__transformer__r0__w150__fold_3__seed_42,temporal,transformer,R0,150,3,42,,validation,global,,balanced_accuracy,0.39365621626751124
G2,reused_valid,G2__qualification_r0_w150_b1024__transformer__r0__w150__fold_3__seed_42,temporal,transformer,R0,150,3,42,,validation,global,,macro_f1,0.39020915706836284
G2,reused_valid,G2__qualification_r0_w150_b1024__transformer__r0__w150__fold_3__seed_42,temporal,transformer,R0,150,3,42,,test,global,,accuracy,0.8948425987943738
G2,reused_valid,G2__qualification_r0_w150_b1024__transformer__r0__w150__fold_3__seed_42,temporal,transformer,R0,150,3,42,,test,global,,balanced_accuracy,0.44807058769322916
G2,reused_valid,G2__qualification_r0_w150_b1024__transformer__r0__w150__fold_3__seed_42,temporal,transformer,R0,150,3,42,,test,global,,macro_f1,0.4421222480059219
G2,reused_valid,G2__qualification_r0_w150_b1024__transformer__r0__w150__fold_3__seed_42,temporal,transformer,R0,150,3,42,,all,cost,,training_seconds,6.004303699999582
G2,reused_valid,G2__qualification_r0_w150_b1024__transformer__r0__w150__fold_3__seed_42,temporal,transformer,R0,150,3,42,,all,cost,,parameter_count,17443
G2,reused_valid,G2__qualification_r0_w150_b1024__transformer__r0__w150__fold_3__seed_42,temporal,transformer,R0,150,3,42,,all,cost,,model_size_bytes,267507
G2,reused_valid,G2__qualification_r0_w150_b1024__transformer__r0__w150__fold_3__seed_42,temporal,transformer,R0,150,3,42,,all,cost,,peak_gpu_memory_bytes,570034688
G2,reused_valid,G2__qualification_r0_w150_b1024__transformer__r0__w150__fold_4__seed_42,temporal,transformer,R0,150,4,42,,validation,global,,accuracy,0.8552036199095022
G2,reused_valid,G2__qualification_r0_w150_b1024__transformer__r0__w150__fold_4__seed_42,temporal,transformer,R0,150,4,42,,validation,global,,balanced_accuracy,0.4475846841116302
G2,reused_valid,G2__qualification_r0_w150_b1024__transformer__r0__w150__fold_4__seed_42,temporal,transformer,R0,150,4,42,,validation,global,,macro_f1,0.42321963962359366
G2,reused_valid,G2__qualification_r0_w150_b1024__transformer__r0__w150__fold_4__seed_42,temporal,transformer,R0,150,4,42,,test,global,,accuracy,0.7797397769516728
G2,reused_valid,G2__qualification_r0_w150_b1024__transformer__r0__w150__fold_4__seed_42,temporal,transformer,R0,150,4,42,,test,global,,balanced_accuracy,0.5330216295332574
G2,reused_valid,G2__qualification_r0_w150_b1024__transformer__r0__w150__fold_4__seed_42,temporal,transformer,R0,150,4,42,,test,global,,macro_f1,0.3527387078963939
G2,reused_valid,G2__qualification_r0_w150_b1024__transformer__r0__w150__fold_4__seed_42,temporal,transformer,R0,150,4,42,,all,cost,,training_seconds,6.257067800001096
G2,reused_valid,G2__qualification_r0_w150_b1024__transformer__r0__w150__fold_4__seed_42,temporal,transformer,R0,150,4,42,,all,cost,,parameter_count,17443
G2,reused_valid,G2__qualification_r0_w150_b1024__transformer__r0__w150__fold_4__seed_42,temporal,transformer,R0,150,4,42,,all,cost,,model_size_bytes,267507
G2,reused_valid,G2__qualification_r0_w150_b1024__transformer__r0__w150__fold_4__seed_42,temporal,transformer,R0,150,4,42,,all,cost,,peak_gpu_memory_bytes,570034688
G2,reused_valid,G2__qualification_r0_w30_b1024__lstm__r0__w30__fold_1__seed_42,temporal,lstm,R0,30,1,42,,validation,global,,accuracy,0.7822445561139029
G2,reused_valid,G2__qualification_r0_w30_b1024__lstm__r0__w30__fold_1__seed_42,temporal,lstm,R0,30,1,42,,validation,global,,balanced_accuracy,0.42660262112316905
G2,reused_valid,G2__qualification_r0_w30_b1024__lstm__r0__w30__fold_1__seed_42,temporal,lstm,R0,30,1,42,,validation,global,,macro_f1,0.41039961954671655
G2,reused_valid,G2__qualification_r0_w30_b1024__lstm__r0__w30__fold_1__seed_42,temporal,lstm,R0,30,1,42,,test,global,,accuracy,0.7009771986970684
G2,reused_valid,G2__qualification_r0_w30_b1024__lstm__r0__w30__fold_1__seed_42,temporal,lstm,R0,30,1,42,,test,global,,balanced_accuracy,0.5302540871229758
G2,reused_valid,G2__qualification_r0_w30_b1024__lstm__r0__w30__fold_1__seed_42,temporal,lstm,R0,30,1,42,,test,global,,macro_f1,0.4646540905400062
G2,reused_valid,G2__qualification_r0_w30_b1024__lstm__r0__w30__fold_1__seed_42,temporal,lstm,R0,30,1,42,,all,cost,,training_seconds,2.1855460000006133
G2,reused_valid,G2__qualification_r0_w30_b1024__lstm__r0__w30__fold_1__seed_42,temporal,lstm,R0,30,1,42,,all,cost,,parameter_count,51651
G2,reused_valid,G2__qualification_r0_w30_b1024__lstm__r0__w30__fold_1__seed_42,temporal,lstm,R0,30,1,42,,all,cost,,model_size_bytes,651410
G2,reused_valid,G2__qualification_r0_w30_b1024__lstm__r0__w30__fold_1__seed_42,temporal,lstm,R0,30,1,42,,all,cost,,peak_gpu_memory_bytes,233436160
G2,reused_valid,G2__qualification_r0_w30_b1024__lstm__r0__w30__fold_2__seed_42,temporal,lstm,R0,30,2,42,,validation,global,,accuracy,0.8582278481012658
G2,reused_valid,G2__qualification_r0_w30_b1024__lstm__r0__w30__fold_2__seed_42,temporal,lstm,R0,30,2,42,,validation,global,,balanced_accuracy,0.4021415639011275
G2,reused_valid,G2__qualification_r0_w30_b1024__lstm__r0__w30__fold_2__seed_42,temporal,lstm,R0,30,2,42,,validation,global,,macro_f1,0.3863971080465926
G2,reused_valid,G2__qualification_r0_w30_b1024__lstm__r0__w30__fold_2__seed_42,temporal,lstm,R0,30,2,42,,test,global,,accuracy,0.8869333333333334
G2,reused_valid,G2__qualification_r0_w30_b1024__lstm__r0__w30__fold_2__seed_42,temporal,lstm,R0,30,2,42,,test,global,,balanced_accuracy,0.764739326324823
G2,reused_valid,G2__qualification_r0_w30_b1024__lstm__r0__w30__fold_2__seed_42,temporal,lstm,R0,30,2,42,,test,global,,macro_f1,0.5178852148291876
G2,reused_valid,G2__qualification_r0_w30_b1024__lstm__r0__w30__fold_2__seed_42,temporal,lstm,R0,30,2,42,,all,cost,,training_seconds,3.133406599998125
G2,reused_valid,G2__qualification_r0_w30_b1024__lstm__r0__w30__fold_2__seed_42,temporal,lstm,R0,30,2,42,,all,cost,,parameter_count,51651
G2,reused_valid,G2__qualification_r0_w30_b1024__lstm__r0__w30__fold_2__seed_42,temporal,lstm,R0,30,2,42,,all,cost,,model_size_bytes,652434
G2,reused_valid,G2__qualification_r0_w30_b1024__lstm__r0__w30__fold_2__seed_42,temporal,lstm,R0,30,2,42,,all,cost,,peak_gpu_memory_bytes,233436160
G2,reused_valid,G2__qualification_r0_w30_b1024__lstm__r0__w30__fold_3__seed_42,temporal,lstm,R0,30,3,42,,validation,global,,accuracy,0.7728842832469776
G2,reused_valid,G2__qualification_r0_w30_b1024__lstm__r0__w30__fold_3__seed_42,temporal,lstm,R0,30,3,42,,validation,global,,balanced_accuracy,0.41001704916874254
G2,reused_valid,G2__qualification_r0_w30_b1024__lstm__r0__w30__fold_3__seed_42,temporal,lstm,R0,30,3,42,,validation,global,,macro_f1,0.3949116204171816
G2,reused_valid,G2__qualification_r0_w30_b1024__lstm__r0__w30__fold_3__seed_42,temporal,lstm,R0,30,3,42,,test,global,,accuracy,0.8783873099801719
G2,reused_valid,G2__qualification_r0_w30_b1024__lstm__r0__w30__fold_3__seed_42,temporal,lstm,R0,30,3,42,,test,global,,balanced_accuracy,0.4742623451595005
G2,reused_valid,G2__qualification_r0_w30_b1024__lstm__r0__w30__fold_3__seed_42,temporal,lstm,R0,30,3,42,,test,global,,macro_f1,0.4502651275967841
G2,reused_valid,G2__qualification_r0_w30_b1024__lstm__r0__w30__fold_3__seed_42,temporal,lstm,R0,30,3,42,,all,cost,,training_seconds,4.534945700001117
G2,reused_valid,G2__qualification_r0_w30_b1024__lstm__r0__w30__fold_3__seed_42,temporal,lstm,R0,30,3,42,,all,cost,,parameter_count,51651
G2,reused_valid,G2__qualification_r0_w30_b1024__lstm__r0__w30__fold_3__seed_42,temporal,lstm,R0,30,3,42,,all,cost,,model_size_bytes,653202
G2,reused_valid,G2__qualification_r0_w30_b1024__lstm__r0__w30__fold_3__seed_42,temporal,lstm,R0,30,3,42,,all,cost,,peak_gpu_memory_bytes,233610240
G2,reused_valid,G2__qualification_r0_w30_b1024__lstm__r0__w30__fold_4__seed_42,temporal,lstm,R0,30,4,42,,validation,global,,accuracy,0.8311345646437994
G2,reused_valid,G2__qualification_r0_w30_b1024__lstm__r0__w30__fold_4__seed_42,temporal,lstm,R0,30,4,42,,validation,global,,balanced_accuracy,0.4522897607376979
G2,reused_valid,G2__qualification_r0_w30_b1024__lstm__r0__w30__fold_4__seed_42,temporal,lstm,R0,30,4,42,,validation,global,,macro_f1,0.41893466059514983
G2,reused_valid,G2__qualification_r0_w30_b1024__lstm__r0__w30__fold_4__seed_42,temporal,lstm,R0,30,4,42,,test,global,,accuracy,0.7628959276018099
G2,reused_valid,G2__qualification_r0_w30_b1024__lstm__r0__w30__fold_4__seed_42,temporal,lstm,R0,30,4,42,,test,global,,balanced_accuracy,0.38346631205673765
G2,reused_valid,G2__qualification_r0_w30_b1024__lstm__r0__w30__fold_4__seed_42,temporal,lstm,R0,30,4,42,,test,global,,macro_f1,0.37253628298875324
G2,reused_valid,G2__qualification_r0_w30_b1024__lstm__r0__w30__fold_4__seed_42,temporal,lstm,R0,30,4,42,,all,cost,,training_seconds,5.429211899998336
G2,reused_valid,G2__qualification_r0_w30_b1024__lstm__r0__w30__fold_4__seed_42,temporal,lstm,R0,30,4,42,,all,cost,,parameter_count,51651
G2,reused_valid,G2__qualification_r0_w30_b1024__lstm__r0__w30__fold_4__seed_42,temporal,lstm,R0,30,4,42,,all,cost,,model_size_bytes,653522
G2,reused_valid,G2__qualification_r0_w30_b1024__lstm__r0__w30__fold_4__seed_42,temporal,lstm,R0,30,4,42,,all,cost,,peak_gpu_memory_bytes,233610240
G2,reused_valid,G2__qualification_r0_w30_b1024__tcn__r0__w30__fold_1__seed_42,temporal,tcn,R0,30,1,42,,validation,global,,accuracy,0.821608040201005
G2,reused_valid,G2__qualification_r0_w30_b1024__tcn__r0__w30__fold_1__seed_42,temporal,tcn,R0,30,1,42,,validation,global,,balanced_accuracy,0.4199094664848089
G2,reused_valid,G2__qualification_r0_w30_b1024__tcn__r0__w30__fold_1__seed_42,temporal,tcn,R0,30,1,42,,validation,global,,macro_f1,0.42021622443488155
G2,reused_valid,G2__qualification_r0_w30_b1024__tcn__r0__w30__fold_1__seed_42,temporal,tcn,R0,30,1,42,,test,global,,accuracy,0.8312703583061889
G2,reused_valid,G2__qualification_r0_w30_b1024__tcn__r0__w30__fold_1__seed_42,temporal,tcn,R0,30,1,42,,test,global,,balanced_accuracy,0.5525554219049097
G2,reused_valid,G2__qualification_r0_w30_b1024__tcn__r0__w30__fold_1__seed_42,temporal,tcn,R0,30,1,42,,test,global,,macro_f1,0.5383928665484908
G2,reused_valid,G2__qualification_r0_w30_b1024__tcn__r0__w30__fold_1__seed_42,temporal,tcn,R0,30,1,42,,all,cost,,training_seconds,352.5282251999997
G2,reused_valid,G2__qualification_r0_w30_b1024__tcn__r0__w30__fold_1__seed_42,temporal,tcn,R0,30,1,42,,all,cost,,parameter_count,49379
G2,reused_valid,G2__qualification_r0_w30_b1024__tcn__r0__w30__fold_1__seed_42,temporal,tcn,R0,30,1,42,,all,cost,,model_size_bytes,637116
G2,reused_valid,G2__qualification_r0_w30_b1024__tcn__r0__w30__fold_1__seed_42,temporal,tcn,R0,30,1,42,,all,cost,,peak_gpu_memory_bytes,131931136
G2,reused_valid,G2__qualification_r0_w30_b1024__tcn__r0__w30__fold_2__seed_42,temporal,tcn,R0,30,2,42,,validation,global,,accuracy,0.8649789029535865
G2,reused_valid,G2__qualification_r0_w30_b1024__tcn__r0__w30__fold_2__seed_42,temporal,tcn,R0,30,2,42,,validation,global,,balanced_accuracy,0.4085095305810041
G2,reused_valid,G2__qualification_r0_w30_b1024__tcn__r0__w30__fold_2__seed_42,temporal,tcn,R0,30,2,42,,validation,global,,macro_f1,0.3937711995066297
G2,reused_valid,G2__qualification_r0_w30_b1024__tcn__r0__w30__fold_2__seed_42,temporal,tcn,R0,30,2,42,,test,global,,accuracy,0.888
G2,reused_valid,G2__qualification_r0_w30_b1024__tcn__r0__w30__fold_2__seed_42,temporal,tcn,R0,30,2,42,,test,global,,balanced_accuracy,0.7639937781591933
G2,reused_valid,G2__qualification_r0_w30_b1024__tcn__r0__w30__fold_2__seed_42,temporal,tcn,R0,30,2,42,,test,global,,macro_f1,0.5184104980804827
G2,reused_valid,G2__qualification_r0_w30_b1024__tcn__r0__w30__fold_2__seed_42,temporal,tcn,R0,30,2,42,,all,cost,,training_seconds,299.91558409999925
G2,reused_valid,G2__qualification_r0_w30_b1024__tcn__r0__w30__fold_2__seed_42,temporal,tcn,R0,30,2,42,,all,cost,,parameter_count,49379
G2,reused_valid,G2__qualification_r0_w30_b1024__tcn__r0__w30__fold_2__seed_42,temporal,tcn,R0,30,2,42,,all,cost,,model_size_bytes,637052
G2,reused_valid,G2__qualification_r0_w30_b1024__tcn__r0__w30__fold_2__seed_42,temporal,tcn,R0,30,2,42,,all,cost,,peak_gpu_memory_bytes,131256320
G2,reused_valid,G2__qualification_r0_w30_b1024__tcn__r0__w30__fold_3__seed_42,temporal,tcn,R0,30,3,42,,validation,global,,accuracy,0.772020725388601
G2,reused_valid,G2__qualification_r0_w30_b1024__tcn__r0__w30__fold_3__seed_42,temporal,tcn,R0,30,3,42,,validation,global,,balanced_accuracy,0.40782406671260224
G2,reused_valid,G2__qualification_r0_w30_b1024__tcn__r0__w30__fold_3__seed_42,temporal,tcn,R0,30,3,42,,validation,global,,macro_f1,0.39323755263809756
G2,reused_valid,G2__qualification_r0_w30_b1024__tcn__r0__w30__fold_3__seed_42,temporal,tcn,R0,30,3,42,,test,global,,accuracy,0.8797091870456047
G2,reused_valid,G2__qualification_r0_w30_b1024__tcn__r0__w30__fold_3__seed_42,temporal,tcn,R0,30,3,42,,test,global,,balanced_accuracy,0.4747486082278205
G2,reused_valid,G2__qualification_r0_w30_b1024__tcn__r0__w30__fold_3__seed_42,temporal,tcn,R0,30,3,42,,test,global,,macro_f1,0.4511424941377708
G2,reused_valid,G2__qualification_r0_w30_b1024__tcn__r0__w30__fold_3__seed_42,temporal,tcn,R0,30,3,42,,all,cost,,training_seconds,389.3013228999989
G2,reused_valid,G2__qualification_r0_w30_b1024__tcn__r0__w30__fold_3__seed_42,temporal,tcn,R0,30,3,42,,all,cost,,parameter_count,49379
G2,reused_valid,G2__qualification_r0_w30_b1024__tcn__r0__w30__fold_3__seed_42,temporal,tcn,R0,30,3,42,,all,cost,,model_size_bytes,637372
G2,reused_valid,G2__qualification_r0_w30_b1024__tcn__r0__w30__fold_3__seed_42,temporal,tcn,R0,30,3,42,,all,cost,,peak_gpu_memory_bytes,131256320
G2,reused_valid,G2__qualification_r0_w30_b1024__tcn__r0__w30__fold_4__seed_42,temporal,tcn,R0,30,4,42,,validation,global,,accuracy,0.8355321020228672
G2,reused_valid,G2__qualification_r0_w30_b1024__tcn__r0__w30__fold_4__seed_42,temporal,tcn,R0,30,4,42,,validation,global,,balanced_accuracy,0.4478478299696374
G2,reused_valid,G2__qualification_r0_w30_b1024__tcn__r0__w30__fold_4__seed_42,temporal,tcn,R0,30,4,42,,validation,global,,macro_f1,0.41885136394604877
G2,reused_valid,G2__qualification_r0_w30_b1024__tcn__r0__w30__fold_4__seed_42,temporal,tcn,R0,30,4,42,,test,global,,accuracy,0.7619909502262443
G2,reused_valid,G2__qualification_r0_w30_b1024__tcn__r0__w30__fold_4__seed_42,temporal,tcn,R0,30,4,42,,test,global,,balanced_accuracy,0.38110224586288416
G2,reused_valid,G2__qualification_r0_w30_b1024__tcn__r0__w30__fold_4__seed_42,temporal,tcn,R0,30,4,42,,test,global,,macro_f1,0.37070946492360807
G2,reused_valid,G2__qualification_r0_w30_b1024__tcn__r0__w30__fold_4__seed_42,temporal,tcn,R0,30,4,42,,all,cost,,training_seconds,356.92091110000547
G2,reused_valid,G2__qualification_r0_w30_b1024__tcn__r0__w30__fold_4__seed_42,temporal,tcn,R0,30,4,42,,all,cost,,parameter_count,49379
G2,reused_valid,G2__qualification_r0_w30_b1024__tcn__r0__w30__fold_4__seed_42,temporal,tcn,R0,30,4,42,,all,cost,,model_size_bytes,636924
G2,reused_valid,G2__qualification_r0_w30_b1024__tcn__r0__w30__fold_4__seed_42,temporal,tcn,R0,30,4,42,,all,cost,,peak_gpu_memory_bytes,131931136
G2,reused_valid,G2__qualification_r0_w30_b1024__transformer__r0__w30__fold_1__seed_42,temporal,transformer,R0,30,1,42,,validation,global,,accuracy,0.8316582914572864
G2,reused_valid,G2__qualification_r0_w30_b1024__transformer__r0__w30__fold_1__seed_42,temporal,transformer,R0,30,1,42,,validation,global,,balanced_accuracy,0.420435272490067
G2,reused_valid,G2__qualification_r0_w30_b1024__transformer__r0__w30__fold_1__seed_42,temporal,transformer,R0,30,1,42,,validation,global,,macro_f1,0.4243896479786495
G2,reused_valid,G2__qualification_r0_w30_b1024__transformer__r0__w30__fold_1__seed_42,temporal,transformer,R0,30,1,42,,test,global,,accuracy,0.7361563517915309
G2,reused_valid,G2__qualification_r0_w30_b1024__transformer__r0__w30__fold_1__seed_42,temporal,transformer,R0,30,1,42,,test,global,,balanced_accuracy,0.5049698639350199
G2,reused_valid,G2__qualification_r0_w30_b1024__transformer__r0__w30__fold_1__seed_42,temporal,transformer,R0,30,1,42,,test,global,,macro_f1,0.4810944764018888
G2,reused_valid,G2__qualification_r0_w30_b1024__transformer__r0__w30__fold_1__seed_42,temporal,transformer,R0,30,1,42,,all,cost,,training_seconds,3.86045109999759
G2,reused_valid,G2__qualification_r0_w30_b1024__transformer__r0__w30__fold_1__seed_42,temporal,transformer,R0,30,1,42,,all,cost,,parameter_count,17443
G2,reused_valid,G2__qualification_r0_w30_b1024__transformer__r0__w30__fold_1__seed_42,temporal,transformer,R0,30,1,42,,all,cost,,model_size_bytes,267507
G2,reused_valid,G2__qualification_r0_w30_b1024__transformer__r0__w30__fold_1__seed_42,temporal,transformer,R0,30,1,42,,all,cost,,peak_gpu_memory_bytes,194972160
G2,reused_valid,G2__qualification_r0_w30_b1024__transformer__r0__w30__fold_2__seed_42,temporal,transformer,R0,30,2,42,,validation,global,,accuracy,0.8481012658227848
G2,reused_valid,G2__qualification_r0_w30_b1024__transformer__r0__w30__fold_2__seed_42,temporal,transformer,R0,30,2,42,,validation,global,,balanced_accuracy,0.41019574018385124
G2,reused_valid,G2__qualification_r0_w30_b1024__transformer__r0__w30__fold_2__seed_42,temporal,transformer,R0,30,2,42,,validation,global,,macro_f1,0.3870307287713786
G2,reused_valid,G2__qualification_r0_w30_b1024__transformer__r0__w30__fold_2__seed_42,temporal,transformer,R0,30,2,42,,test,global,,accuracy,0.8858666666666667
G2,reused_valid,G2__qualification_r0_w30_b1024__transformer__r0__w30__fold_2__seed_42,temporal,transformer,R0,30,2,42,,test,global,,balanced_accuracy,0.775134091396696
G2,reused_valid,G2__qualification_r0_w30_b1024__transformer__r0__w30__fold_2__seed_42,temporal,transformer,R0,30,2,42,,test,global,,macro_f1,0.5203498039627529
G2,reused_valid,G2__qualification_r0_w30_b1024__transformer__r0__w30__fold_2__seed_42,temporal,transformer,R0,30,2,42,,all,cost,,training_seconds,3.9244137999994564
G2,reused_valid,G2__qualification_r0_w30_b1024__transformer__r0__w30__fold_2__seed_42,temporal,transformer,R0,30,2,42,,all,cost,,parameter_count,17443
G2,reused_valid,G2__qualification_r0_w30_b1024__transformer__r0__w30__fold_2__seed_42,temporal,transformer,R0,30,2,42,,all,cost,,model_size_bytes,268083
G2,reused_valid,G2__qualification_r0_w30_b1024__transformer__r0__w30__fold_2__seed_42,temporal,transformer,R0,30,2,42,,all,cost,,peak_gpu_memory_bytes,196332032
G2,reused_valid,G2__qualification_r0_w30_b1024__transformer__r0__w30__fold_3__seed_42,temporal,transformer,R0,30,3,42,,validation,global,,accuracy,0.7754749568221071
G2,reused_valid,G2__qualification_r0_w30_b1024__transformer__r0__w30__fold_3__seed_42,temporal,transformer,R0,30,3,42,,validation,global,,balanced_accuracy,0.4091667991731595
G2,reused_valid,G2__qualification_r0_w30_b1024__transformer__r0__w30__fold_3__seed_42,temporal,transformer,R0,30,3,42,,validation,global,,macro_f1,0.3951795366978123
G2,reused_valid,G2__qualification_r0_w30_b1024__transformer__r0__w30__fold_3__seed_42,temporal,transformer,R0,30,3,42,,test,global,,accuracy,0.8770654329147389
G2,reused_valid,G2__qualification_r0_w30_b1024__transformer__r0__w30__fold_3__seed_42,temporal,transformer,R0,30,3,42,,test,global,,balanced_accuracy,0.47117021077633764
G2,reused_valid,G2__qualification_r0_w30_b1024__transformer__r0__w30__fold_3__seed_42,temporal,transformer,R0,30,3,42,,test,global,,macro_f1,0.448001540878336
G2,reused_valid,G2__qualification_r0_w30_b1024__transformer__r0__w30__fold_3__seed_42,temporal,transformer,R0,30,3,42,,all,cost,,training_seconds,9.286180300001433
G2,reused_valid,G2__qualification_r0_w30_b1024__transformer__r0__w30__fold_3__seed_42,temporal,transformer,R0,30,3,42,,all,cost,,parameter_count,17443
G2,reused_valid,G2__qualification_r0_w30_b1024__transformer__r0__w30__fold_3__seed_42,temporal,transformer,R0,30,3,42,,all,cost,,model_size_bytes,270835
G2,reused_valid,G2__qualification_r0_w30_b1024__transformer__r0__w30__fold_3__seed_42,temporal,transformer,R0,30,3,42,,all,cost,,peak_gpu_memory_bytes,196332032
G2,reused_valid,G2__qualification_r0_w30_b1024__transformer__r0__w30__fold_4__seed_42,temporal,transformer,R0,30,4,42,,validation,global,,accuracy,0.8346525945470537
G2,reused_valid,G2__qualification_r0_w30_b1024__transformer__r0__w30__fold_4__seed_42,temporal,transformer,R0,30,4,42,,validation,global,,balanced_accuracy,0.44752039054593085
G2,reused_valid,G2__qualification_r0_w30_b1024__transformer__r0__w30__fold_4__seed_42,temporal,transformer,R0,30,4,42,,validation,global,,macro_f1,0.4182162775162728
G2,reused_valid,G2__qualification_r0_w30_b1024__transformer__r0__w30__fold_4__seed_42,temporal,transformer,R0,30,4,42,,test,global,,accuracy,0.7619909502262443
G2,reused_valid,G2__qualification_r0_w30_b1024__transformer__r0__w30__fold_4__seed_42,temporal,transformer,R0,30,4,42,,test,global,,balanced_accuracy,0.38110224586288416
G2,reused_valid,G2__qualification_r0_w30_b1024__transformer__r0__w30__fold_4__seed_42,temporal,transformer,R0,30,4,42,,test,global,,macro_f1,0.37070946492360807
G2,reused_valid,G2__qualification_r0_w30_b1024__transformer__r0__w30__fold_4__seed_42,temporal,transformer,R0,30,4,42,,all,cost,,training_seconds,4.593957099998079
G2,reused_valid,G2__qualification_r0_w30_b1024__transformer__r0__w30__fold_4__seed_42,temporal,transformer,R0,30,4,42,,all,cost,,parameter_count,17443
G2,reused_valid,G2__qualification_r0_w30_b1024__transformer__r0__w30__fold_4__seed_42,temporal,transformer,R0,30,4,42,,all,cost,,model_size_bytes,267955
G2,reused_valid,G2__qualification_r0_w30_b1024__transformer__r0__w30__fold_4__seed_42,temporal,transformer,R0,30,4,42,,all,cost,,peak_gpu_memory_bytes,194972160
G2,reused_valid,G2__qualification_r0_w60_b1024__lstm__r0__w60__fold_1__seed_42,temporal,lstm,R0,60,1,42,,validation,global,,accuracy,0.7813559322033898
G2,reused_valid,G2__qualification_r0_w60_b1024__lstm__r0__w60__fold_1__seed_42,temporal,lstm,R0,60,1,42,,validation,global,,balanced_accuracy,0.42411181727421043
G2,reused_valid,G2__qualification_r0_w60_b1024__lstm__r0__w60__fold_1__seed_42,temporal,lstm,R0,60,1,42,,validation,global,,macro_f1,0.40779159862035436
G2,reused_valid,G2__qualification_r0_w60_b1024__lstm__r0__w60__fold_1__seed_42,temporal,lstm,R0,60,1,42,,test,global,,accuracy,0.6988265971316818
G2,reused_valid,G2__qualification_r0_w60_b1024__lstm__r0__w60__fold_1__seed_42,temporal,lstm,R0,60,1,42,,test,global,,balanced_accuracy,0.5284554620001035
G2,reused_valid,G2__qualification_r0_w60_b1024__lstm__r0__w60__fold_1__seed_42,temporal,lstm,R0,60,1,42,,test,global,,macro_f1,0.4630544796584773
G2,reused_valid,G2__qualification_r0_w60_b1024__lstm__r0__w60__fold_1__seed_42,temporal,lstm,R0,60,1,42,,all,cost,,training_seconds,2.997760800000833
G2,reused_valid,G2__qualification_r0_w60_b1024__lstm__r0__w60__fold_1__seed_42,temporal,lstm,R0,60,1,42,,all,cost,,parameter_count,51651
G2,reused_valid,G2__qualification_r0_w60_b1024__lstm__r0__w60__fold_1__seed_42,temporal,lstm,R0,60,1,42,,all,cost,,model_size_bytes,651410
G2,reused_valid,G2__qualification_r0_w60_b1024__lstm__r0__w60__fold_1__seed_42,temporal,lstm,R0,60,1,42,,all,cost,,peak_gpu_memory_bytes,376863232
G2,reused_valid,G2__qualification_r0_w60_b1024__lstm__r0__w60__fold_2__seed_42,temporal,lstm,R0,60,2,42,,validation,global,,accuracy,0.8567774936061381
G2,reused_valid,G2__qualification_r0_w60_b1024__lstm__r0__w60__fold_2__seed_42,temporal,lstm,R0,60,2,42,,validation,global,,balanced_accuracy,0.4121182586094867
G2,reused_valid,G2__qualification_r0_w60_b1024__lstm__r0__w60__fold_2__seed_42,temporal,lstm,R0,60,2,42,,validation,global,,macro_f1,0.38993628349480663
G2,reused_valid,G2__qualification_r0_w60_b1024__lstm__r0__w60__fold_2__seed_42,temporal,lstm,R0,60,2,42,,test,global,,accuracy,0.8851931330472103
G2,reused_valid,G2__qualification_r0_w60_b1024__lstm__r0__w60__fold_2__seed_42,temporal,lstm,R0,60,2,42,,test,global,,balanced_accuracy,0.7694692409130508
G2,reused_valid,G2__qualification_r0_w60_b1024__lstm__r0__w60__fold_2__seed_42,temporal,lstm,R0,60,2,42,,test,global,,macro_f1,0.5180764809438346
G2,reused_valid,G2__qualification_r0_w60_b1024__lstm__r0__w60__fold_2__seed_42,temporal,lstm,R0,60,2,42,,all,cost,,training_seconds,3.922486100000242
G2,reused_valid,G2__qualification_r0_w60_b1024__lstm__r0__w60__fold_2__seed_42,temporal,lstm,R0,60,2,42,,all,cost,,parameter_count,51651
G2,reused_valid,G2__qualification_r0_w60_b1024__lstm__r0__w60__fold_2__seed_42,temporal,lstm,R0,60,2,42,,all,cost,,model_size_bytes,652626
G2,reused_valid,G2__qualification_r0_w60_b1024__lstm__r0__w60__fold_2__seed_42,temporal,lstm,R0,60,2,42,,all,cost,,peak_gpu_memory_bytes,377037312
G2,reused_valid,G2__qualification_r0_w60_b1024__lstm__r0__w60__fold_3__seed_42,temporal,lstm,R0,60,3,42,,validation,global,,accuracy,0.7775847089487402
G2,reused_valid,G2__qualification_r0_w60_b1024__lstm__r0__w60__fold_3__seed_42,temporal,lstm,R0,60,3,42,,validation,global,,balanced_accuracy,0.40458969431692826
G2,reused_valid,G2__qualification_r0_w60_b1024__lstm__r0__w60__fold_3__seed_42,temporal,lstm,R0,60,3,42,,validation,global,,macro_f1,0.39312777530650306
G2,reused_valid,G2__qualification_r0_w60_b1024__lstm__r0__w60__fold_3__seed_42,temporal,lstm,R0,60,3,42,,test,global,,accuracy,0.89
G2,reused_valid,G2__qualification_r0_w60_b1024__lstm__r0__w60__fold_3__seed_42,temporal,lstm,R0,60,3,42,,test,global,,balanced_accuracy,0.47854181906851984
G2,reused_valid,G2__qualification_r0_w60_b1024__lstm__r0__w60__fold_3__seed_42,temporal,lstm,R0,60,3,42,,test,global,,macro_f1,0.45851594968603804
G2,reused_valid,G2__qualification_r0_w60_b1024__lstm__r0__w60__fold_3__seed_42,temporal,lstm,R0,60,3,42,,all,cost,,training_seconds,3.7950619000002916
G2,reused_valid,G2__qualification_r0_w60_b1024__lstm__r0__w60__fold_3__seed_42,temporal,lstm,R0,60,3,42,,all,cost,,parameter_count,51651
G2,reused_valid,G2__qualification_r0_w60_b1024__lstm__r0__w60__fold_3__seed_42,temporal,lstm,R0,60,3,42,,all,cost,,model_size_bytes,652498
G2,reused_valid,G2__qualification_r0_w60_b1024__lstm__r0__w60__fold_3__seed_42,temporal,lstm,R0,60,3,42,,all,cost,,peak_gpu_memory_bytes,377037312
G2,reused_valid,G2__qualification_r0_w60_b1024__lstm__r0__w60__fold_4__seed_42,temporal,lstm,R0,60,4,42,,validation,global,,accuracy,0.8471111111111111
G2,reused_valid,G2__qualification_r0_w60_b1024__lstm__r0__w60__fold_4__seed_42,temporal,lstm,R0,60,4,42,,validation,global,,balanced_accuracy,0.4553277338603426
G2,reused_valid,G2__qualification_r0_w60_b1024__lstm__r0__w60__fold_4__seed_42,temporal,lstm,R0,60,4,42,,validation,global,,macro_f1,0.42694260802912715
G2,reused_valid,G2__qualification_r0_w60_b1024__lstm__r0__w60__fold_4__seed_42,temporal,lstm,R0,60,4,42,,test,global,,accuracy,0.7817351598173516
G2,reused_valid,G2__qualification_r0_w60_b1024__lstm__r0__w60__fold_4__seed_42,temporal,lstm,R0,60,4,42,,test,global,,balanced_accuracy,0.571259824633138
G2,reused_valid,G2__qualification_r0_w60_b1024__lstm__r0__w60__fold_4__seed_42,temporal,lstm,R0,60,4,42,,test,global,,macro_f1,0.374348174049606
G2,reused_valid,G2__qualification_r0_w60_b1024__lstm__r0__w60__fold_4__seed_42,temporal,lstm,R0,60,4,42,,all,cost,,training_seconds,6.599656700000196
G2,reused_valid,G2__qualification_r0_w60_b1024__lstm__r0__w60__fold_4__seed_42,temporal,lstm,R0,60,4,42,,all,cost,,parameter_count,51651
G2,reused_valid,G2__qualification_r0_w60_b1024__lstm__r0__w60__fold_4__seed_42,temporal,lstm,R0,60,4,42,,all,cost,,model_size_bytes,653970
G2,reused_valid,G2__qualification_r0_w60_b1024__lstm__r0__w60__fold_4__seed_42,temporal,lstm,R0,60,4,42,,all,cost,,peak_gpu_memory_bytes,377037312
G2,reused_valid,G2__qualification_r0_w60_b1024__tcn__r0__w60__fold_1__seed_42,temporal,tcn,R0,60,1,42,,validation,global,,accuracy,0.8330508474576271
G2,reused_valid,G2__qualification_r0_w60_b1024__tcn__r0__w60__fold_1__seed_42,temporal,tcn,R0,60,1,42,,validation,global,,balanced_accuracy,0.4268755935422602
G2,reused_valid,G2__qualification_r0_w60_b1024__tcn__r0__w60__fold_1__seed_42,temporal,tcn,R0,60,1,42,,validation,global,,macro_f1,0.4289865860568595
G2,reused_valid,G2__qualification_r0_w60_b1024__tcn__r0__w60__fold_1__seed_42,temporal,tcn,R0,60,1,42,,test,global,,accuracy,0.8305084745762712
G2,reused_valid,G2__qualification_r0_w60_b1024__tcn__r0__w60__fold_1__seed_42,temporal,tcn,R0,60,1,42,,test,global,,balanced_accuracy,0.5536620815872523
G2,reused_valid,G2__qualification_r0_w60_b1024__tcn__r0__w60__fold_1__seed_42,temporal,tcn,R0,60,1,42,,test,global,,macro_f1,0.5393976990103332
G2,reused_valid,G2__qualification_r0_w60_b1024__tcn__r0__w60__fold_1__seed_42,temporal,tcn,R0,60,1,42,,all,cost,,training_seconds,382.1272772000011
G2,reused_valid,G2__qualification_r0_w60_b1024__tcn__r0__w60__fold_1__seed_42,temporal,tcn,R0,60,1,42,,all,cost,,parameter_count,49379
G2,reused_valid,G2__qualification_r0_w60_b1024__tcn__r0__w60__fold_1__seed_42,temporal,tcn,R0,60,1,42,,all,cost,,model_size_bytes,637244
G2,reused_valid,G2__qualification_r0_w60_b1024__tcn__r0__w60__fold_1__seed_42,temporal,tcn,R0,60,1,42,,all,cost,,peak_gpu_memory_bytes,188977152
G2,reused_valid,G2__qualification_r0_w60_b1024__tcn__r0__w60__fold_2__seed_42,temporal,tcn,R0,60,2,42,,validation,global,,accuracy,0.8772378516624041
G2,reused_valid,G2__qualification_r0_w60_b1024__tcn__r0__w60__fold_2__seed_42,temporal,tcn,R0,60,2,42,,validation,global,,balanced_accuracy,0.3950617283950617
G2,reused_valid,G2__qualification_r0_w60_b1024__tcn__r0__w60__fold_2__seed_42,temporal,tcn,R0,60,2,42,,validation,global,,macro_f1,0.38791986407513207
G2,reused_valid,G2__qualification_r0_w60_b1024__tcn__r0__w60__fold_2__seed_42,temporal,tcn,R0,60,2,42,,test,global,,accuracy,0.8905579399141631
G2,reused_valid,G2__qualification_r0_w60_b1024__tcn__r0__w60__fold_2__seed_42,temporal,tcn,R0,60,2,42,,test,global,,balanced_accuracy,0.7587697668709523
G2,reused_valid,G2__qualification_r0_w60_b1024__tcn__r0__w60__fold_2__seed_42,temporal,tcn,R0,60,2,42,,test,global,,macro_f1,0.5184977368795122
G2,reused_valid,G2__qualification_r0_w60_b1024__tcn__r0__w60__fold_2__seed_42,temporal,tcn,R0,60,2,42,,all,cost,,training_seconds,305.0764182999992
G2,reused_valid,G2__qualification_r0_w60_b1024__tcn__r0__w60__fold_2__seed_42,temporal,tcn,R0,60,2,42,,all,cost,,parameter_count,49379
G2,reused_valid,G2__qualification_r0_w60_b1024__tcn__r0__w60__fold_2__seed_42,temporal,tcn,R0,60,2,42,,all,cost,,model_size_bytes,637052
G2,reused_valid,G2__qualification_r0_w60_b1024__tcn__r0__w60__fold_2__seed_42,temporal,tcn,R0,60,2,42,,all,cost,,peak_gpu_memory_bytes,189763584
G2,reused_valid,G2__qualification_r0_w60_b1024__tcn__r0__w60__fold_3__seed_42,temporal,tcn,R0,60,3,42,,validation,global,,accuracy,0.7819287576020851
G2,reused_valid,G2__qualification_r0_w60_b1024__tcn__r0__w60__fold_3__seed_42,temporal,tcn,R0,60,3,42,,validation,global,,balanced_accuracy,0.41555460659762994
G2,reused_valid,G2__qualification_r0_w60_b1024__tcn__r0__w60__fold_3__seed_42,temporal,tcn,R0,60,3,42,,validation,global,,macro_f1,0.40173702223932367
G2,reused_valid,G2__qualification_r0_w60_b1024__tcn__r0__w60__fold_3__seed_42,temporal,tcn,R0,60,3,42,,test,global,,accuracy,0.8913333333333333
G2,reused_valid,G2__qualification_r0_w60_b1024__tcn__r0__w60__fold_3__seed_42,temporal,tcn,R0,60,3,42,,test,global,,balanced_accuracy,0.4790295049987808
G2,reused_valid,G2__qualification_r0_w60_b1024__tcn__r0__w60__fold_3__seed_42,temporal,tcn,R0,60,3,42,,test,global,,macro_f1,0.4594580119965724
G2,reused_valid,G2__qualification_r0_w60_b1024__tcn__r0__w60__fold_3__seed_42,temporal,tcn,R0,60,3,42,,all,cost,,training_seconds,383.3797777
G2,reused_valid,G2__qualification_r0_w60_b1024__tcn__r0__w60__fold_3__seed_42,temporal,tcn,R0,60,3,42,,all,cost,,parameter_count,49379
G2,reused_valid,G2__qualification_r0_w60_b1024__tcn__r0__w60__fold_3__seed_42,temporal,tcn,R0,60,3,42,,all,cost,,model_size_bytes,637372
G2,reused_valid,G2__qualification_r0_w60_b1024__tcn__r0__w60__fold_3__seed_42,temporal,tcn,R0,60,3,42,,all,cost,,peak_gpu_memory_bytes,189763584
G2,reused_valid,G2__qualification_r0_w60_b1024__tcn__r0__w60__fold_4__seed_42,temporal,tcn,R0,60,4,42,,validation,global,,accuracy,0.8462222222222222
G2,reused_valid,G2__qualification_r0_w60_b1024__tcn__r0__w60__fold_4__seed_42,temporal,tcn,R0,60,4,42,,validation,global,,balanced_accuracy,0.4644268774703557
G2,reused_valid,G2__qualification_r0_w60_b1024__tcn__r0__w60__fold_4__seed_42,temporal,tcn,R0,60,4,42,,validation,global,,macro_f1,0.43120758315104607
G2,reused_valid,G2__qualification_r0_w60_b1024__tcn__r0__w60__fold_4__seed_42,temporal,tcn,R0,60,4,42,,test,global,,accuracy,0.765296803652968
G2,reused_valid,G2__qualification_r0_w60_b1024__tcn__r0__w60__fold_4__seed_42,temporal,tcn,R0,60,4,42,,test,global,,balanced_accuracy,0.5680568806505838
G2,reused_valid,G2__qualification_r0_w60_b1024__tcn__r0__w60__fold_4__seed_42,temporal,tcn,R0,60,4,42,,test,global,,macro_f1,0.3691134200040496
G2,reused_valid,G2__qualification_r0_w60_b1024__tcn__r0__w60__fold_4__seed_42,temporal,tcn,R0,60,4,42,,all,cost,,training_seconds,340.01912399999856
G2,reused_valid,G2__qualification_r0_w60_b1024__tcn__r0__w60__fold_4__seed_42,temporal,tcn,R0,60,4,42,,all,cost,,parameter_count,49379
G2,reused_valid,G2__qualification_r0_w60_b1024__tcn__r0__w60__fold_4__seed_42,temporal,tcn,R0,60,4,42,,all,cost,,model_size_bytes,636924
G2,reused_valid,G2__qualification_r0_w60_b1024__tcn__r0__w60__fold_4__seed_42,temporal,tcn,R0,60,4,42,,all,cost,,peak_gpu_memory_bytes,186113024
G2,reused_valid,G2__qualification_r0_w60_b1024__transformer__r0__w60__fold_1__seed_42,temporal,transformer,R0,60,1,42,,validation,global,,accuracy,0.8389830508474576
G2,reused_valid,G2__qualification_r0_w60_b1024__transformer__r0__w60__fold_1__seed_42,temporal,transformer,R0,60,1,42,,validation,global,,balanced_accuracy,0.40324348016655714
G2,reused_valid,G2__qualification_r0_w60_b1024__transformer__r0__w60__fold_1__seed_42,temporal,transformer,R0,60,1,42,,validation,global,,macro_f1,0.41158026755852845
G2,reused_valid,G2__qualification_r0_w60_b1024__transformer__r0__w60__fold_1__seed_42,temporal,transformer,R0,60,1,42,,test,global,,accuracy,0.7607561929595827
G2,reused_valid,G2__qualification_r0_w60_b1024__transformer__r0__w60__fold_1__seed_42,temporal,transformer,R0,60,1,42,,test,global,,balanced_accuracy,0.5624095227919073
G2,reused_valid,G2__qualification_r0_w60_b1024__transformer__r0__w60__fold_1__seed_42,temporal,transformer,R0,60,1,42,,test,global,,macro_f1,0.5710453682939453
G2,reused_valid,G2__qualification_r0_w60_b1024__transformer__r0__w60__fold_1__seed_42,temporal,transformer,R0,60,1,42,,all,cost,,training_seconds,5.0200638999995135
G2,reused_valid,G2__qualification_r0_w60_b1024__transformer__r0__w60__fold_1__seed_42,temporal,transformer,R0,60,1,42,,all,cost,,parameter_count,17443
G2,reused_valid,G2__qualification_r0_w60_b1024__transformer__r0__w60__fold_1__seed_42,temporal,transformer,R0,60,1,42,,all,cost,,model_size_bytes,267443
G2,reused_valid,G2__qualification_r0_w60_b1024__transformer__r0__w60__fold_1__seed_42,temporal,transformer,R0,60,1,42,,all,cost,,peak_gpu_memory_bytes,257083904
G2,reused_valid,G2__qualification_r0_w60_b1024__transformer__r0__w60__fold_2__seed_42,temporal,transformer,R0,60,2,42,,validation,global,,accuracy,0.8542199488491049
G2,reused_valid,G2__qualification_r0_w60_b1024__transformer__r0__w60__fold_2__seed_42,temporal,transformer,R0,60,2,42,,validation,global,,balanced_accuracy,0.4152696556205328
G2,reused_valid,G2__qualification_r0_w60_b1024__transformer__r0__w60__fold_2__seed_42,temporal,transformer,R0,60,2,42,,validation,global,,macro_f1,0.39062692928581555
G2,reused_valid,G2__qualification_r0_w60_b1024__transformer__r0__w60__fold_2__seed_42,temporal,transformer,R0,60,2,42,,test,global,,accuracy,0.8905579399141631
G2,reused_valid,G2__qualification_r0_w60_b1024__transformer__r0__w60__fold_2__seed_42,temporal,transformer,R0,60,2,42,,test,global,,balanced_accuracy,0.783757655283585
G2,reused_valid,G2__qualification_r0_w60_b1024__transformer__r0__w60__fold_2__seed_42,temporal,transformer,R0,60,2,42,,test,global,,macro_f1,0.5262392866955604
G2,reused_valid,G2__qualification_r0_w60_b1024__transformer__r0__w60__fold_2__seed_42,temporal,transformer,R0,60,2,42,,all,cost,,training_seconds,3.935629499999777
G2,reused_valid,G2__qualification_r0_w60_b1024__transformer__r0__w60__fold_2__seed_42,temporal,transformer,R0,60,2,42,,all,cost,,parameter_count,17443
G2,reused_valid,G2__qualification_r0_w60_b1024__transformer__r0__w60__fold_2__seed_42,temporal,transformer,R0,60,2,42,,all,cost,,model_size_bytes,268083
G2,reused_valid,G2__qualification_r0_w60_b1024__transformer__r0__w60__fold_2__seed_42,temporal,transformer,R0,60,2,42,,all,cost,,peak_gpu_memory_bytes,258136576
G2,reused_valid,G2__qualification_r0_w60_b1024__transformer__r0__w60__fold_3__seed_42,temporal,transformer,R0,60,3,42,,validation,global,,accuracy,0.7801911381407471
G2,reused_valid,G2__qualification_r0_w60_b1024__transformer__r0__w60__fold_3__seed_42,temporal,transformer,R0,60,3,42,,validation,global,,balanced_accuracy,0.41302355788050243
G2,reused_valid,G2__qualification_r0_w60_b1024__transformer__r0__w60__fold_3__seed_42,temporal,transformer,R0,60,3,42,,validation,global,,macro_f1,0.3995295805860859
G2,reused_valid,G2__qualification_r0_w60_b1024__transformer__r0__w60__fold_3__seed_42,temporal,transformer,R0,60,3,42,,test,global,,accuracy,0.892
G2,reused_valid,G2__qualification_r0_w60_b1024__transformer__r0__w60__fold_3__seed_42,temporal,transformer,R0,60,3,42,,test,global,,balanced_accuracy,0.4765410004528512
G2,reused_valid,G2__qualification_r0_w60_b1024__transformer__r0__w60__fold_3__seed_42,temporal,transformer,R0,60,3,42,,test,global,,macro_f1,0.4586961838229821
G2,reused_valid,G2__qualification_r0_w60_b1024__transformer__r0__w60__fold_3__seed_42,temporal,transformer,R0,60,3,42,,all,cost,,training_seconds,5.6053416000031575
G2,reused_valid,G2__qualification_r0_w60_b1024__transformer__r0__w60__fold_3__seed_42,temporal,transformer,R0,60,3,42,,all,cost,,parameter_count,17443
G2,reused_valid,G2__qualification_r0_w60_b1024__transformer__r0__w60__fold_3__seed_42,temporal,transformer,R0,60,3,42,,all,cost,,model_size_bytes,268403
G2,reused_valid,G2__qualification_r0_w60_b1024__transformer__r0__w60__fold_3__seed_42,temporal,transformer,R0,60,3,42,,all,cost,,peak_gpu_memory_bytes,258136576
G2,reused_valid,G2__qualification_r0_w60_b1024__transformer__r0__w60__fold_4__seed_42,temporal,transformer,R0,60,4,42,,validation,global,,accuracy,0.8391111111111111
G2,reused_valid,G2__qualification_r0_w60_b1024__transformer__r0__w60__fold_4__seed_42,temporal,transformer,R0,60,4,42,,validation,global,,balanced_accuracy,0.4586489898989899
G2,reused_valid,G2__qualification_r0_w60_b1024__transformer__r0__w60__fold_4__seed_42,temporal,transformer,R0,60,4,42,,validation,global,,macro_f1,0.4242318385503549
G2,reused_valid,G2__qualification_r0_w60_b1024__transformer__r0__w60__fold_4__seed_42,temporal,transformer,R0,60,4,42,,test,global,,accuracy,0.771689497716895
G2,reused_valid,G2__qualification_r0_w60_b1024__transformer__r0__w60__fold_4__seed_42,temporal,transformer,R0,60,4,42,,test,global,,balanced_accuracy,0.5779155876607152
G2,reused_valid,G2__qualification_r0_w60_b1024__transformer__r0__w60__fold_4__seed_42,temporal,transformer,R0,60,4,42,,test,global,,macro_f1,0.37512194290728934
G2,reused_valid,G2__qualification_r0_w60_b1024__transformer__r0__w60__fold_4__seed_42,temporal,transformer,R0,60,4,42,,all,cost,,training_seconds,3.887800500000594
G2,reused_valid,G2__qualification_r0_w60_b1024__transformer__r0__w60__fold_4__seed_42,temporal,transformer,R0,60,4,42,,all,cost,,parameter_count,17443
G2,reused_valid,G2__qualification_r0_w60_b1024__transformer__r0__w60__fold_4__seed_42,temporal,transformer,R0,60,4,42,,all,cost,,model_size_bytes,267763
G2,reused_valid,G2__qualification_r0_w60_b1024__transformer__r0__w60__fold_4__seed_42,temporal,transformer,R0,60,4,42,,all,cost,,peak_gpu_memory_bytes,255023616
G3,reused_valid,G3__qualification_r1_w150_b1024__transformer__r1__w150__fold_1__seed_42,temporal,transformer,R1,150,1,42,,validation,global,,accuracy,0.8649350649350649
G3,reused_valid,G3__qualification_r1_w150_b1024__transformer__r1__w150__fold_1__seed_42,temporal,transformer,R1,150,1,42,,validation,global,,balanced_accuracy,0.3333333333333333
G3,reused_valid,G3__qualification_r1_w150_b1024__transformer__r1__w150__fold_1__seed_42,temporal,transformer,R1,150,1,42,,validation,global,,macro_f1,0.30919220055710306
G3,reused_valid,G3__qualification_r1_w150_b1024__transformer__r1__w150__fold_1__seed_42,temporal,transformer,R1,150,1,42,,test,global,,accuracy,0.675392670157068
G3,reused_valid,G3__qualification_r1_w150_b1024__transformer__r1__w150__fold_1__seed_42,temporal,transformer,R1,150,1,42,,test,global,,balanced_accuracy,0.352407391082594
G3,reused_valid,G3__qualification_r1_w150_b1024__transformer__r1__w150__fold_1__seed_42,temporal,transformer,R1,150,1,42,,test,global,,macro_f1,0.33155746505695166
G3,reused_valid,G3__qualification_r1_w150_b1024__transformer__r1__w150__fold_1__seed_42,temporal,transformer,R1,150,1,42,,all,cost,,training_seconds,5.331979800001136
G3,reused_valid,G3__qualification_r1_w150_b1024__transformer__r1__w150__fold_1__seed_42,temporal,transformer,R1,150,1,42,,all,cost,,parameter_count,17443
G3,reused_valid,G3__qualification_r1_w150_b1024__transformer__r1__w150__fold_1__seed_42,temporal,transformer,R1,150,1,42,,all,cost,,model_size_bytes,267443
G3,reused_valid,G3__qualification_r1_w150_b1024__transformer__r1__w150__fold_1__seed_42,temporal,transformer,R1,150,1,42,,all,cost,,peak_gpu_memory_bytes,568796672
G3,reused_valid,G3__qualification_r1_w150_b1024__transformer__r1__w150__fold_2__seed_42,temporal,transformer,R1,150,2,42,,validation,global,,accuracy,0.9258620689655173
G3,reused_valid,G3__qualification_r1_w150_b1024__transformer__r1__w150__fold_2__seed_42,temporal,transformer,R1,150,2,42,,validation,global,,balanced_accuracy,0.3333333333333333
G3,reused_valid,G3__qualification_r1_w150_b1024__transformer__r1__w150__fold_2__seed_42,temporal,transformer,R1,150,2,42,,validation,global,,macro_f1,0.3205013428827216
G3,reused_valid,G3__qualification_r1_w150_b1024__transformer__r1__w150__fold_2__seed_42,temporal,transformer,R1,150,2,42,,test,global,,accuracy,0.8473655621944596
G3,reused_valid,G3__qualification_r1_w150_b1024__transformer__r1__w150__fold_2__seed_42,temporal,transformer,R1,150,2,42,,test,global,,balanced_accuracy,0.5
G3,reused_valid,G3__qualification_r1_w150_b1024__transformer__r1__w150__fold_2__seed_42,temporal,transformer,R1,150,2,42,,test,global,,macro_f1,0.3057924139958836
G3,reused_valid,G3__qualification_r1_w150_b1024__transformer__r1__w150__fold_2__seed_42,temporal,transformer,R1,150,2,42,,all,cost,,training_seconds,5.17534280000109
G3,reused_valid,G3__qualification_r1_w150_b1024__transformer__r1__w150__fold_2__seed_42,temporal,transformer,R1,150,2,42,,all,cost,,parameter_count,17443
G3,reused_valid,G3__qualification_r1_w150_b1024__transformer__r1__w150__fold_2__seed_42,temporal,transformer,R1,150,2,42,,all,cost,,model_size_bytes,267507
G3,reused_valid,G3__qualification_r1_w150_b1024__transformer__r1__w150__fold_2__seed_42,temporal,transformer,R1,150,2,42,,all,cost,,peak_gpu_memory_bytes,568970752
G3,reused_valid,G3__qualification_r1_w150_b1024__transformer__r1__w150__fold_3__seed_42,temporal,transformer,R1,150,3,42,,validation,global,,accuracy,0.8613333333333333
G3,reused_valid,G3__qualification_r1_w150_b1024__transformer__r1__w150__fold_3__seed_42,temporal,transformer,R1,150,3,42,,validation,global,,balanced_accuracy,0.3333333333333333
G3,reused_valid,G3__qualification_r1_w150_b1024__transformer__r1__w150__fold_3__seed_42,temporal,transformer,R1,150,3,42,,validation,global,,macro_f1,0.30850047755491883
G3,reused_valid,G3__qualification_r1_w150_b1024__transformer__r1__w150__fold_3__seed_42,temporal,transformer,R1,150,3,42,,test,global,,accuracy,0.9142665773610181
G3,reused_valid,G3__qualification_r1_w150_b1024__transformer__r1__w150__fold_3__seed_42,temporal,transformer,R1,150,3,42,,test,global,,balanced_accuracy,0.3333333333333333
G3,reused_valid,G3__qualification_r1_w150_b1024__transformer__r1__w150__fold_3__seed_42,temporal,transformer,R1,150,3,42,,test,global,,macro_f1,0.3184044786564031
G3,reused_valid,G3__qualification_r1_w150_b1024__transformer__r1__w150__fold_3__seed_42,temporal,transformer,R1,150,3,42,,all,cost,,training_seconds,5.640926200001559
G3,reused_valid,G3__qualification_r1_w150_b1024__transformer__r1__w150__fold_3__seed_42,temporal,transformer,R1,150,3,42,,all,cost,,parameter_count,17443
G3,reused_valid,G3__qualification_r1_w150_b1024__transformer__r1__w150__fold_3__seed_42,temporal,transformer,R1,150,3,42,,all,cost,,model_size_bytes,267507
G3,reused_valid,G3__qualification_r1_w150_b1024__transformer__r1__w150__fold_3__seed_42,temporal,transformer,R1,150,3,42,,all,cost,,peak_gpu_memory_bytes,568970752
G3,reused_valid,G3__qualification_r1_w150_b1024__transformer__r1__w150__fold_4__seed_42,temporal,transformer,R1,150,4,42,,validation,global,,accuracy,0.9067873303167421
G3,reused_valid,G3__qualification_r1_w150_b1024__transformer__r1__w150__fold_4__seed_42,temporal,transformer,R1,150,4,42,,validation,global,,balanced_accuracy,0.3333333333333333
G3,reused_valid,G3__qualification_r1_w150_b1024__transformer__r1__w150__fold_4__seed_42,temporal,transformer,R1,150,4,42,,validation,global,,macro_f1,0.3170384432842905
G3,reused_valid,G3__qualification_r1_w150_b1024__transformer__r1__w150__fold_4__seed_42,temporal,transformer,R1,150,4,42,,test,global,,accuracy,0.879182156133829
G3,reused_valid,G3__qualification_r1_w150_b1024__transformer__r1__w150__fold_4__seed_42,temporal,transformer,R1,150,4,42,,test,global,,balanced_accuracy,0.5
G3,reused_valid,G3__qualification_r1_w150_b1024__transformer__r1__w150__fold_4__seed_42,temporal,transformer,R1,150,4,42,,test,global,,macro_f1,0.31190240685789644
G3,reused_valid,G3__qualification_r1_w150_b1024__transformer__r1__w150__fold_4__seed_42,temporal,transformer,R1,150,4,42,,all,cost,,training_seconds,6.044221600001038
G3,reused_valid,G3__qualification_r1_w150_b1024__transformer__r1__w150__fold_4__seed_42,temporal,transformer,R1,150,4,42,,all,cost,,parameter_count,17443
G3,reused_valid,G3__qualification_r1_w150_b1024__transformer__r1__w150__fold_4__seed_42,temporal,transformer,R1,150,4,42,,all,cost,,model_size_bytes,267507
G3,reused_valid,G3__qualification_r1_w150_b1024__transformer__r1__w150__fold_4__seed_42,temporal,transformer,R1,150,4,42,,all,cost,,peak_gpu_memory_bytes,568970752
G3,reused_valid,G3__qualification_r1_w60_b1024__lstm__r1__w60__fold_1__seed_42,temporal,lstm,R1,60,1,42,,validation,global,,accuracy,0.8338983050847457
G3,reused_valid,G3__qualification_r1_w60_b1024__lstm__r1__w60__fold_1__seed_42,temporal,lstm,R1,60,1,42,,validation,global,,balanced_accuracy,0.33557357488981426
G3,reused_valid,G3__qualification_r1_w60_b1024__lstm__r1__w60__fold_1__seed_42,temporal,lstm,R1,60,1,42,,validation,global,,macro_f1,0.32566370625029845
G3,reused_valid,G3__qualification_r1_w60_b1024__lstm__r1__w60__fold_1__seed_42,temporal,lstm,R1,60,1,42,,test,global,,accuracy,0.5671447196870926
G3,reused_valid,G3__qualification_r1_w60_b1024__lstm__r1__w60__fold_1__seed_42,temporal,lstm,R1,60,1,42,,test,global,,balanced_accuracy,0.30609042759584043
G3,reused_valid,G3__qualification_r1_w60_b1024__lstm__r1__w60__fold_1__seed_42,temporal,lstm,R1,60,1,42,,test,global,,macro_f1,0.2984692937351016
G3,reused_valid,G3__qualification_r1_w60_b1024__lstm__r1__w60__fold_1__seed_42,temporal,lstm,R1,60,1,42,,all,cost,,training_seconds,2.3686946999951033
G3,reused_valid,G3__qualification_r1_w60_b1024__lstm__r1__w60__fold_1__seed_42,temporal,lstm,R1,60,1,42,,all,cost,,parameter_count,51651
G3,reused_valid,G3__qualification_r1_w60_b1024__lstm__r1__w60__fold_1__seed_42,temporal,lstm,R1,60,1,42,,all,cost,,model_size_bytes,651538
G3,reused_valid,G3__qualification_r1_w60_b1024__lstm__r1__w60__fold_1__seed_42,temporal,lstm,R1,60,1,42,,all,cost,,peak_gpu_memory_bytes,376863232
G3,reused_valid,G3__qualification_r1_w60_b1024__lstm__r1__w60__fold_2__seed_42,temporal,lstm,R1,60,2,42,,validation,global,,accuracy,0.9198635976129582
G3,reused_valid,G3__qualification_r1_w60_b1024__lstm__r1__w60__fold_2__seed_42,temporal,lstm,R1,60,2,42,,validation,global,,balanced_accuracy,0.3330246913580247
G3,reused_valid,G3__qualification_r1_w60_b1024__lstm__r1__w60__fold_2__seed_42,temporal,lstm,R1,60,2,42,,validation,global,,macro_f1,0.3194197750148016
G3,reused_valid,G3__qualification_r1_w60_b1024__lstm__r1__w60__fold_2__seed_42,temporal,lstm,R1,60,2,42,,test,global,,accuracy,0.8412017167381974
G3,reused_valid,G3__qualification_r1_w60_b1024__lstm__r1__w60__fold_2__seed_42,temporal,lstm,R1,60,2,42,,test,global,,balanced_accuracy,0.4990451941438574
G3,reused_valid,G3__qualification_r1_w60_b1024__lstm__r1__w60__fold_2__seed_42,temporal,lstm,R1,60,2,42,,test,global,,macro_f1,0.3045843045843046
G3,reused_valid,G3__qualification_r1_w60_b1024__lstm__r1__w60__fold_2__seed_42,temporal,lstm,R1,60,2,42,,all,cost,,training_seconds,2.324515899999824
G3,reused_valid,G3__qualification_r1_w60_b1024__lstm__r1__w60__fold_2__seed_42,temporal,lstm,R1,60,2,42,,all,cost,,parameter_count,51651
G3,reused_valid,G3__qualification_r1_w60_b1024__lstm__r1__w60__fold_2__seed_42,temporal,lstm,R1,60,2,42,,all,cost,,model_size_bytes,651730
G3,reused_valid,G3__qualification_r1_w60_b1024__lstm__r1__w60__fold_2__seed_42,temporal,lstm,R1,60,2,42,,all,cost,,peak_gpu_memory_bytes,377265664
G3,reused_valid,G3__qualification_r1_w60_b1024__lstm__r1__w60__fold_3__seed_42,temporal,lstm,R1,60,3,42,,validation,global,,accuracy,0.8496959165942659
G3,reused_valid,G3__qualification_r1_w60_b1024__lstm__r1__w60__fold_3__seed_42,temporal,lstm,R1,60,3,42,,validation,global,,balanced_accuracy,0.3306288032454361
G3,reused_valid,G3__qualification_r1_w60_b1024__lstm__r1__w60__fold_3__seed_42,temporal,lstm,R1,60,3,42,,validation,global,,macro_f1,0.30624706434945986
G3,reused_valid,G3__qualification_r1_w60_b1024__lstm__r1__w60__fold_3__seed_42,temporal,lstm,R1,60,3,42,,test,global,,accuracy,0.8993333333333333
G3,reused_valid,G3__qualification_r1_w60_b1024__lstm__r1__w60__fold_3__seed_42,temporal,lstm,R1,60,3,42,,test,global,,balanced_accuracy,0.3344088549831052
G3,reused_valid,G3__qualification_r1_w60_b1024__lstm__r1__w60__fold_3__seed_42,temporal,lstm,R1,60,3,42,,test,global,,macro_f1,0.3255917250303841
G3,reused_valid,G3__qualification_r1_w60_b1024__lstm__r1__w60__fold_3__seed_42,temporal,lstm,R1,60,3,42,,all,cost,,training_seconds,2.5535980999993626
G3,reused_valid,G3__qualification_r1_w60_b1024__lstm__r1__w60__fold_3__seed_42,temporal,lstm,R1,60,3,42,,all,cost,,parameter_count,51651
G3,reused_valid,G3__qualification_r1_w60_b1024__lstm__r1__w60__fold_3__seed_42,temporal,lstm,R1,60,3,42,,all,cost,,model_size_bytes,651602
G3,reused_valid,G3__qualification_r1_w60_b1024__lstm__r1__w60__fold_3__seed_42,temporal,lstm,R1,60,3,42,,all,cost,,peak_gpu_memory_bytes,377265664
G3,reused_valid,G3__qualification_r1_w60_b1024__lstm__r1__w60__fold_4__seed_42,temporal,lstm,R1,60,4,42,,validation,global,,accuracy,0.8906666666666667
G3,reused_valid,G3__qualification_r1_w60_b1024__lstm__r1__w60__fold_4__seed_42,temporal,lstm,R1,60,4,42,,validation,global,,balanced_accuracy,0.3300395256916996
G3,reused_valid,G3__qualification_r1_w60_b1024__lstm__r1__w60__fold_4__seed_42,temporal,lstm,R1,60,4,42,,validation,global,,macro_f1,0.3140573577809121
G3,reused_valid,G3__qualification_r1_w60_b1024__lstm__r1__w60__fold_4__seed_42,temporal,lstm,R1,60,4,42,,test,global,,accuracy,0.8648401826484018
G3,reused_valid,G3__qualification_r1_w60_b1024__lstm__r1__w60__fold_4__seed_42,temporal,lstm,R1,60,4,42,,test,global,,balanced_accuracy,0.4978760619690155
G3,reused_valid,G3__qualification_r1_w60_b1024__lstm__r1__w60__fold_4__seed_42,temporal,lstm,R1,60,4,42,,test,global,,macro_f1,0.31359477124183005
G3,reused_valid,G3__qualification_r1_w60_b1024__lstm__r1__w60__fold_4__seed_42,temporal,lstm,R1,60,4,42,,all,cost,,training_seconds,2.5687264000007417
G3,reused_valid,G3__qualification_r1_w60_b1024__lstm__r1__w60__fold_4__seed_42,temporal,lstm,R1,60,4,42,,all,cost,,parameter_count,51651
G3,reused_valid,G3__qualification_r1_w60_b1024__lstm__r1__w60__fold_4__seed_42,temporal,lstm,R1,60,4,42,,all,cost,,model_size_bytes,651602
G3,reused_valid,G3__qualification_r1_w60_b1024__lstm__r1__w60__fold_4__seed_42,temporal,lstm,R1,60,4,42,,all,cost,,peak_gpu_memory_bytes,377265664
G3,reused_valid,G3__qualification_r1_w60_b1024__tcn__r1__w60__fold_1__seed_42,temporal,tcn,R1,60,1,42,,validation,global,,accuracy,0.8593220338983051
G3,reused_valid,G3__qualification_r1_w60_b1024__tcn__r1__w60__fold_1__seed_42,temporal,tcn,R1,60,1,42,,validation,global,,balanced_accuracy,0.3333333333333333
G3,reused_valid,G3__qualification_r1_w60_b1024__tcn__r1__w60__fold_1__seed_42,temporal,tcn,R1,60,1,42,,validation,global,,macro_f1,0.3081130355515041
G3,reused_valid,G3__qualification_r1_w60_b1024__tcn__r1__w60__fold_1__seed_42,temporal,tcn,R1,60,1,42,,test,global,,accuracy,0.7092568448500652
G3,reused_valid,G3__qualification_r1_w60_b1024__tcn__r1__w60__fold_1__seed_42,temporal,tcn,R1,60,1,42,,test,global,,balanced_accuracy,0.3333333333333333
G3,reused_valid,G3__qualification_r1_w60_b1024__tcn__r1__w60__fold_1__seed_42,temporal,tcn,R1,60,1,42,,test,global,,macro_f1,0.2766336130180524
G3,reused_valid,G3__qualification_r1_w60_b1024__tcn__r1__w60__fold_1__seed_42,temporal,tcn,R1,60,1,42,,all,cost,,training_seconds,270.89159449999715
G3,reused_valid,G3__qualification_r1_w60_b1024__tcn__r1__w60__fold_1__seed_42,temporal,tcn,R1,60,1,42,,all,cost,,parameter_count,49379
G3,reused_valid,G3__qualification_r1_w60_b1024__tcn__r1__w60__fold_1__seed_42,temporal,tcn,R1,60,1,42,,all,cost,,model_size_bytes,636796
G3,reused_valid,G3__qualification_r1_w60_b1024__tcn__r1__w60__fold_1__seed_42,temporal,tcn,R1,60,1,42,,all,cost,,peak_gpu_memory_bytes,188977152
G3,reused_valid,G3__qualification_r1_w60_b1024__tcn__r1__w60__fold_2__seed_42,temporal,tcn,R1,60,2,42,,validation,global,,accuracy,0.9207161125319693
G3,reused_valid,G3__qualification_r1_w60_b1024__tcn__r1__w60__fold_2__seed_42,temporal,tcn,R1,60,2,42,,validation,global,,balanced_accuracy,0.3333333333333333
G3,reused_valid,G3__qualification_r1_w60_b1024__tcn__r1__w60__fold_2__seed_42,temporal,tcn,R1,60,2,42,,validation,global,,macro_f1,0.3195739014647137
G3,reused_valid,G3__qualification_r1_w60_b1024__tcn__r1__w60__fold_2__seed_42,temporal,tcn,R1,60,2,42,,test,global,,accuracy,0.8428111587982833
G3,reused_valid,G3__qualification_r1_w60_b1024__tcn__r1__w60__fold_2__seed_42,temporal,tcn,R1,60,2,42,,test,global,,balanced_accuracy,0.5
G3,reused_valid,G3__qualification_r1_w60_b1024__tcn__r1__w60__fold_2__seed_42,temporal,tcn,R1,60,2,42,,test,global,,macro_f1,0.30490053372149445
G3,reused_valid,G3__qualification_r1_w60_b1024__tcn__r1__w60__fold_2__seed_42,temporal,tcn,R1,60,2,42,,all,cost,,training_seconds,251.8068757000001
G3,reused_valid,G3__qualification_r1_w60_b1024__tcn__r1__w60__fold_2__seed_42,temporal,tcn,R1,60,2,42,,all,cost,,parameter_count,49379
G3,reused_valid,G3__qualification_r1_w60_b1024__tcn__r1__w60__fold_2__seed_42,temporal,tcn,R1,60,2,42,,all,cost,,model_size_bytes,636796
G3,reused_valid,G3__qualification_r1_w60_b1024__tcn__r1__w60__fold_2__seed_42,temporal,tcn,R1,60,2,42,,all,cost,,peak_gpu_memory_bytes,188977152
G3,reused_valid,G3__qualification_r1_w60_b1024__tcn__r1__w60__fold_3__seed_42,temporal,tcn,R1,60,3,42,,validation,global,,accuracy,0.6038227628149435
G3,reused_valid,G3__qualification_r1_w60_b1024__tcn__r1__w60__fold_3__seed_42,temporal,tcn,R1,60,3,42,,validation,global,,balanced_accuracy,0.3629452688516423
G3,reused_valid,G3__qualification_r1_w60_b1024__tcn__r1__w60__fold_3__seed_42,temporal,tcn,R1,60,3,42,,validation,global,,macro_f1,0.32351419730444025
G3,reused_valid,G3__qualification_r1_w60_b1024__tcn__r1__w60__fold_3__seed_42,temporal,tcn,R1,60,3,42,,test,global,,accuracy,0.5686666666666667
G3,reused_valid,G3__qualification_r1_w60_b1024__tcn__r1__w60__fold_3__seed_42,temporal,tcn,R1,60,3,42,,test,global,,balanced_accuracy,0.32822133974291984
G3,reused_valid,G3__qualification_r1_w60_b1024__tcn__r1__w60__fold_3__seed_42,temporal,tcn,R1,60,3,42,,test,global,,macro_f1,0.2791993618639509
G3,reused_valid,G3__qualification_r1_w60_b1024__tcn__r1__w60__fold_3__seed_42,temporal,tcn,R1,60,3,42,,all,cost,,training_seconds,259.78267990000313
G3,reused_valid,G3__qualification_r1_w60_b1024__tcn__r1__w60__fold_3__seed_42,temporal,tcn,R1,60,3,42,,all,cost,,parameter_count,49379
G3,reused_valid,G3__qualification_r1_w60_b1024__tcn__r1__w60__fold_3__seed_42,temporal,tcn,R1,60,3,42,,all,cost,,model_size_bytes,636668
G3,reused_valid,G3__qualification_r1_w60_b1024__tcn__r1__w60__fold_3__seed_42,temporal,tcn,R1,60,3,42,,all,cost,,peak_gpu_memory_bytes,188977152
G3,reused_valid,G3__qualification_r1_w60_b1024__tcn__r1__w60__fold_4__seed_42,temporal,tcn,R1,60,4,42,,validation,global,,accuracy,0.8995555555555556
G3,reused_valid,G3__qualification_r1_w60_b1024__tcn__r1__w60__fold_4__seed_42,temporal,tcn,R1,60,4,42,,validation,global,,balanced_accuracy,0.3333333333333333
G3,reused_valid,G3__qualification_r1_w60_b1024__tcn__r1__w60__fold_4__seed_42,temporal,tcn,R1,60,4,42,,validation,global,,macro_f1,0.3157073779441585
G3,reused_valid,G3__qualification_r1_w60_b1024__tcn__r1__w60__fold_4__seed_42,temporal,tcn,R1,60,4,42,,test,global,,accuracy,0.873972602739726
G3,reused_valid,G3__qualification_r1_w60_b1024__tcn__r1__w60__fold_4__seed_42,temporal,tcn,R1,60,4,42,,test,global,,balanced_accuracy,0.5
G3,reused_valid,G3__qualification_r1_w60_b1024__tcn__r1__w60__fold_4__seed_42,temporal,tcn,R1,60,4,42,,test,global,,macro_f1,0.310916179337232
G3,reused_valid,G3__qualification_r1_w60_b1024__tcn__r1__w60__fold_4__seed_42,temporal,tcn,R1,60,4,42,,all,cost,,training_seconds,296.30677149999974
G3,reused_valid,G3__qualification_r1_w60_b1024__tcn__r1__w60__fold_4__seed_42,temporal,tcn,R1,60,4,42,,all,cost,,parameter_count,49379
G3,reused_valid,G3__qualification_r1_w60_b1024__tcn__r1__w60__fold_4__seed_42,temporal,tcn,R1,60,4,42,,all,cost,,model_size_bytes,636796
G3,reused_valid,G3__qualification_r1_w60_b1024__tcn__r1__w60__fold_4__seed_42,temporal,tcn,R1,60,4,42,,all,cost,,peak_gpu_memory_bytes,188977152
G3,reused_valid,G3__qualification_r2_w150_b1024__transformer__r2__w150__fold_1__seed_42,temporal,transformer,R2,150,1,42,,validation,global,,accuracy,0.8536796536796537
G3,reused_valid,G3__qualification_r2_w150_b1024__transformer__r2__w150__fold_1__seed_42,temporal,transformer,R2,150,1,42,,validation,global,,balanced_accuracy,0.403487358326068
G3,reused_valid,G3__qualification_r2_w150_b1024__transformer__r2__w150__fold_1__seed_42,temporal,transformer,R2,150,1,42,,validation,global,,macro_f1,0.41530710700987533
G3,reused_valid,G3__qualification_r2_w150_b1024__transformer__r2__w150__fold_1__seed_42,temporal,transformer,R2,150,1,42,,test,global,,accuracy,0.8278795811518325
G3,reused_valid,G3__qualification_r2_w150_b1024__transformer__r2__w150__fold_1__seed_42,temporal,transformer,R2,150,1,42,,test,global,,balanced_accuracy,0.5401587611425597
G3,reused_valid,G3__qualification_r2_w150_b1024__transformer__r2__w150__fold_1__seed_42,temporal,transformer,R2,150,1,42,,test,global,,macro_f1,0.5348667311103281
G3,reused_valid,G3__qualification_r2_w150_b1024__transformer__r2__w150__fold_1__seed_42,temporal,transformer,R2,150,1,42,,all,cost,,training_seconds,9.278581699996721
G3,reused_valid,G3__qualification_r2_w150_b1024__transformer__r2__w150__fold_1__seed_42,temporal,transformer,R2,150,1,42,,all,cost,,parameter_count,17539
G3,reused_valid,G3__qualification_r2_w150_b1024__transformer__r2__w150__fold_1__seed_42,temporal,transformer,R2,150,1,42,,all,cost,,model_size_bytes,270003
G3,reused_valid,G3__qualification_r2_w150_b1024__transformer__r2__w150__fold_1__seed_42,temporal,transformer,R2,150,1,42,,all,cost,,peak_gpu_memory_bytes,571561472
G3,reused_valid,G3__qualification_r2_w150_b1024__transformer__r2__w150__fold_2__seed_42,temporal,transformer,R2,150,2,42,,validation,global,,accuracy,0.871551724137931
G3,reused_valid,G3__qualification_r2_w150_b1024__transformer__r2__w150__fold_2__seed_42,temporal,transformer,R2,150,2,42,,validation,global,,balanced_accuracy,0.40605130269934736
G3,reused_valid,G3__qualification_r2_w150_b1024__transformer__r2__w150__fold_2__seed_42,temporal,transformer,R2,150,2,42,,validation,global,,macro_f1,0.39101406887332124
G3,reused_valid,G3__qualification_r2_w150_b1024__transformer__r2__w150__fold_2__seed_42,temporal,transformer,R2,150,2,42,,test,global,,accuracy,0.9011406844106464
G3,reused_valid,G3__qualification_r2_w150_b1024__transformer__r2__w150__fold_2__seed_42,temporal,transformer,R2,150,2,42,,test,global,,balanced_accuracy,0.7943231590473583
G3,reused_valid,G3__qualification_r2_w150_b1024__transformer__r2__w150__fold_2__seed_42,temporal,transformer,R2,150,2,42,,test,global,,macro_f1,0.5354149528756434
G3,reused_valid,G3__qualification_r2_w150_b1024__transformer__r2__w150__fold_2__seed_42,temporal,transformer,R2,150,2,42,,all,cost,,training_seconds,7.10245009999926
G3,reused_valid,G3__qualification_r2_w150_b1024__transformer__r2__w150__fold_2__seed_42,temporal,transformer,R2,150,2,42,,all,cost,,parameter_count,17539
G3,reused_valid,G3__qualification_r2_w150_b1024__transformer__r2__w150__fold_2__seed_42,temporal,transformer,R2,150,2,42,,all,cost,,model_size_bytes,269555
G3,reused_valid,G3__qualification_r2_w150_b1024__transformer__r2__w150__fold_2__seed_42,temporal,transformer,R2,150,2,42,,all,cost,,peak_gpu_memory_bytes,571735552
G3,reused_valid,G3__qualification_r2_w150_b1024__transformer__r2__w150__fold_3__seed_42,temporal,transformer,R2,150,3,42,,validation,global,,accuracy,0.8213333333333334
G3,reused_valid,G3__qualification_r2_w150_b1024__transformer__r2__w150__fold_3__seed_42,temporal,transformer,R2,150,3,42,,validation,global,,balanced_accuracy,0.3940927369132771
G3,reused_valid,G3__qualification_r2_w150_b1024__transformer__r2__w150__fold_3__seed_42,temporal,transformer,R2,150,3,42,,validation,global,,macro_f1,0.396355361699872
G3,reused_valid,G3__qualification_r2_w150_b1024__transformer__r2__w150__fold_3__seed_42,temporal,transformer,R2,150,3,42,,test,global,,accuracy,0.8941728064300067
G3,reused_valid,G3__qualification_r2_w150_b1024__transformer__r2__w150__fold_3__seed_42,temporal,transformer,R2,150,3,42,,test,global,,balanced_accuracy,0.4304236643859285
G3,reused_valid,G3__qualification_r2_w150_b1024__transformer__r2__w150__fold_3__seed_42,temporal,transformer,R2,150,3,42,,test,global,,macro_f1,0.4296081277213353
G3,reused_valid,G3__qualification_r2_w150_b1024__transformer__r2__w150__fold_3__seed_42,temporal,transformer,R2,150,3,42,,all,cost,,training_seconds,6.42981609999697
G3,reused_valid,G3__qualification_r2_w150_b1024__transformer__r2__w150__fold_3__seed_42,temporal,transformer,R2,150,3,42,,all,cost,,parameter_count,17539
G3,reused_valid,G3__qualification_r2_w150_b1024__transformer__r2__w150__fold_3__seed_42,temporal,transformer,R2,150,3,42,,all,cost,,model_size_bytes,268979
G3,reused_valid,G3__qualification_r2_w150_b1024__transformer__r2__w150__fold_3__seed_42,temporal,transformer,R2,150,3,42,,all,cost,,peak_gpu_memory_bytes,571735552
G3,reused_valid,G3__qualification_r2_w150_b1024__transformer__r2__w150__fold_4__seed_42,temporal,transformer,R2,150,4,42,,validation,global,,accuracy,0.8823529411764706
G3,reused_valid,G3__qualification_r2_w150_b1024__transformer__r2__w150__fold_4__seed_42,temporal,transformer,R2,150,4,42,,validation,global,,balanced_accuracy,0.4509040527004599
G3,reused_valid,G3__qualification_r2_w150_b1024__transformer__r2__w150__fold_4__seed_42,temporal,transformer,R2,150,4,42,,validation,global,,macro_f1,0.4422941059461832
G3,reused_valid,G3__qualification_r2_w150_b1024__transformer__r2__w150__fold_4__seed_42,temporal,transformer,R2,150,4,42,,test,global,,accuracy,0.8076208178438662
G3,reused_valid,G3__qualification_r2_w150_b1024__transformer__r2__w150__fold_4__seed_42,temporal,transformer,R2,150,4,42,,test,global,,balanced_accuracy,0.5422426410798504
G3,reused_valid,G3__qualification_r2_w150_b1024__transformer__r2__w150__fold_4__seed_42,temporal,transformer,R2,150,4,42,,test,global,,macro_f1,0.3617725668956124
G3,reused_valid,G3__qualification_r2_w150_b1024__transformer__r2__w150__fold_4__seed_42,temporal,transformer,R2,150,4,42,,all,cost,,training_seconds,7.471904599995469
G3,reused_valid,G3__qualification_r2_w150_b1024__transformer__r2__w150__fold_4__seed_42,temporal,transformer,R2,150,4,42,,all,cost,,parameter_count,17539
G3,reused_valid,G3__qualification_r2_w150_b1024__transformer__r2__w150__fold_4__seed_42,temporal,transformer,R2,150,4,42,,all,cost,,model_size_bytes,269235
G3,reused_valid,G3__qualification_r2_w150_b1024__transformer__r2__w150__fold_4__seed_42,temporal,transformer,R2,150,4,42,,all,cost,,peak_gpu_memory_bytes,571735552
G3,reused_valid,G3__qualification_r2_w60_b1024__lstm__r2__w60__fold_1__seed_42,temporal,lstm,R2,60,1,42,,validation,global,,accuracy,0.8593220338983051
G3,reused_valid,G3__qualification_r2_w60_b1024__lstm__r2__w60__fold_1__seed_42,temporal,lstm,R2,60,1,42,,validation,global,,balanced_accuracy,0.3333333333333333
G3,reused_valid,G3__qualification_r2_w60_b1024__lstm__r2__w60__fold_1__seed_42,temporal,lstm,R2,60,1,42,,validation,global,,macro_f1,0.3081130355515041
G3,reused_valid,G3__qualification_r2_w60_b1024__lstm__r2__w60__fold_1__seed_42,temporal,lstm,R2,60,1,42,,test,global,,accuracy,0.7086049543676662
G3,reused_valid,G3__qualification_r2_w60_b1024__lstm__r2__w60__fold_1__seed_42,temporal,lstm,R2,60,1,42,,test,global,,balanced_accuracy,0.3330269607843137
G3,reused_valid,G3__qualification_r2_w60_b1024__lstm__r2__w60__fold_1__seed_42,temporal,lstm,R2,60,1,42,,test,global,,macro_f1,0.27648480223833144
G3,reused_valid,G3__qualification_r2_w60_b1024__lstm__r2__w60__fold_1__seed_42,temporal,lstm,R2,60,1,42,,all,cost,,training_seconds,2.272800399994594
G3,reused_valid,G3__qualification_r2_w60_b1024__lstm__r2__w60__fold_1__seed_42,temporal,lstm,R2,60,1,42,,all,cost,,parameter_count,52419
G3,reused_valid,G3__qualification_r2_w60_b1024__lstm__r2__w60__fold_1__seed_42,temporal,lstm,R2,60,1,42,,all,cost,,model_size_bytes,660818
G3,reused_valid,G3__qualification_r2_w60_b1024__lstm__r2__w60__fold_1__seed_42,temporal,lstm,R2,60,1,42,,all,cost,,peak_gpu_memory_bytes,378766848
G3,reused_valid,G3__qualification_r2_w60_b1024__lstm__r2__w60__fold_2__seed_42,temporal,lstm,R2,60,2,42,,validation,global,,accuracy,0.9207161125319693
G3,reused_valid,G3__qualification_r2_w60_b1024__lstm__r2__w60__fold_2__seed_42,temporal,lstm,R2,60,2,42,,validation,global,,balanced_accuracy,0.3333333333333333
G3,reused_valid,G3__qualification_r2_w60_b1024__lstm__r2__w60__fold_2__seed_42,temporal,lstm,R2,60,2,42,,validation,global,,macro_f1,0.3195739014647137
G3,reused_valid,G3__qualification_r2_w60_b1024__lstm__r2__w60__fold_2__seed_42,temporal,lstm,R2,60,2,42,,test,global,,accuracy,0.8406652360515021
G3,reused_valid,G3__qualification_r2_w60_b1024__lstm__r2__w60__fold_2__seed_42,temporal,lstm,R2,60,2,42,,test,global,,balanced_accuracy,0.4987269255251432
G3,reused_valid,G3__qualification_r2_w60_b1024__lstm__r2__w60__fold_2__seed_42,temporal,lstm,R2,60,2,42,,test,global,,macro_f1,0.3044787719809579
G3,reused_valid,G3__qualification_r2_w60_b1024__lstm__r2__w60__fold_2__seed_42,temporal,lstm,R2,60,2,42,,all,cost,,training_seconds,1.884115799999563
G3,reused_valid,G3__qualification_r2_w60_b1024__lstm__r2__w60__fold_2__seed_42,temporal,lstm,R2,60,2,42,,all,cost,,parameter_count,52419
G3,reused_valid,G3__qualification_r2_w60_b1024__lstm__r2__w60__fold_2__seed_42,temporal,lstm,R2,60,2,42,,all,cost,,model_size_bytes,660818
G3,reused_valid,G3__qualification_r2_w60_b1024__lstm__r2__w60__fold_2__seed_42,temporal,lstm,R2,60,2,42,,all,cost,,peak_gpu_memory_bytes,379171328
G3,reused_valid,G3__qualification_r2_w60_b1024__lstm__r2__w60__fold_3__seed_42,temporal,lstm,R2,60,3,42,,validation,global,,accuracy,0.8566463944396178
G3,reused_valid,G3__qualification_r2_w60_b1024__lstm__r2__w60__fold_3__seed_42,temporal,lstm,R2,60,3,42,,validation,global,,balanced_accuracy,0.3333333333333333
G3,reused_valid,G3__qualification_r2_w60_b1024__lstm__r2__w60__fold_3__seed_42,temporal,lstm,R2,60,3,42,,validation,global,,macro_f1,0.30759631882701605
G3,reused_valid,G3__qualification_r2_w60_b1024__lstm__r2__w60__fold_3__seed_42,temporal,lstm,R2,60,3,42,,test,global,,accuracy,0.9113333333333333
G3,reused_valid,G3__qualification_r2_w60_b1024__lstm__r2__w60__fold_3__seed_42,temporal,lstm,R2,60,3,42,,test,global,,balanced_accuracy,0.3333333333333333
G3,reused_valid,G3__qualification_r2_w60_b1024__lstm__r2__w60__fold_3__seed_42,temporal,lstm,R2,60,3,42,,test,global,,macro_f1,0.31787001511452156
G3,reused_valid,G3__qualification_r2_w60_b1024__lstm__r2__w60__fold_3__seed_42,temporal,lstm,R2,60,3,42,,all,cost,,training_seconds,2.4667289999997593
G3,reused_valid,G3__qualification_r2_w60_b1024__lstm__r2__w60__fold_3__seed_42,temporal,lstm,R2,60,3,42,,all,cost,,parameter_count,52419
G3,reused_valid,G3__qualification_r2_w60_b1024__lstm__r2__w60__fold_3__seed_42,temporal,lstm,R2,60,3,42,,all,cost,,model_size_bytes,660818
G3,reused_valid,G3__qualification_r2_w60_b1024__lstm__r2__w60__fold_3__seed_42,temporal,lstm,R2,60,3,42,,all,cost,,peak_gpu_memory_bytes,379171328
G3,reused_valid,G3__qualification_r2_w60_b1024__lstm__r2__w60__fold_4__seed_42,temporal,lstm,R2,60,4,42,,validation,global,,accuracy,0.832
G3,reused_valid,G3__qualification_r2_w60_b1024__lstm__r2__w60__fold_4__seed_42,temporal,lstm,R2,60,4,42,,validation,global,,balanced_accuracy,0.4245855292050944
G3,reused_valid,G3__qualification_r2_w60_b1024__lstm__r2__w60__fold_4__seed_42,temporal,lstm,R2,60,4,42,,validation,global,,macro_f1,0.4018982464610756
G3,reused_valid,G3__qualification_r2_w60_b1024__lstm__r2__w60__fold_4__seed_42,temporal,lstm,R2,60,4,42,,test,global,,accuracy,0.771689497716895
G3,reused_valid,G3__qualification_r2_w60_b1024__lstm__r2__w60__fold_4__seed_42,temporal,lstm,R2,60,4,42,,test,global,,balanced_accuracy,0.5655126981963564
G3,reused_valid,G3__qualification_r2_w60_b1024__lstm__r2__w60__fold_4__seed_42,temporal,lstm,R2,60,4,42,,test,global,,macro_f1,0.36933854675790156
G3,reused_valid,G3__qualification_r2_w60_b1024__lstm__r2__w60__fold_4__seed_42,temporal,lstm,R2,60,4,42,,all,cost,,training_seconds,5.156845700003032
G3,reused_valid,G3__qualification_r2_w60_b1024__lstm__r2__w60__fold_4__seed_42,temporal,lstm,R2,60,4,42,,all,cost,,parameter_count,52419
G3,reused_valid,G3__qualification_r2_w60_b1024__lstm__r2__w60__fold_4__seed_42,temporal,lstm,R2,60,4,42,,all,cost,,model_size_bytes,662546
G3,reused_valid,G3__qualification_r2_w60_b1024__lstm__r2__w60__fold_4__seed_42,temporal,lstm,R2,60,4,42,,all,cost,,peak_gpu_memory_bytes,379171328
G3,reused_valid,G3__qualification_r2_w60_b1024__tcn__r2__w60__fold_1__seed_42,temporal,tcn,R2,60,1,42,,validation,global,,accuracy,0.8593220338983051
G3,reused_valid,G3__qualification_r2_w60_b1024__tcn__r2__w60__fold_1__seed_42,temporal,tcn,R2,60,1,42,,validation,global,,balanced_accuracy,0.3333333333333333
G3,reused_valid,G3__qualification_r2_w60_b1024__tcn__r2__w60__fold_1__seed_42,temporal,tcn,R2,60,1,42,,validation,global,,macro_f1,0.3081130355515041
G3,reused_valid,G3__qualification_r2_w60_b1024__tcn__r2__w60__fold_1__seed_42,temporal,tcn,R2,60,1,42,,test,global,,accuracy,0.7092568448500652
G3,reused_valid,G3__qualification_r2_w60_b1024__tcn__r2__w60__fold_1__seed_42,temporal,tcn,R2,60,1,42,,test,global,,balanced_accuracy,0.3333333333333333
G3,reused_valid,G3__qualification_r2_w60_b1024__tcn__r2__w60__fold_1__seed_42,temporal,tcn,R2,60,1,42,,test,global,,macro_f1,0.2766336130180524
G3,reused_valid,G3__qualification_r2_w60_b1024__tcn__r2__w60__fold_1__seed_42,temporal,tcn,R2,60,1,42,,all,cost,,training_seconds,249.8309805999961
G3,reused_valid,G3__qualification_r2_w60_b1024__tcn__r2__w60__fold_1__seed_42,temporal,tcn,R2,60,1,42,,all,cost,,parameter_count,49763
G3,reused_valid,G3__qualification_r2_w60_b1024__tcn__r2__w60__fold_1__seed_42,temporal,tcn,R2,60,1,42,,all,cost,,model_size_bytes,641404
G3,reused_valid,G3__qualification_r2_w60_b1024__tcn__r2__w60__fold_1__seed_42,temporal,tcn,R2,60,1,42,,all,cost,,peak_gpu_memory_bytes,190461440
G3,reused_valid,G3__qualification_r2_w60_b1024__tcn__r2__w60__fold_2__seed_42,temporal,tcn,R2,60,2,42,,validation,global,,accuracy,0.9207161125319693
G3,reused_valid,G3__qualification_r2_w60_b1024__tcn__r2__w60__fold_2__seed_42,temporal,tcn,R2,60,2,42,,validation,global,,balanced_accuracy,0.3333333333333333
G3,reused_valid,G3__qualification_r2_w60_b1024__tcn__r2__w60__fold_2__seed_42,temporal,tcn,R2,60,2,42,,validation,global,,macro_f1,0.3195739014647137
G3,reused_valid,G3__qualification_r2_w60_b1024__tcn__r2__w60__fold_2__seed_42,temporal,tcn,R2,60,2,42,,test,global,,accuracy,0.8428111587982833
G3,reused_valid,G3__qualification_r2_w60_b1024__tcn__r2__w60__fold_2__seed_42,temporal,tcn,R2,60,2,42,,test,global,,balanced_accuracy,0.5
G3,reused_valid,G3__qualification_r2_w60_b1024__tcn__r2__w60__fold_2__seed_42,temporal,tcn,R2,60,2,42,,test,global,,macro_f1,0.30490053372149445
G3,reused_valid,G3__qualification_r2_w60_b1024__tcn__r2__w60__fold_2__seed_42,temporal,tcn,R2,60,2,42,,all,cost,,training_seconds,227.11427370000456
G3,reused_valid,G3__qualification_r2_w60_b1024__tcn__r2__w60__fold_2__seed_42,temporal,tcn,R2,60,2,42,,all,cost,,parameter_count,49763
G3,reused_valid,G3__qualification_r2_w60_b1024__tcn__r2__w60__fold_2__seed_42,temporal,tcn,R2,60,2,42,,all,cost,,model_size_bytes,641404
G3,reused_valid,G3__qualification_r2_w60_b1024__tcn__r2__w60__fold_2__seed_42,temporal,tcn,R2,60,2,42,,all,cost,,peak_gpu_memory_bytes,190461440
G3,reused_valid,G3__qualification_r2_w60_b1024__tcn__r2__w60__fold_3__seed_42,temporal,tcn,R2,60,3,42,,validation,global,,accuracy,0.7819287576020851
G3,reused_valid,G3__qualification_r2_w60_b1024__tcn__r2__w60__fold_3__seed_42,temporal,tcn,R2,60,3,42,,validation,global,,balanced_accuracy,0.4081349418170172
G3,reused_valid,G3__qualification_r2_w60_b1024__tcn__r2__w60__fold_3__seed_42,temporal,tcn,R2,60,3,42,,validation,global,,macro_f1,0.3968506102802132
G3,reused_valid,G3__qualification_r2_w60_b1024__tcn__r2__w60__fold_3__seed_42,temporal,tcn,R2,60,3,42,,test,global,,accuracy,0.888
G3,reused_valid,G3__qualification_r2_w60_b1024__tcn__r2__w60__fold_3__seed_42,temporal,tcn,R2,60,3,42,,test,global,,balanced_accuracy,0.4723455951510085
G3,reused_valid,G3__qualification_r2_w60_b1024__tcn__r2__w60__fold_3__seed_42,temporal,tcn,R2,60,3,42,,test,global,,macro_f1,0.45308296428867534
G3,reused_valid,G3__qualification_r2_w60_b1024__tcn__r2__w60__fold_3__seed_42,temporal,tcn,R2,60,3,42,,all,cost,,training_seconds,596.9774024999933
G3,reused_valid,G3__qualification_r2_w60_b1024__tcn__r2__w60__fold_3__seed_42,temporal,tcn,R2,60,3,42,,all,cost,,parameter_count,49763
G3,reused_valid,G3__qualification_r2_w60_b1024__tcn__r2__w60__fold_3__seed_42,temporal,tcn,R2,60,3,42,,all,cost,,model_size_bytes,643708
G3,reused_valid,G3__qualification_r2_w60_b1024__tcn__r2__w60__fold_3__seed_42,temporal,tcn,R2,60,3,42,,all,cost,,peak_gpu_memory_bytes,190461440
G3,reused_valid,G3__qualification_r2_w60_b1024__tcn__r2__w60__fold_4__seed_42,temporal,tcn,R2,60,4,42,,validation,global,,accuracy,0.8364444444444444
G3,reused_valid,G3__qualification_r2_w60_b1024__tcn__r2__w60__fold_4__seed_42,temporal,tcn,R2,60,4,42,,validation,global,,balanced_accuracy,0.4576608476064998
G3,reused_valid,G3__qualification_r2_w60_b1024__tcn__r2__w60__fold_4__seed_42,temporal,tcn,R2,60,4,42,,validation,global,,macro_f1,0.42228232289084217
G3,reused_valid,G3__qualification_r2_w60_b1024__tcn__r2__w60__fold_4__seed_42,temporal,tcn,R2,60,4,42,,test,global,,accuracy,0.7707762557077625
G3,reused_valid,G3__qualification_r2_w60_b1024__tcn__r2__w60__fold_4__seed_42,temporal,tcn,R2,60,4,42,,test,global,,balanced_accuracy,0.5680909545227386
G3,reused_valid,G3__qualification_r2_w60_b1024__tcn__r2__w60__fold_4__seed_42,temporal,tcn,R2,60,4,42,,test,global,,macro_f1,0.3703606676143025
G3,reused_valid,G3__qualification_r2_w60_b1024__tcn__r2__w60__fold_4__seed_42,temporal,tcn,R2,60,4,42,,all,cost,,training_seconds,445.3765418999974
G3,reused_valid,G3__qualification_r2_w60_b1024__tcn__r2__w60__fold_4__seed_42,temporal,tcn,R2,60,4,42,,all,cost,,parameter_count,49763
G3,reused_valid,G3__qualification_r2_w60_b1024__tcn__r2__w60__fold_4__seed_42,temporal,tcn,R2,60,4,42,,all,cost,,model_size_bytes,642492
G3,reused_valid,G3__qualification_r2_w60_b1024__tcn__r2__w60__fold_4__seed_42,temporal,tcn,R2,60,4,42,,all,cost,,peak_gpu_memory_bytes,190461440
G4,reused_valid,G2__qualification_r0_w60_b1024__lstm__r0__w60__fold_1__seed_42,temporal,lstm,R0,60,1,42,,all,cost,,train_seconds,2.997760800000833
G4,reused_valid,G2__qualification_r0_w60_b1024__lstm__r0__w60__fold_1__seed_42,temporal,lstm,R0,60,1,42,,all,cost,,inference_seconds,0.021169799998460803
G4,reused_valid,G2__qualification_r0_w60_b1024__lstm__r0__w60__fold_1__seed_42,temporal,lstm,R0,60,1,42,,all,cost,,inference_windows_per_second,55739.780257054605
G4,reused_valid,G2__qualification_r0_w60_b1024__lstm__r0__w60__fold_2__seed_42,temporal,lstm,R0,60,2,42,,all,cost,,train_seconds,3.922486100000242
G4,reused_valid,G2__qualification_r0_w60_b1024__lstm__r0__w60__fold_2__seed_42,temporal,lstm,R0,60,2,42,,all,cost,,inference_seconds,0.023510700000770157
G4,reused_valid,G2__qualification_r0_w60_b1024__lstm__r0__w60__fold_2__seed_42,temporal,lstm,R0,60,2,42,,all,cost,,inference_windows_per_second,49892.17675192891
G4,reused_valid,G2__qualification_r0_w60_b1024__lstm__r0__w60__fold_3__seed_42,temporal,lstm,R0,60,3,42,,all,cost,,train_seconds,3.7950619000002916
G4,reused_valid,G2__qualification_r0_w60_b1024__lstm__r0__w60__fold_3__seed_42,temporal,lstm,R0,60,3,42,,all,cost,,inference_seconds,0.02412489999915124
G4,reused_valid,G2__qualification_r0_w60_b1024__lstm__r0__w60__fold_3__seed_42,temporal,lstm,R0,60,3,42,,all,cost,,inference_windows_per_second,47710.04232309748
G4,reused_valid,G2__qualification_r0_w60_b1024__lstm__r0__w60__fold_4__seed_42,temporal,lstm,R0,60,4,42,,all,cost,,train_seconds,6.599656700000196
G4,reused_valid,G2__qualification_r0_w60_b1024__lstm__r0__w60__fold_4__seed_42,temporal,lstm,R0,60,4,42,,all,cost,,inference_seconds,0.02691950000007637
G4,reused_valid,G2__qualification_r0_w60_b1024__lstm__r0__w60__fold_4__seed_42,temporal,lstm,R0,60,4,42,,all,cost,,inference_windows_per_second,41791.26655386647
G4,reused_valid,G2__qualification_r0_w60_b1024__tcn__r0__w60__fold_1__seed_42,temporal,tcn,R0,60,1,42,,all,cost,,train_seconds,382.1272772000011
G4,reused_valid,G2__qualification_r0_w60_b1024__tcn__r0__w60__fold_1__seed_42,temporal,tcn,R0,60,1,42,,all,cost,,inference_seconds,3.9676679000003787
G4,reused_valid,G2__qualification_r0_w60_b1024__tcn__r0__w60__fold_1__seed_42,temporal,tcn,R0,60,1,42,,all,cost,,inference_windows_per_second,297.40392334748765
G4,reused_valid,G2__qualification_r0_w60_b1024__tcn__r0__w60__fold_2__seed_42,temporal,tcn,R0,60,2,42,,all,cost,,train_seconds,305.0764182999992
G4,reused_valid,G2__qualification_r0_w60_b1024__tcn__r0__w60__fold_2__seed_42,temporal,tcn,R0,60,2,42,,all,cost,,inference_seconds,3.951308200001222
G4,reused_valid,G2__qualification_r0_w60_b1024__tcn__r0__w60__fold_2__seed_42,temporal,tcn,R0,60,2,42,,all,cost,,inference_windows_per_second,296.86370706279945
G4,reused_valid,G2__qualification_r0_w60_b1024__tcn__r0__w60__fold_3__seed_42,temporal,tcn,R0,60,3,42,,all,cost,,train_seconds,383.3797777
G4,reused_valid,G2__qualification_r0_w60_b1024__tcn__r0__w60__fold_3__seed_42,temporal,tcn,R0,60,3,42,,all,cost,,inference_seconds,3.7808227999994415
G4,reused_valid,G2__qualification_r0_w60_b1024__tcn__r0__w60__fold_3__seed_42,temporal,tcn,R0,60,3,42,,all,cost,,inference_windows_per_second,304.4310883864142
G4,reused_valid,G2__qualification_r0_w60_b1024__tcn__r0__w60__fold_4__seed_42,temporal,tcn,R0,60,4,42,,all,cost,,train_seconds,340.01912399999856
G4,reused_valid,G2__qualification_r0_w60_b1024__tcn__r0__w60__fold_4__seed_42,temporal,tcn,R0,60,4,42,,all,cost,,inference_seconds,3.49234129999968
G4,reused_valid,G2__qualification_r0_w60_b1024__tcn__r0__w60__fold_4__seed_42,temporal,tcn,R0,60,4,42,,all,cost,,inference_windows_per_second,322.13346387425054
G4,reused_valid,G2__qualification_r0_w150_b1024__transformer__r0__w150__fold_1__seed_42,temporal,transformer,R0,150,1,42,,all,cost,,train_seconds,6.9278790999997
G4,reused_valid,G2__qualification_r0_w150_b1024__transformer__r0__w150__fold_1__seed_42,temporal,transformer,R0,150,1,42,,all,cost,,inference_seconds,0.03663610000148765
G4,reused_valid,G2__qualification_r0_w150_b1024__transformer__r0__w150__fold_1__seed_42,temporal,transformer,R0,150,1,42,,all,cost,,inference_windows_per_second,31526.281453350657
G4,reused_valid,G2__qualification_r0_w150_b1024__transformer__r0__w150__fold_2__seed_42,temporal,transformer,R0,150,2,42,,all,cost,,train_seconds,8.022920000003069
G4,reused_valid,G2__qualification_r0_w150_b1024__transformer__r0__w150__fold_2__seed_42,temporal,transformer,R0,150,2,42,,all,cost,,inference_seconds,0.033240199998544995
G4,reused_valid,G2__qualification_r0_w150_b1024__transformer__r0__w150__fold_2__seed_42,temporal,transformer,R0,150,2,42,,all,cost,,inference_windows_per_second,34897.50362665616
G4,reused_valid,G2__qualification_r0_w150_b1024__transformer__r0__w150__fold_3__seed_42,temporal,transformer,R0,150,3,42,,all,cost,,train_seconds,6.004303699999582
G4,reused_valid,G2__qualification_r0_w150_b1024__transformer__r0__w150__fold_3__seed_42,temporal,transformer,R0,150,3,42,,all,cost,,inference_seconds,0.041176299997459864
G4,reused_valid,G2__qualification_r0_w150_b1024__transformer__r0__w150__fold_3__seed_42,temporal,transformer,R0,150,3,42,,all,cost,,inference_windows_per_second,27321.541762358454
G4,reused_valid,G2__qualification_r0_w150_b1024__transformer__r0__w150__fold_4__seed_42,temporal,transformer,R0,150,4,42,,all,cost,,train_seconds,6.257067800001096
G4,reused_valid,G2__qualification_r0_w150_b1024__transformer__r0__w150__fold_4__seed_42,temporal,transformer,R0,150,4,42,,all,cost,,inference_seconds,0.0353343999995559
G4,reused_valid,G2__qualification_r0_w150_b1024__transformer__r0__w150__fold_4__seed_42,temporal,transformer,R0,150,4,42,,all,cost,,inference_windows_per_second,31272.640826330382
G4,reused_valid,G4__g4_b_class_weights_w150__transformer__r0__w150__fold_1__seed_42,temporal,transformer,R0,150,1,42,,validation,global,,accuracy,0.7186147186147186
G4,reused_valid,G4__g4_b_class_weights_w150__transformer__r0__w150__fold_1__seed_42,temporal,transformer,R0,150,1,42,,validation,global,,balanced_accuracy,0.40594142529626404
G4,reused_valid,G4__g4_b_class_weights_w150__transformer__r0__w150__fold_1__seed_42,temporal,transformer,R0,150,1,42,,validation,global,,macro_f1,0.41470533295974593
G4,reused_valid,G4__g4_b_class_weights_w150__transformer__r0__w150__fold_1__seed_42,temporal,transformer,R0,150,1,42,,all,cost,,training_seconds,12.699257600004785
G4,reused_valid,G4__g4_b_class_weights_w150__transformer__r0__w150__fold_1__seed_42,temporal,transformer,R0,150,1,42,,all,cost,,train_seconds,12.699257600004785
G4,reused_valid,G4__g4_b_class_weights_w150__transformer__r0__w150__fold_1__seed_42,temporal,transformer,R0,150,1,42,,all,cost,,parameter_count,17443
G4,reused_valid,G4__g4_b_class_weights_w150__transformer__r0__w150__fold_1__seed_42,temporal,transformer,R0,150,1,42,,all,cost,,model_size_bytes,269619
G4,reused_valid,G4__g4_b_class_weights_w150__transformer__r0__w150__fold_1__seed_42,temporal,transformer,R0,150,1,42,,all,cost,,peak_gpu_memory_bytes,568797184
G4,reused_valid,G4__g4_b_class_weights_w150__transformer__r0__w150__fold_1__seed_42,temporal,transformer,R0,150,1,42,,all,cost,,inference_seconds,0.03534190000209492
G4,reused_valid,G4__g4_b_class_weights_w150__transformer__r0__w150__fold_1__seed_42,temporal,transformer,R0,150,1,42,,all,cost,,inference_windows_per_second,32680.755701632806
G4,reused_valid,G4__g4_b_class_weights_w150__transformer__r0__w150__fold_1__seed_42,temporal,transformer,R0,150,1,42,,test,global,,accuracy,0.6714659685863874
G4,reused_valid,G4__g4_b_class_weights_w150__transformer__r0__w150__fold_1__seed_42,temporal,transformer,R0,150,1,42,,test,global,,balanced_accuracy,0.5268836619168455
G4,reused_valid,G4__g4_b_class_weights_w150__transformer__r0__w150__fold_1__seed_42,temporal,transformer,R0,150,1,42,,test,global,,macro_f1,0.4498616628088519
G4,reused_valid,G4__g4_b_class_weights_w150__transformer__r0__w150__fold_2__seed_42,temporal,transformer,R0,150,2,42,,validation,global,,accuracy,0.7396551724137931
G4,reused_valid,G4__g4_b_class_weights_w150__transformer__r0__w150__fold_2__seed_42,temporal,transformer,R0,150,2,42,,validation,global,,balanced_accuracy,0.4424480346268056
G4,reused_valid,G4__g4_b_class_weights_w150__transformer__r0__w150__fold_2__seed_42,temporal,transformer,R0,150,2,42,,validation,global,,macro_f1,0.36037836164034615
G4,reused_valid,G4__g4_b_class_weights_w150__transformer__r0__w150__fold_2__seed_42,temporal,transformer,R0,150,2,42,,all,cost,,training_seconds,6.0448199000020395
G4,reused_valid,G4__g4_b_class_weights_w150__transformer__r0__w150__fold_2__seed_42,temporal,transformer,R0,150,2,42,,all,cost,,train_seconds,6.0448199000020395
G4,reused_valid,G4__g4_b_class_weights_w150__transformer__r0__w150__fold_2__seed_42,temporal,transformer,R0,150,2,42,,all,cost,,parameter_count,17443
G4,reused_valid,G4__g4_b_class_weights_w150__transformer__r0__w150__fold_2__seed_42,temporal,transformer,R0,150,2,42,,all,cost,,model_size_bytes,267955
G4,reused_valid,G4__g4_b_class_weights_w150__transformer__r0__w150__fold_2__seed_42,temporal,transformer,R0,150,2,42,,all,cost,,peak_gpu_memory_bytes,568971264
G4,reused_valid,G4__g4_b_class_weights_w150__transformer__r0__w150__fold_2__seed_42,temporal,transformer,R0,150,2,42,,all,cost,,inference_seconds,0.031664299996919
G4,reused_valid,G4__g4_b_class_weights_w150__transformer__r0__w150__fold_2__seed_42,temporal,transformer,R0,150,2,42,,all,cost,,inference_windows_per_second,36634.31688408935
G4,reused_valid,G4__g4_b_class_weights_w150__transformer__r0__w150__fold_2__seed_42,temporal,transformer,R0,150,2,42,,test,global,,accuracy,0.8625746876697447
G4,reused_valid,G4__g4_b_class_weights_w150__transformer__r0__w150__fold_2__seed_42,temporal,transformer,R0,150,2,42,,test,global,,balanced_accuracy,0.778860981841409
G4,reused_valid,G4__g4_b_class_weights_w150__transformer__r0__w150__fold_2__seed_42,temporal,transformer,R0,150,2,42,,test,global,,macro_f1,0.5155035577449371
G4,reused_valid,G4__g4_b_class_weights_w150__transformer__r0__w150__fold_3__seed_42,temporal,transformer,R0,150,3,42,,validation,global,,accuracy,0.7173333333333334
G4,reused_valid,G4__g4_b_class_weights_w150__transformer__r0__w150__fold_3__seed_42,temporal,transformer,R0,150,3,42,,validation,global,,balanced_accuracy,0.4144455120221107
G4,reused_valid,G4__g4_b_class_weights_w150__transformer__r0__w150__fold_3__seed_42,temporal,transformer,R0,150,3,42,,validation,global,,macro_f1,0.38945504381745993
G4,reused_valid,G4__g4_b_class_weights_w150__transformer__r0__w150__fold_3__seed_42,temporal,transformer,R0,150,3,42,,all,cost,,training_seconds,8.368622800000594
G4,reused_valid,G4__g4_b_class_weights_w150__transformer__r0__w150__fold_3__seed_42,temporal,transformer,R0,150,3,42,,all,cost,,train_seconds,8.368622800000594
G4,reused_valid,G4__g4_b_class_weights_w150__transformer__r0__w150__fold_3__seed_42,temporal,transformer,R0,150,3,42,,all,cost,,parameter_count,17443
G4,reused_valid,G4__g4_b_class_weights_w150__transformer__r0__w150__fold_3__seed_42,temporal,transformer,R0,150,3,42,,all,cost,,model_size_bytes,268531
G4,reused_valid,G4__g4_b_class_weights_w150__transformer__r0__w150__fold_3__seed_42,temporal,transformer,R0,150,3,42,,all,cost,,peak_gpu_memory_bytes,568971264
G4,reused_valid,G4__g4_b_class_weights_w150__transformer__r0__w150__fold_3__seed_42,temporal,transformer,R0,150,3,42,,all,cost,,inference_seconds,0.03353550000610994
G4,reused_valid,G4__g4_b_class_weights_w150__transformer__r0__w150__fold_3__seed_42,temporal,transformer,R0,150,3,42,,all,cost,,inference_windows_per_second,33546.54022737197
G4,reused_valid,G4__g4_b_class_weights_w150__transformer__r0__w150__fold_3__seed_42,temporal,transformer,R0,150,3,42,,test,global,,accuracy,0.883456128600134
G4,reused_valid,G4__g4_b_class_weights_w150__transformer__r0__w150__fold_3__seed_42,temporal,transformer,R0,150,3,42,,test,global,,balanced_accuracy,0.5135300757942267
G4,reused_valid,G4__g4_b_class_weights_w150__transformer__r0__w150__fold_3__seed_42,temporal,transformer,R0,150,3,42,,test,global,,macro_f1,0.4695919323578898
G4,reused_valid,G4__g4_b_class_weights_w150__transformer__r0__w150__fold_4__seed_42,temporal,transformer,R0,150,4,42,,validation,global,,accuracy,0.6669683257918552
G4,reused_valid,G4__g4_b_class_weights_w150__transformer__r0__w150__fold_4__seed_42,temporal,transformer,R0,150,4,42,,validation,global,,balanced_accuracy,0.5497210706791545
G4,reused_valid,G4__g4_b_class_weights_w150__transformer__r0__w150__fold_4__seed_42,temporal,transformer,R0,150,4,42,,validation,global,,macro_f1,0.38661679543980837
G4,reused_valid,G4__g4_b_class_weights_w150__transformer__r0__w150__fold_4__seed_42,temporal,transformer,R0,150,4,42,,all,cost,,training_seconds,7.096104100004595
G4,reused_valid,G4__g4_b_class_weights_w150__transformer__r0__w150__fold_4__seed_42,temporal,transformer,R0,150,4,42,,all,cost,,train_seconds,7.096104100004595
G4,reused_valid,G4__g4_b_class_weights_w150__transformer__r0__w150__fold_4__seed_42,temporal,transformer,R0,150,4,42,,all,cost,,parameter_count,17443
G4,reused_valid,G4__g4_b_class_weights_w150__transformer__r0__w150__fold_4__seed_42,temporal,transformer,R0,150,4,42,,all,cost,,model_size_bytes,267635
G4,reused_valid,G4__g4_b_class_weights_w150__transformer__r0__w150__fold_4__seed_42,temporal,transformer,R0,150,4,42,,all,cost,,peak_gpu_memory_bytes,568971264
G4,reused_valid,G4__g4_b_class_weights_w150__transformer__r0__w150__fold_4__seed_42,temporal,transformer,R0,150,4,42,,all,cost,,inference_seconds,0.043061099997430574
G4,reused_valid,G4__g4_b_class_weights_w150__transformer__r0__w150__fold_4__seed_42,temporal,transformer,R0,150,4,42,,all,cost,,inference_windows_per_second,25661.211628730678
G4,reused_valid,G4__g4_b_class_weights_w150__transformer__r0__w150__fold_4__seed_42,temporal,transformer,R0,150,4,42,,test,global,,accuracy,0.6812267657992565
G4,reused_valid,G4__g4_b_class_weights_w150__transformer__r0__w150__fold_4__seed_42,temporal,transformer,R0,150,4,42,,test,global,,balanced_accuracy,0.5566189624329159
G4,reused_valid,G4__g4_b_class_weights_w150__transformer__r0__w150__fold_4__seed_42,temporal,transformer,R0,150,4,42,,test,global,,macro_f1,0.36222071436591113
G4,reused_valid,G4__g4_b_class_weights_w60__lstm__r0__w60__fold_1__seed_42,temporal,lstm,R0,60,1,42,,validation,global,,accuracy,0.7830508474576271
G4,reused_valid,G4__g4_b_class_weights_w60__lstm__r0__w60__fold_1__seed_42,temporal,lstm,R0,60,1,42,,validation,global,,balanced_accuracy,0.5907784839408771
G4,reused_valid,G4__g4_b_class_weights_w60__lstm__r0__w60__fold_1__seed_42,temporal,lstm,R0,60,1,42,,validation,global,,macro_f1,0.46230365557907716
G4,reused_valid,G4__g4_b_class_weights_w60__lstm__r0__w60__fold_1__seed_42,temporal,lstm,R0,60,1,42,,all,cost,,training_seconds,3.3810958999965806
G4,reused_valid,G4__g4_b_class_weights_w60__lstm__r0__w60__fold_1__seed_42,temporal,lstm,R0,60,1,42,,all,cost,,train_seconds,3.3810958999965806
G4,reused_valid,G4__g4_b_class_weights_w60__lstm__r0__w60__fold_1__seed_42,temporal,lstm,R0,60,1,42,,all,cost,,parameter_count,51651
G4,reused_valid,G4__g4_b_class_weights_w60__lstm__r0__w60__fold_1__seed_42,temporal,lstm,R0,60,1,42,,all,cost,,model_size_bytes,652434
G4,reused_valid,G4__g4_b_class_weights_w60__lstm__r0__w60__fold_1__seed_42,temporal,lstm,R0,60,1,42,,all,cost,,peak_gpu_memory_bytes,376863744
G4,reused_valid,G4__g4_b_class_weights_w60__lstm__r0__w60__fold_1__seed_42,temporal,lstm,R0,60,1,42,,all,cost,,inference_seconds,0.019952800001192372
G4,reused_valid,G4__g4_b_class_weights_w60__lstm__r0__w60__fold_1__seed_42,temporal,lstm,R0,60,1,42,,all,cost,,inference_windows_per_second,59139.56938021148
G4,reused_valid,G4__g4_b_class_weights_w60__lstm__r0__w60__fold_1__seed_42,temporal,lstm,R0,60,1,42,,test,global,,accuracy,0.6773142112125163
G4,reused_valid,G4__g4_b_class_weights_w60__lstm__r0__w60__fold_1__seed_42,temporal,lstm,R0,60,1,42,,test,global,,balanced_accuracy,0.5136053156150028
G4,reused_valid,G4__g4_b_class_weights_w60__lstm__r0__w60__fold_1__seed_42,temporal,lstm,R0,60,1,42,,test,global,,macro_f1,0.49498128742739467
G4,reused_valid,G4__g4_b_class_weights_w60__lstm__r0__w60__fold_2__seed_42,temporal,lstm,R0,60,2,42,,validation,global,,accuracy,0.7331628303495311
G4,reused_valid,G4__g4_b_class_weights_w60__lstm__r0__w60__fold_2__seed_42,temporal,lstm,R0,60,2,42,,validation,global,,balanced_accuracy,0.391829109811566
G4,reused_valid,G4__g4_b_class_weights_w60__lstm__r0__w60__fold_2__seed_42,temporal,lstm,R0,60,2,42,,validation,global,,macro_f1,0.33815165744779224
G4,reused_valid,G4__g4_b_class_weights_w60__lstm__r0__w60__fold_2__seed_42,temporal,lstm,R0,60,2,42,,all,cost,,training_seconds,3.1360491999948863
G4,reused_valid,G4__g4_b_class_weights_w60__lstm__r0__w60__fold_2__seed_42,temporal,lstm,R0,60,2,42,,all,cost,,train_seconds,3.1360491999948863
G4,reused_valid,G4__g4_b_class_weights_w60__lstm__r0__w60__fold_2__seed_42,temporal,lstm,R0,60,2,42,,all,cost,,parameter_count,51651
G4,reused_valid,G4__g4_b_class_weights_w60__lstm__r0__w60__fold_2__seed_42,temporal,lstm,R0,60,2,42,,all,cost,,model_size_bytes,652306
G4,reused_valid,G4__g4_b_class_weights_w60__lstm__r0__w60__fold_2__seed_42,temporal,lstm,R0,60,2,42,,all,cost,,peak_gpu_memory_bytes,377266176
G4,reused_valid,G4__g4_b_class_weights_w60__lstm__r0__w60__fold_2__seed_42,temporal,lstm,R0,60,2,42,,all,cost,,inference_seconds,0.025698400000692345
G4,reused_valid,G4__g4_b_class_weights_w60__lstm__r0__w60__fold_2__seed_42,temporal,lstm,R0,60,2,42,,all,cost,,inference_windows_per_second,45644.86504873447
G4,reused_valid,G4__g4_b_class_weights_w60__lstm__r0__w60__fold_2__seed_42,temporal,lstm,R0,60,2,42,,test,global,,accuracy,0.8707081545064378
G4,reused_valid,G4__g4_b_class_weights_w60__lstm__r0__w60__fold_2__seed_42,temporal,lstm,R0,60,2,42,,test,global,,balanced_accuracy,0.7775345804828558
G4,reused_valid,G4__g4_b_class_weights_w60__lstm__r0__w60__fold_2__seed_42,temporal,lstm,R0,60,2,42,,test,global,,macro_f1,0.510974185998294
G4,reused_valid,G4__g4_b_class_weights_w60__lstm__r0__w60__fold_3__seed_42,temporal,lstm,R0,60,3,42,,validation,global,,accuracy,0.6620330147697654
G4,reused_valid,G4__g4_b_class_weights_w60__lstm__r0__w60__fold_3__seed_42,temporal,lstm,R0,60,3,42,,validation,global,,balanced_accuracy,0.5460221782416722
G4,reused_valid,G4__g4_b_class_weights_w60__lstm__r0__w60__fold_3__seed_42,temporal,lstm,R0,60,3,42,,validation,global,,macro_f1,0.39763990497999196
G4,reused_valid,G4__g4_b_class_weights_w60__lstm__r0__w60__fold_3__seed_42,temporal,lstm,R0,60,3,42,,all,cost,,training_seconds,3.9570870000025025
G4,reused_valid,G4__g4_b_class_weights_w60__lstm__r0__w60__fold_3__seed_42,temporal,lstm,R0,60,3,42,,all,cost,,train_seconds,3.9570870000025025
G4,reused_valid,G4__g4_b_class_weights_w60__lstm__r0__w60__fold_3__seed_42,temporal,lstm,R0,60,3,42,,all,cost,,parameter_count,51651
G4,reused_valid,G4__g4_b_class_weights_w60__lstm__r0__w60__fold_3__seed_42,temporal,lstm,R0,60,3,42,,all,cost,,model_size_bytes,652754
G4,reused_valid,G4__g4_b_class_weights_w60__lstm__r0__w60__fold_3__seed_42,temporal,lstm,R0,60,3,42,,all,cost,,peak_gpu_memory_bytes,377266176
G4,reused_valid,G4__g4_b_class_weights_w60__lstm__r0__w60__fold_3__seed_42,temporal,lstm,R0,60,3,42,,all,cost,,inference_seconds,0.022437799998442642
G4,reused_valid,G4__g4_b_class_weights_w60__lstm__r0__w60__fold_3__seed_42,temporal,lstm,R0,60,3,42,,all,cost,,inference_windows_per_second,51297.36427278469
G4,reused_valid,G4__g4_b_class_weights_w60__lstm__r0__w60__fold_3__seed_42,temporal,lstm,R0,60,3,42,,test,global,,accuracy,0.8413333333333334
G4,reused_valid,G4__g4_b_class_weights_w60__lstm__r0__w60__fold_3__seed_42,temporal,lstm,R0,60,3,42,,test,global,,balanced_accuracy,0.5533137968671985
G4,reused_valid,G4__g4_b_class_weights_w60__lstm__r0__w60__fold_3__seed_42,temporal,lstm,R0,60,3,42,,test,global,,macro_f1,0.4803296000224983
G4,reused_valid,G4__g4_b_class_weights_w60__lstm__r0__w60__fold_4__seed_42,temporal,lstm,R0,60,4,42,,validation,global,,accuracy,0.6808888888888889
G4,reused_valid,G4__g4_b_class_weights_w60__lstm__r0__w60__fold_4__seed_42,temporal,lstm,R0,60,4,42,,validation,global,,balanced_accuracy,0.5703825337776746
G4,reused_valid,G4__g4_b_class_weights_w60__lstm__r0__w60__fold_4__seed_42,temporal,lstm,R0,60,4,42,,validation,global,,macro_f1,0.40367770692186283
G4,reused_valid,G4__g4_b_class_weights_w60__lstm__r0__w60__fold_4__seed_42,temporal,lstm,R0,60,4,42,,all,cost,,training_seconds,4.96416290000343
G4,reused_valid,G4__g4_b_class_weights_w60__lstm__r0__w60__fold_4__seed_42,temporal,lstm,R0,60,4,42,,all,cost,,train_seconds,4.96416290000343
G4,reused_valid,G4__g4_b_class_weights_w60__lstm__r0__w60__fold_4__seed_42,temporal,lstm,R0,60,4,42,,all,cost,,parameter_count,51651
G4,reused_valid,G4__g4_b_class_weights_w60__lstm__r0__w60__fold_4__seed_42,temporal,lstm,R0,60,4,42,,all,cost,,model_size_bytes,653266
G4,reused_valid,G4__g4_b_class_weights_w60__lstm__r0__w60__fold_4__seed_42,temporal,lstm,R0,60,4,42,,all,cost,,peak_gpu_memory_bytes,377266176
G4,reused_valid,G4__g4_b_class_weights_w60__lstm__r0__w60__fold_4__seed_42,temporal,lstm,R0,60,4,42,,all,cost,,inference_seconds,0.023591099998157006
G4,reused_valid,G4__g4_b_class_weights_w60__lstm__r0__w60__fold_4__seed_42,temporal,lstm,R0,60,4,42,,all,cost,,inference_windows_per_second,47687.47536519652
G4,reused_valid,G4__g4_b_class_weights_w60__lstm__r0__w60__fold_4__seed_42,temporal,lstm,R0,60,4,42,,test,global,,accuracy,0.7031963470319634
G4,reused_valid,G4__g4_b_class_weights_w60__lstm__r0__w60__fold_4__seed_42,temporal,lstm,R0,60,4,42,,test,global,,balanced_accuracy,0.5573349688791968
G4,reused_valid,G4__g4_b_class_weights_w60__lstm__r0__w60__fold_4__seed_42,temporal,lstm,R0,60,4,42,,test,global,,macro_f1,0.3591701869342952
G4,reused_valid,G4__g4_b_class_weights_w60__svm__r0__w60__fold_1__seed_42,classical,svm,R0,60,1,42,class_weights,validation,global,,accuracy,0.7822033898305085
G4,reused_valid,G4__g4_b_class_weights_w60__svm__r0__w60__fold_1__seed_42,classical,svm,R0,60,1,42,class_weights,validation,global,,balanced_accuracy,0.5818053424891031
G4,reused_valid,G4__g4_b_class_weights_w60__svm__r0__w60__fold_1__seed_42,classical,svm,R0,60,1,42,class_weights,validation,global,,macro_f1,0.49396274644699695
G4,reused_valid,G4__g4_b_class_weights_w60__svm__r0__w60__fold_1__seed_42,classical,svm,R0,60,1,42,class_weights,all,cost,,train_seconds,8.869200400004047
G4,reused_valid,G4__g4_b_class_weights_w60__svm__r0__w60__fold_1__seed_42,classical,svm,R0,60,1,42,class_weights,test,global,,accuracy,0.6786179921773142
G4,reused_valid,G4__g4_b_class_weights_w60__svm__r0__w60__fold_1__seed_42,classical,svm,R0,60,1,42,class_weights,test,global,,balanced_accuracy,0.4839966824460655
G4,reused_valid,G4__g4_b_class_weights_w60__svm__r0__w60__fold_1__seed_42,classical,svm,R0,60,1,42,class_weights,test,global,,macro_f1,0.4415649831623332
G4,reused_valid,G4__g4_b_class_weights_w60__svm__r0__w60__fold_2__seed_42,classical,svm,R0,60,2,42,class_weights,validation,global,,accuracy,0.7084398976982097
G4,reused_valid,G4__g4_b_class_weights_w60__svm__r0__w60__fold_2__seed_42,classical,svm,R0,60,2,42,class_weights,validation,global,,balanced_accuracy,0.3981003707525896
G4,reused_valid,G4__g4_b_class_weights_w60__svm__r0__w60__fold_2__seed_42,classical,svm,R0,60,2,42,class_weights,validation,global,,macro_f1,0.34372755381472925
G4,reused_valid,G4__g4_b_class_weights_w60__svm__r0__w60__fold_2__seed_42,classical,svm,R0,60,2,42,class_weights,all,cost,,train_seconds,8.156199299999571
G4,reused_valid,G4__g4_b_class_weights_w60__svm__r0__w60__fold_2__seed_42,classical,svm,R0,60,2,42,class_weights,test,global,,accuracy,0.8465665236051502
G4,reused_valid,G4__g4_b_class_weights_w60__svm__r0__w60__fold_2__seed_42,classical,svm,R0,60,2,42,class_weights,test,global,,balanced_accuracy,0.7396128202510086
G4,reused_valid,G4__g4_b_class_weights_w60__svm__r0__w60__fold_2__seed_42,classical,svm,R0,60,2,42,class_weights,test,global,,macro_f1,0.4958330056535682
G4,reused_valid,G4__g4_b_class_weights_w60__svm__r0__w60__fold_3__seed_42,classical,svm,R0,60,3,42,class_weights,validation,global,,accuracy,0.7193744569939183
G4,reused_valid,G4__g4_b_class_weights_w60__svm__r0__w60__fold_3__seed_42,classical,svm,R0,60,3,42,class_weights,validation,global,,balanced_accuracy,0.3949236681968613
G4,reused_valid,G4__g4_b_class_weights_w60__svm__r0__w60__fold_3__seed_42,classical,svm,R0,60,3,42,class_weights,validation,global,,macro_f1,0.3754281041406502
G4,reused_valid,G4__g4_b_class_weights_w60__svm__r0__w60__fold_3__seed_42,classical,svm,R0,60,3,42,class_weights,all,cost,,train_seconds,7.624128599993128
G4,reused_valid,G4__g4_b_class_weights_w60__svm__r0__w60__fold_3__seed_42,classical,svm,R0,60,3,42,class_weights,test,global,,accuracy,0.8146666666666667
G4,reused_valid,G4__g4_b_class_weights_w60__svm__r0__w60__fold_3__seed_42,classical,svm,R0,60,3,42,class_weights,test,global,,balanced_accuracy,0.4892404291636186
G4,reused_valid,G4__g4_b_class_weights_w60__svm__r0__w60__fold_3__seed_42,classical,svm,R0,60,3,42,class_weights,test,global,,macro_f1,0.41709246731148575
G4,reused_valid,G4__g4_b_class_weights_w60__svm__r0__w60__fold_4__seed_42,classical,svm,R0,60,4,42,class_weights,validation,global,,accuracy,0.7111111111111111
G4,reused_valid,G4__g4_b_class_weights_w60__svm__r0__w60__fold_4__seed_42,classical,svm,R0,60,4,42,class_weights,validation,global,,balanced_accuracy,0.3766469038208169
G4,reused_valid,G4__g4_b_class_weights_w60__svm__r0__w60__fold_4__seed_42,classical,svm,R0,60,4,42,class_weights,validation,global,,macro_f1,0.3460873201421755
G4,reused_valid,G4__g4_b_class_weights_w60__svm__r0__w60__fold_4__seed_42,classical,svm,R0,60,4,42,class_weights,all,cost,,train_seconds,9.067271499996423
G4,reused_valid,G4__g4_b_class_weights_w60__svm__r0__w60__fold_4__seed_42,classical,svm,R0,60,4,42,class_weights,test,global,,accuracy,0.726027397260274
G4,reused_valid,G4__g4_b_class_weights_w60__svm__r0__w60__fold_4__seed_42,classical,svm,R0,60,4,42,class_weights,test,global,,balanced_accuracy,0.5517922856753441
G4,reused_valid,G4__g4_b_class_weights_w60__svm__r0__w60__fold_4__seed_42,classical,svm,R0,60,4,42,class_weights,test,global,,macro_f1,0.36116528433352285
G4,reused_valid,G4__g4_b_class_weights_w60__tcn__r0__w60__fold_1__seed_42,temporal,tcn,R0,60,1,42,,validation,global,,accuracy,0.6923728813559322
G4,reused_valid,G4__g4_b_class_weights_w60__tcn__r0__w60__fold_1__seed_42,temporal,tcn,R0,60,1,42,,validation,global,,balanced_accuracy,0.7268001071419875
G4,reused_valid,G4__g4_b_class_weights_w60__tcn__r0__w60__fold_1__seed_42,temporal,tcn,R0,60,1,42,,validation,global,,macro_f1,0.41761614901703537
G4,reused_valid,G4__g4_b_class_weights_w60__tcn__r0__w60__fold_1__seed_42,temporal,tcn,R0,60,1,42,,all,cost,,training_seconds,316.106775799999
G4,reused_valid,G4__g4_b_class_weights_w60__tcn__r0__w60__fold_1__seed_42,temporal,tcn,R0,60,1,42,,all,cost,,train_seconds,316.106775799999
G4,reused_valid,G4__g4_b_class_weights_w60__tcn__r0__w60__fold_1__seed_42,temporal,tcn,R0,60,1,42,,all,cost,,parameter_count,49379
G4,reused_valid,G4__g4_b_class_weights_w60__tcn__r0__w60__fold_1__seed_42,temporal,tcn,R0,60,1,42,,all,cost,,model_size_bytes,637116
G4,reused_valid,G4__g4_b_class_weights_w60__tcn__r0__w60__fold_1__seed_42,temporal,tcn,R0,60,1,42,,all,cost,,peak_gpu_memory_bytes,188977664
G4,reused_valid,G4__g4_b_class_weights_w60__tcn__r0__w60__fold_1__seed_42,temporal,tcn,R0,60,1,42,,all,cost,,inference_seconds,3.7019225000040024
G4,reused_valid,G4__g4_b_class_weights_w60__tcn__r0__w60__fold_1__seed_42,temporal,tcn,R0,60,1,42,,all,cost,,inference_windows_per_second,318.75329642874055
G4,reused_valid,G4__g4_b_class_weights_w60__tcn__r0__w60__fold_1__seed_42,temporal,tcn,R0,60,1,42,,test,global,,accuracy,0.6564537157757496
G4,reused_valid,G4__g4_b_class_weights_w60__tcn__r0__w60__fold_1__seed_42,temporal,tcn,R0,60,1,42,,test,global,,balanced_accuracy,0.5370557917767981
G4,reused_valid,G4__g4_b_class_weights_w60__tcn__r0__w60__fold_1__seed_42,temporal,tcn,R0,60,1,42,,test,global,,macro_f1,0.5143859211896066
G4,reused_valid,G4__g4_b_class_weights_w60__tcn__r0__w60__fold_2__seed_42,temporal,tcn,R0,60,2,42,,validation,global,,accuracy,0.7246376811594203
G4,reused_valid,G4__g4_b_class_weights_w60__tcn__r0__w60__fold_2__seed_42,temporal,tcn,R0,60,2,42,,validation,global,,balanced_accuracy,0.49339334174215493
G4,reused_valid,G4__g4_b_class_weights_w60__tcn__r0__w60__fold_2__seed_42,temporal,tcn,R0,60,2,42,,validation,global,,macro_f1,0.38381767490112173
G4,reused_valid,G4__g4_b_class_weights_w60__tcn__r0__w60__fold_2__seed_42,temporal,tcn,R0,60,2,42,,all,cost,,training_seconds,284.21722659999796
G4,reused_valid,G4__g4_b_class_weights_w60__tcn__r0__w60__fold_2__seed_42,temporal,tcn,R0,60,2,42,,all,cost,,train_seconds,284.21722659999796
G4,reused_valid,G4__g4_b_class_weights_w60__tcn__r0__w60__fold_2__seed_42,temporal,tcn,R0,60,2,42,,all,cost,,parameter_count,49379
G4,reused_valid,G4__g4_b_class_weights_w60__tcn__r0__w60__fold_2__seed_42,temporal,tcn,R0,60,2,42,,all,cost,,model_size_bytes,637052
G4,reused_valid,G4__g4_b_class_weights_w60__tcn__r0__w60__fold_2__seed_42,temporal,tcn,R0,60,2,42,,all,cost,,peak_gpu_memory_bytes,188977664
G4,reused_valid,G4__g4_b_class_weights_w60__tcn__r0__w60__fold_2__seed_42,temporal,tcn,R0,60,2,42,,all,cost,,inference_seconds,3.667486500002269
G4,reused_valid,G4__g4_b_class_weights_w60__tcn__r0__w60__fold_2__seed_42,temporal,tcn,R0,60,2,42,,all,cost,,inference_windows_per_second,319.83757813403656
G4,reused_valid,G4__g4_b_class_weights_w60__tcn__r0__w60__fold_2__seed_42,temporal,tcn,R0,60,2,42,,test,global,,accuracy,0.8626609442060086
G4,reused_valid,G4__g4_b_class_weights_w60__tcn__r0__w60__fold_2__seed_42,temporal,tcn,R0,60,2,42,,test,global,,balanced_accuracy,0.7810898473396871
G4,reused_valid,G4__g4_b_class_weights_w60__tcn__r0__w60__fold_2__seed_42,temporal,tcn,R0,60,2,42,,test,global,,macro_f1,0.5183312734600382
G4,reused_valid,G4__g4_b_class_weights_w60__tcn__r0__w60__fold_3__seed_42,temporal,tcn,R0,60,3,42,,validation,global,,accuracy,0.7471763683753258
G4,reused_valid,G4__g4_b_class_weights_w60__tcn__r0__w60__fold_3__seed_42,temporal,tcn,R0,60,3,42,,validation,global,,balanced_accuracy,0.40388687235329707
G4,reused_valid,G4__g4_b_class_weights_w60__tcn__r0__w60__fold_3__seed_42,temporal,tcn,R0,60,3,42,,validation,global,,macro_f1,0.39384059125073234
G4,reused_valid,G4__g4_b_class_weights_w60__tcn__r0__w60__fold_3__seed_42,temporal,tcn,R0,60,3,42,,all,cost,,training_seconds,301.0808567999993
G4,reused_valid,G4__g4_b_class_weights_w60__tcn__r0__w60__fold_3__seed_42,temporal,tcn,R0,60,3,42,,all,cost,,train_seconds,301.0808567999993
G4,reused_valid,G4__g4_b_class_weights_w60__tcn__r0__w60__fold_3__seed_42,temporal,tcn,R0,60,3,42,,all,cost,,parameter_count,49379
G4,reused_valid,G4__g4_b_class_weights_w60__tcn__r0__w60__fold_3__seed_42,temporal,tcn,R0,60,3,42,,all,cost,,model_size_bytes,637052
G4,reused_valid,G4__g4_b_class_weights_w60__tcn__r0__w60__fold_3__seed_42,temporal,tcn,R0,60,3,42,,all,cost,,peak_gpu_memory_bytes,188977664
G4,reused_valid,G4__g4_b_class_weights_w60__tcn__r0__w60__fold_3__seed_42,temporal,tcn,R0,60,3,42,,all,cost,,inference_seconds,3.5833621000056155
G4,reused_valid,G4__g4_b_class_weights_w60__tcn__r0__w60__fold_3__seed_42,temporal,tcn,R0,60,3,42,,all,cost,,inference_windows_per_second,321.2067237073798
G4,reused_valid,G4__g4_b_class_weights_w60__tcn__r0__w60__fold_3__seed_42,temporal,tcn,R0,60,3,42,,test,global,,accuracy,0.8713333333333333
G4,reused_valid,G4__g4_b_class_weights_w60__tcn__r0__w60__fold_3__seed_42,temporal,tcn,R0,60,3,42,,test,global,,balanced_accuracy,0.4928080839748725
G4,reused_valid,G4__g4_b_class_weights_w60__tcn__r0__w60__fold_3__seed_42,temporal,tcn,R0,60,3,42,,test,global,,macro_f1,0.4699633118481286
G4,reused_valid,G4__g4_b_class_weights_w60__tcn__r0__w60__fold_4__seed_42,temporal,tcn,R0,60,4,42,,validation,global,,accuracy,0.7217777777777777
G4,reused_valid,G4__g4_b_class_weights_w60__tcn__r0__w60__fold_4__seed_42,temporal,tcn,R0,60,4,42,,validation,global,,balanced_accuracy,0.5147058823529412
G4,reused_valid,G4__g4_b_class_weights_w60__tcn__r0__w60__fold_4__seed_42,temporal,tcn,R0,60,4,42,,validation,global,,macro_f1,0.41639273351049894
G4,reused_valid,G4__g4_b_class_weights_w60__tcn__r0__w60__fold_4__seed_42,temporal,tcn,R0,60,4,42,,all,cost,,training_seconds,339.59701619999396
G4,reused_valid,G4__g4_b_class_weights_w60__tcn__r0__w60__fold_4__seed_42,temporal,tcn,R0,60,4,42,,all,cost,,train_seconds,339.59701619999396
G4,reused_valid,G4__g4_b_class_weights_w60__tcn__r0__w60__fold_4__seed_42,temporal,tcn,R0,60,4,42,,all,cost,,parameter_count,49379
G4,reused_valid,G4__g4_b_class_weights_w60__tcn__r0__w60__fold_4__seed_42,temporal,tcn,R0,60,4,42,,all,cost,,model_size_bytes,637052
G4,reused_valid,G4__g4_b_class_weights_w60__tcn__r0__w60__fold_4__seed_42,temporal,tcn,R0,60,4,42,,all,cost,,peak_gpu_memory_bytes,188977664
G4,reused_valid,G4__g4_b_class_weights_w60__tcn__r0__w60__fold_4__seed_42,temporal,tcn,R0,60,4,42,,all,cost,,inference_seconds,3.5823222999970312
G4,reused_valid,G4__g4_b_class_weights_w60__tcn__r0__w60__fold_4__seed_42,temporal,tcn,R0,60,4,42,,all,cost,,inference_windows_per_second,314.0420949842878
G4,reused_valid,G4__g4_b_class_weights_w60__tcn__r0__w60__fold_4__seed_42,temporal,tcn,R0,60,4,42,,test,global,,accuracy,0.7141552511415525
G4,reused_valid,G4__g4_b_class_weights_w60__tcn__r0__w60__fold_4__seed_42,temporal,tcn,R0,60,4,42,,test,global,,balanced_accuracy,0.5605038389895961
G4,reused_valid,G4__g4_b_class_weights_w60__tcn__r0__w60__fold_4__seed_42,temporal,tcn,R0,60,4,42,,test,global,,macro_f1,0.3669796704562109
G4,reused_valid,G4__g4_c_weighted_sampling_w150__transformer__r0__w150__fold_1__seed_42,temporal,transformer,R0,150,1,42,,validation,global,,accuracy,0.7212121212121212
G4,reused_valid,G4__g4_c_weighted_sampling_w150__transformer__r0__w150__fold_1__seed_42,temporal,transformer,R0,150,1,42,,validation,global,,balanced_accuracy,0.41784365010171465
G4,reused_valid,G4__g4_c_weighted_sampling_w150__transformer__r0__w150__fold_1__seed_42,temporal,transformer,R0,150,1,42,,validation,global,,macro_f1,0.4232512985568683
G4,reused_valid,G4__g4_c_weighted_sampling_w150__transformer__r0__w150__fold_1__seed_42,temporal,transformer,R0,150,1,42,,all,cost,,training_seconds,8.422492800003965
G4,reused_valid,G4__g4_c_weighted_sampling_w150__transformer__r0__w150__fold_1__seed_42,temporal,transformer,R0,150,1,42,,all,cost,,train_seconds,8.422492800003965
G4,reused_valid,G4__g4_c_weighted_sampling_w150__transformer__r0__w150__fold_1__seed_42,temporal,transformer,R0,150,1,42,,all,cost,,parameter_count,17443
G4,reused_valid,G4__g4_c_weighted_sampling_w150__transformer__r0__w150__fold_1__seed_42,temporal,transformer,R0,150,1,42,,all,cost,,model_size_bytes,268403
G4,reused_valid,G4__g4_c_weighted_sampling_w150__transformer__r0__w150__fold_1__seed_42,temporal,transformer,R0,150,1,42,,all,cost,,peak_gpu_memory_bytes,568796672
G4,reused_valid,G4__g4_c_weighted_sampling_w150__transformer__r0__w150__fold_1__seed_42,temporal,transformer,R0,150,1,42,,all,cost,,inference_seconds,0.037723499997809995
G4,reused_valid,G4__g4_c_weighted_sampling_w150__transformer__r0__w150__fold_1__seed_42,temporal,transformer,R0,150,1,42,,all,cost,,inference_windows_per_second,30617.5195850611
G4,reused_valid,G4__g4_c_weighted_sampling_w150__transformer__r0__w150__fold_1__seed_42,temporal,transformer,R0,150,1,42,,test,global,,accuracy,0.6681937172774869
G4,reused_valid,G4__g4_c_weighted_sampling_w150__transformer__r0__w150__fold_1__seed_42,temporal,transformer,R0,150,1,42,,test,global,,balanced_accuracy,0.5201281801028044
G4,reused_valid,G4__g4_c_weighted_sampling_w150__transformer__r0__w150__fold_1__seed_42,temporal,transformer,R0,150,1,42,,test,global,,macro_f1,0.45360837674308424
G4,reused_valid,G4__g4_c_weighted_sampling_w150__transformer__r0__w150__fold_2__seed_42,temporal,transformer,R0,150,2,42,,validation,global,,accuracy,0.728448275862069
G4,reused_valid,G4__g4_c_weighted_sampling_w150__transformer__r0__w150__fold_2__seed_42,temporal,transformer,R0,150,2,42,,validation,global,,balanced_accuracy,0.43421913533645373
G4,reused_valid,G4__g4_c_weighted_sampling_w150__transformer__r0__w150__fold_2__seed_42,temporal,transformer,R0,150,2,42,,validation,global,,macro_f1,0.3587981979460155
G4,reused_valid,G4__g4_c_weighted_sampling_w150__transformer__r0__w150__fold_2__seed_42,temporal,transformer,R0,150,2,42,,all,cost,,training_seconds,5.8143874000015785
G4,reused_valid,G4__g4_c_weighted_sampling_w150__transformer__r0__w150__fold_2__seed_42,temporal,transformer,R0,150,2,42,,all,cost,,train_seconds,5.8143874000015785
G4,reused_valid,G4__g4_c_weighted_sampling_w150__transformer__r0__w150__fold_2__seed_42,temporal,transformer,R0,150,2,42,,all,cost,,parameter_count,17443
G4,reused_valid,G4__g4_c_weighted_sampling_w150__transformer__r0__w150__fold_2__seed_42,temporal,transformer,R0,150,2,42,,all,cost,,model_size_bytes,267891
G4,reused_valid,G4__g4_c_weighted_sampling_w150__transformer__r0__w150__fold_2__seed_42,temporal,transformer,R0,150,2,42,,all,cost,,peak_gpu_memory_bytes,568970752
G4,reused_valid,G4__g4_c_weighted_sampling_w150__transformer__r0__w150__fold_2__seed_42,temporal,transformer,R0,150,2,42,,all,cost,,inference_seconds,0.03856509999604896
G4,reused_valid,G4__g4_c_weighted_sampling_w150__transformer__r0__w150__fold_2__seed_42,temporal,transformer,R0,150,2,42,,all,cost,,inference_windows_per_second,30079.009262749052
G4,reused_valid,G4__g4_c_weighted_sampling_w150__transformer__r0__w150__fold_2__seed_42,temporal,transformer,R0,150,2,42,,test,global,,accuracy,0.8598587724063009
G4,reused_valid,G4__g4_c_weighted_sampling_w150__transformer__r0__w150__fold_2__seed_42,temporal,transformer,R0,150,2,42,,test,global,,balanced_accuracy,0.7743407245186604
G4,reused_valid,G4__g4_c_weighted_sampling_w150__transformer__r0__w150__fold_2__seed_42,temporal,transformer,R0,150,2,42,,test,global,,macro_f1,0.5179892488167289
G4,reused_valid,G4__g4_c_weighted_sampling_w150__transformer__r0__w150__fold_3__seed_42,temporal,transformer,R0,150,3,42,,validation,global,,accuracy,0.7271111111111112
G4,reused_valid,G4__g4_c_weighted_sampling_w150__transformer__r0__w150__fold_3__seed_42,temporal,transformer,R0,150,3,42,,validation,global,,balanced_accuracy,0.42995860171049666
G4,reused_valid,G4__g4_c_weighted_sampling_w150__transformer__r0__w150__fold_3__seed_42,temporal,transformer,R0,150,3,42,,validation,global,,macro_f1,0.40037880031968126
G4,reused_valid,G4__g4_c_weighted_sampling_w150__transformer__r0__w150__fold_3__seed_42,temporal,transformer,R0,150,3,42,,all,cost,,training_seconds,9.686435399999027
G4,reused_valid,G4__g4_c_weighted_sampling_w150__transformer__r0__w150__fold_3__seed_42,temporal,transformer,R0,150,3,42,,all,cost,,train_seconds,9.686435399999027
G4,reused_valid,G4__g4_c_weighted_sampling_w150__transformer__r0__w150__fold_3__seed_42,temporal,transformer,R0,150,3,42,,all,cost,,parameter_count,17443
G4,reused_valid,G4__g4_c_weighted_sampling_w150__transformer__r0__w150__fold_3__seed_42,temporal,transformer,R0,150,3,42,,all,cost,,model_size_bytes,268979
G4,reused_valid,G4__g4_c_weighted_sampling_w150__transformer__r0__w150__fold_3__seed_42,temporal,transformer,R0,150,3,42,,all,cost,,peak_gpu_memory_bytes,568970752
G4,reused_valid,G4__g4_c_weighted_sampling_w150__transformer__r0__w150__fold_3__seed_42,temporal,transformer,R0,150,3,42,,all,cost,,inference_seconds,0.03544069999770727
G4,reused_valid,G4__g4_c_weighted_sampling_w150__transformer__r0__w150__fold_3__seed_42,temporal,transformer,R0,150,3,42,,all,cost,,inference_windows_per_second,31743.165345853173
G4,reused_valid,G4__g4_c_weighted_sampling_w150__transformer__r0__w150__fold_3__seed_42,temporal,transformer,R0,150,3,42,,test,global,,accuracy,0.8807769591426657
G4,reused_valid,G4__g4_c_weighted_sampling_w150__transformer__r0__w150__fold_3__seed_42,temporal,transformer,R0,150,3,42,,test,global,,balanced_accuracy,0.5096528209735757
G4,reused_valid,G4__g4_c_weighted_sampling_w150__transformer__r0__w150__fold_3__seed_42,temporal,transformer,R0,150,3,42,,test,global,,macro_f1,0.4655124387582221
G4,reused_valid,G4__g4_c_weighted_sampling_w150__transformer__r0__w150__fold_4__seed_42,temporal,transformer,R0,150,4,42,,validation,global,,accuracy,0.6624434389140271
G4,reused_valid,G4__g4_c_weighted_sampling_w150__transformer__r0__w150__fold_4__seed_42,temporal,transformer,R0,150,4,42,,validation,global,,balanced_accuracy,0.5755028404729003
G4,reused_valid,G4__g4_c_weighted_sampling_w150__transformer__r0__w150__fold_4__seed_42,temporal,transformer,R0,150,4,42,,validation,global,,macro_f1,0.3866842372329387
G4,reused_valid,G4__g4_c_weighted_sampling_w150__transformer__r0__w150__fold_4__seed_42,temporal,transformer,R0,150,4,42,,all,cost,,training_seconds,6.3104005999994115
G4,reused_valid,G4__g4_c_weighted_sampling_w150__transformer__r0__w150__fold_4__seed_42,temporal,transformer,R0,150,4,42,,all,cost,,train_seconds,6.3104005999994115
G4,reused_valid,G4__g4_c_weighted_sampling_w150__transformer__r0__w150__fold_4__seed_42,temporal,transformer,R0,150,4,42,,all,cost,,parameter_count,17443
G4,reused_valid,G4__g4_c_weighted_sampling_w150__transformer__r0__w150__fold_4__seed_42,temporal,transformer,R0,150,4,42,,all,cost,,model_size_bytes,267635
G4,reused_valid,G4__g4_c_weighted_sampling_w150__transformer__r0__w150__fold_4__seed_42,temporal,transformer,R0,150,4,42,,all,cost,,peak_gpu_memory_bytes,568970752
G4,reused_valid,G4__g4_c_weighted_sampling_w150__transformer__r0__w150__fold_4__seed_42,temporal,transformer,R0,150,4,42,,all,cost,,inference_seconds,0.03779420000500977
G4,reused_valid,G4__g4_c_weighted_sampling_w150__transformer__r0__w150__fold_4__seed_42,temporal,transformer,R0,150,4,42,,all,cost,,inference_windows_per_second,29237.29037401315
G4,reused_valid,G4__g4_c_weighted_sampling_w150__transformer__r0__w150__fold_4__seed_42,temporal,transformer,R0,150,4,42,,test,global,,accuracy,0.6765799256505576
G4,reused_valid,G4__g4_c_weighted_sampling_w150__transformer__r0__w150__fold_4__seed_42,temporal,transformer,R0,150,4,42,,test,global,,balanced_accuracy,0.5639290941616523
G4,reused_valid,G4__g4_c_weighted_sampling_w150__transformer__r0__w150__fold_4__seed_42,temporal,transformer,R0,150,4,42,,test,global,,macro_f1,0.3642276422764228
G4,reused_valid,G4__g4_c_weighted_sampling_w60__lstm__r0__w60__fold_1__seed_42,temporal,lstm,R0,60,1,42,,validation,global,,accuracy,0.6957627118644067
G4,reused_valid,G4__g4_c_weighted_sampling_w60__lstm__r0__w60__fold_1__seed_42,temporal,lstm,R0,60,1,42,,validation,global,,balanced_accuracy,0.7125550928969733
G4,reused_valid,G4__g4_c_weighted_sampling_w60__lstm__r0__w60__fold_1__seed_42,temporal,lstm,R0,60,1,42,,validation,global,,macro_f1,0.4074660972357264
G4,reused_valid,G4__g4_c_weighted_sampling_w60__lstm__r0__w60__fold_1__seed_42,temporal,lstm,R0,60,1,42,,all,cost,,training_seconds,3.908732700001565
G4,reused_valid,G4__g4_c_weighted_sampling_w60__lstm__r0__w60__fold_1__seed_42,temporal,lstm,R0,60,1,42,,all,cost,,train_seconds,3.908732700001565
G4,reused_valid,G4__g4_c_weighted_sampling_w60__lstm__r0__w60__fold_1__seed_42,temporal,lstm,R0,60,1,42,,all,cost,,parameter_count,51651
G4,reused_valid,G4__g4_c_weighted_sampling_w60__lstm__r0__w60__fold_1__seed_42,temporal,lstm,R0,60,1,42,,all,cost,,model_size_bytes,652050
G4,reused_valid,G4__g4_c_weighted_sampling_w60__lstm__r0__w60__fold_1__seed_42,temporal,lstm,R0,60,1,42,,all,cost,,peak_gpu_memory_bytes,376863232
G4,reused_valid,G4__g4_c_weighted_sampling_w60__lstm__r0__w60__fold_1__seed_42,temporal,lstm,R0,60,1,42,,all,cost,,inference_seconds,0.03142929999739863
G4,reused_valid,G4__g4_c_weighted_sampling_w60__lstm__r0__w60__fold_1__seed_42,temporal,lstm,R0,60,1,42,,all,cost,,inference_windows_per_second,37544.58419683758
G4,reused_valid,G4__g4_c_weighted_sampling_w60__lstm__r0__w60__fold_1__seed_42,temporal,lstm,R0,60,1,42,,test,global,,accuracy,0.6192959582790091
G4,reused_valid,G4__g4_c_weighted_sampling_w60__lstm__r0__w60__fold_1__seed_42,temporal,lstm,R0,60,1,42,,test,global,,balanced_accuracy,0.5278674627020107
G4,reused_valid,G4__g4_c_weighted_sampling_w60__lstm__r0__w60__fold_1__seed_42,temporal,lstm,R0,60,1,42,,test,global,,macro_f1,0.5000096210374783
G4,reused_valid,G4__g4_c_weighted_sampling_w60__lstm__r0__w60__fold_2__seed_42,temporal,lstm,R0,60,2,42,,validation,global,,accuracy,0.7280477408354646
G4,reused_valid,G4__g4_c_weighted_sampling_w60__lstm__r0__w60__fold_2__seed_42,temporal,lstm,R0,60,2,42,,validation,global,,balanced_accuracy,0.4133537820586324
G4,reused_valid,G4__g4_c_weighted_sampling_w60__lstm__r0__w60__fold_2__seed_42,temporal,lstm,R0,60,2,42,,validation,global,,macro_f1,0.36804687541731435
G4,reused_valid,G4__g4_c_weighted_sampling_w60__lstm__r0__w60__fold_2__seed_42,temporal,lstm,R0,60,2,42,,all,cost,,training_seconds,3.14050309999584
G4,reused_valid,G4__g4_c_weighted_sampling_w60__lstm__r0__w60__fold_2__seed_42,temporal,lstm,R0,60,2,42,,all,cost,,train_seconds,3.14050309999584
G4,reused_valid,G4__g4_c_weighted_sampling_w60__lstm__r0__w60__fold_2__seed_42,temporal,lstm,R0,60,2,42,,all,cost,,parameter_count,51651
G4,reused_valid,G4__g4_c_weighted_sampling_w60__lstm__r0__w60__fold_2__seed_42,temporal,lstm,R0,60,2,42,,all,cost,,model_size_bytes,651986
G4,reused_valid,G4__g4_c_weighted_sampling_w60__lstm__r0__w60__fold_2__seed_42,temporal,lstm,R0,60,2,42,,all,cost,,peak_gpu_memory_bytes,377265664
G4,reused_valid,G4__g4_c_weighted_sampling_w60__lstm__r0__w60__fold_2__seed_42,temporal,lstm,R0,60,2,42,,all,cost,,inference_seconds,0.025178399999276735
G4,reused_valid,G4__g4_c_weighted_sampling_w60__lstm__r0__w60__fold_2__seed_42,temporal,lstm,R0,60,2,42,,all,cost,,inference_windows_per_second,46587.55123572964
G4,reused_valid,G4__g4_c_weighted_sampling_w60__lstm__r0__w60__fold_2__seed_42,temporal,lstm,R0,60,2,42,,test,global,,accuracy,0.8669527896995708
G4,reused_valid,G4__g4_c_weighted_sampling_w60__lstm__r0__w60__fold_2__seed_42,temporal,lstm,R0,60,2,42,,test,global,,balanced_accuracy,0.7753067001518565
G4,reused_valid,G4__g4_c_weighted_sampling_w60__lstm__r0__w60__fold_2__seed_42,temporal,lstm,R0,60,2,42,,test,global,,macro_f1,0.5098344723108713
G4,reused_valid,G4__g4_c_weighted_sampling_w60__lstm__r0__w60__fold_3__seed_42,temporal,lstm,R0,60,3,42,,validation,global,,accuracy,0.7254561251086012
G4,reused_valid,G4__g4_c_weighted_sampling_w60__lstm__r0__w60__fold_3__seed_42,temporal,lstm,R0,60,3,42,,validation,global,,balanced_accuracy,0.3972901320237714
G4,reused_valid,G4__g4_c_weighted_sampling_w60__lstm__r0__w60__fold_3__seed_42,temporal,lstm,R0,60,3,42,,validation,global,,macro_f1,0.3842129248323873
G4,reused_valid,G4__g4_c_weighted_sampling_w60__lstm__r0__w60__fold_3__seed_42,temporal,lstm,R0,60,3,42,,all,cost,,training_seconds,4.261741499998607
G4,reused_valid,G4__g4_c_weighted_sampling_w60__lstm__r0__w60__fold_3__seed_42,temporal,lstm,R0,60,3,42,,all,cost,,train_seconds,4.261741499998607
G4,reused_valid,G4__g4_c_weighted_sampling_w60__lstm__r0__w60__fold_3__seed_42,temporal,lstm,R0,60,3,42,,all,cost,,parameter_count,51651
G4,reused_valid,G4__g4_c_weighted_sampling_w60__lstm__r0__w60__fold_3__seed_42,temporal,lstm,R0,60,3,42,,all,cost,,model_size_bytes,652818
G4,reused_valid,G4__g4_c_weighted_sampling_w60__lstm__r0__w60__fold_3__seed_42,temporal,lstm,R0,60,3,42,,all,cost,,peak_gpu_memory_bytes,377265664
G4,reused_valid,G4__g4_c_weighted_sampling_w60__lstm__r0__w60__fold_3__seed_42,temporal,lstm,R0,60,3,42,,all,cost,,inference_seconds,0.025451599998632446
G4,reused_valid,G4__g4_c_weighted_sampling_w60__lstm__r0__w60__fold_3__seed_42,temporal,lstm,R0,60,3,42,,all,cost,,inference_windows_per_second,45223.090102855815
G4,reused_valid,G4__g4_c_weighted_sampling_w60__lstm__r0__w60__fold_3__seed_42,temporal,lstm,R0,60,3,42,,test,global,,accuracy,0.8253333333333334
G4,reused_valid,G4__g4_c_weighted_sampling_w60__lstm__r0__w60__fold_3__seed_42,temporal,lstm,R0,60,3,42,,test,global,,balanced_accuracy,0.5318323927961822
G4,reused_valid,G4__g4_c_weighted_sampling_w60__lstm__r0__w60__fold_3__seed_42,temporal,lstm,R0,60,3,42,,test,global,,macro_f1,0.4653540929466065
G4,reused_valid,G4__g4_c_weighted_sampling_w60__lstm__r0__w60__fold_4__seed_42,temporal,lstm,R0,60,4,42,,validation,global,,accuracy,0.6871111111111111
G4,reused_valid,G4__g4_c_weighted_sampling_w60__lstm__r0__w60__fold_4__seed_42,temporal,lstm,R0,60,4,42,,validation,global,,balanced_accuracy,0.5632596747526415
G4,reused_valid,G4__g4_c_weighted_sampling_w60__lstm__r0__w60__fold_4__seed_42,temporal,lstm,R0,60,4,42,,validation,global,,macro_f1,0.4026040994258369
G4,reused_valid,G4__g4_c_weighted_sampling_w60__lstm__r0__w60__fold_4__seed_42,temporal,lstm,R0,60,4,42,,all,cost,,training_seconds,4.546950799995102
G4,reused_valid,G4__g4_c_weighted_sampling_w60__lstm__r0__w60__fold_4__seed_42,temporal,lstm,R0,60,4,42,,all,cost,,train_seconds,4.546950799995102
G4,reused_valid,G4__g4_c_weighted_sampling_w60__lstm__r0__w60__fold_4__seed_42,temporal,lstm,R0,60,4,42,,all,cost,,parameter_count,51651
G4,reused_valid,G4__g4_c_weighted_sampling_w60__lstm__r0__w60__fold_4__seed_42,temporal,lstm,R0,60,4,42,,all,cost,,model_size_bytes,652626
G4,reused_valid,G4__g4_c_weighted_sampling_w60__lstm__r0__w60__fold_4__seed_42,temporal,lstm,R0,60,4,42,,all,cost,,peak_gpu_memory_bytes,377265664
G4,reused_valid,G4__g4_c_weighted_sampling_w60__lstm__r0__w60__fold_4__seed_42,temporal,lstm,R0,60,4,42,,all,cost,,inference_seconds,0.028504699999757577
G4,reused_valid,G4__g4_c_weighted_sampling_w60__lstm__r0__w60__fold_4__seed_42,temporal,lstm,R0,60,4,42,,all,cost,,inference_windows_per_second,39467.1755889228
G4,reused_valid,G4__g4_c_weighted_sampling_w60__lstm__r0__w60__fold_4__seed_42,temporal,lstm,R0,60,4,42,,test,global,,accuracy,0.7077625570776256
G4,reused_valid,G4__g4_c_weighted_sampling_w60__lstm__r0__w60__fold_4__seed_42,temporal,lstm,R0,60,4,42,,test,global,,balanced_accuracy,0.5537458543455545
G4,reused_valid,G4__g4_c_weighted_sampling_w60__lstm__r0__w60__fold_4__seed_42,temporal,lstm,R0,60,4,42,,test,global,,macro_f1,0.3606192165015694
G4,reused_valid,G4__g4_c_weighted_sampling_w60__svm__r0__w60__fold_1__seed_42,classical,svm,R0,60,1,42,weighted_sampling,validation,global,,accuracy,0.7203389830508474
G4,reused_valid,G4__g4_c_weighted_sampling_w60__svm__r0__w60__fold_1__seed_42,classical,svm,R0,60,1,42,weighted_sampling,validation,global,,balanced_accuracy,0.5560790902671244
G4,reused_valid,G4__g4_c_weighted_sampling_w60__svm__r0__w60__fold_1__seed_42,classical,svm,R0,60,1,42,weighted_sampling,validation,global,,macro_f1,0.4059094676765184
G4,reused_valid,G4__g4_c_weighted_sampling_w60__svm__r0__w60__fold_1__seed_42,classical,svm,R0,60,1,42,weighted_sampling,all,cost,,train_seconds,3.5192775999967125
G4,reused_valid,G4__g4_c_weighted_sampling_w60__svm__r0__w60__fold_1__seed_42,classical,svm,R0,60,1,42,weighted_sampling,test,global,,accuracy,0.6766623207301173
G4,reused_valid,G4__g4_c_weighted_sampling_w60__svm__r0__w60__fold_1__seed_42,classical,svm,R0,60,1,42,weighted_sampling,test,global,,balanced_accuracy,0.48258810228695115
G4,reused_valid,G4__g4_c_weighted_sampling_w60__svm__r0__w60__fold_1__seed_42,classical,svm,R0,60,1,42,weighted_sampling,test,global,,macro_f1,0.44837808662571227
G4,reused_valid,G4__g4_c_weighted_sampling_w60__svm__r0__w60__fold_2__seed_42,classical,svm,R0,60,2,42,weighted_sampling,validation,global,,accuracy,0.6811594202898551
G4,reused_valid,G4__g4_c_weighted_sampling_w60__svm__r0__w60__fold_2__seed_42,classical,svm,R0,60,2,42,weighted_sampling,validation,global,,balanced_accuracy,0.37191453579482475
G4,reused_valid,G4__g4_c_weighted_sampling_w60__svm__r0__w60__fold_2__seed_42,classical,svm,R0,60,2,42,weighted_sampling,validation,global,,macro_f1,0.3263506146313883
G4,reused_valid,G4__g4_c_weighted_sampling_w60__svm__r0__w60__fold_2__seed_42,classical,svm,R0,60,2,42,weighted_sampling,all,cost,,train_seconds,3.910122599998431
G4,reused_valid,G4__g4_c_weighted_sampling_w60__svm__r0__w60__fold_2__seed_42,classical,svm,R0,60,2,42,weighted_sampling,test,global,,accuracy,0.8004291845493562
G4,reused_valid,G4__g4_c_weighted_sampling_w60__svm__r0__w60__fold_2__seed_42,classical,svm,R0,60,2,42,weighted_sampling,test,global,,balanced_accuracy,0.7233474472249801
G4,reused_valid,G4__g4_c_weighted_sampling_w60__svm__r0__w60__fold_2__seed_42,classical,svm,R0,60,2,42,weighted_sampling,test,global,,macro_f1,0.4723001884101354
G4,reused_valid,G4__g4_c_weighted_sampling_w60__svm__r0__w60__fold_3__seed_42,classical,svm,R0,60,3,42,weighted_sampling,validation,global,,accuracy,0.6594265855777585
G4,reused_valid,G4__g4_c_weighted_sampling_w60__svm__r0__w60__fold_3__seed_42,classical,svm,R0,60,3,42,weighted_sampling,validation,global,,balanced_accuracy,0.36974217999359454
G4,reused_valid,G4__g4_c_weighted_sampling_w60__svm__r0__w60__fold_3__seed_42,classical,svm,R0,60,3,42,weighted_sampling,validation,global,,macro_f1,0.3456759012314568
G4,reused_valid,G4__g4_c_weighted_sampling_w60__svm__r0__w60__fold_3__seed_42,classical,svm,R0,60,3,42,weighted_sampling,all,cost,,train_seconds,6.480405900001642
G4,reused_valid,G4__g4_c_weighted_sampling_w60__svm__r0__w60__fold_3__seed_42,classical,svm,R0,60,3,42,weighted_sampling,test,global,,accuracy,0.768
G4,reused_valid,G4__g4_c_weighted_sampling_w60__svm__r0__w60__fold_3__seed_42,classical,svm,R0,60,3,42,weighted_sampling,test,global,,balanced_accuracy,0.4667067265823667
G4,reused_valid,G4__g4_c_weighted_sampling_w60__svm__r0__w60__fold_3__seed_42,classical,svm,R0,60,3,42,weighted_sampling,test,global,,macro_f1,0.39014156242265
G4,reused_valid,G4__g4_c_weighted_sampling_w60__svm__r0__w60__fold_4__seed_42,classical,svm,R0,60,4,42,weighted_sampling,validation,global,,accuracy,0.6808888888888889
G4,reused_valid,G4__g4_c_weighted_sampling_w60__svm__r0__w60__fold_4__seed_42,classical,svm,R0,60,4,42,weighted_sampling,validation,global,,balanced_accuracy,0.41029056550156295
G4,reused_valid,G4__g4_c_weighted_sampling_w60__svm__r0__w60__fold_4__seed_42,classical,svm,R0,60,4,42,weighted_sampling,validation,global,,macro_f1,0.3542222222222222
G4,reused_valid,G4__g4_c_weighted_sampling_w60__svm__r0__w60__fold_4__seed_42,classical,svm,R0,60,4,42,weighted_sampling,all,cost,,train_seconds,4.702778200000466
G4,reused_valid,G4__g4_c_weighted_sampling_w60__svm__r0__w60__fold_4__seed_42,classical,svm,R0,60,4,42,weighted_sampling,test,global,,accuracy,0.6885844748858447
G4,reused_valid,G4__g4_c_weighted_sampling_w60__svm__r0__w60__fold_4__seed_42,classical,svm,R0,60,4,42,weighted_sampling,test,global,,balanced_accuracy,0.4962632320203535
G4,reused_valid,G4__g4_c_weighted_sampling_w60__svm__r0__w60__fold_4__seed_42,classical,svm,R0,60,4,42,weighted_sampling,test,global,,macro_f1,0.33223210743442627
G4,reused_valid,G4__g4_c_weighted_sampling_w60__tcn__r0__w60__fold_1__seed_42,temporal,tcn,R0,60,1,42,,validation,global,,accuracy,0.6754237288135593
G4,reused_valid,G4__g4_c_weighted_sampling_w60__tcn__r0__w60__fold_1__seed_42,temporal,tcn,R0,60,1,42,,validation,global,,balanced_accuracy,0.7133099568997006
G4,reused_valid,G4__g4_c_weighted_sampling_w60__tcn__r0__w60__fold_1__seed_42,temporal,tcn,R0,60,1,42,,validation,global,,macro_f1,0.4155355864483232
G4,reused_valid,G4__g4_c_weighted_sampling_w60__tcn__r0__w60__fold_1__seed_42,temporal,tcn,R0,60,1,42,,all,cost,,training_seconds,492.6108324000015
G4,reused_valid,G4__g4_c_weighted_sampling_w60__tcn__r0__w60__fold_1__seed_42,temporal,tcn,R0,60,1,42,,all,cost,,train_seconds,492.6108324000015
G4,reused_valid,G4__g4_c_weighted_sampling_w60__tcn__r0__w60__fold_1__seed_42,temporal,tcn,R0,60,1,42,,all,cost,,parameter_count,49379
G4,reused_valid,G4__g4_c_weighted_sampling_w60__tcn__r0__w60__fold_1__seed_42,temporal,tcn,R0,60,1,42,,all,cost,,model_size_bytes,638268
G4,reused_valid,G4__g4_c_weighted_sampling_w60__tcn__r0__w60__fold_1__seed_42,temporal,tcn,R0,60,1,42,,all,cost,,peak_gpu_memory_bytes,188977152
G4,reused_valid,G4__g4_c_weighted_sampling_w60__tcn__r0__w60__fold_1__seed_42,temporal,tcn,R0,60,1,42,,all,cost,,inference_seconds,3.766410200005339
G4,reused_valid,G4__g4_c_weighted_sampling_w60__tcn__r0__w60__fold_1__seed_42,temporal,tcn,R0,60,1,42,,all,cost,,inference_windows_per_second,313.29566811345387
G4,reused_valid,G4__g4_c_weighted_sampling_w60__tcn__r0__w60__fold_1__seed_42,temporal,tcn,R0,60,1,42,,test,global,,accuracy,0.6264667535853976
G4,reused_valid,G4__g4_c_weighted_sampling_w60__tcn__r0__w60__fold_1__seed_42,temporal,tcn,R0,60,1,42,,test,global,,balanced_accuracy,0.501995107498361
G4,reused_valid,G4__g4_c_weighted_sampling_w60__tcn__r0__w60__fold_1__seed_42,temporal,tcn,R0,60,1,42,,test,global,,macro_f1,0.4761927703104174
G4,reused_valid,G4__g4_c_weighted_sampling_w60__tcn__r0__w60__fold_2__seed_42,temporal,tcn,R0,60,2,42,,validation,global,,accuracy,0.7297527706734868
G4,reused_valid,G4__g4_c_weighted_sampling_w60__tcn__r0__w60__fold_2__seed_42,temporal,tcn,R0,60,2,42,,validation,global,,balanced_accuracy,0.4841006383060047
G4,reused_valid,G4__g4_c_weighted_sampling_w60__tcn__r0__w60__fold_2__seed_42,temporal,tcn,R0,60,2,42,,validation,global,,macro_f1,0.3841724676497678
G4,reused_valid,G4__g4_c_weighted_sampling_w60__tcn__r0__w60__fold_2__seed_42,temporal,tcn,R0,60,2,42,,all,cost,,training_seconds,384.96875049999653
G4,reused_valid,G4__g4_c_weighted_sampling_w60__tcn__r0__w60__fold_2__seed_42,temporal,tcn,R0,60,2,42,,all,cost,,train_seconds,384.96875049999653
G4,reused_valid,G4__g4_c_weighted_sampling_w60__tcn__r0__w60__fold_2__seed_42,temporal,tcn,R0,60,2,42,,all,cost,,parameter_count,49379
G4,reused_valid,G4__g4_c_weighted_sampling_w60__tcn__r0__w60__fold_2__seed_42,temporal,tcn,R0,60,2,42,,all,cost,,model_size_bytes,637820
G4,reused_valid,G4__g4_c_weighted_sampling_w60__tcn__r0__w60__fold_2__seed_42,temporal,tcn,R0,60,2,42,,all,cost,,peak_gpu_memory_bytes,188977152
G4,reused_valid,G4__g4_c_weighted_sampling_w60__tcn__r0__w60__fold_2__seed_42,temporal,tcn,R0,60,2,42,,all,cost,,inference_seconds,3.736637800000608
G4,reused_valid,G4__g4_c_weighted_sampling_w60__tcn__r0__w60__fold_2__seed_42,temporal,tcn,R0,60,2,42,,all,cost,,inference_windows_per_second,313.9185713958707
G4,reused_valid,G4__g4_c_weighted_sampling_w60__tcn__r0__w60__fold_2__seed_42,temporal,tcn,R0,60,2,42,,test,global,,accuracy,0.846030042918455
G4,reused_valid,G4__g4_c_weighted_sampling_w60__tcn__r0__w60__fold_2__seed_42,temporal,tcn,R0,60,2,42,,test,global,,balanced_accuracy,0.765670656067851
G4,reused_valid,G4__g4_c_weighted_sampling_w60__tcn__r0__w60__fold_2__seed_42,temporal,tcn,R0,60,2,42,,test,global,,macro_f1,0.5106388915719545
G4,reused_valid,G4__g4_c_weighted_sampling_w60__tcn__r0__w60__fold_3__seed_42,temporal,tcn,R0,60,3,42,,validation,global,,accuracy,0.6585577758470895
G4,reused_valid,G4__g4_c_weighted_sampling_w60__tcn__r0__w60__fold_3__seed_42,temporal,tcn,R0,60,3,42,,validation,global,,balanced_accuracy,0.5144680725843318
G4,reused_valid,G4__g4_c_weighted_sampling_w60__tcn__r0__w60__fold_3__seed_42,temporal,tcn,R0,60,3,42,,validation,global,,macro_f1,0.3975278133562489
G4,reused_valid,G4__g4_c_weighted_sampling_w60__tcn__r0__w60__fold_3__seed_42,temporal,tcn,R0,60,3,42,,all,cost,,training_seconds,295.321285500002
G4,reused_valid,G4__g4_c_weighted_sampling_w60__tcn__r0__w60__fold_3__seed_42,temporal,tcn,R0,60,3,42,,all,cost,,train_seconds,295.321285500002
G4,reused_valid,G4__g4_c_weighted_sampling_w60__tcn__r0__w60__fold_3__seed_42,temporal,tcn,R0,60,3,42,,all,cost,,parameter_count,49379
G4,reused_valid,G4__g4_c_weighted_sampling_w60__tcn__r0__w60__fold_3__seed_42,temporal,tcn,R0,60,3,42,,all,cost,,model_size_bytes,636924
G4,reused_valid,G4__g4_c_weighted_sampling_w60__tcn__r0__w60__fold_3__seed_42,temporal,tcn,R0,60,3,42,,all,cost,,peak_gpu_memory_bytes,188977152
G4,reused_valid,G4__g4_c_weighted_sampling_w60__tcn__r0__w60__fold_3__seed_42,temporal,tcn,R0,60,3,42,,all,cost,,inference_seconds,3.6586399000007077
G4,reused_valid,G4__g4_c_weighted_sampling_w60__tcn__r0__w60__fold_3__seed_42,temporal,tcn,R0,60,3,42,,all,cost,,inference_windows_per_second,314.59778263495605
G4,reused_valid,G4__g4_c_weighted_sampling_w60__tcn__r0__w60__fold_3__seed_42,temporal,tcn,R0,60,3,42,,test,global,,accuracy,0.8573333333333333
G4,reused_valid,G4__g4_c_weighted_sampling_w60__tcn__r0__w60__fold_3__seed_42,temporal,tcn,R0,60,3,42,,test,global,,balanced_accuracy,0.5497664623030387
G4,reused_valid,G4__g4_c_weighted_sampling_w60__tcn__r0__w60__fold_3__seed_42,temporal,tcn,R0,60,3,42,,test,global,,macro_f1,0.4850523589246072
G4,reused_valid,G4__g4_c_weighted_sampling_w60__tcn__r0__w60__fold_4__seed_42,temporal,tcn,R0,60,4,42,,validation,global,,accuracy,0.7137777777777777
G4,reused_valid,G4__g4_c_weighted_sampling_w60__tcn__r0__w60__fold_4__seed_42,temporal,tcn,R0,60,4,42,,validation,global,,balanced_accuracy,0.4991700896432354
G4,reused_valid,G4__g4_c_weighted_sampling_w60__tcn__r0__w60__fold_4__seed_42,temporal,tcn,R0,60,4,42,,validation,global,,macro_f1,0.4166219503790627
G4,reused_valid,G4__g4_c_weighted_sampling_w60__tcn__r0__w60__fold_4__seed_42,temporal,tcn,R0,60,4,42,,all,cost,,training_seconds,343.2228520999997
G4,reused_valid,G4__g4_c_weighted_sampling_w60__tcn__r0__w60__fold_4__seed_42,temporal,tcn,R0,60,4,42,,all,cost,,train_seconds,343.2228520999997
G4,reused_valid,G4__g4_c_weighted_sampling_w60__tcn__r0__w60__fold_4__seed_42,temporal,tcn,R0,60,4,42,,all,cost,,parameter_count,49379
G4,reused_valid,G4__g4_c_weighted_sampling_w60__tcn__r0__w60__fold_4__seed_42,temporal,tcn,R0,60,4,42,,all,cost,,model_size_bytes,637052
G4,reused_valid,G4__g4_c_weighted_sampling_w60__tcn__r0__w60__fold_4__seed_42,temporal,tcn,R0,60,4,42,,all,cost,,peak_gpu_memory_bytes,188977152
G4,reused_valid,G4__g4_c_weighted_sampling_w60__tcn__r0__w60__fold_4__seed_42,temporal,tcn,R0,60,4,42,,all,cost,,inference_seconds,3.5739426000000094
G4,reused_valid,G4__g4_c_weighted_sampling_w60__tcn__r0__w60__fold_4__seed_42,temporal,tcn,R0,60,4,42,,all,cost,,inference_windows_per_second,314.77841865731057
G4,reused_valid,G4__g4_c_weighted_sampling_w60__tcn__r0__w60__fold_4__seed_42,temporal,tcn,R0,60,4,42,,test,global,,accuracy,0.7041095890410959
G4,reused_valid,G4__g4_c_weighted_sampling_w60__tcn__r0__w60__fold_4__seed_42,temporal,tcn,R0,60,4,42,,test,global,,balanced_accuracy,0.5299509336240971
G4,reused_valid,G4__g4_c_weighted_sampling_w60__tcn__r0__w60__fold_4__seed_42,temporal,tcn,R0,60,4,42,,test,global,,macro_f1,0.35942026971631846
G4,reused_valid,G4__g4_d_augmentation_w150__transformer__r0__w150__fold_1__seed_42,temporal,transformer,R0,150,1,42,,validation,global,,accuracy,0.8380952380952381
G4,reused_valid,G4__g4_d_augmentation_w150__transformer__r0__w150__fold_1__seed_42,temporal,transformer,R0,150,1,42,,validation,global,,balanced_accuracy,0.46107182451268475
G4,reused_valid,G4__g4_d_augmentation_w150__transformer__r0__w150__fold_1__seed_42,temporal,transformer,R0,150,1,42,,validation,global,,macro_f1,0.45160948146547025
G4,reused_valid,G4__g4_d_augmentation_w150__transformer__r0__w150__fold_1__seed_42,temporal,transformer,R0,150,1,42,,all,cost,,training_seconds,9.48191670000233
G4,reused_valid,G4__g4_d_augmentation_w150__transformer__r0__w150__fold_1__seed_42,temporal,transformer,R0,150,1,42,,all,cost,,train_seconds,9.48191670000233
G4,reused_valid,G4__g4_d_augmentation_w150__transformer__r0__w150__fold_1__seed_42,temporal,transformer,R0,150,1,42,,all,cost,,parameter_count,17443
G4,reused_valid,G4__g4_d_augmentation_w150__transformer__r0__w150__fold_1__seed_42,temporal,transformer,R0,150,1,42,,all,cost,,model_size_bytes,268531
G4,reused_valid,G4__g4_d_augmentation_w150__transformer__r0__w150__fold_1__seed_42,temporal,transformer,R0,150,1,42,,all,cost,,peak_gpu_memory_bytes,568796672
G4,reused_valid,G4__g4_d_augmentation_w150__transformer__r0__w150__fold_1__seed_42,temporal,transformer,R0,150,1,42,,all,cost,,inference_seconds,0.04494839999824762
G4,reused_valid,G4__g4_d_augmentation_w150__transformer__r0__w150__fold_1__seed_42,temporal,transformer,R0,150,1,42,,all,cost,,inference_windows_per_second,25696.13156519541
G4,reused_valid,G4__g4_d_augmentation_w150__transformer__r0__w150__fold_1__seed_42,temporal,transformer,R0,150,1,42,,test,global,,accuracy,0.775523560209424
G4,reused_valid,G4__g4_d_augmentation_w150__transformer__r0__w150__fold_1__seed_42,temporal,transformer,R0,150,1,42,,test,global,,balanced_accuracy,0.5476332227210619
G4,reused_valid,G4__g4_d_augmentation_w150__transformer__r0__w150__fold_1__seed_42,temporal,transformer,R0,150,1,42,,test,global,,macro_f1,0.5056455571919489
G4,reused_valid,G4__g4_d_augmentation_w150__transformer__r0__w150__fold_2__seed_42,temporal,transformer,R0,150,2,42,,validation,global,,accuracy,0.825
G4,reused_valid,G4__g4_d_augmentation_w150__transformer__r0__w150__fold_2__seed_42,temporal,transformer,R0,150,2,42,,validation,global,,balanced_accuracy,0.452203600248293
G4,reused_valid,G4__g4_d_augmentation_w150__transformer__r0__w150__fold_2__seed_42,temporal,transformer,R0,150,2,42,,validation,global,,macro_f1,0.3932938673857966
G4,reused_valid,G4__g4_d_augmentation_w150__transformer__r0__w150__fold_2__seed_42,temporal,transformer,R0,150,2,42,,all,cost,,training_seconds,6.918999099994835
G4,reused_valid,G4__g4_d_augmentation_w150__transformer__r0__w150__fold_2__seed_42,temporal,transformer,R0,150,2,42,,all,cost,,train_seconds,6.918999099994835
G4,reused_valid,G4__g4_d_augmentation_w150__transformer__r0__w150__fold_2__seed_42,temporal,transformer,R0,150,2,42,,all,cost,,parameter_count,17443
G4,reused_valid,G4__g4_d_augmentation_w150__transformer__r0__w150__fold_2__seed_42,temporal,transformer,R0,150,2,42,,all,cost,,model_size_bytes,267635
G4,reused_valid,G4__g4_d_augmentation_w150__transformer__r0__w150__fold_2__seed_42,temporal,transformer,R0,150,2,42,,all,cost,,peak_gpu_memory_bytes,568970752
G4,reused_valid,G4__g4_d_augmentation_w150__transformer__r0__w150__fold_2__seed_42,temporal,transformer,R0,150,2,42,,all,cost,,inference_seconds,0.04101470000023255
G4,reused_valid,G4__g4_d_augmentation_w150__transformer__r0__w150__fold_2__seed_42,temporal,transformer,R0,150,2,42,,all,cost,,inference_windows_per_second,28282.54260041943
G4,reused_valid,G4__g4_d_augmentation_w150__transformer__r0__w150__fold_2__seed_42,temporal,transformer,R0,150,2,42,,test,global,,accuracy,0.8951656708310701
G4,reused_valid,G4__g4_d_augmentation_w150__transformer__r0__w150__fold_2__seed_42,temporal,transformer,R0,150,2,42,,test,global,,balanced_accuracy,0.7995505976822703
G4,reused_valid,G4__g4_d_augmentation_w150__transformer__r0__w150__fold_2__seed_42,temporal,transformer,R0,150,2,42,,test,global,,macro_f1,0.5321628560856205
G4,reused_valid,G4__g4_d_augmentation_w150__transformer__r0__w150__fold_3__seed_42,temporal,transformer,R0,150,3,42,,validation,global,,accuracy,0.768
G4,reused_valid,G4__g4_d_augmentation_w150__transformer__r0__w150__fold_3__seed_42,temporal,transformer,R0,150,3,42,,validation,global,,balanced_accuracy,0.432098501832675
G4,reused_valid,G4__g4_d_augmentation_w150__transformer__r0__w150__fold_3__seed_42,temporal,transformer,R0,150,3,42,,validation,global,,macro_f1,0.40488841361871825
G4,reused_valid,G4__g4_d_augmentation_w150__transformer__r0__w150__fold_3__seed_42,temporal,transformer,R0,150,3,42,,all,cost,,training_seconds,8.644642500003101
G4,reused_valid,G4__g4_d_augmentation_w150__transformer__r0__w150__fold_3__seed_42,temporal,transformer,R0,150,3,42,,all,cost,,train_seconds,8.644642500003101
G4,reused_valid,G4__g4_d_augmentation_w150__transformer__r0__w150__fold_3__seed_42,temporal,transformer,R0,150,3,42,,all,cost,,parameter_count,17443
G4,reused_valid,G4__g4_d_augmentation_w150__transformer__r0__w150__fold_3__seed_42,temporal,transformer,R0,150,3,42,,all,cost,,model_size_bytes,267955
G4,reused_valid,G4__g4_d_augmentation_w150__transformer__r0__w150__fold_3__seed_42,temporal,transformer,R0,150,3,42,,all,cost,,peak_gpu_memory_bytes,568970752
G4,reused_valid,G4__g4_d_augmentation_w150__transformer__r0__w150__fold_3__seed_42,temporal,transformer,R0,150,3,42,,all,cost,,inference_seconds,0.037406000003102235
G4,reused_valid,G4__g4_d_augmentation_w150__transformer__r0__w150__fold_3__seed_42,temporal,transformer,R0,150,3,42,,all,cost,,inference_windows_per_second,30075.388972536468
G4,reused_valid,G4__g4_d_augmentation_w150__transformer__r0__w150__fold_3__seed_42,temporal,transformer,R0,150,3,42,,test,global,,accuracy,0.8948425987943738
G4,reused_valid,G4__g4_d_augmentation_w150__transformer__r0__w150__fold_3__seed_42,temporal,transformer,R0,150,3,42,,test,global,,balanced_accuracy,0.4886769415071302
G4,reused_valid,G4__g4_d_augmentation_w150__transformer__r0__w150__fold_3__seed_42,temporal,transformer,R0,150,3,42,,test,global,,macro_f1,0.4637523949889462
G4,reused_valid,G4__g4_d_augmentation_w150__transformer__r0__w150__fold_4__seed_42,temporal,transformer,R0,150,4,42,,validation,global,,accuracy,0.8334841628959276
G4,reused_valid,G4__g4_d_augmentation_w150__transformer__r0__w150__fold_4__seed_42,temporal,transformer,R0,150,4,42,,validation,global,,balanced_accuracy,0.43627031650983744
G4,reused_valid,G4__g4_d_augmentation_w150__transformer__r0__w150__fold_4__seed_42,temporal,transformer,R0,150,4,42,,validation,global,,macro_f1,0.4058480492813142
G4,reused_valid,G4__g4_d_augmentation_w150__transformer__r0__w150__fold_4__seed_42,temporal,transformer,R0,150,4,42,,all,cost,,training_seconds,6.952083899996069
G4,reused_valid,G4__g4_d_augmentation_w150__transformer__r0__w150__fold_4__seed_42,temporal,transformer,R0,150,4,42,,all,cost,,train_seconds,6.952083899996069
G4,reused_valid,G4__g4_d_augmentation_w150__transformer__r0__w150__fold_4__seed_42,temporal,transformer,R0,150,4,42,,all,cost,,parameter_count,17443
G4,reused_valid,G4__g4_d_augmentation_w150__transformer__r0__w150__fold_4__seed_42,temporal,transformer,R0,150,4,42,,all,cost,,model_size_bytes,267443
G4,reused_valid,G4__g4_d_augmentation_w150__transformer__r0__w150__fold_4__seed_42,temporal,transformer,R0,150,4,42,,all,cost,,peak_gpu_memory_bytes,568970752
G4,reused_valid,G4__g4_d_augmentation_w150__transformer__r0__w150__fold_4__seed_42,temporal,transformer,R0,150,4,42,,all,cost,,inference_seconds,0.0408333000013954
G4,reused_valid,G4__g4_d_augmentation_w150__transformer__r0__w150__fold_4__seed_42,temporal,transformer,R0,150,4,42,,all,cost,,inference_windows_per_second,27061.24657968469
G4,reused_valid,G4__g4_d_augmentation_w150__transformer__r0__w150__fold_4__seed_42,temporal,transformer,R0,150,4,42,,test,global,,accuracy,0.7853159851301115
G4,reused_valid,G4__g4_d_augmentation_w150__transformer__r0__w150__fold_4__seed_42,temporal,transformer,R0,150,4,42,,test,global,,balanced_accuracy,0.5295576516506749
G4,reused_valid,G4__g4_d_augmentation_w150__transformer__r0__w150__fold_4__seed_42,temporal,transformer,R0,150,4,42,,test,global,,macro_f1,0.3514908514994107
G4,reused_valid,G4__g4_d_augmentation_w60__lstm__r0__w60__fold_1__seed_42,temporal,lstm,R0,60,1,42,,validation,global,,accuracy,0.8279661016949152
G4,reused_valid,G4__g4_d_augmentation_w60__lstm__r0__w60__fold_1__seed_42,temporal,lstm,R0,60,1,42,,validation,global,,balanced_accuracy,0.4179876786714393
G4,reused_valid,G4__g4_d_augmentation_w60__lstm__r0__w60__fold_1__seed_42,temporal,lstm,R0,60,1,42,,validation,global,,macro_f1,0.42028737123195414
G4,reused_valid,G4__g4_d_augmentation_w60__lstm__r0__w60__fold_1__seed_42,temporal,lstm,R0,60,1,42,,all,cost,,training_seconds,3.150101499995799
G4,reused_valid,G4__g4_d_augmentation_w60__lstm__r0__w60__fold_1__seed_42,temporal,lstm,R0,60,1,42,,all,cost,,train_seconds,3.150101499995799
G4,reused_valid,G4__g4_d_augmentation_w60__lstm__r0__w60__fold_1__seed_42,temporal,lstm,R0,60,1,42,,all,cost,,parameter_count,51651
G4,reused_valid,G4__g4_d_augmentation_w60__lstm__r0__w60__fold_1__seed_42,temporal,lstm,R0,60,1,42,,all,cost,,model_size_bytes,652050
G4,reused_valid,G4__g4_d_augmentation_w60__lstm__r0__w60__fold_1__seed_42,temporal,lstm,R0,60,1,42,,all,cost,,peak_gpu_memory_bytes,376863232
G4,reused_valid,G4__g4_d_augmentation_w60__lstm__r0__w60__fold_1__seed_42,temporal,lstm,R0,60,1,42,,all,cost,,inference_seconds,0.022231800001463853
G4,reused_valid,G4__g4_d_augmentation_w60__lstm__r0__w60__fold_1__seed_42,temporal,lstm,R0,60,1,42,,all,cost,,inference_windows_per_second,53077.12375616472
G4,reused_valid,G4__g4_d_augmentation_w60__lstm__r0__w60__fold_1__seed_42,temporal,lstm,R0,60,1,42,,test,global,,accuracy,0.7353324641460235
G4,reused_valid,G4__g4_d_augmentation_w60__lstm__r0__w60__fold_1__seed_42,temporal,lstm,R0,60,1,42,,test,global,,balanced_accuracy,0.505492879869626
G4,reused_valid,G4__g4_d_augmentation_w60__lstm__r0__w60__fold_1__seed_42,temporal,lstm,R0,60,1,42,,test,global,,macro_f1,0.47321512891960754
G4,reused_valid,G4__g4_d_augmentation_w60__lstm__r0__w60__fold_2__seed_42,temporal,lstm,R0,60,2,42,,validation,global,,accuracy,0.8277919863597613
G4,reused_valid,G4__g4_d_augmentation_w60__lstm__r0__w60__fold_2__seed_42,temporal,lstm,R0,60,2,42,,validation,global,,balanced_accuracy,0.43016569200779725
G4,reused_valid,G4__g4_d_augmentation_w60__lstm__r0__w60__fold_2__seed_42,temporal,lstm,R0,60,2,42,,validation,global,,macro_f1,0.38663757594480486
G4,reused_valid,G4__g4_d_augmentation_w60__lstm__r0__w60__fold_2__seed_42,temporal,lstm,R0,60,2,42,,all,cost,,training_seconds,5.0971245000037015
G4,reused_valid,G4__g4_d_augmentation_w60__lstm__r0__w60__fold_2__seed_42,temporal,lstm,R0,60,2,42,,all,cost,,train_seconds,5.0971245000037015
G4,reused_valid,G4__g4_d_augmentation_w60__lstm__r0__w60__fold_2__seed_42,temporal,lstm,R0,60,2,42,,all,cost,,parameter_count,51651
G4,reused_valid,G4__g4_d_augmentation_w60__lstm__r0__w60__fold_2__seed_42,temporal,lstm,R0,60,2,42,,all,cost,,model_size_bytes,652946
G4,reused_valid,G4__g4_d_augmentation_w60__lstm__r0__w60__fold_2__seed_42,temporal,lstm,R0,60,2,42,,all,cost,,peak_gpu_memory_bytes,377265664
G4,reused_valid,G4__g4_d_augmentation_w60__lstm__r0__w60__fold_2__seed_42,temporal,lstm,R0,60,2,42,,all,cost,,inference_seconds,0.029745699997874908
G4,reused_valid,G4__g4_d_augmentation_w60__lstm__r0__w60__fold_2__seed_42,temporal,lstm,R0,60,2,42,,all,cost,,inference_windows_per_second,39434.271174784975
G4,reused_valid,G4__g4_d_augmentation_w60__lstm__r0__w60__fold_2__seed_42,temporal,lstm,R0,60,2,42,,test,global,,accuracy,0.8733905579399142
G4,reused_valid,G4__g4_d_augmentation_w60__lstm__r0__w60__fold_2__seed_42,temporal,lstm,R0,60,2,42,,test,global,,balanced_accuracy,0.7777377075535028
G4,reused_valid,G4__g4_d_augmentation_w60__lstm__r0__w60__fold_2__seed_42,temporal,lstm,R0,60,2,42,,test,global,,macro_f1,0.5124750698395006
G4,reused_valid,G4__g4_d_augmentation_w60__lstm__r0__w60__fold_3__seed_42,temporal,lstm,R0,60,3,42,,validation,global,,accuracy,0.7671589921807124
G4,reused_valid,G4__g4_d_augmentation_w60__lstm__r0__w60__fold_3__seed_42,temporal,lstm,R0,60,3,42,,validation,global,,balanced_accuracy,0.41166239635600155
G4,reused_valid,G4__g4_d_augmentation_w60__lstm__r0__w60__fold_3__seed_42,temporal,lstm,R0,60,3,42,,validation,global,,macro_f1,0.39448002101298885
G4,reused_valid,G4__g4_d_augmentation_w60__lstm__r0__w60__fold_3__seed_42,temporal,lstm,R0,60,3,42,,all,cost,,training_seconds,5.257176399994933
G4,reused_valid,G4__g4_d_augmentation_w60__lstm__r0__w60__fold_3__seed_42,temporal,lstm,R0,60,3,42,,all,cost,,train_seconds,5.257176399994933
G4,reused_valid,G4__g4_d_augmentation_w60__lstm__r0__w60__fold_3__seed_42,temporal,lstm,R0,60,3,42,,all,cost,,parameter_count,51651
G4,reused_valid,G4__g4_d_augmentation_w60__lstm__r0__w60__fold_3__seed_42,temporal,lstm,R0,60,3,42,,all,cost,,model_size_bytes,653266
G4,reused_valid,G4__g4_d_augmentation_w60__lstm__r0__w60__fold_3__seed_42,temporal,lstm,R0,60,3,42,,all,cost,,peak_gpu_memory_bytes,377265664
G4,reused_valid,G4__g4_d_augmentation_w60__lstm__r0__w60__fold_3__seed_42,temporal,lstm,R0,60,3,42,,all,cost,,inference_seconds,0.022192800002812874
G4,reused_valid,G4__g4_d_augmentation_w60__lstm__r0__w60__fold_3__seed_42,temporal,lstm,R0,60,3,42,,all,cost,,inference_windows_per_second,51863.66748919082
G4,reused_valid,G4__g4_d_augmentation_w60__lstm__r0__w60__fold_3__seed_42,temporal,lstm,R0,60,3,42,,test,global,,accuracy,0.886
G4,reused_valid,G4__g4_d_augmentation_w60__lstm__r0__w60__fold_3__seed_42,temporal,lstm,R0,60,3,42,,test,global,,balanced_accuracy,0.4934728463440973
G4,reused_valid,G4__g4_d_augmentation_w60__lstm__r0__w60__fold_3__seed_42,temporal,lstm,R0,60,3,42,,test,global,,macro_f1,0.4622507466207703
G4,reused_valid,G4__g4_d_augmentation_w60__lstm__r0__w60__fold_4__seed_42,temporal,lstm,R0,60,4,42,,validation,global,,accuracy,0.8071111111111111
G4,reused_valid,G4__g4_d_augmentation_w60__lstm__r0__w60__fold_4__seed_42,temporal,lstm,R0,60,4,42,,validation,global,,balanced_accuracy,0.44364844093104966
G4,reused_valid,G4__g4_d_augmentation_w60__lstm__r0__w60__fold_4__seed_42,temporal,lstm,R0,60,4,42,,validation,global,,macro_f1,0.4010901503014734
G4,reused_valid,G4__g4_d_augmentation_w60__lstm__r0__w60__fold_4__seed_42,temporal,lstm,R0,60,4,42,,all,cost,,training_seconds,4.93383310000354
G4,reused_valid,G4__g4_d_augmentation_w60__lstm__r0__w60__fold_4__seed_42,temporal,lstm,R0,60,4,42,,all,cost,,train_seconds,4.93383310000354
G4,reused_valid,G4__g4_d_augmentation_w60__lstm__r0__w60__fold_4__seed_42,temporal,lstm,R0,60,4,42,,all,cost,,parameter_count,51651
G4,reused_valid,G4__g4_d_augmentation_w60__lstm__r0__w60__fold_4__seed_42,temporal,lstm,R0,60,4,42,,all,cost,,model_size_bytes,652754
G4,reused_valid,G4__g4_d_augmentation_w60__lstm__r0__w60__fold_4__seed_42,temporal,lstm,R0,60,4,42,,all,cost,,peak_gpu_memory_bytes,377265664
G4,reused_valid,G4__g4_d_augmentation_w60__lstm__r0__w60__fold_4__seed_42,temporal,lstm,R0,60,4,42,,all,cost,,inference_seconds,0.023989699999219738
G4,reused_valid,G4__g4_d_augmentation_w60__lstm__r0__w60__fold_4__seed_42,temporal,lstm,R0,60,4,42,,all,cost,,inference_windows_per_second,46895.12582635842
G4,reused_valid,G4__g4_d_augmentation_w60__lstm__r0__w60__fold_4__seed_42,temporal,lstm,R0,60,4,42,,test,global,,accuracy,0.7442922374429224
G4,reused_valid,G4__g4_d_augmentation_w60__lstm__r0__w60__fold_4__seed_42,temporal,lstm,R0,60,4,42,,test,global,,balanced_accuracy,0.5808459406660306
G4,reused_valid,G4__g4_d_augmentation_w60__lstm__r0__w60__fold_4__seed_42,temporal,lstm,R0,60,4,42,,test,global,,macro_f1,0.36948725404671895
G4,reused_valid,G4__g4_d_augmentation_w60__svm__r0__w60__fold_1__seed_42,classical,svm,R0,60,1,42,augmentation,validation,global,,accuracy,0.8186440677966101
G4,reused_valid,G4__g4_d_augmentation_w60__svm__r0__w60__fold_1__seed_42,classical,svm,R0,60,1,42,augmentation,validation,global,,balanced_accuracy,0.585567487276889
G4,reused_valid,G4__g4_d_augmentation_w60__svm__r0__w60__fold_1__seed_42,classical,svm,R0,60,1,42,augmentation,validation,global,,macro_f1,0.5092790398341775
G4,reused_valid,G4__g4_d_augmentation_w60__svm__r0__w60__fold_1__seed_42,classical,svm,R0,60,1,42,augmentation,all,cost,,train_seconds,11.427068700002565
G4,reused_valid,G4__g4_d_augmentation_w60__svm__r0__w60__fold_1__seed_42,classical,svm,R0,60,1,42,augmentation,test,global,,accuracy,0.7855280312907431
G4,reused_valid,G4__g4_d_augmentation_w60__svm__r0__w60__fold_1__seed_42,classical,svm,R0,60,1,42,augmentation,test,global,,balanced_accuracy,0.5239253518029904
G4,reused_valid,G4__g4_d_augmentation_w60__svm__r0__w60__fold_1__seed_42,classical,svm,R0,60,1,42,augmentation,test,global,,macro_f1,0.5039127822966895
G4,reused_valid,G4__g4_d_augmentation_w60__svm__r0__w60__fold_2__seed_42,classical,svm,R0,60,2,42,augmentation,validation,global,,accuracy,0.8005115089514067
G4,reused_valid,G4__g4_d_augmentation_w60__svm__r0__w60__fold_2__seed_42,classical,svm,R0,60,2,42,augmentation,validation,global,,balanced_accuracy,0.4314337040859229
G4,reused_valid,G4__g4_d_augmentation_w60__svm__r0__w60__fold_2__seed_42,classical,svm,R0,60,2,42,augmentation,validation,global,,macro_f1,0.38949964398409964
G4,reused_valid,G4__g4_d_augmentation_w60__svm__r0__w60__fold_2__seed_42,classical,svm,R0,60,2,42,augmentation,all,cost,,train_seconds,17.60721840000042
G4,reused_valid,G4__g4_d_augmentation_w60__svm__r0__w60__fold_2__seed_42,classical,svm,R0,60,2,42,augmentation,test,global,,accuracy,0.8503218884120172
G4,reused_valid,G4__g4_d_augmentation_w60__svm__r0__w60__fold_2__seed_42,classical,svm,R0,60,2,42,augmentation,test,global,,balanced_accuracy,0.741840700582008
G4,reused_valid,G4__g4_d_augmentation_w60__svm__r0__w60__fold_2__seed_42,classical,svm,R0,60,2,42,augmentation,test,global,,macro_f1,0.4974383505612057
G4,reused_valid,G4__g4_d_augmentation_w60__svm__r0__w60__fold_3__seed_42,classical,svm,R0,60,3,42,augmentation,validation,global,,accuracy,0.7471763683753258
G4,reused_valid,G4__g4_d_augmentation_w60__svm__r0__w60__fold_3__seed_42,classical,svm,R0,60,3,42,augmentation,validation,global,,balanced_accuracy,0.3964672075726843
G4,reused_valid,G4__g4_d_augmentation_w60__svm__r0__w60__fold_3__seed_42,classical,svm,R0,60,3,42,augmentation,validation,global,,macro_f1,0.38287790502980373
G4,reused_valid,G4__g4_d_augmentation_w60__svm__r0__w60__fold_3__seed_42,classical,svm,R0,60,3,42,augmentation,all,cost,,train_seconds,11.885946199996397
G4,reused_valid,G4__g4_d_augmentation_w60__svm__r0__w60__fold_3__seed_42,classical,svm,R0,60,3,42,augmentation,test,global,,accuracy,0.8313333333333334
G4,reused_valid,G4__g4_d_augmentation_w60__svm__r0__w60__fold_3__seed_42,classical,svm,R0,60,3,42,augmentation,test,global,,balanced_accuracy,0.4816747657365799
G4,reused_valid,G4__g4_d_augmentation_w60__svm__r0__w60__fold_3__seed_42,classical,svm,R0,60,3,42,augmentation,test,global,,macro_f1,0.42263350807654604
G4,reused_valid,G4__g4_d_augmentation_w60__svm__r0__w60__fold_4__seed_42,classical,svm,R0,60,4,42,augmentation,validation,global,,accuracy,0.7822222222222223
G4,reused_valid,G4__g4_d_augmentation_w60__svm__r0__w60__fold_4__seed_42,classical,svm,R0,60,4,42,augmentation,validation,global,,balanced_accuracy,0.43484719315921366
G4,reused_valid,G4__g4_d_augmentation_w60__svm__r0__w60__fold_4__seed_42,classical,svm,R0,60,4,42,augmentation,validation,global,,macro_f1,0.3995191997179884
G4,reused_valid,G4__g4_d_augmentation_w60__svm__r0__w60__fold_4__seed_42,classical,svm,R0,60,4,42,augmentation,all,cost,,train_seconds,14.921890300000086
G4,reused_valid,G4__g4_d_augmentation_w60__svm__r0__w60__fold_4__seed_42,classical,svm,R0,60,4,42,augmentation,test,global,,accuracy,0.7497716894977169
G4,reused_valid,G4__g4_d_augmentation_w60__svm__r0__w60__fold_4__seed_42,classical,svm,R0,60,4,42,augmentation,test,global,,balanced_accuracy,0.5746785698060061
G4,reused_valid,G4__g4_d_augmentation_w60__svm__r0__w60__fold_4__seed_42,classical,svm,R0,60,4,42,augmentation,test,global,,macro_f1,0.37502317348835396
G4,reused_valid,G4__g4_d_augmentation_w60__tcn__r0__w60__fold_1__seed_42,temporal,tcn,R0,60,1,42,,validation,global,,accuracy,0.8245762711864407
G4,reused_valid,G4__g4_d_augmentation_w60__tcn__r0__w60__fold_1__seed_42,temporal,tcn,R0,60,1,42,,validation,global,,balanced_accuracy,0.43569045705797843
G4,reused_valid,G4__g4_d_augmentation_w60__tcn__r0__w60__fold_1__seed_42,temporal,tcn,R0,60,1,42,,validation,global,,macro_f1,0.4317000365959586
G4,reused_valid,G4__g4_d_augmentation_w60__tcn__r0__w60__fold_1__seed_42,temporal,tcn,R0,60,1,42,,all,cost,,training_seconds,413.76752439999836
G4,reused_valid,G4__g4_d_augmentation_w60__tcn__r0__w60__fold_1__seed_42,temporal,tcn,R0,60,1,42,,all,cost,,train_seconds,413.76752439999836
G4,reused_valid,G4__g4_d_augmentation_w60__tcn__r0__w60__fold_1__seed_42,temporal,tcn,R0,60,1,42,,all,cost,,parameter_count,49379
G4,reused_valid,G4__g4_d_augmentation_w60__tcn__r0__w60__fold_1__seed_42,temporal,tcn,R0,60,1,42,,all,cost,,model_size_bytes,637372
G4,reused_valid,G4__g4_d_augmentation_w60__tcn__r0__w60__fold_1__seed_42,temporal,tcn,R0,60,1,42,,all,cost,,peak_gpu_memory_bytes,188977152
G4,reused_valid,G4__g4_d_augmentation_w60__tcn__r0__w60__fold_1__seed_42,temporal,tcn,R0,60,1,42,,all,cost,,inference_seconds,3.9550903999988805
G4,reused_valid,G4__g4_d_augmentation_w60__tcn__r0__w60__fold_1__seed_42,temporal,tcn,R0,60,1,42,,all,cost,,inference_windows_per_second,298.34969132445974
G4,reused_valid,G4__g4_d_augmentation_w60__tcn__r0__w60__fold_1__seed_42,temporal,tcn,R0,60,1,42,,test,global,,accuracy,0.7940026075619296
G4,reused_valid,G4__g4_d_augmentation_w60__tcn__r0__w60__fold_1__seed_42,temporal,tcn,R0,60,1,42,,test,global,,balanced_accuracy,0.5594306159139117
G4,reused_valid,G4__g4_d_augmentation_w60__tcn__r0__w60__fold_1__seed_42,temporal,tcn,R0,60,1,42,,test,global,,macro_f1,0.5205487280298905
G4,reused_valid,G4__g4_d_augmentation_w60__tcn__r0__w60__fold_2__seed_42,temporal,tcn,R0,60,2,42,,validation,global,,accuracy,0.8618925831202046
G4,reused_valid,G4__g4_d_augmentation_w60__tcn__r0__w60__fold_2__seed_42,temporal,tcn,R0,60,2,42,,validation,global,,balanced_accuracy,0.4098927875243665
G4,reused_valid,G4__g4_d_augmentation_w60__tcn__r0__w60__fold_2__seed_42,temporal,tcn,R0,60,2,42,,validation,global,,macro_f1,0.39095398886107385
G4,reused_valid,G4__g4_d_augmentation_w60__tcn__r0__w60__fold_2__seed_42,temporal,tcn,R0,60,2,42,,all,cost,,training_seconds,317.13180219999776
G4,reused_valid,G4__g4_d_augmentation_w60__tcn__r0__w60__fold_2__seed_42,temporal,tcn,R0,60,2,42,,all,cost,,train_seconds,317.13180219999776
G4,reused_valid,G4__g4_d_augmentation_w60__tcn__r0__w60__fold_2__seed_42,temporal,tcn,R0,60,2,42,,all,cost,,parameter_count,49379
G4,reused_valid,G4__g4_d_augmentation_w60__tcn__r0__w60__fold_2__seed_42,temporal,tcn,R0,60,2,42,,all,cost,,model_size_bytes,636796
G4,reused_valid,G4__g4_d_augmentation_w60__tcn__r0__w60__fold_2__seed_42,temporal,tcn,R0,60,2,42,,all,cost,,peak_gpu_memory_bytes,186113024
G4,reused_valid,G4__g4_d_augmentation_w60__tcn__r0__w60__fold_2__seed_42,temporal,tcn,R0,60,2,42,,all,cost,,inference_seconds,3.9542699000012362
G4,reused_valid,G4__g4_d_augmentation_w60__tcn__r0__w60__fold_2__seed_42,temporal,tcn,R0,60,2,42,,all,cost,,inference_windows_per_second,296.64135976141466
G4,reused_valid,G4__g4_d_augmentation_w60__tcn__r0__w60__fold_2__seed_42,temporal,tcn,R0,60,2,42,,test,global,,accuracy,0.8905579399141631
G4,reused_valid,G4__g4_d_augmentation_w60__tcn__r0__w60__fold_2__seed_42,temporal,tcn,R0,60,2,42,,test,global,,balanced_accuracy,0.7768165751689649
G4,reused_valid,G4__g4_d_augmentation_w60__tcn__r0__w60__fold_2__seed_42,temporal,tcn,R0,60,2,42,,test,global,,macro_f1,0.5241920194474355
G4,reused_valid,G4__g4_d_augmentation_w60__tcn__r0__w60__fold_3__seed_42,temporal,tcn,R0,60,3,42,,validation,global,,accuracy,0.7688966116420504
G4,reused_valid,G4__g4_d_augmentation_w60__tcn__r0__w60__fold_3__seed_42,temporal,tcn,R0,60,3,42,,validation,global,,balanced_accuracy,0.4123385288779759
G4,reused_valid,G4__g4_d_augmentation_w60__tcn__r0__w60__fold_3__seed_42,temporal,tcn,R0,60,3,42,,validation,global,,macro_f1,0.3954524555903866
G4,reused_valid,G4__g4_d_augmentation_w60__tcn__r0__w60__fold_3__seed_42,temporal,tcn,R0,60,3,42,,all,cost,,training_seconds,348.36087089999637
G4,reused_valid,G4__g4_d_augmentation_w60__tcn__r0__w60__fold_3__seed_42,temporal,tcn,R0,60,3,42,,all,cost,,train_seconds,348.36087089999637
G4,reused_valid,G4__g4_d_augmentation_w60__tcn__r0__w60__fold_3__seed_42,temporal,tcn,R0,60,3,42,,all,cost,,parameter_count,49379
G4,reused_valid,G4__g4_d_augmentation_w60__tcn__r0__w60__fold_3__seed_42,temporal,tcn,R0,60,3,42,,all,cost,,model_size_bytes,636924
G4,reused_valid,G4__g4_d_augmentation_w60__tcn__r0__w60__fold_3__seed_42,temporal,tcn,R0,60,3,42,,all,cost,,peak_gpu_memory_bytes,187142144
G4,reused_valid,G4__g4_d_augmentation_w60__tcn__r0__w60__fold_3__seed_42,temporal,tcn,R0,60,3,42,,all,cost,,inference_seconds,3.7195889000067837
G4,reused_valid,G4__g4_d_augmentation_w60__tcn__r0__w60__fold_3__seed_42,temporal,tcn,R0,60,3,42,,all,cost,,inference_windows_per_second,309.4427989065945
G4,reused_valid,G4__g4_d_augmentation_w60__tcn__r0__w60__fold_3__seed_42,temporal,tcn,R0,60,3,42,,test,global,,accuracy,0.8853333333333333
G4,reused_valid,G4__g4_d_augmentation_w60__tcn__r0__w60__fold_3__seed_42,temporal,tcn,R0,60,3,42,,test,global,,balanced_accuracy,0.48776430835684675
G4,reused_valid,G4__g4_d_augmentation_w60__tcn__r0__w60__fold_3__seed_42,temporal,tcn,R0,60,3,42,,test,global,,macro_f1,0.45849310324666853
G4,reused_valid,G4__g4_d_augmentation_w60__tcn__r0__w60__fold_4__seed_42,temporal,tcn,R0,60,4,42,,validation,global,,accuracy,0.8471111111111111
G4,reused_valid,G4__g4_d_augmentation_w60__tcn__r0__w60__fold_4__seed_42,temporal,tcn,R0,60,4,42,,validation,global,,balanced_accuracy,0.4553277338603426
G4,reused_valid,G4__g4_d_augmentation_w60__tcn__r0__w60__fold_4__seed_42,temporal,tcn,R0,60,4,42,,validation,global,,macro_f1,0.42694260802912715
G4,reused_valid,G4__g4_d_augmentation_w60__tcn__r0__w60__fold_4__seed_42,temporal,tcn,R0,60,4,42,,all,cost,,training_seconds,350.9167377999984
G4,reused_valid,G4__g4_d_augmentation_w60__tcn__r0__w60__fold_4__seed_42,temporal,tcn,R0,60,4,42,,all,cost,,train_seconds,350.9167377999984
G4,reused_valid,G4__g4_d_augmentation_w60__tcn__r0__w60__fold_4__seed_42,temporal,tcn,R0,60,4,42,,all,cost,,parameter_count,49379
G4,reused_valid,G4__g4_d_augmentation_w60__tcn__r0__w60__fold_4__seed_42,temporal,tcn,R0,60,4,42,,all,cost,,model_size_bytes,636796
G4,reused_valid,G4__g4_d_augmentation_w60__tcn__r0__w60__fold_4__seed_42,temporal,tcn,R0,60,4,42,,all,cost,,peak_gpu_memory_bytes,187142144
G4,reused_valid,G4__g4_d_augmentation_w60__tcn__r0__w60__fold_4__seed_42,temporal,tcn,R0,60,4,42,,all,cost,,inference_seconds,3.897911699998076
G4,reused_valid,G4__g4_d_augmentation_w60__tcn__r0__w60__fold_4__seed_42,temporal,tcn,R0,60,4,42,,all,cost,,inference_windows_per_second,288.6160812725838
G4,reused_valid,G4__g4_d_augmentation_w60__tcn__r0__w60__fold_4__seed_42,temporal,tcn,R0,60,4,42,,test,global,,accuracy,0.7707762557077625
G4,reused_valid,G4__g4_d_augmentation_w60__tcn__r0__w60__fold_4__seed_42,temporal,tcn,R0,60,4,42,,test,global,,balanced_accuracy,0.574292399254918
G4,reused_valid,G4__g4_d_augmentation_w60__tcn__r0__w60__fold_4__seed_42,temporal,tcn,R0,60,4,42,,test,global,,macro_f1,0.37324562035632863
G45_focal,reused_valid,G45__focal_r0_w60__lstm__r0__w60__fold_1__seed_42,temporal,lstm,R0,60,1,42,,validation,global,,accuracy,0.7754237288135594
G45_focal,reused_valid,G45__focal_r0_w60__lstm__r0__w60__fold_1__seed_42,temporal,lstm,R0,60,1,42,,validation,global,,balanced_accuracy,0.5843621399176956
G45_focal,reused_valid,G45__focal_r0_w60__lstm__r0__w60__fold_1__seed_42,temporal,lstm,R0,60,1,42,,validation,global,,macro_f1,0.4495404978163599
G45_focal,reused_valid,G45__focal_r0_w60__lstm__r0__w60__fold_1__seed_42,temporal,lstm,R0,60,1,42,,all,cost,,training_seconds,5.943844400000671
G45_focal,reused_valid,G45__focal_r0_w60__lstm__r0__w60__fold_1__seed_42,temporal,lstm,R0,60,1,42,,all,cost,,train_seconds,5.943844400000671
G45_focal,reused_valid,G45__focal_r0_w60__lstm__r0__w60__fold_1__seed_42,temporal,lstm,R0,60,1,42,,all,cost,,parameter_count,51651
G45_focal,reused_valid,G45__focal_r0_w60__lstm__r0__w60__fold_1__seed_42,temporal,lstm,R0,60,1,42,,all,cost,,model_size_bytes,652370
G45_focal,reused_valid,G45__focal_r0_w60__lstm__r0__w60__fold_1__seed_42,temporal,lstm,R0,60,1,42,,all,cost,,peak_gpu_memory_bytes,376863744
G45_focal,reused_valid,G45__focal_r0_w60__lstm__r0__w60__fold_1__seed_42,temporal,lstm,R0,60,1,42,,all,cost,,inference_seconds,0.03316650000124355
G45_focal,reused_valid,G45__focal_r0_w60__lstm__r0__w60__fold_1__seed_42,temporal,lstm,R0,60,1,42,,all,cost,,inference_windows_per_second,35578.06823016468
G45_focal,reused_valid,G45__focal_r0_w60__tcn__r0__w60__fold_1__seed_42,temporal,tcn,R0,60,1,42,,validation,global,,accuracy,0.6932203389830508
G45_focal,reused_valid,G45__focal_r0_w60__tcn__r0__w60__fold_1__seed_42,temporal,tcn,R0,60,1,42,,validation,global,,balanced_accuracy,0.6596841746414396
G45_focal,reused_valid,G45__focal_r0_w60__tcn__r0__w60__fold_1__seed_42,temporal,tcn,R0,60,1,42,,validation,global,,macro_f1,0.4160211420578279
G45_focal,reused_valid,G45__focal_r0_w60__tcn__r0__w60__fold_1__seed_42,temporal,tcn,R0,60,1,42,,all,cost,,training_seconds,349.9547584000029
G45_focal,reused_valid,G45__focal_r0_w60__tcn__r0__w60__fold_1__seed_42,temporal,tcn,R0,60,1,42,,all,cost,,train_seconds,349.9547584000029
G45_focal,reused_valid,G45__focal_r0_w60__tcn__r0__w60__fold_1__seed_42,temporal,tcn,R0,60,1,42,,all,cost,,parameter_count,49379
G45_focal,reused_valid,G45__focal_r0_w60__tcn__r0__w60__fold_1__seed_42,temporal,tcn,R0,60,1,42,,all,cost,,model_size_bytes,636988
G45_focal,reused_valid,G45__focal_r0_w60__tcn__r0__w60__fold_1__seed_42,temporal,tcn,R0,60,1,42,,all,cost,,peak_gpu_memory_bytes,188977664
G45_focal,reused_valid,G45__focal_r0_w60__tcn__r0__w60__fold_1__seed_42,temporal,tcn,R0,60,1,42,,all,cost,,inference_seconds,4.232404799997312
G45_focal,reused_valid,G45__focal_r0_w60__tcn__r0__w60__fold_1__seed_42,temporal,tcn,R0,60,1,42,,all,cost,,inference_windows_per_second,278.80130936453656
G45_focal,reused_valid,G45__focal_r0_w60__lstm__r0__w60__fold_2__seed_42,temporal,lstm,R0,60,2,42,,validation,global,,accuracy,0.7271952259164536
G45_focal,reused_valid,G45__focal_r0_w60__lstm__r0__w60__fold_2__seed_42,temporal,lstm,R0,60,2,42,,validation,global,,balanced_accuracy,0.4048904942093796
G45_focal,reused_valid,G45__focal_r0_w60__lstm__r0__w60__fold_2__seed_42,temporal,lstm,R0,60,2,42,,validation,global,,macro_f1,0.35993623681214526
G45_focal,reused_valid,G45__focal_r0_w60__lstm__r0__w60__fold_2__seed_42,temporal,lstm,R0,60,2,42,,all,cost,,training_seconds,3.8388975000016217
G45_focal,reused_valid,G45__focal_r0_w60__lstm__r0__w60__fold_2__seed_42,temporal,lstm,R0,60,2,42,,all,cost,,train_seconds,3.8388975000016217
G45_focal,reused_valid,G45__focal_r0_w60__lstm__r0__w60__fold_2__seed_42,temporal,lstm,R0,60,2,42,,all,cost,,parameter_count,51651
G45_focal,reused_valid,G45__focal_r0_w60__lstm__r0__w60__fold_2__seed_42,temporal,lstm,R0,60,2,42,,all,cost,,model_size_bytes,652242
G45_focal,reused_valid,G45__focal_r0_w60__lstm__r0__w60__fold_2__seed_42,temporal,lstm,R0,60,2,42,,all,cost,,peak_gpu_memory_bytes,377266176
G45_focal,reused_valid,G45__focal_r0_w60__lstm__r0__w60__fold_2__seed_42,temporal,lstm,R0,60,2,42,,all,cost,,inference_seconds,0.02795479999986128
G45_focal,reused_valid,G45__focal_r0_w60__lstm__r0__w60__fold_2__seed_42,temporal,lstm,R0,60,2,42,,all,cost,,inference_windows_per_second,41960.59352976307
G45_focal,reused_valid,G45__focal_r0_w60__tcn__r0__w60__fold_2__seed_42,temporal,tcn,R0,60,2,42,,validation,global,,accuracy,0.7502131287297528
G45_focal,reused_valid,G45__focal_r0_w60__tcn__r0__w60__fold_2__seed_42,temporal,tcn,R0,60,2,42,,validation,global,,balanced_accuracy,0.47519875396552386
G45_focal,reused_valid,G45__focal_r0_w60__tcn__r0__w60__fold_2__seed_42,temporal,tcn,R0,60,2,42,,validation,global,,macro_f1,0.389973607556267
G45_focal,reused_valid,G45__focal_r0_w60__tcn__r0__w60__fold_2__seed_42,temporal,tcn,R0,60,2,42,,all,cost,,training_seconds,469.4250415000024
G45_focal,reused_valid,G45__focal_r0_w60__tcn__r0__w60__fold_2__seed_42,temporal,tcn,R0,60,2,42,,all,cost,,train_seconds,469.4250415000024
G45_focal,reused_valid,G45__focal_r0_w60__tcn__r0__w60__fold_2__seed_42,temporal,tcn,R0,60,2,42,,all,cost,,parameter_count,49379
G45_focal,reused_valid,G45__focal_r0_w60__tcn__r0__w60__fold_2__seed_42,temporal,tcn,R0,60,2,42,,all,cost,,model_size_bytes,637820
G45_focal,reused_valid,G45__focal_r0_w60__tcn__r0__w60__fold_2__seed_42,temporal,tcn,R0,60,2,42,,all,cost,,peak_gpu_memory_bytes,188977664
G45_focal,reused_valid,G45__focal_r0_w60__tcn__r0__w60__fold_2__seed_42,temporal,tcn,R0,60,2,42,,all,cost,,inference_seconds,5.2532924999977695
G45_focal,reused_valid,G45__focal_r0_w60__tcn__r0__w60__fold_2__seed_42,temporal,tcn,R0,60,2,42,,all,cost,,inference_windows_per_second,223.28853761721777
G45_focal,reused_valid,G45__focal_r0_w60__lstm__r0__w60__fold_3__seed_42,temporal,lstm,R0,60,3,42,,validation,global,,accuracy,0.6672458731537794
G45_focal,reused_valid,G45__focal_r0_w60__lstm__r0__w60__fold_3__seed_42,temporal,lstm,R0,60,3,42,,validation,global,,balanced_accuracy,0.5517604081979015
G45_focal,reused_valid,G45__focal_r0_w60__lstm__r0__w60__fold_3__seed_42,temporal,lstm,R0,60,3,42,,validation,global,,macro_f1,0.40299934643321267
G45_focal,reused_valid,G45__focal_r0_w60__lstm__r0__w60__fold_3__seed_42,temporal,lstm,R0,60,3,42,,all,cost,,training_seconds,5.068513999998686
G45_focal,reused_valid,G45__focal_r0_w60__lstm__r0__w60__fold_3__seed_42,temporal,lstm,R0,60,3,42,,all,cost,,train_seconds,5.068513999998686
G45_focal,reused_valid,G45__focal_r0_w60__lstm__r0__w60__fold_3__seed_42,temporal,lstm,R0,60,3,42,,all,cost,,parameter_count,51651
G45_focal,reused_valid,G45__focal_r0_w60__lstm__r0__w60__fold_3__seed_42,temporal,lstm,R0,60,3,42,,all,cost,,model_size_bytes,652562
G45_focal,reused_valid,G45__focal_r0_w60__lstm__r0__w60__fold_3__seed_42,temporal,lstm,R0,60,3,42,,all,cost,,peak_gpu_memory_bytes,377266176
G45_focal,reused_valid,G45__focal_r0_w60__lstm__r0__w60__fold_3__seed_42,temporal,lstm,R0,60,3,42,,all,cost,,inference_seconds,0.03135459999975865
G45_focal,reused_valid,G45__focal_r0_w60__lstm__r0__w60__fold_3__seed_42,temporal,lstm,R0,60,3,42,,all,cost,,inference_windows_per_second,36709.12720968725
G45_focal,reused_valid,G45__focal_r0_w60__tcn__r0__w60__fold_3__seed_42,temporal,tcn,R0,60,3,42,,validation,global,,accuracy,0.6768027801911382
G45_focal,reused_valid,G45__focal_r0_w60__tcn__r0__w60__fold_3__seed_42,temporal,tcn,R0,60,3,42,,validation,global,,balanced_accuracy,0.4456585859249465
G45_focal,reused_valid,G45__focal_r0_w60__tcn__r0__w60__fold_3__seed_42,temporal,tcn,R0,60,3,42,,validation,global,,macro_f1,0.3920405423673397
G45_focal,reused_valid,G45__focal_r0_w60__tcn__r0__w60__fold_3__seed_42,temporal,tcn,R0,60,3,42,,all,cost,,training_seconds,384.7725851000032
G45_focal,reused_valid,G45__focal_r0_w60__tcn__r0__w60__fold_3__seed_42,temporal,tcn,R0,60,3,42,,all,cost,,train_seconds,384.7725851000032
G45_focal,reused_valid,G45__focal_r0_w60__tcn__r0__w60__fold_3__seed_42,temporal,tcn,R0,60,3,42,,all,cost,,parameter_count,49379
G45_focal,reused_valid,G45__focal_r0_w60__tcn__r0__w60__fold_3__seed_42,temporal,tcn,R0,60,3,42,,all,cost,,model_size_bytes,637052
G45_focal,reused_valid,G45__focal_r0_w60__tcn__r0__w60__fold_3__seed_42,temporal,tcn,R0,60,3,42,,all,cost,,peak_gpu_memory_bytes,188977664
G45_focal,reused_valid,G45__focal_r0_w60__tcn__r0__w60__fold_3__seed_42,temporal,tcn,R0,60,3,42,,all,cost,,inference_seconds,4.762734299998556
G45_focal,reused_valid,G45__focal_r0_w60__tcn__r0__w60__fold_3__seed_42,temporal,tcn,R0,60,3,42,,all,cost,,inference_windows_per_second,241.66790072676298
G45_focal,reused_valid,G45__focal_r0_w60__lstm__r0__w60__fold_4__seed_42,temporal,lstm,R0,60,4,42,,validation,global,,accuracy,0.6933333333333334
G45_focal,reused_valid,G45__focal_r0_w60__lstm__r0__w60__fold_4__seed_42,temporal,lstm,R0,60,4,42,,validation,global,,balanced_accuracy,0.5624224986437262
G45_focal,reused_valid,G45__focal_r0_w60__lstm__r0__w60__fold_4__seed_42,temporal,lstm,R0,60,4,42,,validation,global,,macro_f1,0.404943822101381
G45_focal,reused_valid,G45__focal_r0_w60__lstm__r0__w60__fold_4__seed_42,temporal,lstm,R0,60,4,42,,all,cost,,training_seconds,6.428180999999313
G45_focal,reused_valid,G45__focal_r0_w60__lstm__r0__w60__fold_4__seed_42,temporal,lstm,R0,60,4,42,,all,cost,,train_seconds,6.428180999999313
G45_focal,reused_valid,G45__focal_r0_w60__lstm__r0__w60__fold_4__seed_42,temporal,lstm,R0,60,4,42,,all,cost,,parameter_count,51651
G45_focal,reused_valid,G45__focal_r0_w60__lstm__r0__w60__fold_4__seed_42,temporal,lstm,R0,60,4,42,,all,cost,,model_size_bytes,653010
G45_focal,reused_valid,G45__focal_r0_w60__lstm__r0__w60__fold_4__seed_42,temporal,lstm,R0,60,4,42,,all,cost,,peak_gpu_memory_bytes,377266176
G45_focal,reused_valid,G45__focal_r0_w60__lstm__r0__w60__fold_4__seed_42,temporal,lstm,R0,60,4,42,,all,cost,,inference_seconds,0.03228859999944689
G45_focal,reused_valid,G45__focal_r0_w60__lstm__r0__w60__fold_4__seed_42,temporal,lstm,R0,60,4,42,,all,cost,,inference_windows_per_second,34842.01854584192
G45_focal,reused_valid,G45__focal_r0_w60__tcn__r0__w60__fold_4__seed_42,temporal,tcn,R0,60,4,42,,validation,global,,accuracy,0.7457777777777778
G45_focal,reused_valid,G45__focal_r0_w60__tcn__r0__w60__fold_4__seed_42,temporal,tcn,R0,60,4,42,,validation,global,,balanced_accuracy,0.5011778591542019
G45_focal,reused_valid,G45__focal_r0_w60__tcn__r0__w60__fold_4__seed_42,temporal,tcn,R0,60,4,42,,validation,global,,macro_f1,0.4160710670460201
G45_focal,reused_valid,G45__focal_r0_w60__tcn__r0__w60__fold_4__seed_42,temporal,tcn,R0,60,4,42,,all,cost,,training_seconds,577.8964379999998
G45_focal,reused_valid,G45__focal_r0_w60__tcn__r0__w60__fold_4__seed_42,temporal,tcn,R0,60,4,42,,all,cost,,train_seconds,577.8964379999998
G45_focal,reused_valid,G45__focal_r0_w60__tcn__r0__w60__fold_4__seed_42,temporal,tcn,R0,60,4,42,,all,cost,,parameter_count,49379
G45_focal,reused_valid,G45__focal_r0_w60__tcn__r0__w60__fold_4__seed_42,temporal,tcn,R0,60,4,42,,all,cost,,model_size_bytes,637628
G45_focal,reused_valid,G45__focal_r0_w60__tcn__r0__w60__fold_4__seed_42,temporal,tcn,R0,60,4,42,,all,cost,,peak_gpu_memory_bytes,188977664
G45_focal,reused_valid,G45__focal_r0_w60__tcn__r0__w60__fold_4__seed_42,temporal,tcn,R0,60,4,42,,all,cost,,inference_seconds,5.187111499999446
G45_focal,reused_valid,G45__focal_r0_w60__tcn__r0__w60__fold_4__seed_42,temporal,tcn,R0,60,4,42,,all,cost,,inference_windows_per_second,216.88371264047825
G45_hierarchical,reused_valid,G45__hierarchical_b_w60__svm__r0__w60__fold_1__seed_42,classical,svm,R0,60,1,42,,validation,global,,accuracy,0.8593220338983051
G45_hierarchical,reused_valid,G45__hierarchical_b_w60__svm__r0__w60__fold_1__seed_42,classical,svm,R0,60,1,42,,validation,global,,balanced_accuracy,0.3333333333333333
G45_hierarchical,reused_valid,G45__hierarchical_b_w60__svm__r0__w60__fold_1__seed_42,classical,svm,R0,60,1,42,,validation,global,,macro_f1,0.3081130355515041
G45_hierarchical,reused_valid,G45__hierarchical_b_w60__svm__r0__w60__fold_1__seed_42,classical,svm,R0,60,1,42,,all,cost,,train_seconds,21.365103070000032
G45_hierarchical,reused_valid,G45__hierarchical_b_w60__lstm__r0__w60__fold_1__seed_42,temporal,lstm,R0,60,1,42,,validation,global,,accuracy,0.7983050847457627
G45_hierarchical,reused_valid,G45__hierarchical_b_w60__lstm__r0__w60__fold_1__seed_42,temporal,lstm,R0,60,1,42,,validation,global,,balanced_accuracy,0.517148805610344
G45_hierarchical,reused_valid,G45__hierarchical_b_w60__lstm__r0__w60__fold_1__seed_42,temporal,lstm,R0,60,1,42,,validation,global,,macro_f1,0.5155555555555555
G45_hierarchical,reused_valid,G45__hierarchical_b_w60__lstm__r0__w60__fold_1__seed_42,temporal,lstm,R0,60,1,42,,all,cost,,train_seconds,0.9763643240000874
G45_hierarchical,reused_valid,G45__hierarchical_b_w60__svm__r0__w60__fold_2__seed_42,classical,svm,R0,60,2,42,,validation,global,,accuracy,0.9002557544757033
G45_hierarchical,reused_valid,G45__hierarchical_b_w60__svm__r0__w60__fold_2__seed_42,classical,svm,R0,60,2,42,,validation,global,,balanced_accuracy,0.33408057179987005
G45_hierarchical,reused_valid,G45__hierarchical_b_w60__svm__r0__w60__fold_2__seed_42,classical,svm,R0,60,2,42,,validation,global,,macro_f1,0.32862575626620566
G45_hierarchical,reused_valid,G45__hierarchical_b_w60__svm__r0__w60__fold_2__seed_42,classical,svm,R0,60,2,42,,all,cost,,train_seconds,32.25976332999994
G45_hierarchical,reused_valid,G45__hierarchical_b_w60__lstm__r0__w60__fold_2__seed_42,temporal,lstm,R0,60,2,42,,validation,global,,accuracy,0.8005115089514067
G45_hierarchical,reused_valid,G45__hierarchical_b_w60__lstm__r0__w60__fold_2__seed_42,temporal,lstm,R0,60,2,42,,validation,global,,balanced_accuracy,0.42028914879792073
G45_hierarchical,reused_valid,G45__hierarchical_b_w60__lstm__r0__w60__fold_2__seed_42,temporal,lstm,R0,60,2,42,,validation,global,,macro_f1,0.3810138549307253
G45_hierarchical,reused_valid,G45__hierarchical_b_w60__lstm__r0__w60__fold_2__seed_42,temporal,lstm,R0,60,2,42,,all,cost,,train_seconds,0.11140826600012588
G45_hierarchical,reused_valid,G45__hierarchical_b_w60__svm__r0__w60__fold_3__seed_42,classical,svm,R0,60,3,42,,validation,global,,accuracy,0.838401390095569
G45_hierarchical,reused_valid,G45__hierarchical_b_w60__svm__r0__w60__fold_3__seed_42,classical,svm,R0,60,3,42,,validation,global,,balanced_accuracy,0.3317986904380627
G45_hierarchical,reused_valid,G45__hierarchical_b_w60__svm__r0__w60__fold_3__seed_42,classical,svm,R0,60,3,42,,validation,global,,macro_f1,0.31512263143495106
G45_hierarchical,reused_valid,G45__hierarchical_b_w60__svm__r0__w60__fold_3__seed_42,classical,svm,R0,60,3,42,,all,cost,,train_seconds,39.11877088699998
G45_hierarchical,reused_valid,G45__hierarchical_b_w60__lstm__r0__w60__fold_3__seed_42,temporal,lstm,R0,60,3,42,,validation,global,,accuracy,0.7593397046046916
G45_hierarchical,reused_valid,G45__hierarchical_b_w60__lstm__r0__w60__fold_3__seed_42,temporal,lstm,R0,60,3,42,,validation,global,,balanced_accuracy,0.4141845485925768
G45_hierarchical,reused_valid,G45__hierarchical_b_w60__lstm__r0__w60__fold_3__seed_42,temporal,lstm,R0,60,3,42,,validation,global,,macro_f1,0.393781899090456
G45_hierarchical,reused_valid,G45__hierarchical_b_w60__lstm__r0__w60__fold_3__seed_42,temporal,lstm,R0,60,3,42,,all,cost,,train_seconds,0.10675936600000568
G45_hierarchical,reused_valid,G45__hierarchical_b_w60__svm__r0__w60__fold_4__seed_42,classical,svm,R0,60,4,42,,validation,global,,accuracy,0.8168888888888889
G45_hierarchical,reused_valid,G45__hierarchical_b_w60__svm__r0__w60__fold_4__seed_42,classical,svm,R0,60,4,42,,validation,global,,balanced_accuracy,0.3969861660079051
G45_hierarchical,reused_valid,G45__hierarchical_b_w60__svm__r0__w60__fold_4__seed_42,classical,svm,R0,60,4,42,,validation,global,,macro_f1,0.37887376029584807
G45_hierarchical,reused_valid,G45__hierarchical_b_w60__svm__r0__w60__fold_4__seed_42,classical,svm,R0,60,4,42,,all,cost,,train_seconds,33.99938400399992
G45_hierarchical,reused_valid,G45__hierarchical_b_w60__lstm__r0__w60__fold_4__seed_42,temporal,lstm,R0,60,4,42,,validation,global,,accuracy,0.7244444444444444
G45_hierarchical,reused_valid,G45__hierarchical_b_w60__lstm__r0__w60__fold_4__seed_42,temporal,lstm,R0,60,4,42,,validation,global,,balanced_accuracy,0.4291516507788886
G45_hierarchical,reused_valid,G45__hierarchical_b_w60__lstm__r0__w60__fold_4__seed_42,temporal,lstm,R0,60,4,42,,validation,global,,macro_f1,0.38412117343746094
G45_hierarchical,reused_valid,G45__hierarchical_b_w60__lstm__r0__w60__fold_4__seed_42,temporal,lstm,R0,60,4,42,,all,cost,,train_seconds,0.09479995800006691
baseline,reused_valid,dummy__w30__fold_1,classical,dummy,majority_train,30,1,,none,validation,global,,accuracy,0.8559463986599665
baseline,reused_valid,dummy__w30__fold_1,classical,dummy,majority_train,30,1,,none,validation,global,,balanced_accuracy,0.3333333333333333
baseline,reused_valid,dummy__w30__fold_1,classical,dummy,majority_train,30,1,,none,validation,global,,macro_f1,0.3074608904933815
baseline,reused_valid,dummy__w30__fold_1,classical,dummy,majority_train,30,1,,none,test,global,,accuracy,0.7087947882736156
baseline,reused_valid,dummy__w30__fold_1,classical,dummy,majority_train,30,1,,none,test,global,,balanced_accuracy,0.3333333333333333
baseline,reused_valid,dummy__w30__fold_1,classical,dummy,majority_train,30,1,,none,test,global,,macro_f1,0.27652814843055024
baseline,reused_valid,dummy__w30__fold_2,classical,dummy,majority_train,30,2,,none,validation,global,,accuracy,0.9164556962025316
baseline,reused_valid,dummy__w30__fold_2,classical,dummy,majority_train,30,2,,none,validation,global,,balanced_accuracy,0.3333333333333333
baseline,reused_valid,dummy__w30__fold_2,classical,dummy,majority_train,30,2,,none,validation,global,,macro_f1,0.3188022897402026
baseline,reused_valid,dummy__w30__fold_2,classical,dummy,majority_train,30,2,,none,test,global,,accuracy,0.8426666666666667
baseline,reused_valid,dummy__w30__fold_2,classical,dummy,majority_train,30,2,,none,test,global,,balanced_accuracy,0.5
baseline,reused_valid,dummy__w30__fold_2,classical,dummy,majority_train,30,2,,none,test,global,,macro_f1,0.3048721659430777
baseline,reused_valid,dummy__w30__fold_3,classical,dummy,majority_train,30,3,,none,validation,global,,accuracy,0.8575129533678757
baseline,reused_valid,dummy__w30__fold_3,classical,dummy,majority_train,30,3,,none,validation,global,,balanced_accuracy,0.3333333333333333
baseline,reused_valid,dummy__w30__fold_3,classical,dummy,majority_train,30,3,,none,validation,global,,macro_f1,0.3077638307763831
baseline,reused_valid,dummy__w30__fold_3,classical,dummy,majority_train,30,3,,none,test,global,,accuracy,0.906146728354263
baseline,reused_valid,dummy__w30__fold_3,classical,dummy,majority_train,30,3,,none,test,global,,balanced_accuracy,0.3333333333333333
baseline,reused_valid,dummy__w30__fold_3,classical,dummy,majority_train,30,3,,none,test,global,,macro_f1,0.3169209431345354
baseline,reused_valid,dummy__w30__fold_4,classical,dummy,majority_train,30,4,,none,validation,global,,accuracy,0.8953386103781882
baseline,reused_valid,dummy__w30__fold_4,classical,dummy,majority_train,30,4,,none,validation,global,,balanced_accuracy,0.3333333333333333
baseline,reused_valid,dummy__w30__fold_4,classical,dummy,majority_train,30,4,,none,validation,global,,macro_f1,0.3149265274555298
baseline,reused_valid,dummy__w30__fold_4,classical,dummy,majority_train,30,4,,none,test,global,,accuracy,0.8687782805429864
baseline,reused_valid,dummy__w30__fold_4,classical,dummy,majority_train,30,4,,none,test,global,,balanced_accuracy,0.3333333333333333
baseline,reused_valid,dummy__w30__fold_4,classical,dummy,majority_train,30,4,,none,test,global,,macro_f1,0.3099273607748184
baseline,reused_valid,dummy__w60__fold_1,classical,dummy,majority_train,60,1,,none,validation,global,,accuracy,0.8593220338983051
baseline,reused_valid,dummy__w60__fold_1,classical,dummy,majority_train,60,1,,none,validation,global,,balanced_accuracy,0.3333333333333333
baseline,reused_valid,dummy__w60__fold_1,classical,dummy,majority_train,60,1,,none,validation,global,,macro_f1,0.3081130355515041
baseline,reused_valid,dummy__w60__fold_1,classical,dummy,majority_train,60,1,,none,test,global,,accuracy,0.7092568448500652
baseline,reused_valid,dummy__w60__fold_1,classical,dummy,majority_train,60,1,,none,test,global,,balanced_accuracy,0.3333333333333333
baseline,reused_valid,dummy__w60__fold_1,classical,dummy,majority_train,60,1,,none,test,global,,macro_f1,0.2766336130180524
baseline,reused_valid,dummy__w60__fold_2,classical,dummy,majority_train,60,2,,none,validation,global,,accuracy,0.9207161125319693
baseline,reused_valid,dummy__w60__fold_2,classical,dummy,majority_train,60,2,,none,validation,global,,balanced_accuracy,0.3333333333333333
baseline,reused_valid,dummy__w60__fold_2,classical,dummy,majority_train,60,2,,none,validation,global,,macro_f1,0.3195739014647137
baseline,reused_valid,dummy__w60__fold_2,classical,dummy,majority_train,60,2,,none,test,global,,accuracy,0.8428111587982833
baseline,reused_valid,dummy__w60__fold_2,classical,dummy,majority_train,60,2,,none,test,global,,balanced_accuracy,0.5
baseline,reused_valid,dummy__w60__fold_2,classical,dummy,majority_train,60,2,,none,test,global,,macro_f1,0.30490053372149445
baseline,reused_valid,dummy__w60__fold_3,classical,dummy,majority_train,60,3,,none,validation,global,,accuracy,0.8566463944396178
baseline,reused_valid,dummy__w60__fold_3,classical,dummy,majority_train,60,3,,none,validation,global,,balanced_accuracy,0.3333333333333333
baseline,reused_valid,dummy__w60__fold_3,classical,dummy,majority_train,60,3,,none,validation,global,,macro_f1,0.30759631882701605
baseline,reused_valid,dummy__w60__fold_3,classical,dummy,majority_train,60,3,,none,test,global,,accuracy,0.9113333333333333
baseline,reused_valid,dummy__w60__fold_3,classical,dummy,majority_train,60,3,,none,test,global,,balanced_accuracy,0.3333333333333333
baseline,reused_valid,dummy__w60__fold_3,classical,dummy,majority_train,60,3,,none,test,global,,macro_f1,0.31787001511452156
baseline,reused_valid,dummy__w60__fold_4,classical,dummy,majority_train,60,4,,none,validation,global,,accuracy,0.8995555555555556
baseline,reused_valid,dummy__w60__fold_4,classical,dummy,majority_train,60,4,,none,validation,global,,balanced_accuracy,0.3333333333333333
baseline,reused_valid,dummy__w60__fold_4,classical,dummy,majority_train,60,4,,none,validation,global,,macro_f1,0.3157073779441585
baseline,reused_valid,dummy__w60__fold_4,classical,dummy,majority_train,60,4,,none,test,global,,accuracy,0.873972602739726
baseline,reused_valid,dummy__w60__fold_4,classical,dummy,majority_train,60,4,,none,test,global,,balanced_accuracy,0.5
baseline,reused_valid,dummy__w60__fold_4,classical,dummy,majority_train,60,4,,none,test,global,,macro_f1,0.310916179337232
baseline,reused_valid,dummy__w150__fold_1,classical,dummy,majority_train,150,1,,none,validation,global,,accuracy,0.8649350649350649
baseline,reused_valid,dummy__w150__fold_1,classical,dummy,majority_train,150,1,,none,validation,global,,balanced_accuracy,0.3333333333333333
baseline,reused_valid,dummy__w150__fold_1,classical,dummy,majority_train,150,1,,none,validation,global,,macro_f1,0.30919220055710306
baseline,reused_valid,dummy__w150__fold_1,classical,dummy,majority_train,150,1,,none,test,global,,accuracy,0.7133507853403142
baseline,reused_valid,dummy__w150__fold_1,classical,dummy,majority_train,150,1,,none,test,global,,balanced_accuracy,0.3333333333333333
baseline,reused_valid,dummy__w150__fold_1,classical,dummy,majority_train,150,1,,none,test,global,,macro_f1,0.27756557168321877
baseline,reused_valid,dummy__w150__fold_2,classical,dummy,majority_train,150,2,,none,validation,global,,accuracy,0.9258620689655173
baseline,reused_valid,dummy__w150__fold_2,classical,dummy,majority_train,150,2,,none,validation,global,,balanced_accuracy,0.3333333333333333
baseline,reused_valid,dummy__w150__fold_2,classical,dummy,majority_train,150,2,,none,validation,global,,macro_f1,0.3205013428827216
baseline,reused_valid,dummy__w150__fold_2,classical,dummy,majority_train,150,2,,none,test,global,,accuracy,0.8473655621944596
baseline,reused_valid,dummy__w150__fold_2,classical,dummy,majority_train,150,2,,none,test,global,,balanced_accuracy,0.5
baseline,reused_valid,dummy__w150__fold_2,classical,dummy,majority_train,150,2,,none,test,global,,macro_f1,0.3057924139958836
baseline,reused_valid,dummy__w150__fold_3,classical,dummy,majority_train,150,3,,none,validation,global,,accuracy,0.8613333333333333
baseline,reused_valid,dummy__w150__fold_3,classical,dummy,majority_train,150,3,,none,validation,global,,balanced_accuracy,0.3333333333333333
baseline,reused_valid,dummy__w150__fold_3,classical,dummy,majority_train,150,3,,none,validation,global,,macro_f1,0.30850047755491883
baseline,reused_valid,dummy__w150__fold_3,classical,dummy,majority_train,150,3,,none,test,global,,accuracy,0.9142665773610181
baseline,reused_valid,dummy__w150__fold_3,classical,dummy,majority_train,150,3,,none,test,global,,balanced_accuracy,0.3333333333333333
baseline,reused_valid,dummy__w150__fold_3,classical,dummy,majority_train,150,3,,none,test,global,,macro_f1,0.3184044786564031
baseline,reused_valid,dummy__w150__fold_4,classical,dummy,majority_train,150,4,,none,validation,global,,accuracy,0.9067873303167421
baseline,reused_valid,dummy__w150__fold_4,classical,dummy,majority_train,150,4,,none,validation,global,,balanced_accuracy,0.3333333333333333
baseline,reused_valid,dummy__w150__fold_4,classical,dummy,majority_train,150,4,,none,validation,global,,macro_f1,0.3170384432842905
baseline,reused_valid,dummy__w150__fold_4,classical,dummy,majority_train,150,4,,none,test,global,,accuracy,0.879182156133829
baseline,reused_valid,dummy__w150__fold_4,classical,dummy,majority_train,150,4,,none,test,global,,balanced_accuracy,0.5
baseline,reused_valid,dummy__w150__fold_4,classical,dummy,majority_train,150,4,,none,test,global,,macro_f1,0.31190240685789644
G46,reused_valid,,classical,svm,baseline,60,1,42,none,validation,global,,macro_f1,0.40923359711629126
G46,reused_valid,,classical,svm,geometry_normalized,60,1,42,none,validation,global,,macro_f1,0.40762464835464574
G46,reused_valid,,classical,svm,pose_corrected,60,1,42,none,validation,global,,macro_f1,0.4080165026633704
G46,reused_valid,,classical,svm,baseline,60,2,42,none,validation,global,,macro_f1,0.3977301111527414
G46,reused_valid,,classical,svm,geometry_normalized,60,2,42,none,validation,global,,macro_f1,0.3761228790063214
G46,reused_valid,,classical,svm,pose_corrected,60,2,42,none,validation,global,,macro_f1,0.38728091347547483
G46,reused_valid,,classical,svm,baseline,60,3,42,none,validation,global,,macro_f1,0.4014825842870879
G46,reused_valid,,classical,svm,geometry_normalized,60,3,42,none,validation,global,,macro_f1,0.3954437669376694
G46,reused_valid,,classical,svm,pose_corrected,60,3,42,none,validation,global,,macro_f1,0.39813649064440026
G46,reused_valid,,classical,svm,baseline,60,4,42,none,validation,global,,macro_f1,0.38866900654668557
G46,reused_valid,,classical,svm,geometry_normalized,60,4,42,none,validation,global,,macro_f1,0.41660081909398694
G46,reused_valid,,classical,svm,pose_corrected,60,4,42,none,validation,global,,macro_f1,0.408546002769377
G1,reused_valid,G1__qualification_r0_flat__fixed_rules__r0_flat__w30__fold_1__seed_42,classical,fixed_rules,R0_flat,30,1,42,none,validation,class,alert,precision,0.6485148514851485
G1,reused_valid,G1__qualification_r0_flat__fixed_rules__r0_flat__w30__fold_1__seed_42,classical,fixed_rules,R0_flat,30,1,42,none,validation,class,alert,recall,0.12818003913894324
G1,reused_valid,G1__qualification_r0_flat__fixed_rules__r0_flat__w30__fold_1__seed_42,classical,fixed_rules,R0_flat,30,1,42,none,validation,class,alert,f1,0.21405228758169934
G1,reused_valid,G1__qualification_r0_flat__fixed_rules__r0_flat__w30__fold_1__seed_42,classical,fixed_rules,R0_flat,30,1,42,none,validation,class,fatigue,precision,0.0
G1,reused_valid,G1__qualification_r0_flat__fixed_rules__r0_flat__w30__fold_1__seed_42,classical,fixed_rules,R0_flat,30,1,42,none,validation,class,fatigue,recall,0.0
G1,reused_valid,G1__qualification_r0_flat__fixed_rules__r0_flat__w30__fold_1__seed_42,classical,fixed_rules,R0_flat,30,1,42,none,validation,class,fatigue,f1,0.0
G1,reused_valid,G1__qualification_r0_flat__fixed_rules__r0_flat__w30__fold_1__seed_42,classical,fixed_rules,R0_flat,30,1,42,none,validation,class,distraction,precision,0.0958627648839556
G1,reused_valid,G1__qualification_r0_flat__fixed_rules__r0_flat__w30__fold_1__seed_42,classical,fixed_rules,R0_flat,30,1,42,none,validation,class,distraction,recall,0.5757575757575758
G1,reused_valid,G1__qualification_r0_flat__fixed_rules__r0_flat__w30__fold_1__seed_42,classical,fixed_rules,R0_flat,30,1,42,none,validation,class,distraction,f1,0.1643598615916955
G1,reused_valid,G1__qualification_r0_flat__fixed_rules__r0_flat__w30__fold_1__seed_42,classical,fixed_rules,R0_flat,30,1,42,none,test,class,alert,precision,0.47619047619047616
G1,reused_valid,G1__qualification_r0_flat__fixed_rules__r0_flat__w30__fold_1__seed_42,classical,fixed_rules,R0_flat,30,1,42,none,test,class,alert,recall,0.33088235294117646
G1,reused_valid,G1__qualification_r0_flat__fixed_rules__r0_flat__w30__fold_1__seed_42,classical,fixed_rules,R0_flat,30,1,42,none,test,class,alert,f1,0.39045553145336226
G1,reused_valid,G1__qualification_r0_flat__fixed_rules__r0_flat__w30__fold_1__seed_42,classical,fixed_rules,R0_flat,30,1,42,none,test,class,fatigue,precision,0.0
G1,reused_valid,G1__qualification_r0_flat__fixed_rules__r0_flat__w30__fold_1__seed_42,classical,fixed_rules,R0_flat,30,1,42,none,test,class,fatigue,recall,0.0
G1,reused_valid,G1__qualification_r0_flat__fixed_rules__r0_flat__w30__fold_1__seed_42,classical,fixed_rules,R0_flat,30,1,42,none,test,class,fatigue,f1,0.0
G1,reused_valid,G1__qualification_r0_flat__fixed_rules__r0_flat__w30__fold_1__seed_42,classical,fixed_rules,R0_flat,30,1,42,none,test,class,distraction,precision,0.04129032258064516
G1,reused_valid,G1__qualification_r0_flat__fixed_rules__r0_flat__w30__fold_1__seed_42,classical,fixed_rules,R0_flat,30,1,42,none,test,class,distraction,recall,0.08443271767810026
G1,reused_valid,G1__qualification_r0_flat__fixed_rules__r0_flat__w30__fold_1__seed_42,classical,fixed_rules,R0_flat,30,1,42,none,test,class,distraction,f1,0.05545927209705372
G1,reused_valid,G1__qualification_r0_flat__svm__r0_flat__w30__fold_1__seed_42,classical,svm,R0_flat,30,1,42,none,validation,class,alert,precision,0.8572635135135135
G1,reused_valid,G1__qualification_r0_flat__svm__r0_flat__w30__fold_1__seed_42,classical,svm,R0_flat,30,1,42,none,validation,class,alert,recall,0.9931506849315068
G1,reused_valid,G1__qualification_r0_flat__svm__r0_flat__w30__fold_1__seed_42,classical,svm,R0_flat,30,1,42,none,validation,class,alert,f1,0.9202175883952856
G1,reused_valid,G1__qualification_r0_flat__svm__r0_flat__w30__fold_1__seed_42,classical,svm,R0_flat,30,1,42,none,validation,class,fatigue,precision,0.1
G1,reused_valid,G1__qualification_r0_flat__svm__r0_flat__w30__fold_1__seed_42,classical,svm,R0_flat,30,1,42,none,validation,class,fatigue,recall,0.14285714285714285
G1,reused_valid,G1__qualification_r0_flat__svm__r0_flat__w30__fold_1__seed_42,classical,svm,R0_flat,30,1,42,none,validation,class,fatigue,f1,0.11764705882352941
G1,reused_valid,G1__qualification_r0_flat__svm__r0_flat__w30__fold_1__seed_42,classical,svm,R0_flat,30,1,42,none,validation,class,distraction,precision,0.0
G1,reused_valid,G1__qualification_r0_flat__svm__r0_flat__w30__fold_1__seed_42,classical,svm,R0_flat,30,1,42,none,validation,class,distraction,recall,0.0
G1,reused_valid,G1__qualification_r0_flat__svm__r0_flat__w30__fold_1__seed_42,classical,svm,R0_flat,30,1,42,none,validation,class,distraction,f1,0.0
G1,reused_valid,G1__qualification_r0_flat__svm__r0_flat__w30__fold_1__seed_42,classical,svm,R0_flat,30,1,42,none,test,class,alert,precision,0.7076719576719577
G1,reused_valid,G1__qualification_r0_flat__svm__r0_flat__w30__fold_1__seed_42,classical,svm,R0_flat,30,1,42,none,test,class,alert,recall,0.9834558823529411
G1,reused_valid,G1__qualification_r0_flat__svm__r0_flat__w30__fold_1__seed_42,classical,svm,R0_flat,30,1,42,none,test,class,alert,f1,0.823076923076923
G1,reused_valid,G1__qualification_r0_flat__svm__r0_flat__w30__fold_1__seed_42,classical,svm,R0_flat,30,1,42,none,test,class,fatigue,precision,0.0
G1,reused_valid,G1__qualification_r0_flat__svm__r0_flat__w30__fold_1__seed_42,classical,svm,R0_flat,30,1,42,none,test,class,fatigue,recall,0.0
G1,reused_valid,G1__qualification_r0_flat__svm__r0_flat__w30__fold_1__seed_42,classical,svm,R0_flat,30,1,42,none,test,class,fatigue,f1,0.0
G1,reused_valid,G1__qualification_r0_flat__svm__r0_flat__w30__fold_1__seed_42,classical,svm,R0_flat,30,1,42,none,test,class,distraction,precision,0.0
G1,reused_valid,G1__qualification_r0_flat__svm__r0_flat__w30__fold_1__seed_42,classical,svm,R0_flat,30,1,42,none,test,class,distraction,recall,0.0
G1,reused_valid,G1__qualification_r0_flat__svm__r0_flat__w30__fold_1__seed_42,classical,svm,R0_flat,30,1,42,none,test,class,distraction,f1,0.0
G1,reused_valid,G1__qualification_r0_flat__random_forest__r0_flat__w30__fold_1__seed_42,classical,random_forest,R0_flat,30,1,42,none,validation,class,alert,precision,0.8836772983114447
G1,reused_valid,G1__qualification_r0_flat__random_forest__r0_flat__w30__fold_1__seed_42,classical,random_forest,R0_flat,30,1,42,none,validation,class,alert,recall,0.9217221135029354
G1,reused_valid,G1__qualification_r0_flat__random_forest__r0_flat__w30__fold_1__seed_42,classical,random_forest,R0_flat,30,1,42,none,validation,class,alert,f1,0.9022988505747126
G1,reused_valid,G1__qualification_r0_flat__random_forest__r0_flat__w30__fold_1__seed_42,classical,random_forest,R0_flat,30,1,42,none,validation,class,fatigue,precision,0.0
G1,reused_valid,G1__qualification_r0_flat__random_forest__r0_flat__w30__fold_1__seed_42,classical,random_forest,R0_flat,30,1,42,none,validation,class,fatigue,recall,0.0
G1,reused_valid,G1__qualification_r0_flat__random_forest__r0_flat__w30__fold_1__seed_42,classical,random_forest,R0_flat,30,1,42,none,validation,class,fatigue,f1,0.0
G1,reused_valid,G1__qualification_r0_flat__random_forest__r0_flat__w30__fold_1__seed_42,classical,random_forest,R0_flat,30,1,42,none,validation,class,distraction,precision,0.375
G1,reused_valid,G1__qualification_r0_flat__random_forest__r0_flat__w30__fold_1__seed_42,classical,random_forest,R0_flat,30,1,42,none,validation,class,distraction,recall,0.2909090909090909
G1,reused_valid,G1__qualification_r0_flat__random_forest__r0_flat__w30__fold_1__seed_42,classical,random_forest,R0_flat,30,1,42,none,validation,class,distraction,f1,0.32764505119453924
G1,reused_valid,G1__qualification_r0_flat__random_forest__r0_flat__w30__fold_1__seed_42,classical,random_forest,R0_flat,30,1,42,none,test,class,alert,precision,0.8445552784704904
G1,reused_valid,G1__qualification_r0_flat__random_forest__r0_flat__w30__fold_1__seed_42,classical,random_forest,R0_flat,30,1,42,none,test,class,alert,recall,0.9338235294117647
G1,reused_valid,G1__qualification_r0_flat__random_forest__r0_flat__w30__fold_1__seed_42,classical,random_forest,R0_flat,30,1,42,none,test,class,alert,f1,0.8869489305979922
G1,reused_valid,G1__qualification_r0_flat__random_forest__r0_flat__w30__fold_1__seed_42,classical,random_forest,R0_flat,30,1,42,none,test,class,fatigue,precision,0.0
G1,reused_valid,G1__qualification_r0_flat__random_forest__r0_flat__w30__fold_1__seed_42,classical,random_forest,R0_flat,30,1,42,none,test,class,fatigue,recall,0.0
G1,reused_valid,G1__qualification_r0_flat__random_forest__r0_flat__w30__fold_1__seed_42,classical,random_forest,R0_flat,30,1,42,none,test,class,fatigue,f1,0.0
G1,reused_valid,G1__qualification_r0_flat__random_forest__r0_flat__w30__fold_1__seed_42,classical,random_forest,R0_flat,30,1,42,none,test,class,distraction,precision,0.7078313253012049
G1,reused_valid,G1__qualification_r0_flat__random_forest__r0_flat__w30__fold_1__seed_42,classical,random_forest,R0_flat,30,1,42,none,test,class,distraction,recall,0.6200527704485488
G1,reused_valid,G1__qualification_r0_flat__random_forest__r0_flat__w30__fold_1__seed_42,classical,random_forest,R0_flat,30,1,42,none,test,class,distraction,f1,0.6610407876230661
G1,reused_valid,G1__qualification_r0_flat__xgboost__r0_flat__w30__fold_1__seed_42,classical,xgboost,R0_flat,30,1,42,none,validation,class,alert,precision,0.8871119473189087
G1,reused_valid,G1__qualification_r0_flat__xgboost__r0_flat__w30__fold_1__seed_42,classical,xgboost,R0_flat,30,1,42,none,validation,class,alert,recall,0.9227005870841487
G1,reused_valid,G1__qualification_r0_flat__xgboost__r0_flat__w30__fold_1__seed_42,classical,xgboost,R0_flat,30,1,42,none,validation,class,alert,f1,0.9045563549160671
G1,reused_valid,G1__qualification_r0_flat__xgboost__r0_flat__w30__fold_1__seed_42,classical,xgboost,R0_flat,30,1,42,none,validation,class,fatigue,precision,0.0
G1,reused_valid,G1__qualification_r0_flat__xgboost__r0_flat__w30__fold_1__seed_42,classical,xgboost,R0_flat,30,1,42,none,validation,class,fatigue,recall,0.0
G1,reused_valid,G1__qualification_r0_flat__xgboost__r0_flat__w30__fold_1__seed_42,classical,xgboost,R0_flat,30,1,42,none,validation,class,fatigue,f1,0.0
G1,reused_valid,G1__qualification_r0_flat__xgboost__r0_flat__w30__fold_1__seed_42,classical,xgboost,R0_flat,30,1,42,none,validation,class,distraction,precision,0.3969465648854962
G1,reused_valid,G1__qualification_r0_flat__xgboost__r0_flat__w30__fold_1__seed_42,classical,xgboost,R0_flat,30,1,42,none,validation,class,distraction,recall,0.3151515151515151
G1,reused_valid,G1__qualification_r0_flat__xgboost__r0_flat__w30__fold_1__seed_42,classical,xgboost,R0_flat,30,1,42,none,validation,class,distraction,f1,0.35135135135135137
G1,reused_valid,G1__qualification_r0_flat__xgboost__r0_flat__w30__fold_1__seed_42,classical,xgboost,R0_flat,30,1,42,none,test,class,alert,precision,0.8428927680798005
G1,reused_valid,G1__qualification_r0_flat__xgboost__r0_flat__w30__fold_1__seed_42,classical,xgboost,R0_flat,30,1,42,none,test,class,alert,recall,0.9319852941176471
G1,reused_valid,G1__qualification_r0_flat__xgboost__r0_flat__w30__fold_1__seed_42,classical,xgboost,R0_flat,30,1,42,none,test,class,alert,f1,0.885202968136185
G1,reused_valid,G1__qualification_r0_flat__xgboost__r0_flat__w30__fold_1__seed_42,classical,xgboost,R0_flat,30,1,42,none,test,class,fatigue,precision,0.0
G1,reused_valid,G1__qualification_r0_flat__xgboost__r0_flat__w30__fold_1__seed_42,classical,xgboost,R0_flat,30,1,42,none,test,class,fatigue,recall,0.0
G1,reused_valid,G1__qualification_r0_flat__xgboost__r0_flat__w30__fold_1__seed_42,classical,xgboost,R0_flat,30,1,42,none,test,class,fatigue,f1,0.0
G1,reused_valid,G1__qualification_r0_flat__xgboost__r0_flat__w30__fold_1__seed_42,classical,xgboost,R0_flat,30,1,42,none,test,class,distraction,precision,0.7048192771084337
G1,reused_valid,G1__qualification_r0_flat__xgboost__r0_flat__w30__fold_1__seed_42,classical,xgboost,R0_flat,30,1,42,none,test,class,distraction,recall,0.6174142480211082
G1,reused_valid,G1__qualification_r0_flat__xgboost__r0_flat__w30__fold_1__seed_42,classical,xgboost,R0_flat,30,1,42,none,test,class,distraction,f1,0.6582278481012658
G1,reused_valid,G1__qualification_r0_flat__fixed_rules__r0_flat__w30__fold_2__seed_42,classical,fixed_rules,R0_flat,30,2,42,none,validation,class,alert,precision,0.8701754385964913
G1,reused_valid,G1__qualification_r0_flat__fixed_rules__r0_flat__w30__fold_2__seed_42,classical,fixed_rules,R0_flat,30,2,42,none,validation,class,alert,recall,0.2283609576427256
G1,reused_valid,G1__qualification_r0_flat__fixed_rules__r0_flat__w30__fold_2__seed_42,classical,fixed_rules,R0_flat,30,2,42,none,validation,class,alert,f1,0.36177972283005105
G1,reused_valid,G1__qualification_r0_flat__fixed_rules__r0_flat__w30__fold_2__seed_42,classical,fixed_rules,R0_flat,30,2,42,none,validation,class,fatigue,precision,0.0
G1,reused_valid,G1__qualification_r0_flat__fixed_rules__r0_flat__w30__fold_2__seed_42,classical,fixed_rules,R0_flat,30,2,42,none,validation,class,fatigue,recall,0.0
G1,reused_valid,G1__qualification_r0_flat__fixed_rules__r0_flat__w30__fold_2__seed_42,classical,fixed_rules,R0_flat,30,2,42,none,validation,class,fatigue,f1,0.0
G1,reused_valid,G1__qualification_r0_flat__fixed_rules__r0_flat__w30__fold_2__seed_42,classical,fixed_rules,R0_flat,30,2,42,none,validation,class,distraction,precision,0.05555555555555555
G1,reused_valid,G1__qualification_r0_flat__fixed_rules__r0_flat__w30__fold_2__seed_42,classical,fixed_rules,R0_flat,30,2,42,none,validation,class,distraction,recall,0.6329113924050633
G1,reused_valid,G1__qualification_r0_flat__fixed_rules__r0_flat__w30__fold_2__seed_42,classical,fixed_rules,R0_flat,30,2,42,none,validation,class,distraction,f1,0.10214504596527069
G1,reused_valid,G1__qualification_r0_flat__fixed_rules__r0_flat__w30__fold_2__seed_42,classical,fixed_rules,R0_flat,30,2,42,none,test,class,alert,precision,0.38412698412698415
G1,reused_valid,G1__qualification_r0_flat__fixed_rules__r0_flat__w30__fold_2__seed_42,classical,fixed_rules,R0_flat,30,2,42,none,test,class,alert,recall,0.07658227848101266
G1,reused_valid,G1__qualification_r0_flat__fixed_rules__r0_flat__w30__fold_2__seed_42,classical,fixed_rules,R0_flat,30,2,42,none,test,class,alert,f1,0.12770448548812666
G1,reused_valid,G1__qualification_r0_flat__fixed_rules__r0_flat__w30__fold_2__seed_42,classical,fixed_rules,R0_flat,30,2,42,none,test,class,distraction,precision,0.06478511866581142
G1,reused_valid,G1__qualification_r0_flat__fixed_rules__r0_flat__w30__fold_2__seed_42,classical,fixed_rules,R0_flat,30,2,42,none,test,class,distraction,recall,0.3423728813559322
G1,reused_valid,G1__qualification_r0_flat__fixed_rules__r0_flat__w30__fold_2__seed_42,classical,fixed_rules,R0_flat,30,2,42,none,test,class,distraction,f1,0.10895361380798274
G1,reused_valid,G1__qualification_r0_flat__svm__r0_flat__w30__fold_2__seed_42,classical,svm,R0_flat,30,2,42,none,validation,class,alert,precision,0.9302325581395349
G1,reused_valid,G1__qualification_r0_flat__svm__r0_flat__w30__fold_2__seed_42,classical,svm,R0_flat,30,2,42,none,validation,class,alert,recall,0.8839779005524862
G1,reused_valid,G1__qualification_r0_flat__svm__r0_flat__w30__fold_2__seed_42,classical,svm,R0_flat,30,2,42,none,validation,class,alert,f1,0.9065155807365439
G1,reused_valid,G1__qualification_r0_flat__svm__r0_flat__w30__fold_2__seed_42,classical,svm,R0_flat,30,2,42,none,validation,class,fatigue,precision,0.0
G1,reused_valid,G1__qualification_r0_flat__svm__r0_flat__w30__fold_2__seed_42,classical,svm,R0_flat,30,2,42,none,validation,class,fatigue,recall,0.0
G1,reused_valid,G1__qualification_r0_flat__svm__r0_flat__w30__fold_2__seed_42,classical,svm,R0_flat,30,2,42,none,validation,class,fatigue,f1,0.0
G1,reused_valid,G1__qualification_r0_flat__svm__r0_flat__w30__fold_2__seed_42,classical,svm,R0_flat,30,2,42,none,validation,class,distraction,precision,0.176056338028169
G1,reused_valid,G1__qualification_r0_flat__svm__r0_flat__w30__fold_2__seed_42,classical,svm,R0_flat,30,2,42,none,validation,class,distraction,recall,0.31645569620253167
G1,reused_valid,G1__qualification_r0_flat__svm__r0_flat__w30__fold_2__seed_42,classical,svm,R0_flat,30,2,42,none,validation,class,distraction,f1,0.22624434389140272
G1,reused_valid,G1__qualification_r0_flat__svm__r0_flat__w30__fold_2__seed_42,classical,svm,R0_flat,30,2,42,none,test,class,alert,precision,0.9294790343074968
G1,reused_valid,G1__qualification_r0_flat__svm__r0_flat__w30__fold_2__seed_42,classical,svm,R0_flat,30,2,42,none,test,class,alert,recall,0.9259493670886076
G1,reused_valid,G1__qualification_r0_flat__svm__r0_flat__w30__fold_2__seed_42,classical,svm,R0_flat,30,2,42,none,test,class,alert,f1,0.927710843373494
G1,reused_valid,G1__qualification_r0_flat__svm__r0_flat__w30__fold_2__seed_42,classical,svm,R0_flat,30,2,42,none,test,class,distraction,precision,0.6215277777777778
G1,reused_valid,G1__qualification_r0_flat__svm__r0_flat__w30__fold_2__seed_42,classical,svm,R0_flat,30,2,42,none,test,class,distraction,recall,0.6067796610169491
G1,reused_valid,G1__qualification_r0_flat__svm__r0_flat__w30__fold_2__seed_42,classical,svm,R0_flat,30,2,42,none,test,class,distraction,f1,0.614065180102916
G1,reused_valid,G1__qualification_r0_flat__random_forest__r0_flat__w30__fold_2__seed_42,classical,random_forest,R0_flat,30,2,42,none,validation,class,alert,precision,0.9314671814671814
G1,reused_valid,G1__qualification_r0_flat__random_forest__r0_flat__w30__fold_2__seed_42,classical,random_forest,R0_flat,30,2,42,none,validation,class,alert,recall,0.8885819521178637
G1,reused_valid,G1__qualification_r0_flat__random_forest__r0_flat__w30__fold_2__seed_42,classical,random_forest,R0_flat,30,2,42,none,validation,class,alert,f1,0.9095193213949104
G1,reused_valid,G1__qualification_r0_flat__random_forest__r0_flat__w30__fold_2__seed_42,classical,random_forest,R0_flat,30,2,42,none,validation,class,fatigue,precision,0.0
G1,reused_valid,G1__qualification_r0_flat__random_forest__r0_flat__w30__fold_2__seed_42,classical,random_forest,R0_flat,30,2,42,none,validation,class,fatigue,recall,0.0
G1,reused_valid,G1__qualification_r0_flat__random_forest__r0_flat__w30__fold_2__seed_42,classical,random_forest,R0_flat,30,2,42,none,validation,class,fatigue,f1,0.0
G1,reused_valid,G1__qualification_r0_flat__random_forest__r0_flat__w30__fold_2__seed_42,classical,random_forest,R0_flat,30,2,42,none,validation,class,distraction,precision,0.18791946308724833
G1,reused_valid,G1__qualification_r0_flat__random_forest__r0_flat__w30__fold_2__seed_42,classical,random_forest,R0_flat,30,2,42,none,validation,class,distraction,recall,0.35443037974683544
G1,reused_valid,G1__qualification_r0_flat__random_forest__r0_flat__w30__fold_2__seed_42,classical,random_forest,R0_flat,30,2,42,none,validation,class,distraction,f1,0.24561403508771928
G1,reused_valid,G1__qualification_r0_flat__random_forest__r0_flat__w30__fold_2__seed_42,classical,random_forest,R0_flat,30,2,42,none,test,class,alert,precision,0.9292482627921668
G1,reused_valid,G1__qualification_r0_flat__random_forest__r0_flat__w30__fold_2__seed_42,classical,random_forest,R0_flat,30,2,42,none,test,class,alert,recall,0.9310126582278481
G1,reused_valid,G1__qualification_r0_flat__random_forest__r0_flat__w30__fold_2__seed_42,classical,random_forest,R0_flat,30,2,42,none,test,class,alert,f1,0.9301296237748973
G1,reused_valid,G1__qualification_r0_flat__random_forest__r0_flat__w30__fold_2__seed_42,classical,random_forest,R0_flat,30,2,42,none,test,class,distraction,precision,0.6267123287671232
G1,reused_valid,G1__qualification_r0_flat__random_forest__r0_flat__w30__fold_2__seed_42,classical,random_forest,R0_flat,30,2,42,none,test,class,distraction,recall,0.6203389830508474
G1,reused_valid,G1__qualification_r0_flat__random_forest__r0_flat__w30__fold_2__seed_42,classical,random_forest,R0_flat,30,2,42,none,test,class,distraction,f1,0.6235093696763203
G1,reused_valid,G1__qualification_r0_flat__xgboost__r0_flat__w30__fold_2__seed_42,classical,xgboost,R0_flat,30,2,42,none,validation,class,alert,precision,0.9315332690453231
G1,reused_valid,G1__qualification_r0_flat__xgboost__r0_flat__w30__fold_2__seed_42,classical,xgboost,R0_flat,30,2,42,none,validation,class,alert,recall,0.8895027624309392
G1,reused_valid,G1__qualification_r0_flat__xgboost__r0_flat__w30__fold_2__seed_42,classical,xgboost,R0_flat,30,2,42,none,validation,class,alert,f1,0.910032972209138
G1,reused_valid,G1__qualification_r0_flat__xgboost__r0_flat__w30__fold_2__seed_42,classical,xgboost,R0_flat,30,2,42,none,validation,class,fatigue,precision,0.0
G1,reused_valid,G1__qualification_r0_flat__xgboost__r0_flat__w30__fold_2__seed_42,classical,xgboost,R0_flat,30,2,42,none,validation,class,fatigue,recall,0.0
G1,reused_valid,G1__qualification_r0_flat__xgboost__r0_flat__w30__fold_2__seed_42,classical,xgboost,R0_flat,30,2,42,none,validation,class,fatigue,f1,0.0
G1,reused_valid,G1__qualification_r0_flat__xgboost__r0_flat__w30__fold_2__seed_42,classical,xgboost,R0_flat,30,2,42,none,validation,class,distraction,precision,0.19047619047619047
G1,reused_valid,G1__qualification_r0_flat__xgboost__r0_flat__w30__fold_2__seed_42,classical,xgboost,R0_flat,30,2,42,none,validation,class,distraction,recall,0.35443037974683544
G1,reused_valid,G1__qualification_r0_flat__xgboost__r0_flat__w30__fold_2__seed_42,classical,xgboost,R0_flat,30,2,42,none,validation,class,distraction,f1,0.24778761061946902
G1,reused_valid,G1__qualification_r0_flat__xgboost__r0_flat__w30__fold_2__seed_42,classical,xgboost,R0_flat,30,2,42,none,test,class,alert,precision,0.9269521410579346
G1,reused_valid,G1__qualification_r0_flat__xgboost__r0_flat__w30__fold_2__seed_42,classical,xgboost,R0_flat,30,2,42,none,test,class,alert,recall,0.9316455696202531
G1,reused_valid,G1__qualification_r0_flat__xgboost__r0_flat__w30__fold_2__seed_42,classical,xgboost,R0_flat,30,2,42,none,test,class,alert,f1,0.9292929292929293
G1,reused_valid,G1__qualification_r0_flat__xgboost__r0_flat__w30__fold_2__seed_42,classical,xgboost,R0_flat,30,2,42,none,test,class,distraction,precision,0.6258741258741258
G1,reused_valid,G1__qualification_r0_flat__xgboost__r0_flat__w30__fold_2__seed_42,classical,xgboost,R0_flat,30,2,42,none,test,class,distraction,recall,0.6067796610169491
G1,reused_valid,G1__qualification_r0_flat__xgboost__r0_flat__w30__fold_2__seed_42,classical,xgboost,R0_flat,30,2,42,none,test,class,distraction,f1,0.6161790017211703
G1,reused_valid,G1__qualification_r0_flat__fixed_rules__r0_flat__w30__fold_3__seed_42,classical,fixed_rules,R0_flat,30,3,42,none,validation,class,alert,precision,0.8022922636103151
G1,reused_valid,G1__qualification_r0_flat__fixed_rules__r0_flat__w30__fold_3__seed_42,classical,fixed_rules,R0_flat,30,3,42,none,validation,class,alert,recall,0.28197381671701915
G1,reused_valid,G1__qualification_r0_flat__fixed_rules__r0_flat__w30__fold_3__seed_42,classical,fixed_rules,R0_flat,30,3,42,none,validation,class,alert,f1,0.4172876304023845
G1,reused_valid,G1__qualification_r0_flat__fixed_rules__r0_flat__w30__fold_3__seed_42,classical,fixed_rules,R0_flat,30,3,42,none,validation,class,fatigue,precision,0.0
G1,reused_valid,G1__qualification_r0_flat__fixed_rules__r0_flat__w30__fold_3__seed_42,classical,fixed_rules,R0_flat,30,3,42,none,validation,class,fatigue,recall,0.0
G1,reused_valid,G1__qualification_r0_flat__fixed_rules__r0_flat__w30__fold_3__seed_42,classical,fixed_rules,R0_flat,30,3,42,none,validation,class,fatigue,f1,0.0
G1,reused_valid,G1__qualification_r0_flat__fixed_rules__r0_flat__w30__fold_3__seed_42,classical,fixed_rules,R0_flat,30,3,42,none,validation,class,distraction,precision,0.11138613861386139
G1,reused_valid,G1__qualification_r0_flat__fixed_rules__r0_flat__w30__fold_3__seed_42,classical,fixed_rules,R0_flat,30,3,42,none,validation,class,distraction,recall,0.5921052631578947
G1,reused_valid,G1__qualification_r0_flat__fixed_rules__r0_flat__w30__fold_3__seed_42,classical,fixed_rules,R0_flat,30,3,42,none,validation,class,distraction,f1,0.1875
G1,reused_valid,G1__qualification_r0_flat__fixed_rules__r0_flat__w30__fold_3__seed_42,classical,fixed_rules,R0_flat,30,3,42,none,test,class,alert,precision,0.6122448979591837
G1,reused_valid,G1__qualification_r0_flat__fixed_rules__r0_flat__w30__fold_3__seed_42,classical,fixed_rules,R0_flat,30,3,42,none,test,class,alert,recall,0.087527352297593
G1,reused_valid,G1__qualification_r0_flat__fixed_rules__r0_flat__w30__fold_3__seed_42,classical,fixed_rules,R0_flat,30,3,42,none,test,class,alert,f1,0.15315890236119975
G1,reused_valid,G1__qualification_r0_flat__fixed_rules__r0_flat__w30__fold_3__seed_42,classical,fixed_rules,R0_flat,30,3,42,none,test,class,fatigue,precision,0.0
G1,reused_valid,G1__qualification_r0_flat__fixed_rules__r0_flat__w30__fold_3__seed_42,classical,fixed_rules,R0_flat,30,3,42,none,test,class,fatigue,recall,0.0
G1,reused_valid,G1__qualification_r0_flat__fixed_rules__r0_flat__w30__fold_3__seed_42,classical,fixed_rules,R0_flat,30,3,42,none,test,class,fatigue,f1,0.0
G1,reused_valid,G1__qualification_r0_flat__fixed_rules__r0_flat__w30__fold_3__seed_42,classical,fixed_rules,R0_flat,30,3,42,none,test,class,distraction,precision,0.0349809885931559
G1,reused_valid,G1__qualification_r0_flat__fixed_rules__r0_flat__w30__fold_3__seed_42,classical,fixed_rules,R0_flat,30,3,42,none,test,class,distraction,recall,0.39316239316239315
G1,reused_valid,G1__qualification_r0_flat__fixed_rules__r0_flat__w30__fold_3__seed_42,classical,fixed_rules,R0_flat,30,3,42,none,test,class,distraction,f1,0.06424581005586592
G1,reused_valid,G1__qualification_r0_flat__svm__r0_flat__w30__fold_3__seed_42,classical,svm,R0_flat,30,3,42,none,validation,class,alert,precision,0.8822269807280514
G1,reused_valid,G1__qualification_r0_flat__svm__r0_flat__w30__fold_3__seed_42,classical,svm,R0_flat,30,3,42,none,validation,class,alert,recall,0.8298086606243706
G1,reused_valid,G1__qualification_r0_flat__svm__r0_flat__w30__fold_3__seed_42,classical,svm,R0_flat,30,3,42,none,validation,class,alert,f1,0.855215360664245
G1,reused_valid,G1__qualification_r0_flat__svm__r0_flat__w30__fold_3__seed_42,classical,svm,R0_flat,30,3,42,none,validation,class,fatigue,precision,0.0
G1,reused_valid,G1__qualification_r0_flat__svm__r0_flat__w30__fold_3__seed_42,classical,svm,R0_flat,30,3,42,none,validation,class,fatigue,recall,0.0
G1,reused_valid,G1__qualification_r0_flat__svm__r0_flat__w30__fold_3__seed_42,classical,svm,R0_flat,30,3,42,none,validation,class,fatigue,f1,0.0
G1,reused_valid,G1__qualification_r0_flat__svm__r0_flat__w30__fold_3__seed_42,classical,svm,R0_flat,30,3,42,none,validation,class,distraction,precision,0.24537037037037038
G1,reused_valid,G1__qualification_r0_flat__svm__r0_flat__w30__fold_3__seed_42,classical,svm,R0_flat,30,3,42,none,validation,class,distraction,recall,0.34868421052631576
G1,reused_valid,G1__qualification_r0_flat__svm__r0_flat__w30__fold_3__seed_42,classical,svm,R0_flat,30,3,42,none,validation,class,distraction,f1,0.28804347826086957
G1,reused_valid,G1__qualification_r0_flat__svm__r0_flat__w30__fold_3__seed_42,classical,svm,R0_flat,30,3,42,none,test,class,alert,precision,0.9457364341085271
G1,reused_valid,G1__qualification_r0_flat__svm__r0_flat__w30__fold_3__seed_42,classical,svm,R0_flat,30,3,42,none,test,class,alert,recall,0.8898614150255288
G1,reused_valid,G1__qualification_r0_flat__svm__r0_flat__w30__fold_3__seed_42,classical,svm,R0_flat,30,3,42,none,test,class,alert,f1,0.9169485155956407
G1,reused_valid,G1__qualification_r0_flat__svm__r0_flat__w30__fold_3__seed_42,classical,svm,R0_flat,30,3,42,none,test,class,fatigue,precision,0.0
G1,reused_valid,G1__qualification_r0_flat__svm__r0_flat__w30__fold_3__seed_42,classical,svm,R0_flat,30,3,42,none,test,class,fatigue,recall,0.0
G1,reused_valid,G1__qualification_r0_flat__svm__r0_flat__w30__fold_3__seed_42,classical,svm,R0_flat,30,3,42,none,test,class,fatigue,f1,0.0
G1,reused_valid,G1__qualification_r0_flat__svm__r0_flat__w30__fold_3__seed_42,classical,svm,R0_flat,30,3,42,none,test,class,distraction,precision,0.3106796116504854
G1,reused_valid,G1__qualification_r0_flat__svm__r0_flat__w30__fold_3__seed_42,classical,svm,R0_flat,30,3,42,none,test,class,distraction,recall,0.5470085470085471
G1,reused_valid,G1__qualification_r0_flat__svm__r0_flat__w30__fold_3__seed_42,classical,svm,R0_flat,30,3,42,none,test,class,distraction,f1,0.39628482972136225
G1,reused_valid,G1__qualification_r0_flat__random_forest__r0_flat__w30__fold_3__seed_42,classical,random_forest,R0_flat,30,3,42,none,validation,class,alert,precision,0.881808838643371
G1,reused_valid,G1__qualification_r0_flat__random_forest__r0_flat__w30__fold_3__seed_42,classical,random_forest,R0_flat,30,3,42,none,validation,class,alert,recall,0.8640483383685801
G1,reused_valid,G1__qualification_r0_flat__random_forest__r0_flat__w30__fold_3__seed_42,classical,random_forest,R0_flat,30,3,42,none,validation,class,alert,f1,0.8728382502543235
G1,reused_valid,G1__qualification_r0_flat__random_forest__r0_flat__w30__fold_3__seed_42,classical,random_forest,R0_flat,30,3,42,none,validation,class,fatigue,precision,0.0
G1,reused_valid,G1__qualification_r0_flat__random_forest__r0_flat__w30__fold_3__seed_42,classical,random_forest,R0_flat,30,3,42,none,validation,class,fatigue,recall,0.0
G1,reused_valid,G1__qualification_r0_flat__random_forest__r0_flat__w30__fold_3__seed_42,classical,random_forest,R0_flat,30,3,42,none,validation,class,fatigue,f1,0.0
G1,reused_valid,G1__qualification_r0_flat__random_forest__r0_flat__w30__fold_3__seed_42,classical,random_forest,R0_flat,30,3,42,none,validation,class,distraction,precision,0.2702702702702703
G1,reused_valid,G1__qualification_r0_flat__random_forest__r0_flat__w30__fold_3__seed_42,classical,random_forest,R0_flat,30,3,42,none,validation,class,distraction,recall,0.32894736842105265
G1,reused_valid,G1__qualification_r0_flat__random_forest__r0_flat__w30__fold_3__seed_42,classical,random_forest,R0_flat,30,3,42,none,validation,class,distraction,f1,0.29673590504451036
G1,reused_valid,G1__qualification_r0_flat__random_forest__r0_flat__w30__fold_3__seed_42,classical,random_forest,R0_flat,30,3,42,none,test,class,alert,precision,0.9369108049311095
G1,reused_valid,G1__qualification_r0_flat__random_forest__r0_flat__w30__fold_3__seed_42,classical,random_forest,R0_flat,30,3,42,none,test,class,alert,recall,0.9423778264040846
G1,reused_valid,G1__qualification_r0_flat__random_forest__r0_flat__w30__fold_3__seed_42,classical,random_forest,R0_flat,30,3,42,none,test,class,alert,f1,0.9396363636363636
G1,reused_valid,G1__qualification_r0_flat__random_forest__r0_flat__w30__fold_3__seed_42,classical,random_forest,R0_flat,30,3,42,none,test,class,fatigue,precision,0.0
G1,reused_valid,G1__qualification_r0_flat__random_forest__r0_flat__w30__fold_3__seed_42,classical,random_forest,R0_flat,30,3,42,none,test,class,fatigue,recall,0.0
G1,reused_valid,G1__qualification_r0_flat__random_forest__r0_flat__w30__fold_3__seed_42,classical,random_forest,R0_flat,30,3,42,none,test,class,fatigue,f1,0.0
G1,reused_valid,G1__qualification_r0_flat__random_forest__r0_flat__w30__fold_3__seed_42,classical,random_forest,R0_flat,30,3,42,none,test,class,distraction,precision,0.39552238805970147
G1,reused_valid,G1__qualification_r0_flat__random_forest__r0_flat__w30__fold_3__seed_42,classical,random_forest,R0_flat,30,3,42,none,test,class,distraction,recall,0.452991452991453
G1,reused_valid,G1__qualification_r0_flat__random_forest__r0_flat__w30__fold_3__seed_42,classical,random_forest,R0_flat,30,3,42,none,test,class,distraction,f1,0.42231075697211157
G1,reused_valid,G1__qualification_r0_flat__xgboost__r0_flat__w30__fold_3__seed_42,classical,xgboost,R0_flat,30,3,42,none,validation,class,alert,precision,0.8832644628099173
G1,reused_valid,G1__qualification_r0_flat__xgboost__r0_flat__w30__fold_3__seed_42,classical,xgboost,R0_flat,30,3,42,none,validation,class,alert,recall,0.8610271903323263
G1,reused_valid,G1__qualification_r0_flat__xgboost__r0_flat__w30__fold_3__seed_42,classical,xgboost,R0_flat,30,3,42,none,validation,class,alert,f1,0.8720040795512494
G1,reused_valid,G1__qualification_r0_flat__xgboost__r0_flat__w30__fold_3__seed_42,classical,xgboost,R0_flat,30,3,42,none,validation,class,fatigue,precision,0.0
G1,reused_valid,G1__qualification_r0_flat__xgboost__r0_flat__w30__fold_3__seed_42,classical,xgboost,R0_flat,30,3,42,none,validation,class,fatigue,recall,0.0
G1,reused_valid,G1__qualification_r0_flat__xgboost__r0_flat__w30__fold_3__seed_42,classical,xgboost,R0_flat,30,3,42,none,validation,class,fatigue,f1,0.0
G1,reused_valid,G1__qualification_r0_flat__xgboost__r0_flat__w30__fold_3__seed_42,classical,xgboost,R0_flat,30,3,42,none,validation,class,distraction,precision,0.2736842105263158
G1,reused_valid,G1__qualification_r0_flat__xgboost__r0_flat__w30__fold_3__seed_42,classical,xgboost,R0_flat,30,3,42,none,validation,class,distraction,recall,0.34210526315789475
G1,reused_valid,G1__qualification_r0_flat__xgboost__r0_flat__w30__fold_3__seed_42,classical,xgboost,R0_flat,30,3,42,none,validation,class,distraction,f1,0.30409356725146197
G1,reused_valid,G1__qualification_r0_flat__xgboost__r0_flat__w30__fold_3__seed_42,classical,xgboost,R0_flat,30,3,42,none,test,class,alert,precision,0.936046511627907
G1,reused_valid,G1__qualification_r0_flat__xgboost__r0_flat__w30__fold_3__seed_42,classical,xgboost,R0_flat,30,3,42,none,test,class,alert,recall,0.9394602479941648
G1,reused_valid,G1__qualification_r0_flat__xgboost__r0_flat__w30__fold_3__seed_42,classical,xgboost,R0_flat,30,3,42,none,test,class,alert,f1,0.9377502730251183
G1,reused_valid,G1__qualification_r0_flat__xgboost__r0_flat__w30__fold_3__seed_42,classical,xgboost,R0_flat,30,3,42,none,test,class,fatigue,precision,0.0
G1,reused_valid,G1__qualification_r0_flat__xgboost__r0_flat__w30__fold_3__seed_42,classical,xgboost,R0_flat,30,3,42,none,test,class,fatigue,recall,0.0
G1,reused_valid,G1__qualification_r0_flat__xgboost__r0_flat__w30__fold_3__seed_42,classical,xgboost,R0_flat,30,3,42,none,test,class,fatigue,f1,0.0
G1,reused_valid,G1__qualification_r0_flat__xgboost__r0_flat__w30__fold_3__seed_42,classical,xgboost,R0_flat,30,3,42,none,test,class,distraction,precision,0.3795620437956204
G1,reused_valid,G1__qualification_r0_flat__xgboost__r0_flat__w30__fold_3__seed_42,classical,xgboost,R0_flat,30,3,42,none,test,class,distraction,recall,0.4444444444444444
G1,reused_valid,G1__qualification_r0_flat__xgboost__r0_flat__w30__fold_3__seed_42,classical,xgboost,R0_flat,30,3,42,none,test,class,distraction,f1,0.4094488188976378
G1,reused_valid,G1__qualification_r0_flat__fixed_rules__r0_flat__w30__fold_4__seed_42,classical,fixed_rules,R0_flat,30,4,42,none,validation,class,alert,precision,0.8067796610169492
G1,reused_valid,G1__qualification_r0_flat__fixed_rules__r0_flat__w30__fold_4__seed_42,classical,fixed_rules,R0_flat,30,4,42,none,validation,class,alert,recall,0.2337917485265226
G1,reused_valid,G1__qualification_r0_flat__fixed_rules__r0_flat__w30__fold_4__seed_42,classical,fixed_rules,R0_flat,30,4,42,none,validation,class,alert,f1,0.3625285605483625
G1,reused_valid,G1__qualification_r0_flat__fixed_rules__r0_flat__w30__fold_4__seed_42,classical,fixed_rules,R0_flat,30,4,42,none,validation,class,fatigue,precision,0.0
G1,reused_valid,G1__qualification_r0_flat__fixed_rules__r0_flat__w30__fold_4__seed_42,classical,fixed_rules,R0_flat,30,4,42,none,validation,class,fatigue,recall,0.0
G1,reused_valid,G1__qualification_r0_flat__fixed_rules__r0_flat__w30__fold_4__seed_42,classical,fixed_rules,R0_flat,30,4,42,none,validation,class,fatigue,f1,0.0
G1,reused_valid,G1__qualification_r0_flat__fixed_rules__r0_flat__w30__fold_4__seed_42,classical,fixed_rules,R0_flat,30,4,42,none,validation,class,distraction,precision,0.059453032104637336
G1,reused_valid,G1__qualification_r0_flat__fixed_rules__r0_flat__w30__fold_4__seed_42,classical,fixed_rules,R0_flat,30,4,42,none,validation,class,distraction,recall,0.5050505050505051
G1,reused_valid,G1__qualification_r0_flat__fixed_rules__r0_flat__w30__fold_4__seed_42,classical,fixed_rules,R0_flat,30,4,42,none,validation,class,distraction,f1,0.10638297872340426
G1,reused_valid,G1__qualification_r0_flat__fixed_rules__r0_flat__w30__fold_4__seed_42,classical,fixed_rules,R0_flat,30,4,42,none,test,class,alert,precision,0.8081632653061225
G1,reused_valid,G1__qualification_r0_flat__fixed_rules__r0_flat__w30__fold_4__seed_42,classical,fixed_rules,R0_flat,30,4,42,none,test,class,alert,recall,0.20625
G1,reused_valid,G1__qualification_r0_flat__fixed_rules__r0_flat__w30__fold_4__seed_42,classical,fixed_rules,R0_flat,30,4,42,none,test,class,alert,f1,0.32863070539419087
G1,reused_valid,G1__qualification_r0_flat__fixed_rules__r0_flat__w30__fold_4__seed_42,classical,fixed_rules,R0_flat,30,4,42,none,test,class,fatigue,precision,0.0
G1,reused_valid,G1__qualification_r0_flat__fixed_rules__r0_flat__w30__fold_4__seed_42,classical,fixed_rules,R0_flat,30,4,42,none,test,class,fatigue,recall,0.0
G1,reused_valid,G1__qualification_r0_flat__fixed_rules__r0_flat__w30__fold_4__seed_42,classical,fixed_rules,R0_flat,30,4,42,none,test,class,fatigue,f1,0.0
G1,reused_valid,G1__qualification_r0_flat__fixed_rules__r0_flat__w30__fold_4__seed_42,classical,fixed_rules,R0_flat,30,4,42,none,test,class,distraction,precision,0.10826542491268917
G1,reused_valid,G1__qualification_r0_flat__fixed_rules__r0_flat__w30__fold_4__seed_42,classical,fixed_rules,R0_flat,30,4,42,none,test,class,distraction,recall,0.6595744680851063
G1,reused_valid,G1__qualification_r0_flat__fixed_rules__r0_flat__w30__fold_4__seed_42,classical,fixed_rules,R0_flat,30,4,42,none,test,class,distraction,f1,0.186
G1,reused_valid,G1__qualification_r0_flat__svm__r0_flat__w30__fold_4__seed_42,classical,svm,R0_flat,30,4,42,none,validation,class,alert,precision,0.9247648902821317
G1,reused_valid,G1__qualification_r0_flat__svm__r0_flat__w30__fold_4__seed_42,classical,svm,R0_flat,30,4,42,none,validation,class,alert,recall,0.869351669941061
G1,reused_valid,G1__qualification_r0_flat__svm__r0_flat__w30__fold_4__seed_42,classical,svm,R0_flat,30,4,42,none,validation,class,alert,f1,0.8962025316455696
G1,reused_valid,G1__qualification_r0_flat__svm__r0_flat__w30__fold_4__seed_42,classical,svm,R0_flat,30,4,42,none,validation,class,fatigue,precision,0.0
G1,reused_valid,G1__qualification_r0_flat__svm__r0_flat__w30__fold_4__seed_42,classical,svm,R0_flat,30,4,42,none,validation,class,fatigue,recall,0.0
G1,reused_valid,G1__qualification_r0_flat__svm__r0_flat__w30__fold_4__seed_42,classical,svm,R0_flat,30,4,42,none,validation,class,fatigue,f1,0.0
G1,reused_valid,G1__qualification_r0_flat__svm__r0_flat__w30__fold_4__seed_42,classical,svm,R0_flat,30,4,42,none,validation,class,distraction,precision,0.2603550295857988
G1,reused_valid,G1__qualification_r0_flat__svm__r0_flat__w30__fold_4__seed_42,classical,svm,R0_flat,30,4,42,none,validation,class,distraction,recall,0.4444444444444444
G1,reused_valid,G1__qualification_r0_flat__svm__r0_flat__w30__fold_4__seed_42,classical,svm,R0_flat,30,4,42,none,validation,class,distraction,f1,0.3283582089552239
G1,reused_valid,G1__qualification_r0_flat__svm__r0_flat__w30__fold_4__seed_42,classical,svm,R0_flat,30,4,42,none,test,class,alert,precision,0.8912556053811659
G1,reused_valid,G1__qualification_r0_flat__svm__r0_flat__w30__fold_4__seed_42,classical,svm,R0_flat,30,4,42,none,test,class,alert,recall,0.828125
G1,reused_valid,G1__qualification_r0_flat__svm__r0_flat__w30__fold_4__seed_42,classical,svm,R0_flat,30,4,42,none,test,class,alert,f1,0.8585313174946004
G1,reused_valid,G1__qualification_r0_flat__svm__r0_flat__w30__fold_4__seed_42,classical,svm,R0_flat,30,4,42,none,test,class,fatigue,precision,0.0
G1,reused_valid,G1__qualification_r0_flat__svm__r0_flat__w30__fold_4__seed_42,classical,svm,R0_flat,30,4,42,none,test,class,fatigue,recall,0.0
G1,reused_valid,G1__qualification_r0_flat__svm__r0_flat__w30__fold_4__seed_42,classical,svm,R0_flat,30,4,42,none,test,class,fatigue,f1,0.0
G1,reused_valid,G1__qualification_r0_flat__svm__r0_flat__w30__fold_4__seed_42,classical,svm,R0_flat,30,4,42,none,test,class,distraction,precision,0.21890547263681592
G1,reused_valid,G1__qualification_r0_flat__svm__r0_flat__w30__fold_4__seed_42,classical,svm,R0_flat,30,4,42,none,test,class,distraction,recall,0.3120567375886525
G1,reused_valid,G1__qualification_r0_flat__svm__r0_flat__w30__fold_4__seed_42,classical,svm,R0_flat,30,4,42,none,test,class,distraction,f1,0.2573099415204678
G1,reused_valid,G1__qualification_r0_flat__random_forest__r0_flat__w30__fold_4__seed_42,classical,random_forest,R0_flat,30,4,42,none,validation,class,alert,precision,0.9218106995884774
G1,reused_valid,G1__qualification_r0_flat__random_forest__r0_flat__w30__fold_4__seed_42,classical,random_forest,R0_flat,30,4,42,none,validation,class,alert,recall,0.8801571709233792
G1,reused_valid,G1__qualification_r0_flat__random_forest__r0_flat__w30__fold_4__seed_42,classical,random_forest,R0_flat,30,4,42,none,validation,class,alert,f1,0.9005025125628141
G1,reused_valid,G1__qualification_r0_flat__random_forest__r0_flat__w30__fold_4__seed_42,classical,random_forest,R0_flat,30,4,42,none,validation,class,fatigue,precision,0.0
G1,reused_valid,G1__qualification_r0_flat__random_forest__r0_flat__w30__fold_4__seed_42,classical,random_forest,R0_flat,30,4,42,none,validation,class,fatigue,recall,0.0
G1,reused_valid,G1__qualification_r0_flat__random_forest__r0_flat__w30__fold_4__seed_42,classical,random_forest,R0_flat,30,4,42,none,validation,class,fatigue,f1,0.0
G1,reused_valid,G1__qualification_r0_flat__random_forest__r0_flat__w30__fold_4__seed_42,classical,random_forest,R0_flat,30,4,42,none,validation,class,distraction,precision,0.2606060606060606
G1,reused_valid,G1__qualification_r0_flat__random_forest__r0_flat__w30__fold_4__seed_42,classical,random_forest,R0_flat,30,4,42,none,validation,class,distraction,recall,0.43434343434343436
G1,reused_valid,G1__qualification_r0_flat__random_forest__r0_flat__w30__fold_4__seed_42,classical,random_forest,R0_flat,30,4,42,none,validation,class,distraction,f1,0.32575757575757575
G1,reused_valid,G1__qualification_r0_flat__random_forest__r0_flat__w30__fold_4__seed_42,classical,random_forest,R0_flat,30,4,42,none,test,class,alert,precision,0.8849162011173184
G1,reused_valid,G1__qualification_r0_flat__random_forest__r0_flat__w30__fold_4__seed_42,classical,random_forest,R0_flat,30,4,42,none,test,class,alert,recall,0.825
G1,reused_valid,G1__qualification_r0_flat__random_forest__r0_flat__w30__fold_4__seed_42,classical,random_forest,R0_flat,30,4,42,none,test,class,alert,f1,0.8539083557951482
G1,reused_valid,G1__qualification_r0_flat__random_forest__r0_flat__w30__fold_4__seed_42,classical,random_forest,R0_flat,30,4,42,none,test,class,fatigue,precision,0.0
G1,reused_valid,G1__qualification_r0_flat__random_forest__r0_flat__w30__fold_4__seed_42,classical,random_forest,R0_flat,30,4,42,none,test,class,fatigue,recall,0.0
G1,reused_valid,G1__qualification_r0_flat__random_forest__r0_flat__w30__fold_4__seed_42,classical,random_forest,R0_flat,30,4,42,none,test,class,fatigue,f1,0.0
G1,reused_valid,G1__qualification_r0_flat__random_forest__r0_flat__w30__fold_4__seed_42,classical,random_forest,R0_flat,30,4,42,none,test,class,distraction,precision,0.2
G1,reused_valid,G1__qualification_r0_flat__random_forest__r0_flat__w30__fold_4__seed_42,classical,random_forest,R0_flat,30,4,42,none,test,class,distraction,recall,0.2978723404255319
G1,reused_valid,G1__qualification_r0_flat__random_forest__r0_flat__w30__fold_4__seed_42,classical,random_forest,R0_flat,30,4,42,none,test,class,distraction,f1,0.23931623931623933
G1,reused_valid,G1__qualification_r0_flat__xgboost__r0_flat__w30__fold_4__seed_42,classical,xgboost,R0_flat,30,4,42,none,validation,class,alert,precision,0.9204545454545454
G1,reused_valid,G1__qualification_r0_flat__xgboost__r0_flat__w30__fold_4__seed_42,classical,xgboost,R0_flat,30,4,42,none,validation,class,alert,recall,0.8752455795677799
G1,reused_valid,G1__qualification_r0_flat__xgboost__r0_flat__w30__fold_4__seed_42,classical,xgboost,R0_flat,30,4,42,none,validation,class,alert,f1,0.8972809667673716
G1,reused_valid,G1__qualification_r0_flat__xgboost__r0_flat__w30__fold_4__seed_42,classical,xgboost,R0_flat,30,4,42,none,validation,class,fatigue,precision,0.0
G1,reused_valid,G1__qualification_r0_flat__xgboost__r0_flat__w30__fold_4__seed_42,classical,xgboost,R0_flat,30,4,42,none,validation,class,fatigue,recall,0.0
G1,reused_valid,G1__qualification_r0_flat__xgboost__r0_flat__w30__fold_4__seed_42,classical,xgboost,R0_flat,30,4,42,none,validation,class,fatigue,f1,0.0
G1,reused_valid,G1__qualification_r0_flat__xgboost__r0_flat__w30__fold_4__seed_42,classical,xgboost,R0_flat,30,4,42,none,validation,class,distraction,precision,0.2485207100591716
G1,reused_valid,G1__qualification_r0_flat__xgboost__r0_flat__w30__fold_4__seed_42,classical,xgboost,R0_flat,30,4,42,none,validation,class,distraction,recall,0.42424242424242425
G1,reused_valid,G1__qualification_r0_flat__xgboost__r0_flat__w30__fold_4__seed_42,classical,xgboost,R0_flat,30,4,42,none,validation,class,distraction,f1,0.31343283582089554
G1,reused_valid,G1__qualification_r0_flat__xgboost__r0_flat__w30__fold_4__seed_42,classical,xgboost,R0_flat,30,4,42,none,test,class,alert,precision,0.8872767857142857
G1,reused_valid,G1__qualification_r0_flat__xgboost__r0_flat__w30__fold_4__seed_42,classical,xgboost,R0_flat,30,4,42,none,test,class,alert,recall,0.828125
G1,reused_valid,G1__qualification_r0_flat__xgboost__r0_flat__w30__fold_4__seed_42,classical,xgboost,R0_flat,30,4,42,none,test,class,alert,f1,0.8566810344827587
G1,reused_valid,G1__qualification_r0_flat__xgboost__r0_flat__w30__fold_4__seed_42,classical,xgboost,R0_flat,30,4,42,none,test,class,fatigue,precision,0.0
G1,reused_valid,G1__qualification_r0_flat__xgboost__r0_flat__w30__fold_4__seed_42,classical,xgboost,R0_flat,30,4,42,none,test,class,fatigue,recall,0.0
G1,reused_valid,G1__qualification_r0_flat__xgboost__r0_flat__w30__fold_4__seed_42,classical,xgboost,R0_flat,30,4,42,none,test,class,fatigue,f1,0.0
G1,reused_valid,G1__qualification_r0_flat__xgboost__r0_flat__w30__fold_4__seed_42,classical,xgboost,R0_flat,30,4,42,none,test,class,distraction,precision,0.21052631578947367
G1,reused_valid,G1__qualification_r0_flat__xgboost__r0_flat__w30__fold_4__seed_42,classical,xgboost,R0_flat,30,4,42,none,test,class,distraction,recall,0.3120567375886525
G1,reused_valid,G1__qualification_r0_flat__xgboost__r0_flat__w30__fold_4__seed_42,classical,xgboost,R0_flat,30,4,42,none,test,class,distraction,f1,0.25142857142857145
G1,reused_valid,G1__qualification_r0_flat__fixed_rules__r0_flat__w60__fold_1__seed_42,classical,fixed_rules,R0_flat,60,1,42,none,validation,class,alert,precision,0.6875
G1,reused_valid,G1__qualification_r0_flat__fixed_rules__r0_flat__w60__fold_1__seed_42,classical,fixed_rules,R0_flat,60,1,42,none,validation,class,alert,recall,0.03254437869822485
G1,reused_valid,G1__qualification_r0_flat__fixed_rules__r0_flat__w60__fold_1__seed_42,classical,fixed_rules,R0_flat,60,1,42,none,validation,class,alert,f1,0.062146892655367235
G1,reused_valid,G1__qualification_r0_flat__fixed_rules__r0_flat__w60__fold_1__seed_42,classical,fixed_rules,R0_flat,60,1,42,none,validation,class,fatigue,precision,0.0
G1,reused_valid,G1__qualification_r0_flat__fixed_rules__r0_flat__w60__fold_1__seed_42,classical,fixed_rules,R0_flat,60,1,42,none,validation,class,fatigue,recall,0.0
G1,reused_valid,G1__qualification_r0_flat__fixed_rules__r0_flat__w60__fold_1__seed_42,classical,fixed_rules,R0_flat,60,1,42,none,validation,class,fatigue,f1,0.0
G1,reused_valid,G1__qualification_r0_flat__fixed_rules__r0_flat__w60__fold_1__seed_42,classical,fixed_rules,R0_flat,60,1,42,none,validation,class,distraction,precision,0.09696969696969697
G1,reused_valid,G1__qualification_r0_flat__fixed_rules__r0_flat__w60__fold_1__seed_42,classical,fixed_rules,R0_flat,60,1,42,none,validation,class,distraction,recall,0.5925925925925926
G1,reused_valid,G1__qualification_r0_flat__fixed_rules__r0_flat__w60__fold_1__seed_42,classical,fixed_rules,R0_flat,60,1,42,none,validation,class,distraction,f1,0.16666666666666666
G1,reused_valid,G1__qualification_r0_flat__fixed_rules__r0_flat__w60__fold_1__seed_42,classical,fixed_rules,R0_flat,60,1,42,none,test,class,alert,precision,0.5477031802120141
G1,reused_valid,G1__qualification_r0_flat__fixed_rules__r0_flat__w60__fold_1__seed_42,classical,fixed_rules,R0_flat,60,1,42,none,test,class,alert,recall,0.14246323529411764
G1,reused_valid,G1__qualification_r0_flat__fixed_rules__r0_flat__w60__fold_1__seed_42,classical,fixed_rules,R0_flat,60,1,42,none,test,class,alert,f1,0.2261123267687819
G1,reused_valid,G1__qualification_r0_flat__fixed_rules__r0_flat__w60__fold_1__seed_42,classical,fixed_rules,R0_flat,60,1,42,none,test,class,fatigue,precision,0.05785123966942149
G1,reused_valid,G1__qualification_r0_flat__fixed_rules__r0_flat__w60__fold_1__seed_42,classical,fixed_rules,R0_flat,60,1,42,none,test,class,fatigue,recall,0.417910447761194
G1,reused_valid,G1__qualification_r0_flat__fixed_rules__r0_flat__w60__fold_1__seed_42,classical,fixed_rules,R0_flat,60,1,42,none,test,class,fatigue,f1,0.10163339382940109
G1,reused_valid,G1__qualification_r0_flat__fixed_rules__r0_flat__w60__fold_1__seed_42,classical,fixed_rules,R0_flat,60,1,42,none,test,class,distraction,precision,0.04302477183833116
G1,reused_valid,G1__qualification_r0_flat__fixed_rules__r0_flat__w60__fold_1__seed_42,classical,fixed_rules,R0_flat,60,1,42,none,test,class,distraction,recall,0.0870712401055409
G1,reused_valid,G1__qualification_r0_flat__fixed_rules__r0_flat__w60__fold_1__seed_42,classical,fixed_rules,R0_flat,60,1,42,none,test,class,distraction,f1,0.05759162303664921
G1,reused_valid,G1__qualification_r0_flat__svm__r0_flat__w60__fold_1__seed_42,classical,svm,R0_flat,60,1,42,none,validation,class,alert,precision,0.8927875243664717
G1,reused_valid,G1__qualification_r0_flat__svm__r0_flat__w60__fold_1__seed_42,classical,svm,R0_flat,60,1,42,none,validation,class,alert,recall,0.903353057199211
G1,reused_valid,G1__qualification_r0_flat__svm__r0_flat__w60__fold_1__seed_42,classical,svm,R0_flat,60,1,42,none,validation,class,alert,f1,0.8980392156862745
G1,reused_valid,G1__qualification_r0_flat__svm__r0_flat__w60__fold_1__seed_42,classical,svm,R0_flat,60,1,42,none,validation,class,fatigue,precision,0.18181818181818182
G1,reused_valid,G1__qualification_r0_flat__svm__r0_flat__w60__fold_1__seed_42,classical,svm,R0_flat,60,1,42,none,validation,class,fatigue,recall,0.5
G1,reused_valid,G1__qualification_r0_flat__svm__r0_flat__w60__fold_1__seed_42,classical,svm,R0_flat,60,1,42,none,validation,class,fatigue,f1,0.26666666666666666
G1,reused_valid,G1__qualification_r0_flat__svm__r0_flat__w60__fold_1__seed_42,classical,svm,R0_flat,60,1,42,none,validation,class,distraction,precision,0.3776223776223776
G1,reused_valid,G1__qualification_r0_flat__svm__r0_flat__w60__fold_1__seed_42,classical,svm,R0_flat,60,1,42,none,validation,class,distraction,recall,0.3333333333333333
G1,reused_valid,G1__qualification_r0_flat__svm__r0_flat__w60__fold_1__seed_42,classical,svm,R0_flat,60,1,42,none,validation,class,distraction,f1,0.3540983606557377
G1,reused_valid,G1__qualification_r0_flat__svm__r0_flat__w60__fold_1__seed_42,classical,svm,R0_flat,60,1,42,none,test,class,alert,precision,0.8666061705989111
G1,reused_valid,G1__qualification_r0_flat__svm__r0_flat__w60__fold_1__seed_42,classical,svm,R0_flat,60,1,42,none,test,class,alert,recall,0.8777573529411765
G1,reused_valid,G1__qualification_r0_flat__svm__r0_flat__w60__fold_1__seed_42,classical,svm,R0_flat,60,1,42,none,test,class,alert,f1,0.8721461187214612
G1,reused_valid,G1__qualification_r0_flat__svm__r0_flat__w60__fold_1__seed_42,classical,svm,R0_flat,60,1,42,none,test,class,fatigue,precision,0.0
G1,reused_valid,G1__qualification_r0_flat__svm__r0_flat__w60__fold_1__seed_42,classical,svm,R0_flat,60,1,42,none,test,class,fatigue,recall,0.0
G1,reused_valid,G1__qualification_r0_flat__svm__r0_flat__w60__fold_1__seed_42,classical,svm,R0_flat,60,1,42,none,test,class,fatigue,f1,0.0
G1,reused_valid,G1__qualification_r0_flat__svm__r0_flat__w60__fold_1__seed_42,classical,svm,R0_flat,60,1,42,none,test,class,distraction,precision,0.6108490566037735
G1,reused_valid,G1__qualification_r0_flat__svm__r0_flat__w60__fold_1__seed_42,classical,svm,R0_flat,60,1,42,none,test,class,distraction,recall,0.683377308707124
G1,reused_valid,G1__qualification_r0_flat__svm__r0_flat__w60__fold_1__seed_42,classical,svm,R0_flat,60,1,42,none,test,class,distraction,f1,0.6450809464508095
G1,reused_valid,G1__qualification_r0_flat__random_forest__r0_flat__w60__fold_1__seed_42,classical,random_forest,R0_flat,60,1,42,none,validation,class,alert,precision,0.8881640260950606
G1,reused_valid,G1__qualification_r0_flat__random_forest__r0_flat__w60__fold_1__seed_42,classical,random_forest,R0_flat,60,1,42,none,validation,class,alert,recall,0.9398422090729783
G1,reused_valid,G1__qualification_r0_flat__random_forest__r0_flat__w60__fold_1__seed_42,classical,random_forest,R0_flat,60,1,42,none,validation,class,alert,f1,0.9132726401533301
G1,reused_valid,G1__qualification_r0_flat__random_forest__r0_flat__w60__fold_1__seed_42,classical,random_forest,R0_flat,60,1,42,none,validation,class,fatigue,precision,0.0
G1,reused_valid,G1__qualification_r0_flat__random_forest__r0_flat__w60__fold_1__seed_42,classical,random_forest,R0_flat,60,1,42,none,validation,class,fatigue,recall,0.0
G1,reused_valid,G1__qualification_r0_flat__random_forest__r0_flat__w60__fold_1__seed_42,classical,random_forest,R0_flat,60,1,42,none,validation,class,fatigue,f1,0.0
G1,reused_valid,G1__qualification_r0_flat__random_forest__r0_flat__w60__fold_1__seed_42,classical,random_forest,R0_flat,60,1,42,none,validation,class,distraction,precision,0.42990654205607476
G1,reused_valid,G1__qualification_r0_flat__random_forest__r0_flat__w60__fold_1__seed_42,classical,random_forest,R0_flat,60,1,42,none,validation,class,distraction,recall,0.2839506172839506
G1,reused_valid,G1__qualification_r0_flat__random_forest__r0_flat__w60__fold_1__seed_42,classical,random_forest,R0_flat,60,1,42,none,validation,class,distraction,f1,0.3420074349442379
G1,reused_valid,G1__qualification_r0_flat__random_forest__r0_flat__w60__fold_1__seed_42,classical,random_forest,R0_flat,60,1,42,none,test,class,alert,precision,0.8329238329238329
G1,reused_valid,G1__qualification_r0_flat__random_forest__r0_flat__w60__fold_1__seed_42,classical,random_forest,R0_flat,60,1,42,none,test,class,alert,recall,0.9347426470588235
G1,reused_valid,G1__qualification_r0_flat__random_forest__r0_flat__w60__fold_1__seed_42,classical,random_forest,R0_flat,60,1,42,none,test,class,alert,f1,0.880900822867042
G1,reused_valid,G1__qualification_r0_flat__random_forest__r0_flat__w60__fold_1__seed_42,classical,random_forest,R0_flat,60,1,42,none,test,class,fatigue,precision,0.0
G1,reused_valid,G1__qualification_r0_flat__random_forest__r0_flat__w60__fold_1__seed_42,classical,random_forest,R0_flat,60,1,42,none,test,class,fatigue,recall,0.0
G1,reused_valid,G1__qualification_r0_flat__random_forest__r0_flat__w60__fold_1__seed_42,classical,random_forest,R0_flat,60,1,42,none,test,class,fatigue,f1,0.0
G1,reused_valid,G1__qualification_r0_flat__random_forest__r0_flat__w60__fold_1__seed_42,classical,random_forest,R0_flat,60,1,42,none,test,class,distraction,precision,0.7188498402555911
G1,reused_valid,G1__qualification_r0_flat__random_forest__r0_flat__w60__fold_1__seed_42,classical,random_forest,R0_flat,60,1,42,none,test,class,distraction,recall,0.5936675461741425
G1,reused_valid,G1__qualification_r0_flat__random_forest__r0_flat__w60__fold_1__seed_42,classical,random_forest,R0_flat,60,1,42,none,test,class,distraction,f1,0.6502890173410405
G1,reused_valid,G1__qualification_r0_flat__xgboost__r0_flat__w60__fold_1__seed_42,classical,xgboost,R0_flat,60,1,42,none,validation,class,alert,precision,0.8895078922934077
G1,reused_valid,G1__qualification_r0_flat__xgboost__r0_flat__w60__fold_1__seed_42,classical,xgboost,R0_flat,60,1,42,none,validation,class,alert,recall,0.9447731755424064
G1,reused_valid,G1__qualification_r0_flat__xgboost__r0_flat__w60__fold_1__seed_42,classical,xgboost,R0_flat,60,1,42,none,validation,class,alert,f1,0.9163079866092778
G1,reused_valid,G1__qualification_r0_flat__xgboost__r0_flat__w60__fold_1__seed_42,classical,xgboost,R0_flat,60,1,42,none,validation,class,fatigue,precision,0.0
G1,reused_valid,G1__qualification_r0_flat__xgboost__r0_flat__w60__fold_1__seed_42,classical,xgboost,R0_flat,60,1,42,none,validation,class,fatigue,recall,0.0
G1,reused_valid,G1__qualification_r0_flat__xgboost__r0_flat__w60__fold_1__seed_42,classical,xgboost,R0_flat,60,1,42,none,validation,class,fatigue,f1,0.0
G1,reused_valid,G1__qualification_r0_flat__xgboost__r0_flat__w60__fold_1__seed_42,classical,xgboost,R0_flat,60,1,42,none,validation,class,distraction,precision,0.4563106796116505
G1,reused_valid,G1__qualification_r0_flat__xgboost__r0_flat__w60__fold_1__seed_42,classical,xgboost,R0_flat,60,1,42,none,validation,class,distraction,recall,0.29012345679012347
G1,reused_valid,G1__qualification_r0_flat__xgboost__r0_flat__w60__fold_1__seed_42,classical,xgboost,R0_flat,60,1,42,none,validation,class,distraction,f1,0.35471698113207545
G1,reused_valid,G1__qualification_r0_flat__xgboost__r0_flat__w60__fold_1__seed_42,classical,xgboost,R0_flat,60,1,42,none,test,class,alert,precision,0.8408903544929925
G1,reused_valid,G1__qualification_r0_flat__xgboost__r0_flat__w60__fold_1__seed_42,classical,xgboost,R0_flat,60,1,42,none,test,class,alert,recall,0.9375
G1,reused_valid,G1__qualification_r0_flat__xgboost__r0_flat__w60__fold_1__seed_42,classical,xgboost,R0_flat,60,1,42,none,test,class,alert,f1,0.8865710560625815
G1,reused_valid,G1__qualification_r0_flat__xgboost__r0_flat__w60__fold_1__seed_42,classical,xgboost,R0_flat,60,1,42,none,test,class,fatigue,precision,0.0
G1,reused_valid,G1__qualification_r0_flat__xgboost__r0_flat__w60__fold_1__seed_42,classical,xgboost,R0_flat,60,1,42,none,test,class,fatigue,recall,0.0
G1,reused_valid,G1__qualification_r0_flat__xgboost__r0_flat__w60__fold_1__seed_42,classical,xgboost,R0_flat,60,1,42,none,test,class,fatigue,f1,0.0
G1,reused_valid,G1__qualification_r0_flat__xgboost__r0_flat__w60__fold_1__seed_42,classical,xgboost,R0_flat,60,1,42,none,test,class,distraction,precision,0.735202492211838
G1,reused_valid,G1__qualification_r0_flat__xgboost__r0_flat__w60__fold_1__seed_42,classical,xgboost,R0_flat,60,1,42,none,test,class,distraction,recall,0.6226912928759895
G1,reused_valid,G1__qualification_r0_flat__xgboost__r0_flat__w60__fold_1__seed_42,classical,xgboost,R0_flat,60,1,42,none,test,class,distraction,f1,0.6742857142857143
G1,reused_valid,G1__qualification_r0_flat__fixed_rules__r0_flat__w60__fold_2__seed_42,classical,fixed_rules,R0_flat,60,2,42,none,validation,class,alert,precision,0.9222222222222223
G1,reused_valid,G1__qualification_r0_flat__fixed_rules__r0_flat__w60__fold_2__seed_42,classical,fixed_rules,R0_flat,60,2,42,none,validation,class,alert,recall,0.07685185185185185
G1,reused_valid,G1__qualification_r0_flat__fixed_rules__r0_flat__w60__fold_2__seed_42,classical,fixed_rules,R0_flat,60,2,42,none,validation,class,alert,f1,0.14188034188034188
G1,reused_valid,G1__qualification_r0_flat__fixed_rules__r0_flat__w60__fold_2__seed_42,classical,fixed_rules,R0_flat,60,2,42,none,validation,class,fatigue,precision,0.005555555555555556
G1,reused_valid,G1__qualification_r0_flat__fixed_rules__r0_flat__w60__fold_2__seed_42,classical,fixed_rules,R0_flat,60,2,42,none,validation,class,fatigue,recall,0.058823529411764705
G1,reused_valid,G1__qualification_r0_flat__fixed_rules__r0_flat__w60__fold_2__seed_42,classical,fixed_rules,R0_flat,60,2,42,none,validation,class,fatigue,f1,0.01015228426395939
G1,reused_valid,G1__qualification_r0_flat__fixed_rules__r0_flat__w60__fold_2__seed_42,classical,fixed_rules,R0_flat,60,2,42,none,validation,class,distraction,precision,0.05647840531561462
G1,reused_valid,G1__qualification_r0_flat__fixed_rules__r0_flat__w60__fold_2__seed_42,classical,fixed_rules,R0_flat,60,2,42,none,validation,class,distraction,recall,0.6710526315789473
G1,reused_valid,G1__qualification_r0_flat__fixed_rules__r0_flat__w60__fold_2__seed_42,classical,fixed_rules,R0_flat,60,2,42,none,validation,class,distraction,f1,0.1041879468845761
G1,reused_valid,G1__qualification_r0_flat__fixed_rules__r0_flat__w60__fold_2__seed_42,classical,fixed_rules,R0_flat,60,2,42,none,test,class,alert,precision,0.45714285714285713
G1,reused_valid,G1__qualification_r0_flat__fixed_rules__r0_flat__w60__fold_2__seed_42,classical,fixed_rules,R0_flat,60,2,42,none,test,class,alert,recall,0.010184595798854232
G1,reused_valid,G1__qualification_r0_flat__fixed_rules__r0_flat__w60__fold_2__seed_42,classical,fixed_rules,R0_flat,60,2,42,none,test,class,alert,f1,0.019925280199252802
G1,reused_valid,G1__qualification_r0_flat__fixed_rules__r0_flat__w60__fold_2__seed_42,classical,fixed_rules,R0_flat,60,2,42,none,test,class,distraction,precision,0.06530089628681178
G1,reused_valid,G1__qualification_r0_flat__fixed_rules__r0_flat__w60__fold_2__seed_42,classical,fixed_rules,R0_flat,60,2,42,none,test,class,distraction,recall,0.34812286689419797
G1,reused_valid,G1__qualification_r0_flat__fixed_rules__r0_flat__w60__fold_2__seed_42,classical,fixed_rules,R0_flat,60,2,42,none,test,class,distraction,f1,0.10997304582210242
G1,reused_valid,G1__qualification_r0_flat__svm__r0_flat__w60__fold_2__seed_42,classical,svm,R0_flat,60,2,42,none,validation,class,alert,precision,0.9355168884339816
G1,reused_valid,G1__qualification_r0_flat__svm__r0_flat__w60__fold_2__seed_42,classical,svm,R0_flat,60,2,42,none,validation,class,alert,recall,0.8462962962962963
G1,reused_valid,G1__qualification_r0_flat__svm__r0_flat__w60__fold_2__seed_42,classical,svm,R0_flat,60,2,42,none,validation,class,alert,f1,0.8886728245017015
G1,reused_valid,G1__qualification_r0_flat__svm__r0_flat__w60__fold_2__seed_42,classical,svm,R0_flat,60,2,42,none,validation,class,fatigue,precision,0.02702702702702703
G1,reused_valid,G1__qualification_r0_flat__svm__r0_flat__w60__fold_2__seed_42,classical,svm,R0_flat,60,2,42,none,validation,class,fatigue,recall,0.058823529411764705
G1,reused_valid,G1__qualification_r0_flat__svm__r0_flat__w60__fold_2__seed_42,classical,svm,R0_flat,60,2,42,none,validation,class,fatigue,f1,0.037037037037037035
G1,reused_valid,G1__qualification_r0_flat__svm__r0_flat__w60__fold_2__seed_42,classical,svm,R0_flat,60,2,42,none,validation,class,distraction,precision,0.15723270440251572
G1,reused_valid,G1__qualification_r0_flat__svm__r0_flat__w60__fold_2__seed_42,classical,svm,R0_flat,60,2,42,none,validation,class,distraction,recall,0.32894736842105265
G1,reused_valid,G1__qualification_r0_flat__svm__r0_flat__w60__fold_2__seed_42,classical,svm,R0_flat,60,2,42,none,validation,class,distraction,f1,0.2127659574468085
G1,reused_valid,G1__qualification_r0_flat__svm__r0_flat__w60__fold_2__seed_42,classical,svm,R0_flat,60,2,42,none,test,class,alert,precision,0.9242227979274611
G1,reused_valid,G1__qualification_r0_flat__svm__r0_flat__w60__fold_2__seed_42,classical,svm,R0_flat,60,2,42,none,test,class,alert,recall,0.9083386378103119
G1,reused_valid,G1__qualification_r0_flat__svm__r0_flat__w60__fold_2__seed_42,classical,svm,R0_flat,60,2,42,none,test,class,alert,f1,0.9162118780096308
G1,reused_valid,G1__qualification_r0_flat__svm__r0_flat__w60__fold_2__seed_42,classical,svm,R0_flat,60,2,42,none,test,class,distraction,precision,0.6107142857142858
G1,reused_valid,G1__qualification_r0_flat__svm__r0_flat__w60__fold_2__seed_42,classical,svm,R0_flat,60,2,42,none,test,class,distraction,recall,0.5836177474402731
G1,reused_valid,G1__qualification_r0_flat__svm__r0_flat__w60__fold_2__seed_42,classical,svm,R0_flat,60,2,42,none,test,class,distraction,f1,0.5968586387434555
G1,reused_valid,G1__qualification_r0_flat__random_forest__r0_flat__w60__fold_2__seed_42,classical,random_forest,R0_flat,60,2,42,none,validation,class,alert,precision,0.9346978557504874
G1,reused_valid,G1__qualification_r0_flat__random_forest__r0_flat__w60__fold_2__seed_42,classical,random_forest,R0_flat,60,2,42,none,validation,class,alert,recall,0.887962962962963
G1,reused_valid,G1__qualification_r0_flat__random_forest__r0_flat__w60__fold_2__seed_42,classical,random_forest,R0_flat,60,2,42,none,validation,class,alert,f1,0.9107312440645774
G1,reused_valid,G1__qualification_r0_flat__random_forest__r0_flat__w60__fold_2__seed_42,classical,random_forest,R0_flat,60,2,42,none,validation,class,fatigue,precision,0.0
G1,reused_valid,G1__qualification_r0_flat__random_forest__r0_flat__w60__fold_2__seed_42,classical,random_forest,R0_flat,60,2,42,none,validation,class,fatigue,recall,0.0
G1,reused_valid,G1__qualification_r0_flat__random_forest__r0_flat__w60__fold_2__seed_42,classical,random_forest,R0_flat,60,2,42,none,validation,class,fatigue,f1,0.0
G1,reused_valid,G1__qualification_r0_flat__random_forest__r0_flat__w60__fold_2__seed_42,classical,random_forest,R0_flat,60,2,42,none,validation,class,distraction,precision,0.1780821917808219
G1,reused_valid,G1__qualification_r0_flat__random_forest__r0_flat__w60__fold_2__seed_42,classical,random_forest,R0_flat,60,2,42,none,validation,class,distraction,recall,0.34210526315789475
G1,reused_valid,G1__qualification_r0_flat__random_forest__r0_flat__w60__fold_2__seed_42,classical,random_forest,R0_flat,60,2,42,none,validation,class,distraction,f1,0.23423423423423423
G1,reused_valid,G1__qualification_r0_flat__random_forest__r0_flat__w60__fold_2__seed_42,classical,random_forest,R0_flat,60,2,42,none,test,class,alert,precision,0.9304237824161923
G1,reused_valid,G1__qualification_r0_flat__random_forest__r0_flat__w60__fold_2__seed_42,classical,random_forest,R0_flat,60,2,42,none,test,class,alert,recall,0.936346276257161
G1,reused_valid,G1__qualification_r0_flat__random_forest__r0_flat__w60__fold_2__seed_42,classical,random_forest,R0_flat,60,2,42,none,test,class,alert,f1,0.9333756345177665
G1,reused_valid,G1__qualification_r0_flat__random_forest__r0_flat__w60__fold_2__seed_42,classical,random_forest,R0_flat,60,2,42,none,test,class,distraction,precision,0.6466431095406361
G1,reused_valid,G1__qualification_r0_flat__random_forest__r0_flat__w60__fold_2__seed_42,classical,random_forest,R0_flat,60,2,42,none,test,class,distraction,recall,0.6245733788395904
G1,reused_valid,G1__qualification_r0_flat__random_forest__r0_flat__w60__fold_2__seed_42,classical,random_forest,R0_flat,60,2,42,none,test,class,distraction,f1,0.6354166666666666
G1,reused_valid,G1__qualification_r0_flat__xgboost__r0_flat__w60__fold_2__seed_42,classical,xgboost,R0_flat,60,2,42,none,validation,class,alert,precision,0.9352657004830918
G1,reused_valid,G1__qualification_r0_flat__xgboost__r0_flat__w60__fold_2__seed_42,classical,xgboost,R0_flat,60,2,42,none,validation,class,alert,recall,0.8962962962962963
G1,reused_valid,G1__qualification_r0_flat__xgboost__r0_flat__w60__fold_2__seed_42,classical,xgboost,R0_flat,60,2,42,none,validation,class,alert,f1,0.9153664302600473
G1,reused_valid,G1__qualification_r0_flat__xgboost__r0_flat__w60__fold_2__seed_42,classical,xgboost,R0_flat,60,2,42,none,validation,class,fatigue,precision,0.0
G1,reused_valid,G1__qualification_r0_flat__xgboost__r0_flat__w60__fold_2__seed_42,classical,xgboost,R0_flat,60,2,42,none,validation,class,fatigue,recall,0.0
G1,reused_valid,G1__qualification_r0_flat__xgboost__r0_flat__w60__fold_2__seed_42,classical,xgboost,R0_flat,60,2,42,none,validation,class,fatigue,f1,0.0
G1,reused_valid,G1__qualification_r0_flat__xgboost__r0_flat__w60__fold_2__seed_42,classical,xgboost,R0_flat,60,2,42,none,validation,class,distraction,precision,0.18840579710144928
G1,reused_valid,G1__qualification_r0_flat__xgboost__r0_flat__w60__fold_2__seed_42,classical,xgboost,R0_flat,60,2,42,none,validation,class,distraction,recall,0.34210526315789475
G1,reused_valid,G1__qualification_r0_flat__xgboost__r0_flat__w60__fold_2__seed_42,classical,xgboost,R0_flat,60,2,42,none,validation,class,distraction,f1,0.24299065420560748
G1,reused_valid,G1__qualification_r0_flat__xgboost__r0_flat__w60__fold_2__seed_42,classical,xgboost,R0_flat,60,2,42,none,test,class,alert,precision,0.9302915082382763
G1,reused_valid,G1__qualification_r0_flat__xgboost__r0_flat__w60__fold_2__seed_42,classical,xgboost,R0_flat,60,2,42,none,test,class,alert,recall,0.9344366645448758
G1,reused_valid,G1__qualification_r0_flat__xgboost__r0_flat__w60__fold_2__seed_42,classical,xgboost,R0_flat,60,2,42,none,test,class,alert,f1,0.9323594791997459
G1,reused_valid,G1__qualification_r0_flat__xgboost__r0_flat__w60__fold_2__seed_42,classical,xgboost,R0_flat,60,2,42,none,test,class,distraction,precision,0.6398601398601399
G1,reused_valid,G1__qualification_r0_flat__xgboost__r0_flat__w60__fold_2__seed_42,classical,xgboost,R0_flat,60,2,42,none,test,class,distraction,recall,0.6245733788395904
G1,reused_valid,G1__qualification_r0_flat__xgboost__r0_flat__w60__fold_2__seed_42,classical,xgboost,R0_flat,60,2,42,none,test,class,distraction,f1,0.6321243523316062
G1,reused_valid,G1__qualification_r0_flat__fixed_rules__r0_flat__w60__fold_3__seed_42,classical,fixed_rules,R0_flat,60,3,42,none,validation,class,alert,precision,0.8058252427184466
G1,reused_valid,G1__qualification_r0_flat__fixed_rules__r0_flat__w60__fold_3__seed_42,classical,fixed_rules,R0_flat,60,3,42,none,validation,class,alert,recall,0.08417849898580122
G1,reused_valid,G1__qualification_r0_flat__fixed_rules__r0_flat__w60__fold_3__seed_42,classical,fixed_rules,R0_flat,60,3,42,none,validation,class,alert,f1,0.15243342516069788
G1,reused_valid,G1__qualification_r0_flat__fixed_rules__r0_flat__w60__fold_3__seed_42,classical,fixed_rules,R0_flat,60,3,42,none,validation,class,fatigue,precision,0.00423728813559322
G1,reused_valid,G1__qualification_r0_flat__fixed_rules__r0_flat__w60__fold_3__seed_42,classical,fixed_rules,R0_flat,60,3,42,none,validation,class,fatigue,recall,0.07692307692307693
G1,reused_valid,G1__qualification_r0_flat__fixed_rules__r0_flat__w60__fold_3__seed_42,classical,fixed_rules,R0_flat,60,3,42,none,validation,class,fatigue,f1,0.008032128514056224
G1,reused_valid,G1__qualification_r0_flat__fixed_rules__r0_flat__w60__fold_3__seed_42,classical,fixed_rules,R0_flat,60,3,42,none,validation,class,distraction,precision,0.1145320197044335
G1,reused_valid,G1__qualification_r0_flat__fixed_rules__r0_flat__w60__fold_3__seed_42,classical,fixed_rules,R0_flat,60,3,42,none,validation,class,distraction,recall,0.6118421052631579
G1,reused_valid,G1__qualification_r0_flat__fixed_rules__r0_flat__w60__fold_3__seed_42,classical,fixed_rules,R0_flat,60,3,42,none,validation,class,distraction,f1,0.19294605809128632
G1,reused_valid,G1__qualification_r0_flat__fixed_rules__r0_flat__w60__fold_3__seed_42,classical,fixed_rules,R0_flat,60,3,42,none,test,class,alert,precision,0.5531914893617021
G1,reused_valid,G1__qualification_r0_flat__fixed_rules__r0_flat__w60__fold_3__seed_42,classical,fixed_rules,R0_flat,60,3,42,none,test,class,alert,recall,0.019019751280175568
G1,reused_valid,G1__qualification_r0_flat__fixed_rules__r0_flat__w60__fold_3__seed_42,classical,fixed_rules,R0_flat,60,3,42,none,test,class,alert,f1,0.036775106082036775
G1,reused_valid,G1__qualification_r0_flat__fixed_rules__r0_flat__w60__fold_3__seed_42,classical,fixed_rules,R0_flat,60,3,42,none,test,class,fatigue,precision,0.007142857142857143
G1,reused_valid,G1__qualification_r0_flat__fixed_rules__r0_flat__w60__fold_3__seed_42,classical,fixed_rules,R0_flat,60,3,42,none,test,class,fatigue,recall,0.047619047619047616
G1,reused_valid,G1__qualification_r0_flat__fixed_rules__r0_flat__w60__fold_3__seed_42,classical,fixed_rules,R0_flat,60,3,42,none,test,class,fatigue,f1,0.012422360248447204
G1,reused_valid,G1__qualification_r0_flat__fixed_rules__r0_flat__w60__fold_3__seed_42,classical,fixed_rules,R0_flat,60,3,42,none,test,class,distraction,precision,0.035034272658035034
G1,reused_valid,G1__qualification_r0_flat__fixed_rules__r0_flat__w60__fold_3__seed_42,classical,fixed_rules,R0_flat,60,3,42,none,test,class,distraction,recall,0.4107142857142857
G1,reused_valid,G1__qualification_r0_flat__fixed_rules__r0_flat__w60__fold_3__seed_42,classical,fixed_rules,R0_flat,60,3,42,none,test,class,distraction,f1,0.06456140350877193
G1,reused_valid,G1__qualification_r0_flat__svm__r0_flat__w60__fold_3__seed_42,classical,svm,R0_flat,60,3,42,none,validation,class,alert,precision,0.8814655172413793
G1,reused_valid,G1__qualification_r0_flat__svm__r0_flat__w60__fold_3__seed_42,classical,svm,R0_flat,60,3,42,none,validation,class,alert,recall,0.8296146044624746
G1,reused_valid,G1__qualification_r0_flat__svm__r0_flat__w60__fold_3__seed_42,classical,svm,R0_flat,60,3,42,none,validation,class,alert,f1,0.8547544409613375
G1,reused_valid,G1__qualification_r0_flat__svm__r0_flat__w60__fold_3__seed_42,classical,svm,R0_flat,60,3,42,none,validation,class,fatigue,precision,0.0
G1,reused_valid,G1__qualification_r0_flat__svm__r0_flat__w60__fold_3__seed_42,classical,svm,R0_flat,60,3,42,none,validation,class,fatigue,recall,0.0
G1,reused_valid,G1__qualification_r0_flat__svm__r0_flat__w60__fold_3__seed_42,classical,svm,R0_flat,60,3,42,none,validation,class,fatigue,f1,0.0
G1,reused_valid,G1__qualification_r0_flat__svm__r0_flat__w60__fold_3__seed_42,classical,svm,R0_flat,60,3,42,none,validation,class,distraction,precision,0.26108374384236455
G1,reused_valid,G1__qualification_r0_flat__svm__r0_flat__w60__fold_3__seed_42,classical,svm,R0_flat,60,3,42,none,validation,class,distraction,recall,0.34868421052631576
G1,reused_valid,G1__qualification_r0_flat__svm__r0_flat__w60__fold_3__seed_42,classical,svm,R0_flat,60,3,42,none,validation,class,distraction,f1,0.29859154929577464
G1,reused_valid,G1__qualification_r0_flat__svm__r0_flat__w60__fold_3__seed_42,classical,svm,R0_flat,60,3,42,none,test,class,alert,precision,0.9549050632911392
G1,reused_valid,G1__qualification_r0_flat__svm__r0_flat__w60__fold_3__seed_42,classical,svm,R0_flat,60,3,42,none,test,class,alert,recall,0.8829553767373811
G1,reused_valid,G1__qualification_r0_flat__svm__r0_flat__w60__fold_3__seed_42,classical,svm,R0_flat,60,3,42,none,test,class,alert,f1,0.9175218548080578
G1,reused_valid,G1__qualification_r0_flat__svm__r0_flat__w60__fold_3__seed_42,classical,svm,R0_flat,60,3,42,none,test,class,fatigue,precision,0.0
G1,reused_valid,G1__qualification_r0_flat__svm__r0_flat__w60__fold_3__seed_42,classical,svm,R0_flat,60,3,42,none,test,class,fatigue,recall,0.0
G1,reused_valid,G1__qualification_r0_flat__svm__r0_flat__w60__fold_3__seed_42,classical,svm,R0_flat,60,3,42,none,test,class,fatigue,f1,0.0
G1,reused_valid,G1__qualification_r0_flat__svm__r0_flat__w60__fold_3__seed_42,classical,svm,R0_flat,60,3,42,none,test,class,distraction,precision,0.30454545454545456
G1,reused_valid,G1__qualification_r0_flat__svm__r0_flat__w60__fold_3__seed_42,classical,svm,R0_flat,60,3,42,none,test,class,distraction,recall,0.5982142857142857
G1,reused_valid,G1__qualification_r0_flat__svm__r0_flat__w60__fold_3__seed_42,classical,svm,R0_flat,60,3,42,none,test,class,distraction,f1,0.4036144578313253
G1,reused_valid,G1__qualification_r0_flat__random_forest__r0_flat__w60__fold_3__seed_42,classical,random_forest,R0_flat,60,3,42,none,validation,class,alert,precision,0.8796764408493428
G1,reused_valid,G1__qualification_r0_flat__random_forest__r0_flat__w60__fold_3__seed_42,classical,random_forest,R0_flat,60,3,42,none,validation,class,alert,recall,0.8823529411764706
G1,reused_valid,G1__qualification_r0_flat__random_forest__r0_flat__w60__fold_3__seed_42,classical,random_forest,R0_flat,60,3,42,none,validation,class,alert,f1,0.8810126582278481
G1,reused_valid,G1__qualification_r0_flat__random_forest__r0_flat__w60__fold_3__seed_42,classical,random_forest,R0_flat,60,3,42,none,validation,class,fatigue,precision,0.0
G1,reused_valid,G1__qualification_r0_flat__random_forest__r0_flat__w60__fold_3__seed_42,classical,random_forest,R0_flat,60,3,42,none,validation,class,fatigue,recall,0.0
G1,reused_valid,G1__qualification_r0_flat__random_forest__r0_flat__w60__fold_3__seed_42,classical,random_forest,R0_flat,60,3,42,none,validation,class,fatigue,f1,0.0
G1,reused_valid,G1__qualification_r0_flat__random_forest__r0_flat__w60__fold_3__seed_42,classical,random_forest,R0_flat,60,3,42,none,validation,class,distraction,precision,0.2839506172839506
G1,reused_valid,G1__qualification_r0_flat__random_forest__r0_flat__w60__fold_3__seed_42,classical,random_forest,R0_flat,60,3,42,none,validation,class,distraction,recall,0.3026315789473684
G1,reused_valid,G1__qualification_r0_flat__random_forest__r0_flat__w60__fold_3__seed_42,classical,random_forest,R0_flat,60,3,42,none,validation,class,distraction,f1,0.2929936305732484
G1,reused_valid,G1__qualification_r0_flat__random_forest__r0_flat__w60__fold_3__seed_42,classical,random_forest,R0_flat,60,3,42,none,test,class,alert,precision,0.9404934687953556
G1,reused_valid,G1__qualification_r0_flat__random_forest__r0_flat__w60__fold_3__seed_42,classical,random_forest,R0_flat,60,3,42,none,test,class,alert,recall,0.9480614484272128
G1,reused_valid,G1__qualification_r0_flat__random_forest__r0_flat__w60__fold_3__seed_42,classical,random_forest,R0_flat,60,3,42,none,test,class,alert,f1,0.9442622950819672
G1,reused_valid,G1__qualification_r0_flat__random_forest__r0_flat__w60__fold_3__seed_42,classical,random_forest,R0_flat,60,3,42,none,test,class,fatigue,precision,0.0
G1,reused_valid,G1__qualification_r0_flat__random_forest__r0_flat__w60__fold_3__seed_42,classical,random_forest,R0_flat,60,3,42,none,test,class,fatigue,recall,0.0
G1,reused_valid,G1__qualification_r0_flat__random_forest__r0_flat__w60__fold_3__seed_42,classical,random_forest,R0_flat,60,3,42,none,test,class,fatigue,f1,0.0
G1,reused_valid,G1__qualification_r0_flat__random_forest__r0_flat__w60__fold_3__seed_42,classical,random_forest,R0_flat,60,3,42,none,test,class,distraction,precision,0.4016393442622951
G1,reused_valid,G1__qualification_r0_flat__random_forest__r0_flat__w60__fold_3__seed_42,classical,random_forest,R0_flat,60,3,42,none,test,class,distraction,recall,0.4375
G1,reused_valid,G1__qualification_r0_flat__random_forest__r0_flat__w60__fold_3__seed_42,classical,random_forest,R0_flat,60,3,42,none,test,class,distraction,f1,0.4188034188034188
G1,reused_valid,G1__qualification_r0_flat__xgboost__r0_flat__w60__fold_3__seed_42,classical,xgboost,R0_flat,60,3,42,none,validation,class,alert,precision,0.8785714285714286
G1,reused_valid,G1__qualification_r0_flat__xgboost__r0_flat__w60__fold_3__seed_42,classical,xgboost,R0_flat,60,3,42,none,validation,class,alert,recall,0.8732251521298174
G1,reused_valid,G1__qualification_r0_flat__xgboost__r0_flat__w60__fold_3__seed_42,classical,xgboost,R0_flat,60,3,42,none,validation,class,alert,f1,0.8758901322482198
G1,reused_valid,G1__qualification_r0_flat__xgboost__r0_flat__w60__fold_3__seed_42,classical,xgboost,R0_flat,60,3,42,none,validation,class,fatigue,precision,0.0
G1,reused_valid,G1__qualification_r0_flat__xgboost__r0_flat__w60__fold_3__seed_42,classical,xgboost,R0_flat,60,3,42,none,validation,class,fatigue,recall,0.0
G1,reused_valid,G1__qualification_r0_flat__xgboost__r0_flat__w60__fold_3__seed_42,classical,xgboost,R0_flat,60,3,42,none,validation,class,fatigue,f1,0.0
G1,reused_valid,G1__qualification_r0_flat__xgboost__r0_flat__w60__fold_3__seed_42,classical,xgboost,R0_flat,60,3,42,none,validation,class,distraction,precision,0.26900584795321636
G1,reused_valid,G1__qualification_r0_flat__xgboost__r0_flat__w60__fold_3__seed_42,classical,xgboost,R0_flat,60,3,42,none,validation,class,distraction,recall,0.3026315789473684
G1,reused_valid,G1__qualification_r0_flat__xgboost__r0_flat__w60__fold_3__seed_42,classical,xgboost,R0_flat,60,3,42,none,validation,class,distraction,f1,0.2848297213622291
G1,reused_valid,G1__qualification_r0_flat__xgboost__r0_flat__w60__fold_3__seed_42,classical,xgboost,R0_flat,60,3,42,none,test,class,alert,precision,0.9410909090909091
G1,reused_valid,G1__qualification_r0_flat__xgboost__r0_flat__w60__fold_3__seed_42,classical,xgboost,R0_flat,60,3,42,none,test,class,alert,recall,0.9465983906364301
G1,reused_valid,G1__qualification_r0_flat__xgboost__r0_flat__w60__fold_3__seed_42,classical,xgboost,R0_flat,60,3,42,none,test,class,alert,f1,0.9438366156090445
G1,reused_valid,G1__qualification_r0_flat__xgboost__r0_flat__w60__fold_3__seed_42,classical,xgboost,R0_flat,60,3,42,none,test,class,fatigue,precision,0.0
G1,reused_valid,G1__qualification_r0_flat__xgboost__r0_flat__w60__fold_3__seed_42,classical,xgboost,R0_flat,60,3,42,none,test,class,fatigue,recall,0.0
G1,reused_valid,G1__qualification_r0_flat__xgboost__r0_flat__w60__fold_3__seed_42,classical,xgboost,R0_flat,60,3,42,none,test,class,fatigue,f1,0.0
G1,reused_valid,G1__qualification_r0_flat__xgboost__r0_flat__w60__fold_3__seed_42,classical,xgboost,R0_flat,60,3,42,none,test,class,distraction,precision,0.4
G1,reused_valid,G1__qualification_r0_flat__xgboost__r0_flat__w60__fold_3__seed_42,classical,xgboost,R0_flat,60,3,42,none,test,class,distraction,recall,0.44642857142857145
G1,reused_valid,G1__qualification_r0_flat__xgboost__r0_flat__w60__fold_3__seed_42,classical,xgboost,R0_flat,60,3,42,none,test,class,distraction,f1,0.4219409282700422
G1,reused_valid,G1__qualification_r0_flat__fixed_rules__r0_flat__w60__fold_4__seed_42,classical,fixed_rules,R0_flat,60,4,42,none,validation,class,alert,precision,0.7789473684210526
G1,reused_valid,G1__qualification_r0_flat__fixed_rules__r0_flat__w60__fold_4__seed_42,classical,fixed_rules,R0_flat,60,4,42,none,validation,class,alert,recall,0.07312252964426877
G1,reused_valid,G1__qualification_r0_flat__fixed_rules__r0_flat__w60__fold_4__seed_42,classical,fixed_rules,R0_flat,60,4,42,none,validation,class,alert,f1,0.13369467028003612
G1,reused_valid,G1__qualification_r0_flat__fixed_rules__r0_flat__w60__fold_4__seed_42,classical,fixed_rules,R0_flat,60,4,42,none,validation,class,fatigue,precision,0.005050505050505051
G1,reused_valid,G1__qualification_r0_flat__fixed_rules__r0_flat__w60__fold_4__seed_42,classical,fixed_rules,R0_flat,60,4,42,none,validation,class,fatigue,recall,0.058823529411764705
G1,reused_valid,G1__qualification_r0_flat__fixed_rules__r0_flat__w60__fold_4__seed_42,classical,fixed_rules,R0_flat,60,4,42,none,validation,class,fatigue,f1,0.009302325581395349
G1,reused_valid,G1__qualification_r0_flat__fixed_rules__r0_flat__w60__fold_4__seed_42,classical,fixed_rules,R0_flat,60,4,42,none,validation,class,distraction,precision,0.057692307692307696
G1,reused_valid,G1__qualification_r0_flat__fixed_rules__r0_flat__w60__fold_4__seed_42,classical,fixed_rules,R0_flat,60,4,42,none,validation,class,distraction,recall,0.5
G1,reused_valid,G1__qualification_r0_flat__fixed_rules__r0_flat__w60__fold_4__seed_42,classical,fixed_rules,R0_flat,60,4,42,none,validation,class,distraction,f1,0.10344827586206896
G1,reused_valid,G1__qualification_r0_flat__fixed_rules__r0_flat__w60__fold_4__seed_42,classical,fixed_rules,R0_flat,60,4,42,none,test,class,alert,precision,0.9384615384615385
G1,reused_valid,G1__qualification_r0_flat__fixed_rules__r0_flat__w60__fold_4__seed_42,classical,fixed_rules,R0_flat,60,4,42,none,test,class,alert,recall,0.06374085684430512
G1,reused_valid,G1__qualification_r0_flat__fixed_rules__r0_flat__w60__fold_4__seed_42,classical,fixed_rules,R0_flat,60,4,42,none,test,class,alert,f1,0.11937377690802348
G1,reused_valid,G1__qualification_r0_flat__fixed_rules__r0_flat__w60__fold_4__seed_42,classical,fixed_rules,R0_flat,60,4,42,none,test,class,distraction,precision,0.1117717003567182
G1,reused_valid,G1__qualification_r0_flat__fixed_rules__r0_flat__w60__fold_4__seed_42,classical,fixed_rules,R0_flat,60,4,42,none,test,class,distraction,recall,0.6811594202898551
G1,reused_valid,G1__qualification_r0_flat__fixed_rules__r0_flat__w60__fold_4__seed_42,classical,fixed_rules,R0_flat,60,4,42,none,test,class,distraction,f1,0.1920326864147089
G1,reused_valid,G1__qualification_r0_flat__svm__r0_flat__w60__fold_4__seed_42,classical,svm,R0_flat,60,4,42,none,validation,class,alert,precision,0.9256465517241379
G1,reused_valid,G1__qualification_r0_flat__svm__r0_flat__w60__fold_4__seed_42,classical,svm,R0_flat,60,4,42,none,validation,class,alert,recall,0.8488142292490118
G1,reused_valid,G1__qualification_r0_flat__svm__r0_flat__w60__fold_4__seed_42,classical,svm,R0_flat,60,4,42,none,validation,class,alert,f1,0.8855670103092783
G1,reused_valid,G1__qualification_r0_flat__svm__r0_flat__w60__fold_4__seed_42,classical,svm,R0_flat,60,4,42,none,validation,class,fatigue,precision,0.02857142857142857
G1,reused_valid,G1__qualification_r0_flat__svm__r0_flat__w60__fold_4__seed_42,classical,svm,R0_flat,60,4,42,none,validation,class,fatigue,recall,0.058823529411764705
G1,reused_valid,G1__qualification_r0_flat__svm__r0_flat__w60__fold_4__seed_42,classical,svm,R0_flat,60,4,42,none,validation,class,fatigue,f1,0.038461538461538464
G1,reused_valid,G1__qualification_r0_flat__svm__r0_flat__w60__fold_4__seed_42,classical,svm,R0_flat,60,4,42,none,validation,class,distraction,precision,0.2345679012345679
G1,reused_valid,G1__qualification_r0_flat__svm__r0_flat__w60__fold_4__seed_42,classical,svm,R0_flat,60,4,42,none,validation,class,distraction,recall,0.3958333333333333
G1,reused_valid,G1__qualification_r0_flat__svm__r0_flat__w60__fold_4__seed_42,classical,svm,R0_flat,60,4,42,none,validation,class,distraction,f1,0.29457364341085274
G1,reused_valid,G1__qualification_r0_flat__svm__r0_flat__w60__fold_4__seed_42,classical,svm,R0_flat,60,4,42,none,test,class,alert,precision,0.8906426155580609
G1,reused_valid,G1__qualification_r0_flat__svm__r0_flat__w60__fold_4__seed_42,classical,svm,R0_flat,60,4,42,none,test,class,alert,recall,0.8254963427377221
G1,reused_valid,G1__qualification_r0_flat__svm__r0_flat__w60__fold_4__seed_42,classical,svm,R0_flat,60,4,42,none,test,class,alert,f1,0.8568329718004338
G1,reused_valid,G1__qualification_r0_flat__svm__r0_flat__w60__fold_4__seed_42,classical,svm,R0_flat,60,4,42,none,test,class,distraction,precision,0.21621621621621623
G1,reused_valid,G1__qualification_r0_flat__svm__r0_flat__w60__fold_4__seed_42,classical,svm,R0_flat,60,4,42,none,test,class,distraction,recall,0.2898550724637681
G1,reused_valid,G1__qualification_r0_flat__svm__r0_flat__w60__fold_4__seed_42,classical,svm,R0_flat,60,4,42,none,test,class,distraction,f1,0.2476780185758514
G1,reused_valid,G1__qualification_r0_flat__random_forest__r0_flat__w60__fold_4__seed_42,classical,random_forest,R0_flat,60,4,42,none,validation,class,alert,precision,0.9285714285714286
G1,reused_valid,G1__qualification_r0_flat__random_forest__r0_flat__w60__fold_4__seed_42,classical,random_forest,R0_flat,60,4,42,none,validation,class,alert,recall,0.8863636363636364
G1,reused_valid,G1__qualification_r0_flat__random_forest__r0_flat__w60__fold_4__seed_42,classical,random_forest,R0_flat,60,4,42,none,validation,class,alert,f1,0.9069767441860465
G1,reused_valid,G1__qualification_r0_flat__random_forest__r0_flat__w60__fold_4__seed_42,classical,random_forest,R0_flat,60,4,42,none,validation,class,fatigue,precision,0.0
G1,reused_valid,G1__qualification_r0_flat__random_forest__r0_flat__w60__fold_4__seed_42,classical,random_forest,R0_flat,60,4,42,none,validation,class,fatigue,recall,0.0
G1,reused_valid,G1__qualification_r0_flat__random_forest__r0_flat__w60__fold_4__seed_42,classical,random_forest,R0_flat,60,4,42,none,validation,class,fatigue,f1,0.0
G1,reused_valid,G1__qualification_r0_flat__random_forest__r0_flat__w60__fold_4__seed_42,classical,random_forest,R0_flat,60,4,42,none,validation,class,distraction,precision,0.27672955974842767
G1,reused_valid,G1__qualification_r0_flat__random_forest__r0_flat__w60__fold_4__seed_42,classical,random_forest,R0_flat,60,4,42,none,validation,class,distraction,recall,0.4583333333333333
G1,reused_valid,G1__qualification_r0_flat__random_forest__r0_flat__w60__fold_4__seed_42,classical,random_forest,R0_flat,60,4,42,none,validation,class,distraction,f1,0.34509803921568627
G1,reused_valid,G1__qualification_r0_flat__random_forest__r0_flat__w60__fold_4__seed_42,classical,random_forest,R0_flat,60,4,42,none,test,class,alert,precision,0.89419795221843
G1,reused_valid,G1__qualification_r0_flat__random_forest__r0_flat__w60__fold_4__seed_42,classical,random_forest,R0_flat,60,4,42,none,test,class,alert,recall,0.8213166144200627
G1,reused_valid,G1__qualification_r0_flat__random_forest__r0_flat__w60__fold_4__seed_42,classical,random_forest,R0_flat,60,4,42,none,test,class,alert,f1,0.8562091503267973
G1,reused_valid,G1__qualification_r0_flat__random_forest__r0_flat__w60__fold_4__seed_42,classical,random_forest,R0_flat,60,4,42,none,test,class,distraction,precision,0.20833333333333334
G1,reused_valid,G1__qualification_r0_flat__random_forest__r0_flat__w60__fold_4__seed_42,classical,random_forest,R0_flat,60,4,42,none,test,class,distraction,recall,0.32608695652173914
G1,reused_valid,G1__qualification_r0_flat__random_forest__r0_flat__w60__fold_4__seed_42,classical,random_forest,R0_flat,60,4,42,none,test,class,distraction,f1,0.2542372881355932
G1,reused_valid,G1__qualification_r0_flat__xgboost__r0_flat__w60__fold_4__seed_42,classical,xgboost,R0_flat,60,4,42,none,validation,class,alert,precision,0.9272349272349273
G1,reused_valid,G1__qualification_r0_flat__xgboost__r0_flat__w60__fold_4__seed_42,classical,xgboost,R0_flat,60,4,42,none,validation,class,alert,recall,0.8814229249011858
G1,reused_valid,G1__qualification_r0_flat__xgboost__r0_flat__w60__fold_4__seed_42,classical,xgboost,R0_flat,60,4,42,none,validation,class,alert,f1,0.9037487335359676
G1,reused_valid,G1__qualification_r0_flat__xgboost__r0_flat__w60__fold_4__seed_42,classical,xgboost,R0_flat,60,4,42,none,validation,class,fatigue,precision,0.0
G1,reused_valid,G1__qualification_r0_flat__xgboost__r0_flat__w60__fold_4__seed_42,classical,xgboost,R0_flat,60,4,42,none,validation,class,fatigue,recall,0.0
G1,reused_valid,G1__qualification_r0_flat__xgboost__r0_flat__w60__fold_4__seed_42,classical,xgboost,R0_flat,60,4,42,none,validation,class,fatigue,f1,0.0
G1,reused_valid,G1__qualification_r0_flat__xgboost__r0_flat__w60__fold_4__seed_42,classical,xgboost,R0_flat,60,4,42,none,validation,class,distraction,precision,0.2670807453416149
G1,reused_valid,G1__qualification_r0_flat__xgboost__r0_flat__w60__fold_4__seed_42,classical,xgboost,R0_flat,60,4,42,none,validation,class,distraction,recall,0.4479166666666667
G1,reused_valid,G1__qualification_r0_flat__xgboost__r0_flat__w60__fold_4__seed_42,classical,xgboost,R0_flat,60,4,42,none,validation,class,distraction,f1,0.3346303501945525
G1,reused_valid,G1__qualification_r0_flat__xgboost__r0_flat__w60__fold_4__seed_42,classical,xgboost,R0_flat,60,4,42,none,test,class,alert,precision,0.8947368421052632
G1,reused_valid,G1__qualification_r0_flat__xgboost__r0_flat__w60__fold_4__seed_42,classical,xgboost,R0_flat,60,4,42,none,test,class,alert,recall,0.8349007314524556
G1,reused_valid,G1__qualification_r0_flat__xgboost__r0_flat__w60__fold_4__seed_42,classical,xgboost,R0_flat,60,4,42,none,test,class,alert,f1,0.8637837837837837
G1,reused_valid,G1__qualification_r0_flat__xgboost__r0_flat__w60__fold_4__seed_42,classical,xgboost,R0_flat,60,4,42,none,test,class,distraction,precision,0.21782178217821782
G1,reused_valid,G1__qualification_r0_flat__xgboost__r0_flat__w60__fold_4__seed_42,classical,xgboost,R0_flat,60,4,42,none,test,class,distraction,recall,0.3188405797101449
G1,reused_valid,G1__qualification_r0_flat__xgboost__r0_flat__w60__fold_4__seed_42,classical,xgboost,R0_flat,60,4,42,none,test,class,distraction,f1,0.25882352941176473
G1,reused_valid,G1__qualification_r0_flat__fixed_rules__r0_flat__w150__fold_1__seed_42,classical,fixed_rules,R0_flat,150,1,42,none,validation,class,alert,precision,0.8
G1,reused_valid,G1__qualification_r0_flat__fixed_rules__r0_flat__w150__fold_1__seed_42,classical,fixed_rules,R0_flat,150,1,42,none,validation,class,alert,recall,0.008008008008008008
G1,reused_valid,G1__qualification_r0_flat__fixed_rules__r0_flat__w150__fold_1__seed_42,classical,fixed_rules,R0_flat,150,1,42,none,validation,class,alert,f1,0.015857284440039643
G1,reused_valid,G1__qualification_r0_flat__fixed_rules__r0_flat__w150__fold_1__seed_42,classical,fixed_rules,R0_flat,150,1,42,none,validation,class,fatigue,precision,0.0
G1,reused_valid,G1__qualification_r0_flat__fixed_rules__r0_flat__w150__fold_1__seed_42,classical,fixed_rules,R0_flat,150,1,42,none,validation,class,fatigue,recall,0.0
G1,reused_valid,G1__qualification_r0_flat__fixed_rules__r0_flat__w150__fold_1__seed_42,classical,fixed_rules,R0_flat,150,1,42,none,validation,class,fatigue,f1,0.0
G1,reused_valid,G1__qualification_r0_flat__fixed_rules__r0_flat__w150__fold_1__seed_42,classical,fixed_rules,R0_flat,150,1,42,none,validation,class,distraction,precision,0.09441624365482233
G1,reused_valid,G1__qualification_r0_flat__fixed_rules__r0_flat__w150__fold_1__seed_42,classical,fixed_rules,R0_flat,150,1,42,none,validation,class,distraction,recall,0.6
G1,reused_valid,G1__qualification_r0_flat__fixed_rules__r0_flat__w150__fold_1__seed_42,classical,fixed_rules,R0_flat,150,1,42,none,validation,class,distraction,f1,0.1631578947368421
G1,reused_valid,G1__qualification_r0_flat__fixed_rules__r0_flat__w150__fold_1__seed_42,classical,fixed_rules,R0_flat,150,1,42,none,test,class,alert,precision,0.622093023255814
G1,reused_valid,G1__qualification_r0_flat__fixed_rules__r0_flat__w150__fold_1__seed_42,classical,fixed_rules,R0_flat,150,1,42,none,test,class,alert,recall,0.0981651376146789
G1,reused_valid,G1__qualification_r0_flat__fixed_rules__r0_flat__w150__fold_1__seed_42,classical,fixed_rules,R0_flat,150,1,42,none,test,class,alert,f1,0.16957210776545167
G1,reused_valid,G1__qualification_r0_flat__fixed_rules__r0_flat__w150__fold_1__seed_42,classical,fixed_rules,R0_flat,150,1,42,none,test,class,fatigue,precision,0.055944055944055944
G1,reused_valid,G1__qualification_r0_flat__fixed_rules__r0_flat__w150__fold_1__seed_42,classical,fixed_rules,R0_flat,150,1,42,none,test,class,fatigue,recall,0.5161290322580645
G1,reused_valid,G1__qualification_r0_flat__fixed_rules__r0_flat__w150__fold_1__seed_42,classical,fixed_rules,R0_flat,150,1,42,none,test,class,fatigue,f1,0.10094637223974763
G1,reused_valid,G1__qualification_r0_flat__fixed_rules__r0_flat__w150__fold_1__seed_42,classical,fixed_rules,R0_flat,150,1,42,none,test,class,distraction,precision,0.03826530612244898
G1,reused_valid,G1__qualification_r0_flat__fixed_rules__r0_flat__w150__fold_1__seed_42,classical,fixed_rules,R0_flat,150,1,42,none,test,class,distraction,recall,0.0797872340425532
G1,reused_valid,G1__qualification_r0_flat__fixed_rules__r0_flat__w150__fold_1__seed_42,classical,fixed_rules,R0_flat,150,1,42,none,test,class,distraction,f1,0.05172413793103448
G1,reused_valid,G1__qualification_r0_flat__svm__r0_flat__w150__fold_1__seed_42,classical,svm,R0_flat,150,1,42,none,validation,class,alert,precision,0.8882175226586103
G1,reused_valid,G1__qualification_r0_flat__svm__r0_flat__w150__fold_1__seed_42,classical,svm,R0_flat,150,1,42,none,validation,class,alert,recall,0.8828828828828829
G1,reused_valid,G1__qualification_r0_flat__svm__r0_flat__w150__fold_1__seed_42,classical,svm,R0_flat,150,1,42,none,validation,class,alert,f1,0.8855421686746988
G1,reused_valid,G1__qualification_r0_flat__svm__r0_flat__w150__fold_1__seed_42,classical,svm,R0_flat,150,1,42,none,validation,class,fatigue,precision,0.0
G1,reused_valid,G1__qualification_r0_flat__svm__r0_flat__w150__fold_1__seed_42,classical,svm,R0_flat,150,1,42,none,validation,class,fatigue,recall,0.0
G1,reused_valid,G1__qualification_r0_flat__svm__r0_flat__w150__fold_1__seed_42,classical,svm,R0_flat,150,1,42,none,validation,class,fatigue,f1,0.0
G1,reused_valid,G1__qualification_r0_flat__svm__r0_flat__w150__fold_1__seed_42,classical,svm,R0_flat,150,1,42,none,validation,class,distraction,precision,0.30201342281879195
G1,reused_valid,G1__qualification_r0_flat__svm__r0_flat__w150__fold_1__seed_42,classical,svm,R0_flat,150,1,42,none,validation,class,distraction,recall,0.2903225806451613
G1,reused_valid,G1__qualification_r0_flat__svm__r0_flat__w150__fold_1__seed_42,classical,svm,R0_flat,150,1,42,none,validation,class,distraction,f1,0.29605263157894735
G1,reused_valid,G1__qualification_r0_flat__svm__r0_flat__w150__fold_1__seed_42,classical,svm,R0_flat,150,1,42,none,test,class,alert,precision,0.8093716719914803
G1,reused_valid,G1__qualification_r0_flat__svm__r0_flat__w150__fold_1__seed_42,classical,svm,R0_flat,150,1,42,none,test,class,alert,recall,0.6972477064220184
G1,reused_valid,G1__qualification_r0_flat__svm__r0_flat__w150__fold_1__seed_42,classical,svm,R0_flat,150,1,42,none,test,class,alert,f1,0.7491375061606703
G1,reused_valid,G1__qualification_r0_flat__svm__r0_flat__w150__fold_1__seed_42,classical,svm,R0_flat,150,1,42,none,test,class,fatigue,precision,0.0
G1,reused_valid,G1__qualification_r0_flat__svm__r0_flat__w150__fold_1__seed_42,classical,svm,R0_flat,150,1,42,none,test,class,fatigue,recall,0.0
G1,reused_valid,G1__qualification_r0_flat__svm__r0_flat__w150__fold_1__seed_42,classical,svm,R0_flat,150,1,42,none,test,class,fatigue,f1,0.0
G1,reused_valid,G1__qualification_r0_flat__svm__r0_flat__w150__fold_1__seed_42,classical,svm,R0_flat,150,1,42,none,test,class,distraction,precision,0.37860780984719866
G1,reused_valid,G1__qualification_r0_flat__svm__r0_flat__w150__fold_1__seed_42,classical,svm,R0_flat,150,1,42,none,test,class,distraction,recall,0.5930851063829787
G1,reused_valid,G1__qualification_r0_flat__svm__r0_flat__w150__fold_1__seed_42,classical,svm,R0_flat,150,1,42,none,test,class,distraction,f1,0.46217616580310883
G1,reused_valid,G1__qualification_r0_flat__random_forest__r0_flat__w150__fold_1__seed_42,classical,random_forest,R0_flat,150,1,42,none,validation,class,alert,precision,0.8852913968547641
G1,reused_valid,G1__qualification_r0_flat__random_forest__r0_flat__w150__fold_1__seed_42,classical,random_forest,R0_flat,150,1,42,none,validation,class,alert,recall,0.9579579579579579
G1,reused_valid,G1__qualification_r0_flat__random_forest__r0_flat__w150__fold_1__seed_42,classical,random_forest,R0_flat,150,1,42,none,validation,class,alert,f1,0.9201923076923076
G1,reused_valid,G1__qualification_r0_flat__random_forest__r0_flat__w150__fold_1__seed_42,classical,random_forest,R0_flat,150,1,42,none,validation,class,fatigue,precision,0.0
G1,reused_valid,G1__qualification_r0_flat__random_forest__r0_flat__w150__fold_1__seed_42,classical,random_forest,R0_flat,150,1,42,none,validation,class,fatigue,recall,0.0
G1,reused_valid,G1__qualification_r0_flat__random_forest__r0_flat__w150__fold_1__seed_42,classical,random_forest,R0_flat,150,1,42,none,validation,class,fatigue,f1,0.0
G1,reused_valid,G1__qualification_r0_flat__random_forest__r0_flat__w150__fold_1__seed_42,classical,random_forest,R0_flat,150,1,42,none,validation,class,distraction,precision,0.43243243243243246
G1,reused_valid,G1__qualification_r0_flat__random_forest__r0_flat__w150__fold_1__seed_42,classical,random_forest,R0_flat,150,1,42,none,validation,class,distraction,recall,0.2064516129032258
G1,reused_valid,G1__qualification_r0_flat__random_forest__r0_flat__w150__fold_1__seed_42,classical,random_forest,R0_flat,150,1,42,none,validation,class,distraction,f1,0.2794759825327511
G1,reused_valid,G1__qualification_r0_flat__random_forest__r0_flat__w150__fold_1__seed_42,classical,random_forest,R0_flat,150,1,42,none,test,class,alert,precision,0.8216
G1,reused_valid,G1__qualification_r0_flat__random_forest__r0_flat__w150__fold_1__seed_42,classical,random_forest,R0_flat,150,1,42,none,test,class,alert,recall,0.9422018348623853
G1,reused_valid,G1__qualification_r0_flat__random_forest__r0_flat__w150__fold_1__seed_42,classical,random_forest,R0_flat,150,1,42,none,test,class,alert,f1,0.8777777777777778
G1,reused_valid,G1__qualification_r0_flat__random_forest__r0_flat__w150__fold_1__seed_42,classical,random_forest,R0_flat,150,1,42,none,test,class,fatigue,precision,0.0
G1,reused_valid,G1__qualification_r0_flat__random_forest__r0_flat__w150__fold_1__seed_42,classical,random_forest,R0_flat,150,1,42,none,test,class,fatigue,recall,0.0
G1,reused_valid,G1__qualification_r0_flat__random_forest__r0_flat__w150__fold_1__seed_42,classical,random_forest,R0_flat,150,1,42,none,test,class,fatigue,f1,0.0
G1,reused_valid,G1__qualification_r0_flat__random_forest__r0_flat__w150__fold_1__seed_42,classical,random_forest,R0_flat,150,1,42,none,test,class,distraction,precision,0.7446043165467626
G1,reused_valid,G1__qualification_r0_flat__random_forest__r0_flat__w150__fold_1__seed_42,classical,random_forest,R0_flat,150,1,42,none,test,class,distraction,recall,0.550531914893617
G1,reused_valid,G1__qualification_r0_flat__random_forest__r0_flat__w150__fold_1__seed_42,classical,random_forest,R0_flat,150,1,42,none,test,class,distraction,f1,0.6330275229357798
G1,reused_valid,G1__qualification_r0_flat__xgboost__r0_flat__w150__fold_1__seed_42,classical,xgboost,R0_flat,150,1,42,none,validation,class,alert,precision,0.8873499538319483
G1,reused_valid,G1__qualification_r0_flat__xgboost__r0_flat__w150__fold_1__seed_42,classical,xgboost,R0_flat,150,1,42,none,validation,class,alert,recall,0.9619619619619619
G1,reused_valid,G1__qualification_r0_flat__xgboost__r0_flat__w150__fold_1__seed_42,classical,xgboost,R0_flat,150,1,42,none,validation,class,alert,f1,0.9231508165225745
G1,reused_valid,G1__qualification_r0_flat__xgboost__r0_flat__w150__fold_1__seed_42,classical,xgboost,R0_flat,150,1,42,none,validation,class,fatigue,precision,0.0
G1,reused_valid,G1__qualification_r0_flat__xgboost__r0_flat__w150__fold_1__seed_42,classical,xgboost,R0_flat,150,1,42,none,validation,class,fatigue,recall,0.0
G1,reused_valid,G1__qualification_r0_flat__xgboost__r0_flat__w150__fold_1__seed_42,classical,xgboost,R0_flat,150,1,42,none,validation,class,fatigue,f1,0.0
G1,reused_valid,G1__qualification_r0_flat__xgboost__r0_flat__w150__fold_1__seed_42,classical,xgboost,R0_flat,150,1,42,none,validation,class,distraction,precision,0.4722222222222222
G1,reused_valid,G1__qualification_r0_flat__xgboost__r0_flat__w150__fold_1__seed_42,classical,xgboost,R0_flat,150,1,42,none,validation,class,distraction,recall,0.21935483870967742
G1,reused_valid,G1__qualification_r0_flat__xgboost__r0_flat__w150__fold_1__seed_42,classical,xgboost,R0_flat,150,1,42,none,validation,class,distraction,f1,0.29955947136563876
G1,reused_valid,G1__qualification_r0_flat__xgboost__r0_flat__w150__fold_1__seed_42,classical,xgboost,R0_flat,150,1,42,none,test,class,alert,precision,0.8315789473684211
G1,reused_valid,G1__qualification_r0_flat__xgboost__r0_flat__w150__fold_1__seed_42,classical,xgboost,R0_flat,150,1,42,none,test,class,alert,recall,0.9422018348623853
G1,reused_valid,G1__qualification_r0_flat__xgboost__r0_flat__w150__fold_1__seed_42,classical,xgboost,R0_flat,150,1,42,none,test,class,alert,f1,0.8834408602150537
G1,reused_valid,G1__qualification_r0_flat__xgboost__r0_flat__w150__fold_1__seed_42,classical,xgboost,R0_flat,150,1,42,none,test,class,fatigue,precision,0.0
G1,reused_valid,G1__qualification_r0_flat__xgboost__r0_flat__w150__fold_1__seed_42,classical,xgboost,R0_flat,150,1,42,none,test,class,fatigue,recall,0.0
G1,reused_valid,G1__qualification_r0_flat__xgboost__r0_flat__w150__fold_1__seed_42,classical,xgboost,R0_flat,150,1,42,none,test,class,fatigue,f1,0.0
G1,reused_valid,G1__qualification_r0_flat__xgboost__r0_flat__w150__fold_1__seed_42,classical,xgboost,R0_flat,150,1,42,none,test,class,distraction,precision,0.7508532423208191
G1,reused_valid,G1__qualification_r0_flat__xgboost__r0_flat__w150__fold_1__seed_42,classical,xgboost,R0_flat,150,1,42,none,test,class,distraction,recall,0.5851063829787234
G1,reused_valid,G1__qualification_r0_flat__xgboost__r0_flat__w150__fold_1__seed_42,classical,xgboost,R0_flat,150,1,42,none,test,class,distraction,f1,0.6576980568011959
G1,reused_valid,G1__qualification_r0_flat__fixed_rules__r0_flat__w150__fold_2__seed_42,classical,fixed_rules,R0_flat,150,2,42,none,validation,class,alert,precision,1.0
G1,reused_valid,G1__qualification_r0_flat__fixed_rules__r0_flat__w150__fold_2__seed_42,classical,fixed_rules,R0_flat,150,2,42,none,validation,class,alert,recall,0.049348230912476726
G1,reused_valid,G1__qualification_r0_flat__fixed_rules__r0_flat__w150__fold_2__seed_42,classical,fixed_rules,R0_flat,150,2,42,none,validation,class,alert,f1,0.0940550133096717
G1,reused_valid,G1__qualification_r0_flat__fixed_rules__r0_flat__w150__fold_2__seed_42,classical,fixed_rules,R0_flat,150,2,42,none,validation,class,fatigue,precision,0.0
G1,reused_valid,G1__qualification_r0_flat__fixed_rules__r0_flat__w150__fold_2__seed_42,classical,fixed_rules,R0_flat,150,2,42,none,validation,class,fatigue,recall,0.0
G1,reused_valid,G1__qualification_r0_flat__fixed_rules__r0_flat__w150__fold_2__seed_42,classical,fixed_rules,R0_flat,150,2,42,none,validation,class,fatigue,f1,0.0
G1,reused_valid,G1__qualification_r0_flat__fixed_rules__r0_flat__w150__fold_2__seed_42,classical,fixed_rules,R0_flat,150,2,42,none,validation,class,distraction,precision,0.05641592920353982
G1,reused_valid,G1__qualification_r0_flat__fixed_rules__r0_flat__w150__fold_2__seed_42,classical,fixed_rules,R0_flat,150,2,42,none,validation,class,distraction,recall,0.6891891891891891
G1,reused_valid,G1__qualification_r0_flat__fixed_rules__r0_flat__w150__fold_2__seed_42,classical,fixed_rules,R0_flat,150,2,42,none,validation,class,distraction,f1,0.10429447852760736
G1,reused_valid,G1__qualification_r0_flat__fixed_rules__r0_flat__w150__fold_2__seed_42,classical,fixed_rules,R0_flat,150,2,42,none,test,class,alert,precision,0.6666666666666666
G1,reused_valid,G1__qualification_r0_flat__fixed_rules__r0_flat__w150__fold_2__seed_42,classical,fixed_rules,R0_flat,150,2,42,none,test,class,alert,recall,0.002564102564102564
G1,reused_valid,G1__qualification_r0_flat__fixed_rules__r0_flat__w150__fold_2__seed_42,classical,fixed_rules,R0_flat,150,2,42,none,test,class,alert,f1,0.005108556832694764
G1,reused_valid,G1__qualification_r0_flat__fixed_rules__r0_flat__w150__fold_2__seed_42,classical,fixed_rules,R0_flat,150,2,42,none,test,class,distraction,precision,0.06101477199743096
G1,reused_valid,G1__qualification_r0_flat__fixed_rules__r0_flat__w150__fold_2__seed_42,classical,fixed_rules,R0_flat,150,2,42,none,test,class,distraction,recall,0.33807829181494664
G1,reused_valid,G1__qualification_r0_flat__fixed_rules__r0_flat__w150__fold_2__seed_42,classical,fixed_rules,R0_flat,150,2,42,none,test,class,distraction,f1,0.10337323177366703
G1,reused_valid,G1__qualification_r0_flat__svm__r0_flat__w150__fold_2__seed_42,classical,svm,R0_flat,150,2,42,none,validation,class,alert,precision,0.9368191721132898
G1,reused_valid,G1__qualification_r0_flat__svm__r0_flat__w150__fold_2__seed_42,classical,svm,R0_flat,150,2,42,none,validation,class,alert,recall,0.8007448789571695
G1,reused_valid,G1__qualification_r0_flat__svm__r0_flat__w150__fold_2__seed_42,classical,svm,R0_flat,150,2,42,none,validation,class,alert,f1,0.8634538152610441
G1,reused_valid,G1__qualification_r0_flat__svm__r0_flat__w150__fold_2__seed_42,classical,svm,R0_flat,150,2,42,none,validation,class,fatigue,precision,0.0
G1,reused_valid,G1__qualification_r0_flat__svm__r0_flat__w150__fold_2__seed_42,classical,svm,R0_flat,150,2,42,none,validation,class,fatigue,recall,0.0
G1,reused_valid,G1__qualification_r0_flat__svm__r0_flat__w150__fold_2__seed_42,classical,svm,R0_flat,150,2,42,none,validation,class,fatigue,f1,0.0
G1,reused_valid,G1__qualification_r0_flat__svm__r0_flat__w150__fold_2__seed_42,classical,svm,R0_flat,150,2,42,none,validation,class,distraction,precision,0.10091743119266056
G1,reused_valid,G1__qualification_r0_flat__svm__r0_flat__w150__fold_2__seed_42,classical,svm,R0_flat,150,2,42,none,validation,class,distraction,recall,0.2972972972972973
G1,reused_valid,G1__qualification_r0_flat__svm__r0_flat__w150__fold_2__seed_42,classical,svm,R0_flat,150,2,42,none,validation,class,distraction,f1,0.1506849315068493
G1,reused_valid,G1__qualification_r0_flat__svm__r0_flat__w150__fold_2__seed_42,classical,svm,R0_flat,150,2,42,none,test,class,alert,precision,0.9282868525896414
G1,reused_valid,G1__qualification_r0_flat__svm__r0_flat__w150__fold_2__seed_42,classical,svm,R0_flat,150,2,42,none,test,class,alert,recall,0.8961538461538462
G1,reused_valid,G1__qualification_r0_flat__svm__r0_flat__w150__fold_2__seed_42,classical,svm,R0_flat,150,2,42,none,test,class,alert,f1,0.9119373776908023
G1,reused_valid,G1__qualification_r0_flat__svm__r0_flat__w150__fold_2__seed_42,classical,svm,R0_flat,150,2,42,none,test,class,distraction,precision,0.5443037974683544
G1,reused_valid,G1__qualification_r0_flat__svm__r0_flat__w150__fold_2__seed_42,classical,svm,R0_flat,150,2,42,none,test,class,distraction,recall,0.6120996441281139
G1,reused_valid,G1__qualification_r0_flat__svm__r0_flat__w150__fold_2__seed_42,classical,svm,R0_flat,150,2,42,none,test,class,distraction,f1,0.576214405360134
G1,reused_valid,G1__qualification_r0_flat__random_forest__r0_flat__w150__fold_2__seed_42,classical,random_forest,R0_flat,150,2,42,none,validation,class,alert,precision,0.9421407907425265
G1,reused_valid,G1__qualification_r0_flat__random_forest__r0_flat__w150__fold_2__seed_42,classical,random_forest,R0_flat,150,2,42,none,validation,class,alert,recall,0.909683426443203
G1,reused_valid,G1__qualification_r0_flat__random_forest__r0_flat__w150__fold_2__seed_42,classical,random_forest,R0_flat,150,2,42,none,validation,class,alert,f1,0.9256276646139271
G1,reused_valid,G1__qualification_r0_flat__random_forest__r0_flat__w150__fold_2__seed_42,classical,random_forest,R0_flat,150,2,42,none,validation,class,fatigue,precision,0.0
G1,reused_valid,G1__qualification_r0_flat__random_forest__r0_flat__w150__fold_2__seed_42,classical,random_forest,R0_flat,150,2,42,none,validation,class,fatigue,recall,0.0
G1,reused_valid,G1__qualification_r0_flat__random_forest__r0_flat__w150__fold_2__seed_42,classical,random_forest,R0_flat,150,2,42,none,validation,class,fatigue,f1,0.0
G1,reused_valid,G1__qualification_r0_flat__random_forest__r0_flat__w150__fold_2__seed_42,classical,random_forest,R0_flat,150,2,42,none,validation,class,distraction,precision,0.21311475409836064
G1,reused_valid,G1__qualification_r0_flat__random_forest__r0_flat__w150__fold_2__seed_42,classical,random_forest,R0_flat,150,2,42,none,validation,class,distraction,recall,0.35135135135135137
G1,reused_valid,G1__qualification_r0_flat__random_forest__r0_flat__w150__fold_2__seed_42,classical,random_forest,R0_flat,150,2,42,none,validation,class,distraction,f1,0.2653061224489796
G1,reused_valid,G1__qualification_r0_flat__random_forest__r0_flat__w150__fold_2__seed_42,classical,random_forest,R0_flat,150,2,42,none,test,class,alert,precision,0.9317751105495894
G1,reused_valid,G1__qualification_r0_flat__random_forest__r0_flat__w150__fold_2__seed_42,classical,random_forest,R0_flat,150,2,42,none,test,class,alert,recall,0.9455128205128205
G1,reused_valid,G1__qualification_r0_flat__random_forest__r0_flat__w150__fold_2__seed_42,classical,random_forest,R0_flat,150,2,42,none,test,class,alert,f1,0.9385937002863506
G1,reused_valid,G1__qualification_r0_flat__random_forest__r0_flat__w150__fold_2__seed_42,classical,random_forest,R0_flat,150,2,42,none,test,class,distraction,precision,0.6705426356589147
G1,reused_valid,G1__qualification_r0_flat__random_forest__r0_flat__w150__fold_2__seed_42,classical,random_forest,R0_flat,150,2,42,none,test,class,distraction,recall,0.6156583629893239
G1,reused_valid,G1__qualification_r0_flat__random_forest__r0_flat__w150__fold_2__seed_42,classical,random_forest,R0_flat,150,2,42,none,test,class,distraction,f1,0.6419294990723562
G1,reused_valid,G1__qualification_r0_flat__xgboost__r0_flat__w150__fold_2__seed_42,classical,xgboost,R0_flat,150,2,42,none,validation,class,alert,precision,0.9414587332053743
G1,reused_valid,G1__qualification_r0_flat__xgboost__r0_flat__w150__fold_2__seed_42,classical,xgboost,R0_flat,150,2,42,none,validation,class,alert,recall,0.9134078212290503
G1,reused_valid,G1__qualification_r0_flat__xgboost__r0_flat__w150__fold_2__seed_42,classical,xgboost,R0_flat,150,2,42,none,validation,class,alert,f1,0.9272211720226843
G1,reused_valid,G1__qualification_r0_flat__xgboost__r0_flat__w150__fold_2__seed_42,classical,xgboost,R0_flat,150,2,42,none,validation,class,fatigue,precision,0.0
G1,reused_valid,G1__qualification_r0_flat__xgboost__r0_flat__w150__fold_2__seed_42,classical,xgboost,R0_flat,150,2,42,none,validation,class,fatigue,recall,0.0
G1,reused_valid,G1__qualification_r0_flat__xgboost__r0_flat__w150__fold_2__seed_42,classical,xgboost,R0_flat,150,2,42,none,validation,class,fatigue,f1,0.0
G1,reused_valid,G1__qualification_r0_flat__xgboost__r0_flat__w150__fold_2__seed_42,classical,xgboost,R0_flat,150,2,42,none,validation,class,distraction,precision,0.211864406779661
G1,reused_valid,G1__qualification_r0_flat__xgboost__r0_flat__w150__fold_2__seed_42,classical,xgboost,R0_flat,150,2,42,none,validation,class,distraction,recall,0.33783783783783783
G1,reused_valid,G1__qualification_r0_flat__xgboost__r0_flat__w150__fold_2__seed_42,classical,xgboost,R0_flat,150,2,42,none,validation,class,distraction,f1,0.2604166666666667
G1,reused_valid,G1__qualification_r0_flat__xgboost__r0_flat__w150__fold_2__seed_42,classical,xgboost,R0_flat,150,2,42,none,test,class,alert,precision,0.9318611987381703
G1,reused_valid,G1__qualification_r0_flat__xgboost__r0_flat__w150__fold_2__seed_42,classical,xgboost,R0_flat,150,2,42,none,test,class,alert,recall,0.9467948717948718
G1,reused_valid,G1__qualification_r0_flat__xgboost__r0_flat__w150__fold_2__seed_42,classical,xgboost,R0_flat,150,2,42,none,test,class,alert,f1,0.939268680445151
G1,reused_valid,G1__qualification_r0_flat__xgboost__r0_flat__w150__fold_2__seed_42,classical,xgboost,R0_flat,150,2,42,none,test,class,distraction,precision,0.67578125
G1,reused_valid,G1__qualification_r0_flat__xgboost__r0_flat__w150__fold_2__seed_42,classical,xgboost,R0_flat,150,2,42,none,test,class,distraction,recall,0.6156583629893239
G1,reused_valid,G1__qualification_r0_flat__xgboost__r0_flat__w150__fold_2__seed_42,classical,xgboost,R0_flat,150,2,42,none,test,class,distraction,f1,0.6443202979515829
G1,reused_valid,G1__qualification_r0_flat__fixed_rules__r0_flat__w150__fold_3__seed_42,classical,fixed_rules,R0_flat,150,3,42,none,validation,class,alert,precision,0.9636363636363636
G1,reused_valid,G1__qualification_r0_flat__fixed_rules__r0_flat__w150__fold_3__seed_42,classical,fixed_rules,R0_flat,150,3,42,none,validation,class,alert,recall,0.054695562435500514
G1,reused_valid,G1__qualification_r0_flat__fixed_rules__r0_flat__w150__fold_3__seed_42,classical,fixed_rules,R0_flat,150,3,42,none,validation,class,alert,f1,0.103515625
G1,reused_valid,G1__qualification_r0_flat__fixed_rules__r0_flat__w150__fold_3__seed_42,classical,fixed_rules,R0_flat,150,3,42,none,validation,class,fatigue,precision,0.0
G1,reused_valid,G1__qualification_r0_flat__fixed_rules__r0_flat__w150__fold_3__seed_42,classical,fixed_rules,R0_flat,150,3,42,none,validation,class,fatigue,recall,0.0
G1,reused_valid,G1__qualification_r0_flat__fixed_rules__r0_flat__w150__fold_3__seed_42,classical,fixed_rules,R0_flat,150,3,42,none,validation,class,fatigue,f1,0.0
G1,reused_valid,G1__qualification_r0_flat__fixed_rules__r0_flat__w150__fold_3__seed_42,classical,fixed_rules,R0_flat,150,3,42,none,validation,class,distraction,precision,0.11349306431273644
G1,reused_valid,G1__qualification_r0_flat__fixed_rules__r0_flat__w150__fold_3__seed_42,classical,fixed_rules,R0_flat,150,3,42,none,validation,class,distraction,recall,0.6206896551724138
G1,reused_valid,G1__qualification_r0_flat__fixed_rules__r0_flat__w150__fold_3__seed_42,classical,fixed_rules,R0_flat,150,3,42,none,validation,class,distraction,f1,0.19189765458422176
G1,reused_valid,G1__qualification_r0_flat__fixed_rules__r0_flat__w150__fold_3__seed_42,classical,fixed_rules,R0_flat,150,3,42,none,test,class,alert,precision,0.6190476190476191
G1,reused_valid,G1__qualification_r0_flat__fixed_rules__r0_flat__w150__fold_3__seed_42,classical,fixed_rules,R0_flat,150,3,42,none,test,class,alert,recall,0.009523809523809525
G1,reused_valid,G1__qualification_r0_flat__fixed_rules__r0_flat__w150__fold_3__seed_42,classical,fixed_rules,R0_flat,150,3,42,none,test,class,alert,f1,0.01875901875901876
G1,reused_valid,G1__qualification_r0_flat__fixed_rules__r0_flat__w150__fold_3__seed_42,classical,fixed_rules,R0_flat,150,3,42,none,test,class,fatigue,precision,0.013793103448275862
G1,reused_valid,G1__qualification_r0_flat__fixed_rules__r0_flat__w150__fold_3__seed_42,classical,fixed_rules,R0_flat,150,3,42,none,test,class,fatigue,recall,0.09090909090909091
G1,reused_valid,G1__qualification_r0_flat__fixed_rules__r0_flat__w150__fold_3__seed_42,classical,fixed_rules,R0_flat,150,3,42,none,test,class,fatigue,f1,0.023952095808383235
G1,reused_valid,G1__qualification_r0_flat__fixed_rules__r0_flat__w150__fold_3__seed_42,classical,fixed_rules,R0_flat,150,3,42,none,test,class,distraction,precision,0.03391107761868877
G1,reused_valid,G1__qualification_r0_flat__fixed_rules__r0_flat__w150__fold_3__seed_42,classical,fixed_rules,R0_flat,150,3,42,none,test,class,distraction,recall,0.42452830188679247
G1,reused_valid,G1__qualification_r0_flat__fixed_rules__r0_flat__w150__fold_3__seed_42,classical,fixed_rules,R0_flat,150,3,42,none,test,class,distraction,f1,0.0628053035589672
G1,reused_valid,G1__qualification_r0_flat__svm__r0_flat__w150__fold_3__seed_42,classical,svm,R0_flat,150,3,42,none,validation,class,alert,precision,0.8698924731182796
G1,reused_valid,G1__qualification_r0_flat__svm__r0_flat__w150__fold_3__seed_42,classical,svm,R0_flat,150,3,42,none,validation,class,alert,recall,0.8348813209494325
G1,reused_valid,G1__qualification_r0_flat__svm__r0_flat__w150__fold_3__seed_42,classical,svm,R0_flat,150,3,42,none,validation,class,alert,f1,0.85202738283307
G1,reused_valid,G1__qualification_r0_flat__svm__r0_flat__w150__fold_3__seed_42,classical,svm,R0_flat,150,3,42,none,validation,class,fatigue,precision,0.0
G1,reused_valid,G1__qualification_r0_flat__svm__r0_flat__w150__fold_3__seed_42,classical,svm,R0_flat,150,3,42,none,validation,class,fatigue,recall,0.0
G1,reused_valid,G1__qualification_r0_flat__svm__r0_flat__w150__fold_3__seed_42,classical,svm,R0_flat,150,3,42,none,validation,class,fatigue,f1,0.0
G1,reused_valid,G1__qualification_r0_flat__svm__r0_flat__w150__fold_3__seed_42,classical,svm,R0_flat,150,3,42,none,validation,class,distraction,precision,0.18324607329842932
G1,reused_valid,G1__qualification_r0_flat__svm__r0_flat__w150__fold_3__seed_42,classical,svm,R0_flat,150,3,42,none,validation,class,distraction,recall,0.2413793103448276
G1,reused_valid,G1__qualification_r0_flat__svm__r0_flat__w150__fold_3__seed_42,classical,svm,R0_flat,150,3,42,none,validation,class,distraction,f1,0.20833333333333334
G1,reused_valid,G1__qualification_r0_flat__svm__r0_flat__w150__fold_3__seed_42,classical,svm,R0_flat,150,3,42,none,test,class,alert,precision,0.9419680403700589
G1,reused_valid,G1__qualification_r0_flat__svm__r0_flat__w150__fold_3__seed_42,classical,svm,R0_flat,150,3,42,none,test,class,alert,recall,0.8205128205128205
G1,reused_valid,G1__qualification_r0_flat__svm__r0_flat__w150__fold_3__seed_42,classical,svm,R0_flat,150,3,42,none,test,class,alert,f1,0.8770555990602976
G1,reused_valid,G1__qualification_r0_flat__svm__r0_flat__w150__fold_3__seed_42,classical,svm,R0_flat,150,3,42,none,test,class,fatigue,precision,1.0
G1,reused_valid,G1__qualification_r0_flat__svm__r0_flat__w150__fold_3__seed_42,classical,svm,R0_flat,150,3,42,none,test,class,fatigue,recall,0.045454545454545456
G1,reused_valid,G1__qualification_r0_flat__svm__r0_flat__w150__fold_3__seed_42,classical,svm,R0_flat,150,3,42,none,test,class,fatigue,f1,0.08695652173913043
G1,reused_valid,G1__qualification_r0_flat__svm__r0_flat__w150__fold_3__seed_42,classical,svm,R0_flat,150,3,42,none,test,class,distraction,precision,0.18811881188118812
G1,reused_valid,G1__qualification_r0_flat__svm__r0_flat__w150__fold_3__seed_42,classical,svm,R0_flat,150,3,42,none,test,class,distraction,recall,0.5377358490566038
G1,reused_valid,G1__qualification_r0_flat__svm__r0_flat__w150__fold_3__seed_42,classical,svm,R0_flat,150,3,42,none,test,class,distraction,f1,0.2787286063569682
G1,reused_valid,G1__qualification_r0_flat__random_forest__r0_flat__w150__fold_3__seed_42,classical,random_forest,R0_flat,150,3,42,none,validation,class,alert,precision,0.881578947368421
G1,reused_valid,G1__qualification_r0_flat__random_forest__r0_flat__w150__fold_3__seed_42,classical,random_forest,R0_flat,150,3,42,none,validation,class,alert,recall,0.8988648090815273
G1,reused_valid,G1__qualification_r0_flat__random_forest__r0_flat__w150__fold_3__seed_42,classical,random_forest,R0_flat,150,3,42,none,validation,class,alert,f1,0.8901379662749106
G1,reused_valid,G1__qualification_r0_flat__random_forest__r0_flat__w150__fold_3__seed_42,classical,random_forest,R0_flat,150,3,42,none,validation,class,fatigue,precision,0.0
G1,reused_valid,G1__qualification_r0_flat__random_forest__r0_flat__w150__fold_3__seed_42,classical,random_forest,R0_flat,150,3,42,none,validation,class,fatigue,recall,0.0
G1,reused_valid,G1__qualification_r0_flat__random_forest__r0_flat__w150__fold_3__seed_42,classical,random_forest,R0_flat,150,3,42,none,validation,class,fatigue,f1,0.0
G1,reused_valid,G1__qualification_r0_flat__random_forest__r0_flat__w150__fold_3__seed_42,classical,random_forest,R0_flat,150,3,42,none,validation,class,distraction,precision,0.2846715328467153
G1,reused_valid,G1__qualification_r0_flat__random_forest__r0_flat__w150__fold_3__seed_42,classical,random_forest,R0_flat,150,3,42,none,validation,class,distraction,recall,0.2689655172413793
G1,reused_valid,G1__qualification_r0_flat__random_forest__r0_flat__w150__fold_3__seed_42,classical,random_forest,R0_flat,150,3,42,none,validation,class,distraction,f1,0.2765957446808511
G1,reused_valid,G1__qualification_r0_flat__random_forest__r0_flat__w150__fold_3__seed_42,classical,random_forest,R0_flat,150,3,42,none,test,class,alert,precision,0.9333810888252149
G1,reused_valid,G1__qualification_r0_flat__random_forest__r0_flat__w150__fold_3__seed_42,classical,random_forest,R0_flat,150,3,42,none,test,class,alert,recall,0.9545787545787546
G1,reused_valid,G1__qualification_r0_flat__random_forest__r0_flat__w150__fold_3__seed_42,classical,random_forest,R0_flat,150,3,42,none,test,class,alert,f1,0.9438609199565375
G1,reused_valid,G1__qualification_r0_flat__random_forest__r0_flat__w150__fold_3__seed_42,classical,random_forest,R0_flat,150,3,42,none,test,class,fatigue,precision,0.0
G1,reused_valid,G1__qualification_r0_flat__random_forest__r0_flat__w150__fold_3__seed_42,classical,random_forest,R0_flat,150,3,42,none,test,class,fatigue,recall,0.0
G1,reused_valid,G1__qualification_r0_flat__random_forest__r0_flat__w150__fold_3__seed_42,classical,random_forest,R0_flat,150,3,42,none,test,class,fatigue,f1,0.0
G1,reused_valid,G1__qualification_r0_flat__random_forest__r0_flat__w150__fold_3__seed_42,classical,random_forest,R0_flat,150,3,42,none,test,class,distraction,precision,0.36082474226804123
G1,reused_valid,G1__qualification_r0_flat__random_forest__r0_flat__w150__fold_3__seed_42,classical,random_forest,R0_flat,150,3,42,none,test,class,distraction,recall,0.330188679245283
G1,reused_valid,G1__qualification_r0_flat__random_forest__r0_flat__w150__fold_3__seed_42,classical,random_forest,R0_flat,150,3,42,none,test,class,distraction,f1,0.3448275862068966
G1,reused_valid,G1__qualification_r0_flat__xgboost__r0_flat__w150__fold_3__seed_42,classical,xgboost,R0_flat,150,3,42,none,validation,class,alert,precision,0.8851626016260162
G1,reused_valid,G1__qualification_r0_flat__xgboost__r0_flat__w150__fold_3__seed_42,classical,xgboost,R0_flat,150,3,42,none,validation,class,alert,recall,0.8988648090815273
G1,reused_valid,G1__qualification_r0_flat__xgboost__r0_flat__w150__fold_3__seed_42,classical,xgboost,R0_flat,150,3,42,none,validation,class,alert,f1,0.8919610855094726
G1,reused_valid,G1__qualification_r0_flat__xgboost__r0_flat__w150__fold_3__seed_42,classical,xgboost,R0_flat,150,3,42,none,validation,class,fatigue,precision,0.0
G1,reused_valid,G1__qualification_r0_flat__xgboost__r0_flat__w150__fold_3__seed_42,classical,xgboost,R0_flat,150,3,42,none,validation,class,fatigue,recall,0.0
G1,reused_valid,G1__qualification_r0_flat__xgboost__r0_flat__w150__fold_3__seed_42,classical,xgboost,R0_flat,150,3,42,none,validation,class,fatigue,f1,0.0
G1,reused_valid,G1__qualification_r0_flat__xgboost__r0_flat__w150__fold_3__seed_42,classical,xgboost,R0_flat,150,3,42,none,validation,class,distraction,precision,0.3049645390070922
G1,reused_valid,G1__qualification_r0_flat__xgboost__r0_flat__w150__fold_3__seed_42,classical,xgboost,R0_flat,150,3,42,none,validation,class,distraction,recall,0.296551724137931
G1,reused_valid,G1__qualification_r0_flat__xgboost__r0_flat__w150__fold_3__seed_42,classical,xgboost,R0_flat,150,3,42,none,validation,class,distraction,f1,0.3006993006993007
G1,reused_valid,G1__qualification_r0_flat__xgboost__r0_flat__w150__fold_3__seed_42,classical,xgboost,R0_flat,150,3,42,none,test,class,alert,precision,0.935832732516222
G1,reused_valid,G1__qualification_r0_flat__xgboost__r0_flat__w150__fold_3__seed_42,classical,xgboost,R0_flat,150,3,42,none,test,class,alert,recall,0.9509157509157509
G1,reused_valid,G1__qualification_r0_flat__xgboost__r0_flat__w150__fold_3__seed_42,classical,xgboost,R0_flat,150,3,42,none,test,class,alert,f1,0.9433139534883721
G1,reused_valid,G1__qualification_r0_flat__xgboost__r0_flat__w150__fold_3__seed_42,classical,xgboost,R0_flat,150,3,42,none,test,class,fatigue,precision,0.0
G1,reused_valid,G1__qualification_r0_flat__xgboost__r0_flat__w150__fold_3__seed_42,classical,xgboost,R0_flat,150,3,42,none,test,class,fatigue,recall,0.0
G1,reused_valid,G1__qualification_r0_flat__xgboost__r0_flat__w150__fold_3__seed_42,classical,xgboost,R0_flat,150,3,42,none,test,class,fatigue,f1,0.0
G1,reused_valid,G1__qualification_r0_flat__xgboost__r0_flat__w150__fold_3__seed_42,classical,xgboost,R0_flat,150,3,42,none,test,class,distraction,precision,0.36792452830188677
G1,reused_valid,G1__qualification_r0_flat__xgboost__r0_flat__w150__fold_3__seed_42,classical,xgboost,R0_flat,150,3,42,none,test,class,distraction,recall,0.36792452830188677
G1,reused_valid,G1__qualification_r0_flat__xgboost__r0_flat__w150__fold_3__seed_42,classical,xgboost,R0_flat,150,3,42,none,test,class,distraction,f1,0.36792452830188677
G1,reused_valid,G1__qualification_r0_flat__fixed_rules__r0_flat__w150__fold_4__seed_42,classical,fixed_rules,R0_flat,150,4,42,none,validation,class,alert,precision,0.9574468085106383
G1,reused_valid,G1__qualification_r0_flat__fixed_rules__r0_flat__w150__fold_4__seed_42,classical,fixed_rules,R0_flat,150,4,42,none,validation,class,alert,recall,0.04491017964071856
G1,reused_valid,G1__qualification_r0_flat__fixed_rules__r0_flat__w150__fold_4__seed_42,classical,fixed_rules,R0_flat,150,4,42,none,validation,class,alert,f1,0.08579599618684461
G1,reused_valid,G1__qualification_r0_flat__fixed_rules__r0_flat__w150__fold_4__seed_42,classical,fixed_rules,R0_flat,150,4,42,none,validation,class,fatigue,precision,0.0
G1,reused_valid,G1__qualification_r0_flat__fixed_rules__r0_flat__w150__fold_4__seed_42,classical,fixed_rules,R0_flat,150,4,42,none,validation,class,fatigue,recall,0.0
G1,reused_valid,G1__qualification_r0_flat__fixed_rules__r0_flat__w150__fold_4__seed_42,classical,fixed_rules,R0_flat,150,4,42,none,validation,class,fatigue,f1,0.0
G1,reused_valid,G1__qualification_r0_flat__fixed_rules__r0_flat__w150__fold_4__seed_42,classical,fixed_rules,R0_flat,150,4,42,none,validation,class,distraction,precision,0.054945054945054944
G1,reused_valid,G1__qualification_r0_flat__fixed_rules__r0_flat__w150__fold_4__seed_42,classical,fixed_rules,R0_flat,150,4,42,none,validation,class,distraction,recall,0.4945054945054945
G1,reused_valid,G1__qualification_r0_flat__fixed_rules__r0_flat__w150__fold_4__seed_42,classical,fixed_rules,R0_flat,150,4,42,none,validation,class,distraction,f1,0.0989010989010989
G1,reused_valid,G1__qualification_r0_flat__fixed_rules__r0_flat__w150__fold_4__seed_42,classical,fixed_rules,R0_flat,150,4,42,none,test,class,alert,precision,1.0
G1,reused_valid,G1__qualification_r0_flat__fixed_rules__r0_flat__w150__fold_4__seed_42,classical,fixed_rules,R0_flat,150,4,42,none,test,class,alert,recall,0.04334038054968287
G1,reused_valid,G1__qualification_r0_flat__fixed_rules__r0_flat__w150__fold_4__seed_42,classical,fixed_rules,R0_flat,150,4,42,none,test,class,alert,f1,0.08308004052684904
G1,reused_valid,G1__qualification_r0_flat__fixed_rules__r0_flat__w150__fold_4__seed_42,classical,fixed_rules,R0_flat,150,4,42,none,test,class,distraction,precision,0.10514018691588785
G1,reused_valid,G1__qualification_r0_flat__fixed_rules__r0_flat__w150__fold_4__seed_42,classical,fixed_rules,R0_flat,150,4,42,none,test,class,distraction,recall,0.6923076923076923
G1,reused_valid,G1__qualification_r0_flat__fixed_rules__r0_flat__w150__fold_4__seed_42,classical,fixed_rules,R0_flat,150,4,42,none,test,class,distraction,f1,0.18255578093306288
G1,reused_valid,G1__qualification_r0_flat__svm__r0_flat__w150__fold_4__seed_42,classical,svm,R0_flat,150,4,42,none,validation,class,alert,precision,0.9142857142857143
G1,reused_valid,G1__qualification_r0_flat__svm__r0_flat__w150__fold_4__seed_42,classical,svm,R0_flat,150,4,42,none,validation,class,alert,recall,0.7984031936127745
G1,reused_valid,G1__qualification_r0_flat__svm__r0_flat__w150__fold_4__seed_42,classical,svm,R0_flat,150,4,42,none,validation,class,alert,f1,0.8524240809802877
G1,reused_valid,G1__qualification_r0_flat__svm__r0_flat__w150__fold_4__seed_42,classical,svm,R0_flat,150,4,42,none,validation,class,fatigue,precision,0.0
G1,reused_valid,G1__qualification_r0_flat__svm__r0_flat__w150__fold_4__seed_42,classical,svm,R0_flat,150,4,42,none,validation,class,fatigue,recall,0.0
G1,reused_valid,G1__qualification_r0_flat__svm__r0_flat__w150__fold_4__seed_42,classical,svm,R0_flat,150,4,42,none,validation,class,fatigue,f1,0.0
G1,reused_valid,G1__qualification_r0_flat__svm__r0_flat__w150__fold_4__seed_42,classical,svm,R0_flat,150,4,42,none,validation,class,distraction,precision,0.13170731707317074
G1,reused_valid,G1__qualification_r0_flat__svm__r0_flat__w150__fold_4__seed_42,classical,svm,R0_flat,150,4,42,none,validation,class,distraction,recall,0.2967032967032967
G1,reused_valid,G1__qualification_r0_flat__svm__r0_flat__w150__fold_4__seed_42,classical,svm,R0_flat,150,4,42,none,validation,class,distraction,f1,0.18243243243243243
G1,reused_valid,G1__qualification_r0_flat__svm__r0_flat__w150__fold_4__seed_42,classical,svm,R0_flat,150,4,42,none,test,class,alert,precision,0.8886337543053962
G1,reused_valid,G1__qualification_r0_flat__svm__r0_flat__w150__fold_4__seed_42,classical,svm,R0_flat,150,4,42,none,test,class,alert,recall,0.8181818181818182
G1,reused_valid,G1__qualification_r0_flat__svm__r0_flat__w150__fold_4__seed_42,classical,svm,R0_flat,150,4,42,none,test,class,alert,f1,0.8519537699504678
G1,reused_valid,G1__qualification_r0_flat__svm__r0_flat__w150__fold_4__seed_42,classical,svm,R0_flat,150,4,42,none,test,class,distraction,precision,0.16666666666666666
G1,reused_valid,G1__qualification_r0_flat__svm__r0_flat__w150__fold_4__seed_42,classical,svm,R0_flat,150,4,42,none,test,class,distraction,recall,0.23846153846153847
G1,reused_valid,G1__qualification_r0_flat__svm__r0_flat__w150__fold_4__seed_42,classical,svm,R0_flat,150,4,42,none,test,class,distraction,f1,0.1962025316455696
G1,reused_valid,G1__qualification_r0_flat__random_forest__r0_flat__w150__fold_4__seed_42,classical,random_forest,R0_flat,150,4,42,none,validation,class,alert,precision,0.9304979253112033
G1,reused_valid,G1__qualification_r0_flat__random_forest__r0_flat__w150__fold_4__seed_42,classical,random_forest,R0_flat,150,4,42,none,validation,class,alert,recall,0.8952095808383234
G1,reused_valid,G1__qualification_r0_flat__random_forest__r0_flat__w150__fold_4__seed_42,classical,random_forest,R0_flat,150,4,42,none,validation,class,alert,f1,0.9125127161749745
G1,reused_valid,G1__qualification_r0_flat__random_forest__r0_flat__w150__fold_4__seed_42,classical,random_forest,R0_flat,150,4,42,none,validation,class,fatigue,precision,0.0
G1,reused_valid,G1__qualification_r0_flat__random_forest__r0_flat__w150__fold_4__seed_42,classical,random_forest,R0_flat,150,4,42,none,validation,class,fatigue,recall,0.0
G1,reused_valid,G1__qualification_r0_flat__random_forest__r0_flat__w150__fold_4__seed_42,classical,random_forest,R0_flat,150,4,42,none,validation,class,fatigue,f1,0.0
G1,reused_valid,G1__qualification_r0_flat__random_forest__r0_flat__w150__fold_4__seed_42,classical,random_forest,R0_flat,150,4,42,none,validation,class,distraction,precision,0.2553191489361702
G1,reused_valid,G1__qualification_r0_flat__random_forest__r0_flat__w150__fold_4__seed_42,classical,random_forest,R0_flat,150,4,42,none,validation,class,distraction,recall,0.3956043956043956
G1,reused_valid,G1__qualification_r0_flat__random_forest__r0_flat__w150__fold_4__seed_42,classical,random_forest,R0_flat,150,4,42,none,validation,class,distraction,f1,0.3103448275862069
G1,reused_valid,G1__qualification_r0_flat__random_forest__r0_flat__w150__fold_4__seed_42,classical,random_forest,R0_flat,150,4,42,none,test,class,alert,precision,0.8918032786885246
G1,reused_valid,G1__qualification_r0_flat__random_forest__r0_flat__w150__fold_4__seed_42,classical,random_forest,R0_flat,150,4,42,none,test,class,alert,recall,0.8625792811839323
G1,reused_valid,G1__qualification_r0_flat__random_forest__r0_flat__w150__fold_4__seed_42,classical,random_forest,R0_flat,150,4,42,none,test,class,alert,f1,0.876947877485223
G1,reused_valid,G1__qualification_r0_flat__random_forest__r0_flat__w150__fold_4__seed_42,classical,random_forest,R0_flat,150,4,42,none,test,class,distraction,precision,0.19254658385093168
G1,reused_valid,G1__qualification_r0_flat__random_forest__r0_flat__w150__fold_4__seed_42,classical,random_forest,R0_flat,150,4,42,none,test,class,distraction,recall,0.23846153846153847
G1,reused_valid,G1__qualification_r0_flat__random_forest__r0_flat__w150__fold_4__seed_42,classical,random_forest,R0_flat,150,4,42,none,test,class,distraction,f1,0.21305841924398625
G1,reused_valid,G1__qualification_r0_flat__xgboost__r0_flat__w150__fold_4__seed_42,classical,xgboost,R0_flat,150,4,42,none,validation,class,alert,precision,0.9302809573361083
G1,reused_valid,G1__qualification_r0_flat__xgboost__r0_flat__w150__fold_4__seed_42,classical,xgboost,R0_flat,150,4,42,none,validation,class,alert,recall,0.8922155688622755
G1,reused_valid,G1__qualification_r0_flat__xgboost__r0_flat__w150__fold_4__seed_42,classical,xgboost,R0_flat,150,4,42,none,validation,class,alert,f1,0.9108507386653082
G1,reused_valid,G1__qualification_r0_flat__xgboost__r0_flat__w150__fold_4__seed_42,classical,xgboost,R0_flat,150,4,42,none,validation,class,fatigue,precision,0.0
G1,reused_valid,G1__qualification_r0_flat__xgboost__r0_flat__w150__fold_4__seed_42,classical,xgboost,R0_flat,150,4,42,none,validation,class,fatigue,recall,0.0
G1,reused_valid,G1__qualification_r0_flat__xgboost__r0_flat__w150__fold_4__seed_42,classical,xgboost,R0_flat,150,4,42,none,validation,class,fatigue,f1,0.0
G1,reused_valid,G1__qualification_r0_flat__xgboost__r0_flat__w150__fold_4__seed_42,classical,xgboost,R0_flat,150,4,42,none,validation,class,distraction,precision,0.25
G1,reused_valid,G1__qualification_r0_flat__xgboost__r0_flat__w150__fold_4__seed_42,classical,xgboost,R0_flat,150,4,42,none,validation,class,distraction,recall,0.3956043956043956
G1,reused_valid,G1__qualification_r0_flat__xgboost__r0_flat__w150__fold_4__seed_42,classical,xgboost,R0_flat,150,4,42,none,validation,class,distraction,f1,0.30638297872340425
G1,reused_valid,G1__qualification_r0_flat__xgboost__r0_flat__w150__fold_4__seed_42,classical,xgboost,R0_flat,150,4,42,none,test,class,alert,precision,0.898566703417861
G1,reused_valid,G1__qualification_r0_flat__xgboost__r0_flat__w150__fold_4__seed_42,classical,xgboost,R0_flat,150,4,42,none,test,class,alert,recall,0.861522198731501
G1,reused_valid,G1__qualification_r0_flat__xgboost__r0_flat__w150__fold_4__seed_42,classical,xgboost,R0_flat,150,4,42,none,test,class,alert,f1,0.8796546141392336
G1,reused_valid,G1__qualification_r0_flat__xgboost__r0_flat__w150__fold_4__seed_42,classical,xgboost,R0_flat,150,4,42,none,test,class,distraction,precision,0.22485207100591717
G1,reused_valid,G1__qualification_r0_flat__xgboost__r0_flat__w150__fold_4__seed_42,classical,xgboost,R0_flat,150,4,42,none,test,class,distraction,recall,0.2923076923076923
G1,reused_valid,G1__qualification_r0_flat__xgboost__r0_flat__w150__fold_4__seed_42,classical,xgboost,R0_flat,150,4,42,none,test,class,distraction,f1,0.25418060200668896
G2,reused_valid,G2__qualification_r0_w30_b1024__lstm__r0__w30__fold_1__seed_42,temporal,lstm,R0,30,1,42,,validation,class,alert,precision,0.8969823100936525
G2,reused_valid,G2__qualification_r0_w30_b1024__lstm__r0__w30__fold_1__seed_42,temporal,lstm,R0,30,1,42,,validation,class,alert,recall,0.8434442270058709
G2,reused_valid,G2__qualification_r0_w30_b1024__lstm__r0__w30__fold_1__seed_42,temporal,lstm,R0,30,1,42,,validation,class,alert,f1,0.8693898134140191
G2,reused_valid,G2__qualification_r0_w30_b1024__lstm__r0__w30__fold_1__seed_42,temporal,lstm,R0,30,1,42,,validation,class,fatigue,precision,0.0
G2,reused_valid,G2__qualification_r0_w30_b1024__lstm__r0__w30__fold_1__seed_42,temporal,lstm,R0,30,1,42,,validation,class,fatigue,recall,0.0
G2,reused_valid,G2__qualification_r0_w30_b1024__lstm__r0__w30__fold_1__seed_42,temporal,lstm,R0,30,1,42,,validation,class,fatigue,f1,0.0
G2,reused_valid,G2__qualification_r0_w30_b1024__lstm__r0__w30__fold_1__seed_42,temporal,lstm,R0,30,1,42,,validation,class,distraction,precision,0.3090128755364807
G2,reused_valid,G2__qualification_r0_w30_b1024__lstm__r0__w30__fold_1__seed_42,temporal,lstm,R0,30,1,42,,validation,class,distraction,recall,0.43636363636363634
G2,reused_valid,G2__qualification_r0_w30_b1024__lstm__r0__w30__fold_1__seed_42,temporal,lstm,R0,30,1,42,,validation,class,distraction,f1,0.36180904522613067
G2,reused_valid,G2__qualification_r0_w30_b1024__lstm__r0__w30__fold_1__seed_42,temporal,lstm,R0,30,1,42,,test,class,alert,precision,0.9367741935483871
G2,reused_valid,G2__qualification_r0_w30_b1024__lstm__r0__w30__fold_1__seed_42,temporal,lstm,R0,30,1,42,,test,class,alert,recall,0.6672794117647058
G2,reused_valid,G2__qualification_r0_w30_b1024__lstm__r0__w30__fold_1__seed_42,temporal,lstm,R0,30,1,42,,test,class,alert,f1,0.7793880837359098
G2,reused_valid,G2__qualification_r0_w30_b1024__lstm__r0__w30__fold_1__seed_42,temporal,lstm,R0,30,1,42,,test,class,fatigue,precision,0.0
G2,reused_valid,G2__qualification_r0_w30_b1024__lstm__r0__w30__fold_1__seed_42,temporal,lstm,R0,30,1,42,,test,class,fatigue,recall,0.0
G2,reused_valid,G2__qualification_r0_w30_b1024__lstm__r0__w30__fold_1__seed_42,temporal,lstm,R0,30,1,42,,test,class,fatigue,f1,0.0
G2,reused_valid,G2__qualification_r0_w30_b1024__lstm__r0__w30__fold_1__seed_42,temporal,lstm,R0,30,1,42,,test,class,distraction,precision,0.4605263157894737
G2,reused_valid,G2__qualification_r0_w30_b1024__lstm__r0__w30__fold_1__seed_42,temporal,lstm,R0,30,1,42,,test,class,distraction,recall,0.9234828496042217
G2,reused_valid,G2__qualification_r0_w30_b1024__lstm__r0__w30__fold_1__seed_42,temporal,lstm,R0,30,1,42,,test,class,distraction,f1,0.6145741878841089
G2,reused_valid,G2__qualification_r0_w30_b1024__tcn__r0__w30__fold_1__seed_42,temporal,tcn,R0,30,1,42,,validation,class,alert,precision,0.8908212560386474
G2,reused_valid,G2__qualification_r0_w30_b1024__tcn__r0__w30__fold_1__seed_42,temporal,tcn,R0,30,1,42,,validation,class,alert,recall,0.9021526418786693
G2,reused_valid,G2__qualification_r0_w30_b1024__tcn__r0__w30__fold_1__seed_42,temporal,tcn,R0,30,1,42,,validation,class,alert,f1,0.8964511424404472
G2,reused_valid,G2__qualification_r0_w30_b1024__tcn__r0__w30__fold_1__seed_42,temporal,tcn,R0,30,1,42,,validation,class,fatigue,precision,0.0
G2,reused_valid,G2__qualification_r0_w30_b1024__tcn__r0__w30__fold_1__seed_42,temporal,tcn,R0,30,1,42,,validation,class,fatigue,recall,0.0
G2,reused_valid,G2__qualification_r0_w30_b1024__tcn__r0__w30__fold_1__seed_42,temporal,tcn,R0,30,1,42,,validation,class,fatigue,f1,0.0
G2,reused_valid,G2__qualification_r0_w30_b1024__tcn__r0__w30__fold_1__seed_42,temporal,tcn,R0,30,1,42,,validation,class,distraction,precision,0.3710691823899371
G2,reused_valid,G2__qualification_r0_w30_b1024__tcn__r0__w30__fold_1__seed_42,temporal,tcn,R0,30,1,42,,validation,class,distraction,recall,0.3575757575757576
G2,reused_valid,G2__qualification_r0_w30_b1024__tcn__r0__w30__fold_1__seed_42,temporal,tcn,R0,30,1,42,,validation,class,distraction,f1,0.36419753086419754
G2,reused_valid,G2__qualification_r0_w30_b1024__tcn__r0__w30__fold_1__seed_42,temporal,tcn,R0,30,1,42,,test,class,alert,precision,0.8804251550044287
G2,reused_valid,G2__qualification_r0_w30_b1024__tcn__r0__w30__fold_1__seed_42,temporal,tcn,R0,30,1,42,,test,class,alert,recall,0.9136029411764706
G2,reused_valid,G2__qualification_r0_w30_b1024__tcn__r0__w30__fold_1__seed_42,temporal,tcn,R0,30,1,42,,test,class,alert,f1,0.8967072620658547
G2,reused_valid,G2__qualification_r0_w30_b1024__tcn__r0__w30__fold_1__seed_42,temporal,tcn,R0,30,1,42,,test,class,fatigue,precision,0.0
G2,reused_valid,G2__qualification_r0_w30_b1024__tcn__r0__w30__fold_1__seed_42,temporal,tcn,R0,30,1,42,,test,class,fatigue,recall,0.0
G2,reused_valid,G2__qualification_r0_w30_b1024__tcn__r0__w30__fold_1__seed_42,temporal,tcn,R0,30,1,42,,test,class,fatigue,f1,0.0
G2,reused_valid,G2__qualification_r0_w30_b1024__tcn__r0__w30__fold_1__seed_42,temporal,tcn,R0,30,1,42,,test,class,distraction,precision,0.6945812807881774
G2,reused_valid,G2__qualification_r0_w30_b1024__tcn__r0__w30__fold_1__seed_42,temporal,tcn,R0,30,1,42,,test,class,distraction,recall,0.7440633245382586
G2,reused_valid,G2__qualification_r0_w30_b1024__tcn__r0__w30__fold_1__seed_42,temporal,tcn,R0,30,1,42,,test,class,distraction,f1,0.7184713375796178
G2,reused_valid,G2__qualification_r0_w30_b1024__transformer__r0__w30__fold_1__seed_42,temporal,transformer,R0,30,1,42,,validation,class,alert,precision,0.89058039961941
G2,reused_valid,G2__qualification_r0_w30_b1024__transformer__r0__w30__fold_1__seed_42,temporal,transformer,R0,30,1,42,,validation,class,alert,recall,0.9158512720156555
G2,reused_valid,G2__qualification_r0_w30_b1024__transformer__r0__w30__fold_1__seed_42,temporal,transformer,R0,30,1,42,,validation,class,alert,f1,0.9030390738060782
G2,reused_valid,G2__qualification_r0_w30_b1024__transformer__r0__w30__fold_1__seed_42,temporal,transformer,R0,30,1,42,,validation,class,fatigue,precision,0.0
G2,reused_valid,G2__qualification_r0_w30_b1024__transformer__r0__w30__fold_1__seed_42,temporal,transformer,R0,30,1,42,,validation,class,fatigue,recall,0.0
G2,reused_valid,G2__qualification_r0_w30_b1024__transformer__r0__w30__fold_1__seed_42,temporal,transformer,R0,30,1,42,,validation,class,fatigue,f1,0.0
G2,reused_valid,G2__qualification_r0_w30_b1024__transformer__r0__w30__fold_1__seed_42,temporal,transformer,R0,30,1,42,,validation,class,distraction,precision,0.3986013986013986
G2,reused_valid,G2__qualification_r0_w30_b1024__transformer__r0__w30__fold_1__seed_42,temporal,transformer,R0,30,1,42,,validation,class,distraction,recall,0.34545454545454546
G2,reused_valid,G2__qualification_r0_w30_b1024__transformer__r0__w30__fold_1__seed_42,temporal,transformer,R0,30,1,42,,validation,class,distraction,f1,0.37012987012987014
G2,reused_valid,G2__qualification_r0_w30_b1024__transformer__r0__w30__fold_1__seed_42,temporal,transformer,R0,30,1,42,,test,class,alert,precision,0.8557213930348259
G2,reused_valid,G2__qualification_r0_w30_b1024__transformer__r0__w30__fold_1__seed_42,temporal,transformer,R0,30,1,42,,test,class,alert,recall,0.7904411764705882
G2,reused_valid,G2__qualification_r0_w30_b1024__transformer__r0__w30__fold_1__seed_42,temporal,transformer,R0,30,1,42,,test,class,alert,f1,0.8217869087434305
G2,reused_valid,G2__qualification_r0_w30_b1024__transformer__r0__w30__fold_1__seed_42,temporal,transformer,R0,30,1,42,,test,class,fatigue,precision,1.0
G2,reused_valid,G2__qualification_r0_w30_b1024__transformer__r0__w30__fold_1__seed_42,temporal,transformer,R0,30,1,42,,test,class,fatigue,recall,0.014705882352941176
G2,reused_valid,G2__qualification_r0_w30_b1024__transformer__r0__w30__fold_1__seed_42,temporal,transformer,R0,30,1,42,,test,class,fatigue,f1,0.028985507246376812
G2,reused_valid,G2__qualification_r0_w30_b1024__transformer__r0__w30__fold_1__seed_42,temporal,transformer,R0,30,1,42,,test,class,distraction,precision,0.5085066162570888
G2,reused_valid,G2__qualification_r0_w30_b1024__transformer__r0__w30__fold_1__seed_42,temporal,transformer,R0,30,1,42,,test,class,distraction,recall,0.7097625329815304
G2,reused_valid,G2__qualification_r0_w30_b1024__transformer__r0__w30__fold_1__seed_42,temporal,transformer,R0,30,1,42,,test,class,distraction,f1,0.5925110132158591
G2,reused_valid,G2__qualification_r0_w30_b1024__lstm__r0__w30__fold_2__seed_42,temporal,lstm,R0,30,2,42,,validation,class,alert,precision,0.9289719626168225
G2,reused_valid,G2__qualification_r0_w30_b1024__lstm__r0__w30__fold_2__seed_42,temporal,lstm,R0,30,2,42,,validation,class,alert,recall,0.9152854511970534
G2,reused_valid,G2__qualification_r0_w30_b1024__lstm__r0__w30__fold_2__seed_42,temporal,lstm,R0,30,2,42,,validation,class,alert,f1,0.922077922077922
G2,reused_valid,G2__qualification_r0_w30_b1024__lstm__r0__w30__fold_2__seed_42,temporal,lstm,R0,30,2,42,,validation,class,fatigue,precision,0.0
G2,reused_valid,G2__qualification_r0_w30_b1024__lstm__r0__w30__fold_2__seed_42,temporal,lstm,R0,30,2,42,,validation,class,fatigue,recall,0.0
G2,reused_valid,G2__qualification_r0_w30_b1024__lstm__r0__w30__fold_2__seed_42,temporal,lstm,R0,30,2,42,,validation,class,fatigue,f1,0.0
G2,reused_valid,G2__qualification_r0_w30_b1024__lstm__r0__w30__fold_2__seed_42,temporal,lstm,R0,30,2,42,,validation,class,distraction,precision,0.2
G2,reused_valid,G2__qualification_r0_w30_b1024__lstm__r0__w30__fold_2__seed_42,temporal,lstm,R0,30,2,42,,validation,class,distraction,recall,0.2911392405063291
G2,reused_valid,G2__qualification_r0_w30_b1024__lstm__r0__w30__fold_2__seed_42,temporal,lstm,R0,30,2,42,,validation,class,distraction,f1,0.23711340206185566
G2,reused_valid,G2__qualification_r0_w30_b1024__lstm__r0__w30__fold_2__seed_42,temporal,lstm,R0,30,2,42,,test,class,alert,precision,0.924317617866005
G2,reused_valid,G2__qualification_r0_w30_b1024__lstm__r0__w30__fold_2__seed_42,temporal,lstm,R0,30,2,42,,test,class,alert,recall,0.9430379746835443
G2,reused_valid,G2__qualification_r0_w30_b1024__lstm__r0__w30__fold_2__seed_42,temporal,lstm,R0,30,2,42,,test,class,alert,f1,0.9335839598997494
G2,reused_valid,G2__qualification_r0_w30_b1024__lstm__r0__w30__fold_2__seed_42,temporal,lstm,R0,30,2,42,,test,class,distraction,precision,0.6577946768060836
G2,reused_valid,G2__qualification_r0_w30_b1024__lstm__r0__w30__fold_2__seed_42,temporal,lstm,R0,30,2,42,,test,class,distraction,recall,0.5864406779661017
G2,reused_valid,G2__qualification_r0_w30_b1024__lstm__r0__w30__fold_2__seed_42,temporal,lstm,R0,30,2,42,,test,class,distraction,f1,0.6200716845878136
G2,reused_valid,G2__qualification_r0_w30_b1024__tcn__r0__w30__fold_2__seed_42,temporal,tcn,R0,30,2,42,,validation,class,alert,precision,0.9302973977695167
G2,reused_valid,G2__qualification_r0_w30_b1024__tcn__r0__w30__fold_2__seed_42,temporal,tcn,R0,30,2,42,,validation,class,alert,recall,0.921731123388582
G2,reused_valid,G2__qualification_r0_w30_b1024__tcn__r0__w30__fold_2__seed_42,temporal,tcn,R0,30,2,42,,validation,class,alert,f1,0.9259944495837188
G2,reused_valid,G2__qualification_r0_w30_b1024__tcn__r0__w30__fold_2__seed_42,temporal,tcn,R0,30,2,42,,validation,class,fatigue,precision,0.0
G2,reused_valid,G2__qualification_r0_w30_b1024__tcn__r0__w30__fold_2__seed_42,temporal,tcn,R0,30,2,42,,validation,class,fatigue,recall,0.0
G2,reused_valid,G2__qualification_r0_w30_b1024__tcn__r0__w30__fold_2__seed_42,temporal,tcn,R0,30,2,42,,validation,class,fatigue,f1,0.0
G2,reused_valid,G2__qualification_r0_w30_b1024__tcn__r0__w30__fold_2__seed_42,temporal,tcn,R0,30,2,42,,validation,class,distraction,precision,0.22018348623853212
G2,reused_valid,G2__qualification_r0_w30_b1024__tcn__r0__w30__fold_2__seed_42,temporal,tcn,R0,30,2,42,,validation,class,distraction,recall,0.3037974683544304
G2,reused_valid,G2__qualification_r0_w30_b1024__tcn__r0__w30__fold_2__seed_42,temporal,tcn,R0,30,2,42,,validation,class,distraction,f1,0.2553191489361702
G2,reused_valid,G2__qualification_r0_w30_b1024__tcn__r0__w30__fold_2__seed_42,temporal,tcn,R0,30,2,42,,test,class,alert,precision,0.9238861386138614
G2,reused_valid,G2__qualification_r0_w30_b1024__tcn__r0__w30__fold_2__seed_42,temporal,tcn,R0,30,2,42,,test,class,alert,recall,0.9449367088607595
G2,reused_valid,G2__qualification_r0_w30_b1024__tcn__r0__w30__fold_2__seed_42,temporal,tcn,R0,30,2,42,,test,class,alert,f1,0.9342928660826032
G2,reused_valid,G2__qualification_r0_w30_b1024__tcn__r0__w30__fold_2__seed_42,temporal,tcn,R0,30,2,42,,test,class,distraction,precision,0.6640926640926641
G2,reused_valid,G2__qualification_r0_w30_b1024__tcn__r0__w30__fold_2__seed_42,temporal,tcn,R0,30,2,42,,test,class,distraction,recall,0.5830508474576271
G2,reused_valid,G2__qualification_r0_w30_b1024__tcn__r0__w30__fold_2__seed_42,temporal,tcn,R0,30,2,42,,test,class,distraction,f1,0.6209386281588448
G2,reused_valid,G2__qualification_r0_w30_b1024__transformer__r0__w30__fold_2__seed_42,temporal,transformer,R0,30,2,42,,validation,class,alert,precision,0.9306083650190115
G2,reused_valid,G2__qualification_r0_w30_b1024__transformer__r0__w30__fold_2__seed_42,temporal,transformer,R0,30,2,42,,validation,class,alert,recall,0.9014732965009208
G2,reused_valid,G2__qualification_r0_w30_b1024__transformer__r0__w30__fold_2__seed_42,temporal,transformer,R0,30,2,42,,validation,class,alert,f1,0.9158091674462114
G2,reused_valid,G2__qualification_r0_w30_b1024__transformer__r0__w30__fold_2__seed_42,temporal,transformer,R0,30,2,42,,validation,class,fatigue,precision,0.0
G2,reused_valid,G2__qualification_r0_w30_b1024__transformer__r0__w30__fold_2__seed_42,temporal,transformer,R0,30,2,42,,validation,class,fatigue,recall,0.0
G2,reused_valid,G2__qualification_r0_w30_b1024__transformer__r0__w30__fold_2__seed_42,temporal,transformer,R0,30,2,42,,validation,class,fatigue,f1,0.0
G2,reused_valid,G2__qualification_r0_w30_b1024__transformer__r0__w30__fold_2__seed_42,temporal,transformer,R0,30,2,42,,validation,class,distraction,precision,0.19548872180451127
G2,reused_valid,G2__qualification_r0_w30_b1024__transformer__r0__w30__fold_2__seed_42,temporal,transformer,R0,30,2,42,,validation,class,distraction,recall,0.3291139240506329
G2,reused_valid,G2__qualification_r0_w30_b1024__transformer__r0__w30__fold_2__seed_42,temporal,transformer,R0,30,2,42,,validation,class,distraction,f1,0.24528301886792453
G2,reused_valid,G2__qualification_r0_w30_b1024__transformer__r0__w30__fold_2__seed_42,temporal,transformer,R0,30,2,42,,test,class,alert,precision,0.9284818067754078
G2,reused_valid,G2__qualification_r0_w30_b1024__transformer__r0__w30__fold_2__seed_42,temporal,transformer,R0,30,2,42,,test,class,alert,recall,0.9367088607594937
G2,reused_valid,G2__qualification_r0_w30_b1024__transformer__r0__w30__fold_2__seed_42,temporal,transformer,R0,30,2,42,,test,class,alert,f1,0.9325771896660365
G2,reused_valid,G2__qualification_r0_w30_b1024__transformer__r0__w30__fold_2__seed_42,temporal,transformer,R0,30,2,42,,test,class,distraction,precision,0.6441281138790036
G2,reused_valid,G2__qualification_r0_w30_b1024__transformer__r0__w30__fold_2__seed_42,temporal,transformer,R0,30,2,42,,test,class,distraction,recall,0.6135593220338983
G2,reused_valid,G2__qualification_r0_w30_b1024__transformer__r0__w30__fold_2__seed_42,temporal,transformer,R0,30,2,42,,test,class,distraction,f1,0.6284722222222222
G2,reused_valid,G2__qualification_r0_w30_b1024__lstm__r0__w30__fold_3__seed_42,temporal,lstm,R0,30,3,42,,validation,class,alert,precision,0.8874734607218684
G2,reused_valid,G2__qualification_r0_w30_b1024__lstm__r0__w30__fold_3__seed_42,temporal,lstm,R0,30,3,42,,validation,class,alert,recall,0.8418932527693856
G2,reused_valid,G2__qualification_r0_w30_b1024__lstm__r0__w30__fold_3__seed_42,temporal,lstm,R0,30,3,42,,validation,class,alert,f1,0.8640826873385012
G2,reused_valid,G2__qualification_r0_w30_b1024__lstm__r0__w30__fold_3__seed_42,temporal,lstm,R0,30,3,42,,validation,class,fatigue,precision,0.0
G2,reused_valid,G2__qualification_r0_w30_b1024__lstm__r0__w30__fold_3__seed_42,temporal,lstm,R0,30,3,42,,validation,class,fatigue,recall,0.0
G2,reused_valid,G2__qualification_r0_w30_b1024__lstm__r0__w30__fold_3__seed_42,temporal,lstm,R0,30,3,42,,validation,class,fatigue,f1,0.0
G2,reused_valid,G2__qualification_r0_w30_b1024__lstm__r0__w30__fold_3__seed_42,temporal,lstm,R0,30,3,42,,validation,class,distraction,precision,0.27314814814814814
G2,reused_valid,G2__qualification_r0_w30_b1024__lstm__r0__w30__fold_3__seed_42,temporal,lstm,R0,30,3,42,,validation,class,distraction,recall,0.3881578947368421
G2,reused_valid,G2__qualification_r0_w30_b1024__lstm__r0__w30__fold_3__seed_42,temporal,lstm,R0,30,3,42,,validation,class,distraction,f1,0.32065217391304346
G2,reused_valid,G2__qualification_r0_w30_b1024__lstm__r0__w30__fold_3__seed_42,temporal,lstm,R0,30,3,42,,test,class,alert,precision,0.9400887573964497
G2,reused_valid,G2__qualification_r0_w30_b1024__lstm__r0__w30__fold_3__seed_42,temporal,lstm,R0,30,3,42,,test,class,alert,recall,0.9270605397520059
G2,reused_valid,G2__qualification_r0_w30_b1024__lstm__r0__w30__fold_3__seed_42,temporal,lstm,R0,30,3,42,,test,class,alert,f1,0.9335291957399926
G2,reused_valid,G2__qualification_r0_w30_b1024__lstm__r0__w30__fold_3__seed_42,temporal,lstm,R0,30,3,42,,test,class,fatigue,precision,0.0
G2,reused_valid,G2__qualification_r0_w30_b1024__lstm__r0__w30__fold_3__seed_42,temporal,lstm,R0,30,3,42,,test,class,fatigue,recall,0.0
G2,reused_valid,G2__qualification_r0_w30_b1024__lstm__r0__w30__fold_3__seed_42,temporal,lstm,R0,30,3,42,,test,class,fatigue,f1,0.0
G2,reused_valid,G2__qualification_r0_w30_b1024__lstm__r0__w30__fold_3__seed_42,temporal,lstm,R0,30,3,42,,test,class,distraction,precision,0.36024844720496896
G2,reused_valid,G2__qualification_r0_w30_b1024__lstm__r0__w30__fold_3__seed_42,temporal,lstm,R0,30,3,42,,test,class,distraction,recall,0.49572649572649574
G2,reused_valid,G2__qualification_r0_w30_b1024__lstm__r0__w30__fold_3__seed_42,temporal,lstm,R0,30,3,42,,test,class,distraction,f1,0.4172661870503597
G2,reused_valid,G2__qualification_r0_w30_b1024__tcn__r0__w30__fold_3__seed_42,temporal,tcn,R0,30,3,42,,validation,class,alert,precision,0.8865323435843054
G2,reused_valid,G2__qualification_r0_w30_b1024__tcn__r0__w30__fold_3__seed_42,temporal,tcn,R0,30,3,42,,validation,class,alert,recall,0.8418932527693856
G2,reused_valid,G2__qualification_r0_w30_b1024__tcn__r0__w30__fold_3__seed_42,temporal,tcn,R0,30,3,42,,validation,class,alert,f1,0.8636363636363636
G2,reused_valid,G2__qualification_r0_w30_b1024__tcn__r0__w30__fold_3__seed_42,temporal,tcn,R0,30,3,42,,validation,class,fatigue,precision,0.0
G2,reused_valid,G2__qualification_r0_w30_b1024__tcn__r0__w30__fold_3__seed_42,temporal,tcn,R0,30,3,42,,validation,class,fatigue,recall,0.0
G2,reused_valid,G2__qualification_r0_w30_b1024__tcn__r0__w30__fold_3__seed_42,temporal,tcn,R0,30,3,42,,validation,class,fatigue,f1,0.0
G2,reused_valid,G2__qualification_r0_w30_b1024__tcn__r0__w30__fold_3__seed_42,temporal,tcn,R0,30,3,42,,validation,class,distraction,precision,0.26976744186046514
G2,reused_valid,G2__qualification_r0_w30_b1024__tcn__r0__w30__fold_3__seed_42,temporal,tcn,R0,30,3,42,,validation,class,distraction,recall,0.3815789473684211
G2,reused_valid,G2__qualification_r0_w30_b1024__tcn__r0__w30__fold_3__seed_42,temporal,tcn,R0,30,3,42,,validation,class,distraction,f1,0.31607629427792916
G2,reused_valid,G2__qualification_r0_w30_b1024__tcn__r0__w30__fold_3__seed_42,temporal,tcn,R0,30,3,42,,test,class,alert,precision,0.9408721359940873
G2,reused_valid,G2__qualification_r0_w30_b1024__tcn__r0__w30__fold_3__seed_42,temporal,tcn,R0,30,3,42,,test,class,alert,recall,0.9285193289569658
G2,reused_valid,G2__qualification_r0_w30_b1024__tcn__r0__w30__fold_3__seed_42,temporal,tcn,R0,30,3,42,,test,class,alert,f1,0.9346549192364171
G2,reused_valid,G2__qualification_r0_w30_b1024__tcn__r0__w30__fold_3__seed_42,temporal,tcn,R0,30,3,42,,test,class,fatigue,precision,0.0
G2,reused_valid,G2__qualification_r0_w30_b1024__tcn__r0__w30__fold_3__seed_42,temporal,tcn,R0,30,3,42,,test,class,fatigue,recall,0.0
G2,reused_valid,G2__qualification_r0_w30_b1024__tcn__r0__w30__fold_3__seed_42,temporal,tcn,R0,30,3,42,,test,class,fatigue,f1,0.0
G2,reused_valid,G2__qualification_r0_w30_b1024__tcn__r0__w30__fold_3__seed_42,temporal,tcn,R0,30,3,42,,test,class,distraction,precision,0.3625
G2,reused_valid,G2__qualification_r0_w30_b1024__tcn__r0__w30__fold_3__seed_42,temporal,tcn,R0,30,3,42,,test,class,distraction,recall,0.49572649572649574
G2,reused_valid,G2__qualification_r0_w30_b1024__tcn__r0__w30__fold_3__seed_42,temporal,tcn,R0,30,3,42,,test,class,distraction,f1,0.4187725631768953
G2,reused_valid,G2__qualification_r0_w30_b1024__transformer__r0__w30__fold_3__seed_42,temporal,transformer,R0,30,3,42,,validation,class,alert,precision,0.8870116156282999
G2,reused_valid,G2__qualification_r0_w30_b1024__transformer__r0__w30__fold_3__seed_42,temporal,transformer,R0,30,3,42,,validation,class,alert,recall,0.8459214501510574
G2,reused_valid,G2__qualification_r0_w30_b1024__transformer__r0__w30__fold_3__seed_42,temporal,transformer,R0,30,3,42,,validation,class,alert,f1,0.865979381443299
G2,reused_valid,G2__qualification_r0_w30_b1024__transformer__r0__w30__fold_3__seed_42,temporal,transformer,R0,30,3,42,,validation,class,fatigue,precision,0.0
G2,reused_valid,G2__qualification_r0_w30_b1024__transformer__r0__w30__fold_3__seed_42,temporal,transformer,R0,30,3,42,,validation,class,fatigue,recall,0.0
G2,reused_valid,G2__qualification_r0_w30_b1024__transformer__r0__w30__fold_3__seed_42,temporal,transformer,R0,30,3,42,,validation,class,fatigue,f1,0.0
G2,reused_valid,G2__qualification_r0_w30_b1024__transformer__r0__w30__fold_3__seed_42,temporal,transformer,R0,30,3,42,,validation,class,distraction,precision,0.27488151658767773
G2,reused_valid,G2__qualification_r0_w30_b1024__transformer__r0__w30__fold_3__seed_42,temporal,transformer,R0,30,3,42,,validation,class,distraction,recall,0.3815789473684211
G2,reused_valid,G2__qualification_r0_w30_b1024__transformer__r0__w30__fold_3__seed_42,temporal,transformer,R0,30,3,42,,validation,class,distraction,f1,0.31955922865013775
G2,reused_valid,G2__qualification_r0_w30_b1024__transformer__r0__w30__fold_3__seed_42,temporal,transformer,R0,30,3,42,,test,class,alert,precision,0.9386548410938654
G2,reused_valid,G2__qualification_r0_w30_b1024__transformer__r0__w30__fold_3__seed_42,temporal,transformer,R0,30,3,42,,test,class,alert,recall,0.9263311451495259
G2,reused_valid,G2__qualification_r0_w30_b1024__transformer__r0__w30__fold_3__seed_42,temporal,transformer,R0,30,3,42,,test,class,alert,f1,0.9324522760646109
G2,reused_valid,G2__qualification_r0_w30_b1024__transformer__r0__w30__fold_3__seed_42,temporal,transformer,R0,30,3,42,,test,class,fatigue,precision,0.0
G2,reused_valid,G2__qualification_r0_w30_b1024__transformer__r0__w30__fold_3__seed_42,temporal,transformer,R0,30,3,42,,test,class,fatigue,recall,0.0
G2,reused_valid,G2__qualification_r0_w30_b1024__transformer__r0__w30__fold_3__seed_42,temporal,transformer,R0,30,3,42,,test,class,fatigue,f1,0.0
G2,reused_valid,G2__qualification_r0_w30_b1024__transformer__r0__w30__fold_3__seed_42,temporal,transformer,R0,30,3,42,,test,class,distraction,precision,0.35625
G2,reused_valid,G2__qualification_r0_w30_b1024__transformer__r0__w30__fold_3__seed_42,temporal,transformer,R0,30,3,42,,test,class,distraction,recall,0.48717948717948717
G2,reused_valid,G2__qualification_r0_w30_b1024__transformer__r0__w30__fold_3__seed_42,temporal,transformer,R0,30,3,42,,test,class,distraction,f1,0.41155234657039713
G2,reused_valid,G2__qualification_r0_w30_b1024__lstm__r0__w30__fold_4__seed_42,temporal,lstm,R0,30,4,42,,validation,class,alert,precision,0.9257731958762887
G2,reused_valid,G2__qualification_r0_w30_b1024__lstm__r0__w30__fold_4__seed_42,temporal,lstm,R0,30,4,42,,validation,class,alert,recall,0.8821218074656189
G2,reused_valid,G2__qualification_r0_w30_b1024__lstm__r0__w30__fold_4__seed_42,temporal,lstm,R0,30,4,42,,validation,class,alert,f1,0.903420523138833
G2,reused_valid,G2__qualification_r0_w30_b1024__lstm__r0__w30__fold_4__seed_42,temporal,lstm,R0,30,4,42,,validation,class,fatigue,precision,0.0
G2,reused_valid,G2__qualification_r0_w30_b1024__lstm__r0__w30__fold_4__seed_42,temporal,lstm,R0,30,4,42,,validation,class,fatigue,recall,0.0
G2,reused_valid,G2__qualification_r0_w30_b1024__lstm__r0__w30__fold_4__seed_42,temporal,lstm,R0,30,4,42,,validation,class,fatigue,f1,0.0
G2,reused_valid,G2__qualification_r0_w30_b1024__lstm__r0__w30__fold_4__seed_42,temporal,lstm,R0,30,4,42,,validation,class,distraction,precision,0.281437125748503
G2,reused_valid,G2__qualification_r0_w30_b1024__lstm__r0__w30__fold_4__seed_42,temporal,lstm,R0,30,4,42,,validation,class,distraction,recall,0.47474747474747475
G2,reused_valid,G2__qualification_r0_w30_b1024__lstm__r0__w30__fold_4__seed_42,temporal,lstm,R0,30,4,42,,validation,class,distraction,f1,0.3533834586466165
G2,reused_valid,G2__qualification_r0_w30_b1024__lstm__r0__w30__fold_4__seed_42,temporal,lstm,R0,30,4,42,,test,class,alert,precision,0.888641425389755
G2,reused_valid,G2__qualification_r0_w30_b1024__lstm__r0__w30__fold_4__seed_42,temporal,lstm,R0,30,4,42,,test,class,alert,recall,0.83125
G2,reused_valid,G2__qualification_r0_w30_b1024__lstm__r0__w30__fold_4__seed_42,temporal,lstm,R0,30,4,42,,test,class,alert,f1,0.8589881593110872
G2,reused_valid,G2__qualification_r0_w30_b1024__lstm__r0__w30__fold_4__seed_42,temporal,lstm,R0,30,4,42,,test,class,fatigue,precision,0.0
G2,reused_valid,G2__qualification_r0_w30_b1024__lstm__r0__w30__fold_4__seed_42,temporal,lstm,R0,30,4,42,,test,class,fatigue,recall,0.0
G2,reused_valid,G2__qualification_r0_w30_b1024__lstm__r0__w30__fold_4__seed_42,temporal,lstm,R0,30,4,42,,test,class,fatigue,f1,0.0
G2,reused_valid,G2__qualification_r0_w30_b1024__lstm__r0__w30__fold_4__seed_42,temporal,lstm,R0,30,4,42,,test,class,distraction,precision,0.21739130434782608
G2,reused_valid,G2__qualification_r0_w30_b1024__lstm__r0__w30__fold_4__seed_42,temporal,lstm,R0,30,4,42,,test,class,distraction,recall,0.3191489361702128
G2,reused_valid,G2__qualification_r0_w30_b1024__lstm__r0__w30__fold_4__seed_42,temporal,lstm,R0,30,4,42,,test,class,distraction,f1,0.25862068965517243
G2,reused_valid,G2__qualification_r0_w30_b1024__tcn__r0__w30__fold_4__seed_42,temporal,tcn,R0,30,4,42,,validation,class,alert,precision,0.9244126659856997
G2,reused_valid,G2__qualification_r0_w30_b1024__tcn__r0__w30__fold_4__seed_42,temporal,tcn,R0,30,4,42,,validation,class,alert,recall,0.8889980353634578
G2,reused_valid,G2__qualification_r0_w30_b1024__tcn__r0__w30__fold_4__seed_42,temporal,tcn,R0,30,4,42,,validation,class,alert,f1,0.9063595393089634
G2,reused_valid,G2__qualification_r0_w30_b1024__tcn__r0__w30__fold_4__seed_42,temporal,tcn,R0,30,4,42,,validation,class,fatigue,precision,0.0
G2,reused_valid,G2__qualification_r0_w30_b1024__tcn__r0__w30__fold_4__seed_42,temporal,tcn,R0,30,4,42,,validation,class,fatigue,recall,0.0
G2,reused_valid,G2__qualification_r0_w30_b1024__tcn__r0__w30__fold_4__seed_42,temporal,tcn,R0,30,4,42,,validation,class,fatigue,f1,0.0
G2,reused_valid,G2__qualification_r0_w30_b1024__tcn__r0__w30__fold_4__seed_42,temporal,tcn,R0,30,4,42,,validation,class,distraction,precision,0.2848101265822785
G2,reused_valid,G2__qualification_r0_w30_b1024__tcn__r0__w30__fold_4__seed_42,temporal,tcn,R0,30,4,42,,validation,class,distraction,recall,0.45454545454545453
G2,reused_valid,G2__qualification_r0_w30_b1024__tcn__r0__w30__fold_4__seed_42,temporal,tcn,R0,30,4,42,,validation,class,distraction,f1,0.35019455252918286
G2,reused_valid,G2__qualification_r0_w30_b1024__tcn__r0__w30__fold_4__seed_42,temporal,tcn,R0,30,4,42,,test,class,alert,precision,0.8876529477196885
G2,reused_valid,G2__qualification_r0_w30_b1024__tcn__r0__w30__fold_4__seed_42,temporal,tcn,R0,30,4,42,,test,class,alert,recall,0.83125
G2,reused_valid,G2__qualification_r0_w30_b1024__tcn__r0__w30__fold_4__seed_42,temporal,tcn,R0,30,4,42,,test,class,alert,f1,0.85852608929532
G2,reused_valid,G2__qualification_r0_w30_b1024__tcn__r0__w30__fold_4__seed_42,temporal,tcn,R0,30,4,42,,test,class,fatigue,precision,0.0
G2,reused_valid,G2__qualification_r0_w30_b1024__tcn__r0__w30__fold_4__seed_42,temporal,tcn,R0,30,4,42,,test,class,fatigue,recall,0.0
G2,reused_valid,G2__qualification_r0_w30_b1024__tcn__r0__w30__fold_4__seed_42,temporal,tcn,R0,30,4,42,,test,class,fatigue,f1,0.0
G2,reused_valid,G2__qualification_r0_w30_b1024__tcn__r0__w30__fold_4__seed_42,temporal,tcn,R0,30,4,42,,test,class,distraction,precision,0.21359223300970873
G2,reused_valid,G2__qualification_r0_w30_b1024__tcn__r0__w30__fold_4__seed_42,temporal,tcn,R0,30,4,42,,test,class,distraction,recall,0.3120567375886525
G2,reused_valid,G2__qualification_r0_w30_b1024__tcn__r0__w30__fold_4__seed_42,temporal,tcn,R0,30,4,42,,test,class,distraction,f1,0.25360230547550433
G2,reused_valid,G2__qualification_r0_w30_b1024__transformer__r0__w30__fold_4__seed_42,temporal,transformer,R0,30,4,42,,validation,class,alert,precision,0.9243353783231084
G2,reused_valid,G2__qualification_r0_w30_b1024__transformer__r0__w30__fold_4__seed_42,temporal,transformer,R0,30,4,42,,validation,class,alert,recall,0.888015717092338
G2,reused_valid,G2__qualification_r0_w30_b1024__transformer__r0__w30__fold_4__seed_42,temporal,transformer,R0,30,4,42,,validation,class,alert,f1,0.905811623246493
G2,reused_valid,G2__qualification_r0_w30_b1024__transformer__r0__w30__fold_4__seed_42,temporal,transformer,R0,30,4,42,,validation,class,fatigue,precision,0.0
G2,reused_valid,G2__qualification_r0_w30_b1024__transformer__r0__w30__fold_4__seed_42,temporal,transformer,R0,30,4,42,,validation,class,fatigue,recall,0.0
G2,reused_valid,G2__qualification_r0_w30_b1024__transformer__r0__w30__fold_4__seed_42,temporal,transformer,R0,30,4,42,,validation,class,fatigue,f1,0.0
G2,reused_valid,G2__qualification_r0_w30_b1024__transformer__r0__w30__fold_4__seed_42,temporal,transformer,R0,30,4,42,,validation,class,distraction,precision,0.2830188679245283
G2,reused_valid,G2__qualification_r0_w30_b1024__transformer__r0__w30__fold_4__seed_42,temporal,transformer,R0,30,4,42,,validation,class,distraction,recall,0.45454545454545453
G2,reused_valid,G2__qualification_r0_w30_b1024__transformer__r0__w30__fold_4__seed_42,temporal,transformer,R0,30,4,42,,validation,class,distraction,f1,0.3488372093023256
G2,reused_valid,G2__qualification_r0_w30_b1024__transformer__r0__w30__fold_4__seed_42,temporal,transformer,R0,30,4,42,,test,class,alert,precision,0.8876529477196885
G2,reused_valid,G2__qualification_r0_w30_b1024__transformer__r0__w30__fold_4__seed_42,temporal,transformer,R0,30,4,42,,test,class,alert,recall,0.83125
G2,reused_valid,G2__qualification_r0_w30_b1024__transformer__r0__w30__fold_4__seed_42,temporal,transformer,R0,30,4,42,,test,class,alert,f1,0.85852608929532
G2,reused_valid,G2__qualification_r0_w30_b1024__transformer__r0__w30__fold_4__seed_42,temporal,transformer,R0,30,4,42,,test,class,fatigue,precision,0.0
G2,reused_valid,G2__qualification_r0_w30_b1024__transformer__r0__w30__fold_4__seed_42,temporal,transformer,R0,30,4,42,,test,class,fatigue,recall,0.0
G2,reused_valid,G2__qualification_r0_w30_b1024__transformer__r0__w30__fold_4__seed_42,temporal,transformer,R0,30,4,42,,test,class,fatigue,f1,0.0
G2,reused_valid,G2__qualification_r0_w30_b1024__transformer__r0__w30__fold_4__seed_42,temporal,transformer,R0,30,4,42,,test,class,distraction,precision,0.21359223300970873
G2,reused_valid,G2__qualification_r0_w30_b1024__transformer__r0__w30__fold_4__seed_42,temporal,transformer,R0,30,4,42,,test,class,distraction,recall,0.3120567375886525
G2,reused_valid,G2__qualification_r0_w30_b1024__transformer__r0__w30__fold_4__seed_42,temporal,transformer,R0,30,4,42,,test,class,distraction,f1,0.25360230547550433
G2,reused_valid,G2__qualification_r0_w60_b1024__lstm__r0__w60__fold_1__seed_42,temporal,lstm,R0,60,1,42,,validation,class,alert,precision,0.8996832101372756
G2,reused_valid,G2__qualification_r0_w60_b1024__lstm__r0__w60__fold_1__seed_42,temporal,lstm,R0,60,1,42,,validation,class,alert,recall,0.8402366863905325
G2,reused_valid,G2__qualification_r0_w60_b1024__lstm__r0__w60__fold_1__seed_42,temporal,lstm,R0,60,1,42,,validation,class,alert,f1,0.8689444161142275
G2,reused_valid,G2__qualification_r0_w60_b1024__lstm__r0__w60__fold_1__seed_42,temporal,lstm,R0,60,1,42,,validation,class,fatigue,precision,0.0
G2,reused_valid,G2__qualification_r0_w60_b1024__lstm__r0__w60__fold_1__seed_42,temporal,lstm,R0,60,1,42,,validation,class,fatigue,recall,0.0
G2,reused_valid,G2__qualification_r0_w60_b1024__lstm__r0__w60__fold_1__seed_42,temporal,lstm,R0,60,1,42,,validation,class,fatigue,f1,0.0
G2,reused_valid,G2__qualification_r0_w60_b1024__lstm__r0__w60__fold_1__seed_42,temporal,lstm,R0,60,1,42,,validation,class,distraction,precision,0.30042918454935624
G2,reused_valid,G2__qualification_r0_w60_b1024__lstm__r0__w60__fold_1__seed_42,temporal,lstm,R0,60,1,42,,validation,class,distraction,recall,0.43209876543209874
G2,reused_valid,G2__qualification_r0_w60_b1024__lstm__r0__w60__fold_1__seed_42,temporal,lstm,R0,60,1,42,,validation,class,distraction,f1,0.35443037974683544
G2,reused_valid,G2__qualification_r0_w60_b1024__lstm__r0__w60__fold_1__seed_42,temporal,lstm,R0,60,1,42,,test,class,alert,precision,0.9365284974093264
G2,reused_valid,G2__qualification_r0_w60_b1024__lstm__r0__w60__fold_1__seed_42,temporal,lstm,R0,60,1,42,,test,class,alert,recall,0.6645220588235294
G2,reused_valid,G2__qualification_r0_w60_b1024__lstm__r0__w60__fold_1__seed_42,temporal,lstm,R0,60,1,42,,test,class,alert,f1,0.7774193548387097
G2,reused_valid,G2__qualification_r0_w60_b1024__lstm__r0__w60__fold_1__seed_42,temporal,lstm,R0,60,1,42,,test,class,fatigue,precision,0.0
G2,reused_valid,G2__qualification_r0_w60_b1024__lstm__r0__w60__fold_1__seed_42,temporal,lstm,R0,60,1,42,,test,class,fatigue,recall,0.0
G2,reused_valid,G2__qualification_r0_w60_b1024__lstm__r0__w60__fold_1__seed_42,temporal,lstm,R0,60,1,42,,test,class,fatigue,f1,0.0
G2,reused_valid,G2__qualification_r0_w60_b1024__lstm__r0__w60__fold_1__seed_42,temporal,lstm,R0,60,1,42,,test,class,distraction,precision,0.458005249343832
G2,reused_valid,G2__qualification_r0_w60_b1024__lstm__r0__w60__fold_1__seed_42,temporal,lstm,R0,60,1,42,,test,class,distraction,recall,0.920844327176781
G2,reused_valid,G2__qualification_r0_w60_b1024__lstm__r0__w60__fold_1__seed_42,temporal,lstm,R0,60,1,42,,test,class,distraction,f1,0.6117440841367222
G2,reused_valid,G2__qualification_r0_w60_b1024__tcn__r0__w60__fold_1__seed_42,temporal,tcn,R0,60,1,42,,validation,class,alert,precision,0.8969873663751214
G2,reused_valid,G2__qualification_r0_w60_b1024__tcn__r0__w60__fold_1__seed_42,temporal,tcn,R0,60,1,42,,validation,class,alert,recall,0.9102564102564102
G2,reused_valid,G2__qualification_r0_w60_b1024__tcn__r0__w60__fold_1__seed_42,temporal,tcn,R0,60,1,42,,validation,class,alert,f1,0.90357317670093
G2,reused_valid,G2__qualification_r0_w60_b1024__tcn__r0__w60__fold_1__seed_42,temporal,tcn,R0,60,1,42,,validation,class,fatigue,precision,0.0
G2,reused_valid,G2__qualification_r0_w60_b1024__tcn__r0__w60__fold_1__seed_42,temporal,tcn,R0,60,1,42,,validation,class,fatigue,recall,0.0
G2,reused_valid,G2__qualification_r0_w60_b1024__tcn__r0__w60__fold_1__seed_42,temporal,tcn,R0,60,1,42,,validation,class,fatigue,f1,0.0
G2,reused_valid,G2__qualification_r0_w60_b1024__tcn__r0__w60__fold_1__seed_42,temporal,tcn,R0,60,1,42,,validation,class,distraction,precision,0.3973509933774834
G2,reused_valid,G2__qualification_r0_w60_b1024__tcn__r0__w60__fold_1__seed_42,temporal,tcn,R0,60,1,42,,validation,class,distraction,recall,0.37037037037037035
G2,reused_valid,G2__qualification_r0_w60_b1024__tcn__r0__w60__fold_1__seed_42,temporal,tcn,R0,60,1,42,,validation,class,distraction,f1,0.38338658146964855
G2,reused_valid,G2__qualification_r0_w60_b1024__tcn__r0__w60__fold_1__seed_42,temporal,tcn,R0,60,1,42,,test,class,alert,precision,0.8775510204081632
G2,reused_valid,G2__qualification_r0_w60_b1024__tcn__r0__w60__fold_1__seed_42,temporal,tcn,R0,60,1,42,,test,class,alert,recall,0.9090073529411765
G2,reused_valid,G2__qualification_r0_w60_b1024__tcn__r0__w60__fold_1__seed_42,temporal,tcn,R0,60,1,42,,test,class,alert,f1,0.8930022573363431
G2,reused_valid,G2__qualification_r0_w60_b1024__tcn__r0__w60__fold_1__seed_42,temporal,tcn,R0,60,1,42,,test,class,fatigue,precision,0.0
G2,reused_valid,G2__qualification_r0_w60_b1024__tcn__r0__w60__fold_1__seed_42,temporal,tcn,R0,60,1,42,,test,class,fatigue,recall,0.0
G2,reused_valid,G2__qualification_r0_w60_b1024__tcn__r0__w60__fold_1__seed_42,temporal,tcn,R0,60,1,42,,test,class,fatigue,f1,0.0
G2,reused_valid,G2__qualification_r0_w60_b1024__tcn__r0__w60__fold_1__seed_42,temporal,tcn,R0,60,1,42,,test,class,distraction,precision,0.7002457002457002
G2,reused_valid,G2__qualification_r0_w60_b1024__tcn__r0__w60__fold_1__seed_42,temporal,tcn,R0,60,1,42,,test,class,distraction,recall,0.7519788918205804
G2,reused_valid,G2__qualification_r0_w60_b1024__tcn__r0__w60__fold_1__seed_42,temporal,tcn,R0,60,1,42,,test,class,distraction,f1,0.7251908396946565
G2,reused_valid,G2__qualification_r0_w60_b1024__transformer__r0__w60__fold_1__seed_42,temporal,transformer,R0,60,1,42,,validation,class,alert,precision,0.8864915572232646
G2,reused_valid,G2__qualification_r0_w60_b1024__transformer__r0__w60__fold_1__seed_42,temporal,transformer,R0,60,1,42,,validation,class,alert,recall,0.9319526627218935
G2,reused_valid,G2__qualification_r0_w60_b1024__transformer__r0__w60__fold_1__seed_42,temporal,transformer,R0,60,1,42,,validation,class,alert,f1,0.9086538461538461
G2,reused_valid,G2__qualification_r0_w60_b1024__transformer__r0__w60__fold_1__seed_42,temporal,transformer,R0,60,1,42,,validation,class,fatigue,precision,0.0
G2,reused_valid,G2__qualification_r0_w60_b1024__transformer__r0__w60__fold_1__seed_42,temporal,transformer,R0,60,1,42,,validation,class,fatigue,recall,0.0
G2,reused_valid,G2__qualification_r0_w60_b1024__transformer__r0__w60__fold_1__seed_42,temporal,transformer,R0,60,1,42,,validation,class,fatigue,f1,0.0
G2,reused_valid,G2__qualification_r0_w60_b1024__transformer__r0__w60__fold_1__seed_42,temporal,transformer,R0,60,1,42,,validation,class,distraction,precision,0.39473684210526316
G2,reused_valid,G2__qualification_r0_w60_b1024__transformer__r0__w60__fold_1__seed_42,temporal,transformer,R0,60,1,42,,validation,class,distraction,recall,0.2777777777777778
G2,reused_valid,G2__qualification_r0_w60_b1024__transformer__r0__w60__fold_1__seed_42,temporal,transformer,R0,60,1,42,,validation,class,distraction,f1,0.32608695652173914
G2,reused_valid,G2__qualification_r0_w60_b1024__transformer__r0__w60__fold_1__seed_42,temporal,transformer,R0,60,1,42,,test,class,alert,precision,0.8637254901960785
G2,reused_valid,G2__qualification_r0_w60_b1024__transformer__r0__w60__fold_1__seed_42,temporal,transformer,R0,60,1,42,,test,class,alert,recall,0.8097426470588235
G2,reused_valid,G2__qualification_r0_w60_b1024__transformer__r0__w60__fold_1__seed_42,temporal,transformer,R0,60,1,42,,test,class,alert,f1,0.8358633776091081
G2,reused_valid,G2__qualification_r0_w60_b1024__transformer__r0__w60__fold_1__seed_42,temporal,transformer,R0,60,1,42,,test,class,fatigue,precision,0.7692307692307693
G2,reused_valid,G2__qualification_r0_w60_b1024__transformer__r0__w60__fold_1__seed_42,temporal,transformer,R0,60,1,42,,test,class,fatigue,recall,0.14925373134328357
G2,reused_valid,G2__qualification_r0_w60_b1024__transformer__r0__w60__fold_1__seed_42,temporal,transformer,R0,60,1,42,,test,class,fatigue,f1,0.25
G2,reused_valid,G2__qualification_r0_w60_b1024__transformer__r0__w60__fold_1__seed_42,temporal,transformer,R0,60,1,42,,test,class,distraction,precision,0.5508982035928144
G2,reused_valid,G2__qualification_r0_w60_b1024__transformer__r0__w60__fold_1__seed_42,temporal,transformer,R0,60,1,42,,test,class,distraction,recall,0.7282321899736148
G2,reused_valid,G2__qualification_r0_w60_b1024__transformer__r0__w60__fold_1__seed_42,temporal,transformer,R0,60,1,42,,test,class,distraction,f1,0.6272727272727273
G2,reused_valid,G2__qualification_r0_w60_b1024__lstm__r0__w60__fold_2__seed_42,temporal,lstm,R0,60,2,42,,validation,class,alert,precision,0.9351145038167938
G2,reused_valid,G2__qualification_r0_w60_b1024__lstm__r0__w60__fold_2__seed_42,temporal,lstm,R0,60,2,42,,validation,class,alert,recall,0.9074074074074074
G2,reused_valid,G2__qualification_r0_w60_b1024__lstm__r0__w60__fold_2__seed_42,temporal,lstm,R0,60,2,42,,validation,class,alert,f1,0.9210526315789473
G2,reused_valid,G2__qualification_r0_w60_b1024__lstm__r0__w60__fold_2__seed_42,temporal,lstm,R0,60,2,42,,validation,class,fatigue,precision,0.0
G2,reused_valid,G2__qualification_r0_w60_b1024__lstm__r0__w60__fold_2__seed_42,temporal,lstm,R0,60,2,42,,validation,class,fatigue,recall,0.0
G2,reused_valid,G2__qualification_r0_w60_b1024__lstm__r0__w60__fold_2__seed_42,temporal,lstm,R0,60,2,42,,validation,class,fatigue,f1,0.0
G2,reused_valid,G2__qualification_r0_w60_b1024__lstm__r0__w60__fold_2__seed_42,temporal,lstm,R0,60,2,42,,validation,class,distraction,precision,0.2
G2,reused_valid,G2__qualification_r0_w60_b1024__lstm__r0__w60__fold_2__seed_42,temporal,lstm,R0,60,2,42,,validation,class,distraction,recall,0.32894736842105265
G2,reused_valid,G2__qualification_r0_w60_b1024__lstm__r0__w60__fold_2__seed_42,temporal,lstm,R0,60,2,42,,validation,class,distraction,f1,0.24875621890547264
G2,reused_valid,G2__qualification_r0_w60_b1024__lstm__r0__w60__fold_2__seed_42,temporal,lstm,R0,60,2,42,,test,class,alert,precision,0.9264613450659962
G2,reused_valid,G2__qualification_r0_w60_b1024__lstm__r0__w60__fold_2__seed_42,temporal,lstm,R0,60,2,42,,test,class,alert,recall,0.9382558879694463
G2,reused_valid,G2__qualification_r0_w60_b1024__lstm__r0__w60__fold_2__seed_42,temporal,lstm,R0,60,2,42,,test,class,alert,f1,0.9323213156230234
G2,reused_valid,G2__qualification_r0_w60_b1024__lstm__r0__w60__fold_2__seed_42,temporal,lstm,R0,60,2,42,,test,class,distraction,precision,0.6446886446886447
G2,reused_valid,G2__qualification_r0_w60_b1024__lstm__r0__w60__fold_2__seed_42,temporal,lstm,R0,60,2,42,,test,class,distraction,recall,0.6006825938566553
G2,reused_valid,G2__qualification_r0_w60_b1024__lstm__r0__w60__fold_2__seed_42,temporal,lstm,R0,60,2,42,,test,class,distraction,f1,0.6219081272084805
G2,reused_valid,G2__qualification_r0_w60_b1024__tcn__r0__w60__fold_2__seed_42,temporal,tcn,R0,60,2,42,,validation,class,alert,precision,0.9317343173431735
G2,reused_valid,G2__qualification_r0_w60_b1024__tcn__r0__w60__fold_2__seed_42,temporal,tcn,R0,60,2,42,,validation,class,alert,recall,0.9351851851851852
G2,reused_valid,G2__qualification_r0_w60_b1024__tcn__r0__w60__fold_2__seed_42,temporal,tcn,R0,60,2,42,,validation,class,alert,f1,0.933456561922366
G2,reused_valid,G2__qualification_r0_w60_b1024__tcn__r0__w60__fold_2__seed_42,temporal,tcn,R0,60,2,42,,validation,class,fatigue,precision,0.0
G2,reused_valid,G2__qualification_r0_w60_b1024__tcn__r0__w60__fold_2__seed_42,temporal,tcn,R0,60,2,42,,validation,class,fatigue,recall,0.0
G2,reused_valid,G2__qualification_r0_w60_b1024__tcn__r0__w60__fold_2__seed_42,temporal,tcn,R0,60,2,42,,validation,class,fatigue,f1,0.0
G2,reused_valid,G2__qualification_r0_w60_b1024__tcn__r0__w60__fold_2__seed_42,temporal,tcn,R0,60,2,42,,validation,class,distraction,precision,0.21348314606741572
G2,reused_valid,G2__qualification_r0_w60_b1024__tcn__r0__w60__fold_2__seed_42,temporal,tcn,R0,60,2,42,,validation,class,distraction,recall,0.25
G2,reused_valid,G2__qualification_r0_w60_b1024__tcn__r0__w60__fold_2__seed_42,temporal,tcn,R0,60,2,42,,validation,class,distraction,f1,0.23030303030303031
G2,reused_valid,G2__qualification_r0_w60_b1024__tcn__r0__w60__fold_2__seed_42,temporal,tcn,R0,60,2,42,,test,class,alert,precision,0.9216533004318322
G2,reused_valid,G2__qualification_r0_w60_b1024__tcn__r0__w60__fold_2__seed_42,temporal,tcn,R0,60,2,42,,test,class,alert,recall,0.950986632718014
G2,reused_valid,G2__qualification_r0_w60_b1024__tcn__r0__w60__fold_2__seed_42,temporal,tcn,R0,60,2,42,,test,class,alert,f1,0.9360902255639098
G2,reused_valid,G2__qualification_r0_w60_b1024__tcn__r0__w60__fold_2__seed_42,temporal,tcn,R0,60,2,42,,test,class,distraction,precision,0.6831275720164609
G2,reused_valid,G2__qualification_r0_w60_b1024__tcn__r0__w60__fold_2__seed_42,temporal,tcn,R0,60,2,42,,test,class,distraction,recall,0.5665529010238908
G2,reused_valid,G2__qualification_r0_w60_b1024__tcn__r0__w60__fold_2__seed_42,temporal,tcn,R0,60,2,42,,test,class,distraction,f1,0.6194029850746269
G2,reused_valid,G2__qualification_r0_w60_b1024__transformer__r0__w60__fold_2__seed_42,temporal,transformer,R0,60,2,42,,validation,class,alert,precision,0.9357622243528284
G2,reused_valid,G2__qualification_r0_w60_b1024__transformer__r0__w60__fold_2__seed_42,temporal,transformer,R0,60,2,42,,validation,class,alert,recall,0.9037037037037037
G2,reused_valid,G2__qualification_r0_w60_b1024__transformer__r0__w60__fold_2__seed_42,temporal,transformer,R0,60,2,42,,validation,class,alert,f1,0.9194536033914272
G2,reused_valid,G2__qualification_r0_w60_b1024__transformer__r0__w60__fold_2__seed_42,temporal,transformer,R0,60,2,42,,validation,class,fatigue,precision,0.0
G2,reused_valid,G2__qualification_r0_w60_b1024__transformer__r0__w60__fold_2__seed_42,temporal,transformer,R0,60,2,42,,validation,class,fatigue,recall,0.0
G2,reused_valid,G2__qualification_r0_w60_b1024__transformer__r0__w60__fold_2__seed_42,temporal,transformer,R0,60,2,42,,validation,class,fatigue,f1,0.0
G2,reused_valid,G2__qualification_r0_w60_b1024__transformer__r0__w60__fold_2__seed_42,temporal,transformer,R0,60,2,42,,validation,class,distraction,precision,0.2
G2,reused_valid,G2__qualification_r0_w60_b1024__transformer__r0__w60__fold_2__seed_42,temporal,transformer,R0,60,2,42,,validation,class,distraction,recall,0.34210526315789475
G2,reused_valid,G2__qualification_r0_w60_b1024__transformer__r0__w60__fold_2__seed_42,temporal,transformer,R0,60,2,42,,validation,class,distraction,f1,0.2524271844660194
G2,reused_valid,G2__qualification_r0_w60_b1024__transformer__r0__w60__fold_2__seed_42,temporal,transformer,R0,60,2,42,,test,class,alert,precision,0.931230283911672
G2,reused_valid,G2__qualification_r0_w60_b1024__transformer__r0__w60__fold_2__seed_42,temporal,transformer,R0,60,2,42,,test,class,alert,recall,0.939528962444303
G2,reused_valid,G2__qualification_r0_w60_b1024__transformer__r0__w60__fold_2__seed_42,temporal,transformer,R0,60,2,42,,test,class,alert,f1,0.935361216730038
G2,reused_valid,G2__qualification_r0_w60_b1024__transformer__r0__w60__fold_2__seed_42,temporal,transformer,R0,60,2,42,,test,class,distraction,precision,0.6594982078853047
G2,reused_valid,G2__qualification_r0_w60_b1024__transformer__r0__w60__fold_2__seed_42,temporal,transformer,R0,60,2,42,,test,class,distraction,recall,0.6279863481228669
G2,reused_valid,G2__qualification_r0_w60_b1024__transformer__r0__w60__fold_2__seed_42,temporal,transformer,R0,60,2,42,,test,class,distraction,f1,0.6433566433566433
G2,reused_valid,G2__qualification_r0_w60_b1024__lstm__r0__w60__fold_3__seed_42,temporal,lstm,R0,60,3,42,,validation,class,alert,precision,0.8842105263157894
G2,reused_valid,G2__qualification_r0_w60_b1024__lstm__r0__w60__fold_3__seed_42,temporal,lstm,R0,60,3,42,,validation,class,alert,recall,0.8519269776876268
G2,reused_valid,G2__qualification_r0_w60_b1024__lstm__r0__w60__fold_3__seed_42,temporal,lstm,R0,60,3,42,,validation,class,alert,f1,0.8677685950413223
G2,reused_valid,G2__qualification_r0_w60_b1024__lstm__r0__w60__fold_3__seed_42,temporal,lstm,R0,60,3,42,,validation,class,fatigue,precision,0.0
G2,reused_valid,G2__qualification_r0_w60_b1024__lstm__r0__w60__fold_3__seed_42,temporal,lstm,R0,60,3,42,,validation,class,fatigue,recall,0.0
G2,reused_valid,G2__qualification_r0_w60_b1024__lstm__r0__w60__fold_3__seed_42,temporal,lstm,R0,60,3,42,,validation,class,fatigue,f1,0.0
G2,reused_valid,G2__qualification_r0_w60_b1024__lstm__r0__w60__fold_3__seed_42,temporal,lstm,R0,60,3,42,,validation,class,distraction,precision,0.2736318407960199
G2,reused_valid,G2__qualification_r0_w60_b1024__lstm__r0__w60__fold_3__seed_42,temporal,lstm,R0,60,3,42,,validation,class,distraction,recall,0.3618421052631579
G2,reused_valid,G2__qualification_r0_w60_b1024__lstm__r0__w60__fold_3__seed_42,temporal,lstm,R0,60,3,42,,validation,class,distraction,f1,0.311614730878187
G2,reused_valid,G2__qualification_r0_w60_b1024__lstm__r0__w60__fold_3__seed_42,temporal,lstm,R0,60,3,42,,test,class,alert,precision,0.9439114391143911
G2,reused_valid,G2__qualification_r0_w60_b1024__lstm__r0__w60__fold_3__seed_42,temporal,lstm,R0,60,3,42,,test,class,alert,recall,0.9356254572055597
G2,reused_valid,G2__qualification_r0_w60_b1024__lstm__r0__w60__fold_3__seed_42,temporal,lstm,R0,60,3,42,,test,class,alert,f1,0.9397501836884644
G2,reused_valid,G2__qualification_r0_w60_b1024__lstm__r0__w60__fold_3__seed_42,temporal,lstm,R0,60,3,42,,test,class,fatigue,precision,0.0
G2,reused_valid,G2__qualification_r0_w60_b1024__lstm__r0__w60__fold_3__seed_42,temporal,lstm,R0,60,3,42,,test,class,fatigue,recall,0.0
G2,reused_valid,G2__qualification_r0_w60_b1024__lstm__r0__w60__fold_3__seed_42,temporal,lstm,R0,60,3,42,,test,class,fatigue,f1,0.0
G2,reused_valid,G2__qualification_r0_w60_b1024__lstm__r0__w60__fold_3__seed_42,temporal,lstm,R0,60,3,42,,test,class,distraction,precision,0.38620689655172413
G2,reused_valid,G2__qualification_r0_w60_b1024__lstm__r0__w60__fold_3__seed_42,temporal,lstm,R0,60,3,42,,test,class,distraction,recall,0.5
G2,reused_valid,G2__qualification_r0_w60_b1024__lstm__r0__w60__fold_3__seed_42,temporal,lstm,R0,60,3,42,,test,class,distraction,f1,0.4357976653696498
G2,reused_valid,G2__qualification_r0_w60_b1024__tcn__r0__w60__fold_3__seed_42,temporal,tcn,R0,60,3,42,,validation,class,alert,precision,0.8888888888888888
G2,reused_valid,G2__qualification_r0_w60_b1024__tcn__r0__w60__fold_3__seed_42,temporal,tcn,R0,60,3,42,,validation,class,alert,recall,0.8519269776876268
G2,reused_valid,G2__qualification_r0_w60_b1024__tcn__r0__w60__fold_3__seed_42,temporal,tcn,R0,60,3,42,,validation,class,alert,f1,0.8700155359917141
G2,reused_valid,G2__qualification_r0_w60_b1024__tcn__r0__w60__fold_3__seed_42,temporal,tcn,R0,60,3,42,,validation,class,fatigue,precision,0.0
G2,reused_valid,G2__qualification_r0_w60_b1024__tcn__r0__w60__fold_3__seed_42,temporal,tcn,R0,60,3,42,,validation,class,fatigue,recall,0.0
G2,reused_valid,G2__qualification_r0_w60_b1024__tcn__r0__w60__fold_3__seed_42,temporal,tcn,R0,60,3,42,,validation,class,fatigue,f1,0.0
G2,reused_valid,G2__qualification_r0_w60_b1024__tcn__r0__w60__fold_3__seed_42,temporal,tcn,R0,60,3,42,,validation,class,distraction,precision,0.2912621359223301
G2,reused_valid,G2__qualification_r0_w60_b1024__tcn__r0__w60__fold_3__seed_42,temporal,tcn,R0,60,3,42,,validation,class,distraction,recall,0.39473684210526316
G2,reused_valid,G2__qualification_r0_w60_b1024__tcn__r0__w60__fold_3__seed_42,temporal,tcn,R0,60,3,42,,validation,class,distraction,f1,0.33519553072625696
G2,reused_valid,G2__qualification_r0_w60_b1024__tcn__r0__w60__fold_3__seed_42,temporal,tcn,R0,60,3,42,,test,class,alert,precision,0.9446902654867256
G2,reused_valid,G2__qualification_r0_w60_b1024__tcn__r0__w60__fold_3__seed_42,temporal,tcn,R0,60,3,42,,test,class,alert,recall,0.9370885149963424
G2,reused_valid,G2__qualification_r0_w60_b1024__tcn__r0__w60__fold_3__seed_42,temporal,tcn,R0,60,3,42,,test,class,alert,f1,0.9408740359897172
G2,reused_valid,G2__qualification_r0_w60_b1024__tcn__r0__w60__fold_3__seed_42,temporal,tcn,R0,60,3,42,,test,class,fatigue,precision,0.0
G2,reused_valid,G2__qualification_r0_w60_b1024__tcn__r0__w60__fold_3__seed_42,temporal,tcn,R0,60,3,42,,test,class,fatigue,recall,0.0
G2,reused_valid,G2__qualification_r0_w60_b1024__tcn__r0__w60__fold_3__seed_42,temporal,tcn,R0,60,3,42,,test,class,fatigue,f1,0.0
G2,reused_valid,G2__qualification_r0_w60_b1024__tcn__r0__w60__fold_3__seed_42,temporal,tcn,R0,60,3,42,,test,class,distraction,precision,0.3888888888888889
G2,reused_valid,G2__qualification_r0_w60_b1024__tcn__r0__w60__fold_3__seed_42,temporal,tcn,R0,60,3,42,,test,class,distraction,recall,0.5
G2,reused_valid,G2__qualification_r0_w60_b1024__tcn__r0__w60__fold_3__seed_42,temporal,tcn,R0,60,3,42,,test,class,distraction,f1,0.4375
G2,reused_valid,G2__qualification_r0_w60_b1024__transformer__r0__w60__fold_3__seed_42,temporal,transformer,R0,60,3,42,,validation,class,alert,precision,0.8878306878306879
G2,reused_valid,G2__qualification_r0_w60_b1024__transformer__r0__w60__fold_3__seed_42,temporal,transformer,R0,60,3,42,,validation,class,alert,recall,0.8509127789046653
G2,reused_valid,G2__qualification_r0_w60_b1024__transformer__r0__w60__fold_3__seed_42,temporal,transformer,R0,60,3,42,,validation,class,alert,f1,0.8689798032107716
G2,reused_valid,G2__qualification_r0_w60_b1024__transformer__r0__w60__fold_3__seed_42,temporal,transformer,R0,60,3,42,,validation,class,fatigue,precision,0.0
G2,reused_valid,G2__qualification_r0_w60_b1024__transformer__r0__w60__fold_3__seed_42,temporal,transformer,R0,60,3,42,,validation,class,fatigue,recall,0.0
G2,reused_valid,G2__qualification_r0_w60_b1024__transformer__r0__w60__fold_3__seed_42,temporal,transformer,R0,60,3,42,,validation,class,fatigue,f1,0.0
G2,reused_valid,G2__qualification_r0_w60_b1024__transformer__r0__w60__fold_3__seed_42,temporal,transformer,R0,60,3,42,,validation,class,distraction,precision,0.28640776699029125
G2,reused_valid,G2__qualification_r0_w60_b1024__transformer__r0__w60__fold_3__seed_42,temporal,transformer,R0,60,3,42,,validation,class,distraction,recall,0.3881578947368421
G2,reused_valid,G2__qualification_r0_w60_b1024__transformer__r0__w60__fold_3__seed_42,temporal,transformer,R0,60,3,42,,validation,class,distraction,f1,0.329608938547486
G2,reused_valid,G2__qualification_r0_w60_b1024__transformer__r0__w60__fold_3__seed_42,temporal,transformer,R0,60,3,42,,test,class,alert,precision,0.9440765268579838
G2,reused_valid,G2__qualification_r0_w60_b1024__transformer__r0__w60__fold_3__seed_42,temporal,transformer,R0,60,3,42,,test,class,alert,recall,0.9385515727871251
G2,reused_valid,G2__qualification_r0_w60_b1024__transformer__r0__w60__fold_3__seed_42,temporal,transformer,R0,60,3,42,,test,class,alert,f1,0.9413059427732942
G2,reused_valid,G2__qualification_r0_w60_b1024__transformer__r0__w60__fold_3__seed_42,temporal,transformer,R0,60,3,42,,test,class,fatigue,precision,0.0
G2,reused_valid,G2__qualification_r0_w60_b1024__transformer__r0__w60__fold_3__seed_42,temporal,transformer,R0,60,3,42,,test,class,fatigue,recall,0.0
G2,reused_valid,G2__qualification_r0_w60_b1024__transformer__r0__w60__fold_3__seed_42,temporal,transformer,R0,60,3,42,,test,class,fatigue,f1,0.0
G2,reused_valid,G2__qualification_r0_w60_b1024__transformer__r0__w60__fold_3__seed_42,temporal,transformer,R0,60,3,42,,test,class,distraction,precision,0.3900709219858156
G2,reused_valid,G2__qualification_r0_w60_b1024__transformer__r0__w60__fold_3__seed_42,temporal,transformer,R0,60,3,42,,test,class,distraction,recall,0.49107142857142855
G2,reused_valid,G2__qualification_r0_w60_b1024__transformer__r0__w60__fold_3__seed_42,temporal,transformer,R0,60,3,42,,test,class,distraction,f1,0.43478260869565216
G2,reused_valid,G2__qualification_r0_w60_b1024__lstm__r0__w60__fold_4__seed_42,temporal,lstm,R0,60,4,42,,validation,class,alert,precision,0.930327868852459
G2,reused_valid,G2__qualification_r0_w60_b1024__lstm__r0__w60__fold_4__seed_42,temporal,lstm,R0,60,4,42,,validation,class,alert,recall,0.8972332015810277
G2,reused_valid,G2__qualification_r0_w60_b1024__lstm__r0__w60__fold_4__seed_42,temporal,lstm,R0,60,4,42,,validation,class,alert,f1,0.9134808853118712
G2,reused_valid,G2__qualification_r0_w60_b1024__lstm__r0__w60__fold_4__seed_42,temporal,lstm,R0,60,4,42,,validation,class,fatigue,precision,0.0
G2,reused_valid,G2__qualification_r0_w60_b1024__lstm__r0__w60__fold_4__seed_42,temporal,lstm,R0,60,4,42,,validation,class,fatigue,recall,0.0
G2,reused_valid,G2__qualification_r0_w60_b1024__lstm__r0__w60__fold_4__seed_42,temporal,lstm,R0,60,4,42,,validation,class,fatigue,f1,0.0
G2,reused_valid,G2__qualification_r0_w60_b1024__lstm__r0__w60__fold_4__seed_42,temporal,lstm,R0,60,4,42,,validation,class,distraction,precision,0.30201342281879195
G2,reused_valid,G2__qualification_r0_w60_b1024__lstm__r0__w60__fold_4__seed_42,temporal,lstm,R0,60,4,42,,validation,class,distraction,recall,0.46875
G2,reused_valid,G2__qualification_r0_w60_b1024__lstm__r0__w60__fold_4__seed_42,temporal,lstm,R0,60,4,42,,validation,class,distraction,f1,0.3673469387755102
G2,reused_valid,G2__qualification_r0_w60_b1024__lstm__r0__w60__fold_4__seed_42,temporal,lstm,R0,60,4,42,,test,class,alert,precision,0.8927789934354485
G2,reused_valid,G2__qualification_r0_w60_b1024__lstm__r0__w60__fold_4__seed_42,temporal,lstm,R0,60,4,42,,test,class,alert,recall,0.8526645768025078
G2,reused_valid,G2__qualification_r0_w60_b1024__lstm__r0__w60__fold_4__seed_42,temporal,lstm,R0,60,4,42,,test,class,alert,f1,0.8722608230892571
G2,reused_valid,G2__qualification_r0_w60_b1024__lstm__r0__w60__fold_4__seed_42,temporal,lstm,R0,60,4,42,,test,class,distraction,precision,0.22099447513812154
G2,reused_valid,G2__qualification_r0_w60_b1024__lstm__r0__w60__fold_4__seed_42,temporal,lstm,R0,60,4,42,,test,class,distraction,recall,0.2898550724637681
G2,reused_valid,G2__qualification_r0_w60_b1024__lstm__r0__w60__fold_4__seed_42,temporal,lstm,R0,60,4,42,,test,class,distraction,f1,0.2507836990595611
G2,reused_valid,G2__qualification_r0_w60_b1024__tcn__r0__w60__fold_4__seed_42,temporal,tcn,R0,60,4,42,,validation,class,alert,precision,0.932920536635707
G2,reused_valid,G2__qualification_r0_w60_b1024__tcn__r0__w60__fold_4__seed_42,temporal,tcn,R0,60,4,42,,validation,class,alert,recall,0.8932806324110671
G2,reused_valid,G2__qualification_r0_w60_b1024__tcn__r0__w60__fold_4__seed_42,temporal,tcn,R0,60,4,42,,validation,class,alert,f1,0.9126703685007572
G2,reused_valid,G2__qualification_r0_w60_b1024__tcn__r0__w60__fold_4__seed_42,temporal,tcn,R0,60,4,42,,validation,class,fatigue,precision,0.0
G2,reused_valid,G2__qualification_r0_w60_b1024__tcn__r0__w60__fold_4__seed_42,temporal,tcn,R0,60,4,42,,validation,class,fatigue,recall,0.0
G2,reused_valid,G2__qualification_r0_w60_b1024__tcn__r0__w60__fold_4__seed_42,temporal,tcn,R0,60,4,42,,validation,class,fatigue,f1,0.0
G2,reused_valid,G2__qualification_r0_w60_b1024__tcn__r0__w60__fold_4__seed_42,temporal,tcn,R0,60,4,42,,validation,class,distraction,precision,0.3076923076923077
G2,reused_valid,G2__qualification_r0_w60_b1024__tcn__r0__w60__fold_4__seed_42,temporal,tcn,R0,60,4,42,,validation,class,distraction,recall,0.5
G2,reused_valid,G2__qualification_r0_w60_b1024__tcn__r0__w60__fold_4__seed_42,temporal,tcn,R0,60,4,42,,validation,class,distraction,f1,0.38095238095238093
G2,reused_valid,G2__qualification_r0_w60_b1024__tcn__r0__w60__fold_4__seed_42,temporal,tcn,R0,60,4,42,,test,class,alert,precision,0.8923766816143498
G2,reused_valid,G2__qualification_r0_w60_b1024__tcn__r0__w60__fold_4__seed_42,temporal,tcn,R0,60,4,42,,test,class,alert,recall,0.831765935214211
G2,reused_valid,G2__qualification_r0_w60_b1024__tcn__r0__w60__fold_4__seed_42,temporal,tcn,R0,60,4,42,,test,class,alert,f1,0.861005949161709
G2,reused_valid,G2__qualification_r0_w60_b1024__tcn__r0__w60__fold_4__seed_42,temporal,tcn,R0,60,4,42,,test,class,distraction,precision,0.20689655172413793
G2,reused_valid,G2__qualification_r0_w60_b1024__tcn__r0__w60__fold_4__seed_42,temporal,tcn,R0,60,4,42,,test,class,distraction,recall,0.30434782608695654
G2,reused_valid,G2__qualification_r0_w60_b1024__tcn__r0__w60__fold_4__seed_42,temporal,tcn,R0,60,4,42,,test,class,distraction,f1,0.24633431085043989
G2,reused_valid,G2__qualification_r0_w60_b1024__transformer__r0__w60__fold_4__seed_42,temporal,transformer,R0,60,4,42,,validation,class,alert,precision,0.9314641744548287
G2,reused_valid,G2__qualification_r0_w60_b1024__transformer__r0__w60__fold_4__seed_42,temporal,transformer,R0,60,4,42,,validation,class,alert,recall,0.8863636363636364
G2,reused_valid,G2__qualification_r0_w60_b1024__transformer__r0__w60__fold_4__seed_42,temporal,transformer,R0,60,4,42,,validation,class,alert,f1,0.9083544303797468
G2,reused_valid,G2__qualification_r0_w60_b1024__transformer__r0__w60__fold_4__seed_42,temporal,transformer,R0,60,4,42,,validation,class,fatigue,precision,0.0
G2,reused_valid,G2__qualification_r0_w60_b1024__transformer__r0__w60__fold_4__seed_42,temporal,transformer,R0,60,4,42,,validation,class,fatigue,recall,0.0
G2,reused_valid,G2__qualification_r0_w60_b1024__transformer__r0__w60__fold_4__seed_42,temporal,transformer,R0,60,4,42,,validation,class,fatigue,f1,0.0
G2,reused_valid,G2__qualification_r0_w60_b1024__transformer__r0__w60__fold_4__seed_42,temporal,transformer,R0,60,4,42,,validation,class,distraction,precision,0.29012345679012347
G2,reused_valid,G2__qualification_r0_w60_b1024__transformer__r0__w60__fold_4__seed_42,temporal,transformer,R0,60,4,42,,validation,class,distraction,recall,0.4895833333333333
G2,reused_valid,G2__qualification_r0_w60_b1024__transformer__r0__w60__fold_4__seed_42,temporal,transformer,R0,60,4,42,,validation,class,distraction,f1,0.3643410852713178
G2,reused_valid,G2__qualification_r0_w60_b1024__transformer__r0__w60__fold_4__seed_42,temporal,transformer,R0,60,4,42,,test,class,alert,precision,0.8949720670391061
G2,reused_valid,G2__qualification_r0_w60_b1024__transformer__r0__w60__fold_4__seed_42,temporal,transformer,R0,60,4,42,,test,class,alert,recall,0.8369905956112853
G2,reused_valid,G2__qualification_r0_w60_b1024__transformer__r0__w60__fold_4__seed_42,temporal,transformer,R0,60,4,42,,test,class,alert,f1,0.8650107991360692
G2,reused_valid,G2__qualification_r0_w60_b1024__transformer__r0__w60__fold_4__seed_42,temporal,transformer,R0,60,4,42,,test,class,distraction,precision,0.22
G2,reused_valid,G2__qualification_r0_w60_b1024__transformer__r0__w60__fold_4__seed_42,temporal,transformer,R0,60,4,42,,test,class,distraction,recall,0.3188405797101449
G2,reused_valid,G2__qualification_r0_w60_b1024__transformer__r0__w60__fold_4__seed_42,temporal,transformer,R0,60,4,42,,test,class,distraction,f1,0.2603550295857988
G2,reused_valid,G2__qualification_r0_w150_b1024__lstm__r0__w150__fold_1__seed_42,temporal,lstm,R0,150,1,42,,validation,class,alert,precision,0.8989247311827957
G2,reused_valid,G2__qualification_r0_w150_b1024__lstm__r0__w150__fold_1__seed_42,temporal,lstm,R0,150,1,42,,validation,class,alert,recall,0.8368368368368369
G2,reused_valid,G2__qualification_r0_w150_b1024__lstm__r0__w150__fold_1__seed_42,temporal,lstm,R0,150,1,42,,validation,class,alert,f1,0.866770347330223
G2,reused_valid,G2__qualification_r0_w150_b1024__lstm__r0__w150__fold_1__seed_42,temporal,lstm,R0,150,1,42,,validation,class,fatigue,precision,0.0
G2,reused_valid,G2__qualification_r0_w150_b1024__lstm__r0__w150__fold_1__seed_42,temporal,lstm,R0,150,1,42,,validation,class,fatigue,recall,0.0
G2,reused_valid,G2__qualification_r0_w150_b1024__lstm__r0__w150__fold_1__seed_42,temporal,lstm,R0,150,1,42,,validation,class,fatigue,f1,0.0
G2,reused_valid,G2__qualification_r0_w150_b1024__lstm__r0__w150__fold_1__seed_42,temporal,lstm,R0,150,1,42,,validation,class,distraction,precision,0.27555555555555555
G2,reused_valid,G2__qualification_r0_w150_b1024__lstm__r0__w150__fold_1__seed_42,temporal,lstm,R0,150,1,42,,validation,class,distraction,recall,0.4
G2,reused_valid,G2__qualification_r0_w150_b1024__lstm__r0__w150__fold_1__seed_42,temporal,lstm,R0,150,1,42,,validation,class,distraction,f1,0.3263157894736842
G2,reused_valid,G2__qualification_r0_w150_b1024__lstm__r0__w150__fold_1__seed_42,temporal,lstm,R0,150,1,42,,test,class,alert,precision,0.9325551232166018
G2,reused_valid,G2__qualification_r0_w150_b1024__lstm__r0__w150__fold_1__seed_42,temporal,lstm,R0,150,1,42,,test,class,alert,recall,0.6596330275229357
G2,reused_valid,G2__qualification_r0_w150_b1024__lstm__r0__w150__fold_1__seed_42,temporal,lstm,R0,150,1,42,,test,class,alert,f1,0.7727028479312198
G2,reused_valid,G2__qualification_r0_w150_b1024__lstm__r0__w150__fold_1__seed_42,temporal,lstm,R0,150,1,42,,test,class,fatigue,precision,0.0
G2,reused_valid,G2__qualification_r0_w150_b1024__lstm__r0__w150__fold_1__seed_42,temporal,lstm,R0,150,1,42,,test,class,fatigue,recall,0.0
G2,reused_valid,G2__qualification_r0_w150_b1024__lstm__r0__w150__fold_1__seed_42,temporal,lstm,R0,150,1,42,,test,class,fatigue,f1,0.0
G2,reused_valid,G2__qualification_r0_w150_b1024__lstm__r0__w150__fold_1__seed_42,temporal,lstm,R0,150,1,42,,test,class,distraction,precision,0.4570673712021136
G2,reused_valid,G2__qualification_r0_w150_b1024__lstm__r0__w150__fold_1__seed_42,temporal,lstm,R0,150,1,42,,test,class,distraction,recall,0.9202127659574468
G2,reused_valid,G2__qualification_r0_w150_b1024__lstm__r0__w150__fold_1__seed_42,temporal,lstm,R0,150,1,42,,test,class,distraction,f1,0.6107678729037952
G2,reused_valid,G2__qualification_r0_w150_b1024__tcn__r0__w150__fold_1__seed_42,temporal,tcn,R0,150,1,42,,validation,class,alert,precision,0.8964525407478428
G2,reused_valid,G2__qualification_r0_w150_b1024__tcn__r0__w150__fold_1__seed_42,temporal,tcn,R0,150,1,42,,validation,class,alert,recall,0.9359359359359359
G2,reused_valid,G2__qualification_r0_w150_b1024__tcn__r0__w150__fold_1__seed_42,temporal,tcn,R0,150,1,42,,validation,class,alert,f1,0.9157688540646425
G2,reused_valid,G2__qualification_r0_w150_b1024__tcn__r0__w150__fold_1__seed_42,temporal,tcn,R0,150,1,42,,validation,class,fatigue,precision,0.0
G2,reused_valid,G2__qualification_r0_w150_b1024__tcn__r0__w150__fold_1__seed_42,temporal,tcn,R0,150,1,42,,validation,class,fatigue,recall,0.0
G2,reused_valid,G2__qualification_r0_w150_b1024__tcn__r0__w150__fold_1__seed_42,temporal,tcn,R0,150,1,42,,validation,class,fatigue,f1,0.0
G2,reused_valid,G2__qualification_r0_w150_b1024__tcn__r0__w150__fold_1__seed_42,temporal,tcn,R0,150,1,42,,validation,class,distraction,precision,0.42857142857142855
G2,reused_valid,G2__qualification_r0_w150_b1024__tcn__r0__w150__fold_1__seed_42,temporal,tcn,R0,150,1,42,,validation,class,distraction,recall,0.3096774193548387
G2,reused_valid,G2__qualification_r0_w150_b1024__tcn__r0__w150__fold_1__seed_42,temporal,tcn,R0,150,1,42,,validation,class,distraction,f1,0.3595505617977528
G2,reused_valid,G2__qualification_r0_w150_b1024__tcn__r0__w150__fold_1__seed_42,temporal,tcn,R0,150,1,42,,test,class,alert,precision,0.8849557522123894
G2,reused_valid,G2__qualification_r0_w150_b1024__tcn__r0__w150__fold_1__seed_42,temporal,tcn,R0,150,1,42,,test,class,alert,recall,0.9174311926605505
G2,reused_valid,G2__qualification_r0_w150_b1024__tcn__r0__w150__fold_1__seed_42,temporal,tcn,R0,150,1,42,,test,class,alert,f1,0.9009009009009009
G2,reused_valid,G2__qualification_r0_w150_b1024__tcn__r0__w150__fold_1__seed_42,temporal,tcn,R0,150,1,42,,test,class,fatigue,precision,0.0
G2,reused_valid,G2__qualification_r0_w150_b1024__tcn__r0__w150__fold_1__seed_42,temporal,tcn,R0,150,1,42,,test,class,fatigue,recall,0.0
G2,reused_valid,G2__qualification_r0_w150_b1024__tcn__r0__w150__fold_1__seed_42,temporal,tcn,R0,150,1,42,,test,class,fatigue,f1,0.0
G2,reused_valid,G2__qualification_r0_w150_b1024__tcn__r0__w150__fold_1__seed_42,temporal,tcn,R0,150,1,42,,test,class,distraction,precision,0.7336683417085427
G2,reused_valid,G2__qualification_r0_w150_b1024__tcn__r0__w150__fold_1__seed_42,temporal,tcn,R0,150,1,42,,test,class,distraction,recall,0.776595744680851
G2,reused_valid,G2__qualification_r0_w150_b1024__tcn__r0__w150__fold_1__seed_42,temporal,tcn,R0,150,1,42,,test,class,distraction,f1,0.7545219638242894
G2,reused_valid,G2__qualification_r0_w150_b1024__transformer__r0__w150__fold_1__seed_42,temporal,transformer,R0,150,1,42,,validation,class,alert,precision,0.8889925373134329
G2,reused_valid,G2__qualification_r0_w150_b1024__transformer__r0__w150__fold_1__seed_42,temporal,transformer,R0,150,1,42,,validation,class,alert,recall,0.953953953953954
G2,reused_valid,G2__qualification_r0_w150_b1024__transformer__r0__w150__fold_1__seed_42,temporal,transformer,R0,150,1,42,,validation,class,alert,f1,0.920328343795268
G2,reused_valid,G2__qualification_r0_w150_b1024__transformer__r0__w150__fold_1__seed_42,temporal,transformer,R0,150,1,42,,validation,class,fatigue,precision,0.0
G2,reused_valid,G2__qualification_r0_w150_b1024__transformer__r0__w150__fold_1__seed_42,temporal,transformer,R0,150,1,42,,validation,class,fatigue,recall,0.0
G2,reused_valid,G2__qualification_r0_w150_b1024__transformer__r0__w150__fold_1__seed_42,temporal,transformer,R0,150,1,42,,validation,class,fatigue,f1,0.0
G2,reused_valid,G2__qualification_r0_w150_b1024__transformer__r0__w150__fold_1__seed_42,temporal,transformer,R0,150,1,42,,validation,class,distraction,precision,0.4457831325301205
G2,reused_valid,G2__qualification_r0_w150_b1024__transformer__r0__w150__fold_1__seed_42,temporal,transformer,R0,150,1,42,,validation,class,distraction,recall,0.23870967741935484
G2,reused_valid,G2__qualification_r0_w150_b1024__transformer__r0__w150__fold_1__seed_42,temporal,transformer,R0,150,1,42,,validation,class,distraction,f1,0.31092436974789917
G2,reused_valid,G2__qualification_r0_w150_b1024__transformer__r0__w150__fold_1__seed_42,temporal,transformer,R0,150,1,42,,test,class,alert,precision,0.8595600676818951
G2,reused_valid,G2__qualification_r0_w150_b1024__transformer__r0__w150__fold_1__seed_42,temporal,transformer,R0,150,1,42,,test,class,alert,recall,0.9321100917431193
G2,reused_valid,G2__qualification_r0_w150_b1024__transformer__r0__w150__fold_1__seed_42,temporal,transformer,R0,150,1,42,,test,class,alert,f1,0.8943661971830986
G2,reused_valid,G2__qualification_r0_w150_b1024__transformer__r0__w150__fold_1__seed_42,temporal,transformer,R0,150,1,42,,test,class,fatigue,precision,0.0
G2,reused_valid,G2__qualification_r0_w150_b1024__transformer__r0__w150__fold_1__seed_42,temporal,transformer,R0,150,1,42,,test,class,fatigue,recall,0.0
G2,reused_valid,G2__qualification_r0_w150_b1024__transformer__r0__w150__fold_1__seed_42,temporal,transformer,R0,150,1,42,,test,class,fatigue,f1,0.0
G2,reused_valid,G2__qualification_r0_w150_b1024__transformer__r0__w150__fold_1__seed_42,temporal,transformer,R0,150,1,42,,test,class,distraction,precision,0.7341040462427746
G2,reused_valid,G2__qualification_r0_w150_b1024__transformer__r0__w150__fold_1__seed_42,temporal,transformer,R0,150,1,42,,test,class,distraction,recall,0.675531914893617
G2,reused_valid,G2__qualification_r0_w150_b1024__transformer__r0__w150__fold_1__seed_42,temporal,transformer,R0,150,1,42,,test,class,distraction,f1,0.703601108033241
G2,reused_valid,G2__qualification_r0_w150_b1024__lstm__r0__w150__fold_2__seed_42,temporal,lstm,R0,150,2,42,,validation,class,alert,precision,0.937799043062201
G2,reused_valid,G2__qualification_r0_w150_b1024__lstm__r0__w150__fold_2__seed_42,temporal,lstm,R0,150,2,42,,validation,class,alert,recall,0.9124767225325885
G2,reused_valid,G2__qualification_r0_w150_b1024__lstm__r0__w150__fold_2__seed_42,temporal,lstm,R0,150,2,42,,validation,class,alert,f1,0.924964605946201
G2,reused_valid,G2__qualification_r0_w150_b1024__lstm__r0__w150__fold_2__seed_42,temporal,lstm,R0,150,2,42,,validation,class,fatigue,precision,0.0
G2,reused_valid,G2__qualification_r0_w150_b1024__lstm__r0__w150__fold_2__seed_42,temporal,lstm,R0,150,2,42,,validation,class,fatigue,recall,0.0
G2,reused_valid,G2__qualification_r0_w150_b1024__lstm__r0__w150__fold_2__seed_42,temporal,lstm,R0,150,2,42,,validation,class,fatigue,f1,0.0
G2,reused_valid,G2__qualification_r0_w150_b1024__lstm__r0__w150__fold_2__seed_42,temporal,lstm,R0,150,2,42,,validation,class,distraction,precision,0.1826086956521739
G2,reused_valid,G2__qualification_r0_w150_b1024__lstm__r0__w150__fold_2__seed_42,temporal,lstm,R0,150,2,42,,validation,class,distraction,recall,0.28378378378378377
G2,reused_valid,G2__qualification_r0_w150_b1024__lstm__r0__w150__fold_2__seed_42,temporal,lstm,R0,150,2,42,,validation,class,distraction,f1,0.2222222222222222
G2,reused_valid,G2__qualification_r0_w150_b1024__lstm__r0__w150__fold_2__seed_42,temporal,lstm,R0,150,2,42,,test,class,alert,precision,0.9217665615141956
G2,reused_valid,G2__qualification_r0_w150_b1024__lstm__r0__w150__fold_2__seed_42,temporal,lstm,R0,150,2,42,,test,class,alert,recall,0.9365384615384615
G2,reused_valid,G2__qualification_r0_w150_b1024__lstm__r0__w150__fold_2__seed_42,temporal,lstm,R0,150,2,42,,test,class,alert,f1,0.929093799682035
G2,reused_valid,G2__qualification_r0_w150_b1024__lstm__r0__w150__fold_2__seed_42,temporal,lstm,R0,150,2,42,,test,class,distraction,precision,0.61328125
G2,reused_valid,G2__qualification_r0_w150_b1024__lstm__r0__w150__fold_2__seed_42,temporal,lstm,R0,150,2,42,,test,class,distraction,recall,0.5587188612099644
G2,reused_valid,G2__qualification_r0_w150_b1024__lstm__r0__w150__fold_2__seed_42,temporal,lstm,R0,150,2,42,,test,class,distraction,f1,0.5847299813780261
G2,reused_valid,G2__qualification_r0_w150_b1024__tcn__r0__w150__fold_2__seed_42,temporal,tcn,R0,150,2,42,,validation,class,alert,precision,0.9323104693140795
G2,reused_valid,G2__qualification_r0_w150_b1024__tcn__r0__w150__fold_2__seed_42,temporal,tcn,R0,150,2,42,,validation,class,alert,recall,0.9618249534450651
G2,reused_valid,G2__qualification_r0_w150_b1024__tcn__r0__w150__fold_2__seed_42,temporal,tcn,R0,150,2,42,,validation,class,alert,f1,0.9468377635197067
G2,reused_valid,G2__qualification_r0_w150_b1024__tcn__r0__w150__fold_2__seed_42,temporal,tcn,R0,150,2,42,,validation,class,fatigue,precision,0.0
G2,reused_valid,G2__qualification_r0_w150_b1024__tcn__r0__w150__fold_2__seed_42,temporal,tcn,R0,150,2,42,,validation,class,fatigue,recall,0.0
G2,reused_valid,G2__qualification_r0_w150_b1024__tcn__r0__w150__fold_2__seed_42,temporal,tcn,R0,150,2,42,,validation,class,fatigue,f1,0.0
G2,reused_valid,G2__qualification_r0_w150_b1024__tcn__r0__w150__fold_2__seed_42,temporal,tcn,R0,150,2,42,,validation,class,distraction,precision,0.21153846153846154
G2,reused_valid,G2__qualification_r0_w150_b1024__tcn__r0__w150__fold_2__seed_42,temporal,tcn,R0,150,2,42,,validation,class,distraction,recall,0.14864864864864866
G2,reused_valid,G2__qualification_r0_w150_b1024__tcn__r0__w150__fold_2__seed_42,temporal,tcn,R0,150,2,42,,validation,class,distraction,f1,0.1746031746031746
G2,reused_valid,G2__qualification_r0_w150_b1024__tcn__r0__w150__fold_2__seed_42,temporal,tcn,R0,150,2,42,,test,class,alert,precision,0.9227941176470589
G2,reused_valid,G2__qualification_r0_w150_b1024__tcn__r0__w150__fold_2__seed_42,temporal,tcn,R0,150,2,42,,test,class,alert,recall,0.9653846153846154
G2,reused_valid,G2__qualification_r0_w150_b1024__tcn__r0__w150__fold_2__seed_42,temporal,tcn,R0,150,2,42,,test,class,alert,f1,0.943609022556391
G2,reused_valid,G2__qualification_r0_w150_b1024__tcn__r0__w150__fold_2__seed_42,temporal,tcn,R0,150,2,42,,test,class,distraction,precision,0.7416267942583732
G2,reused_valid,G2__qualification_r0_w150_b1024__tcn__r0__w150__fold_2__seed_42,temporal,tcn,R0,150,2,42,,test,class,distraction,recall,0.5516014234875445
G2,reused_valid,G2__qualification_r0_w150_b1024__tcn__r0__w150__fold_2__seed_42,temporal,tcn,R0,150,2,42,,test,class,distraction,f1,0.6326530612244898
G2,reused_valid,G2__qualification_r0_w150_b1024__transformer__r0__w150__fold_2__seed_42,temporal,transformer,R0,150,2,42,,validation,class,alert,precision,0.9493041749502982
G2,reused_valid,G2__qualification_r0_w150_b1024__transformer__r0__w150__fold_2__seed_42,temporal,transformer,R0,150,2,42,,validation,class,alert,recall,0.8891992551210428
G2,reused_valid,G2__qualification_r0_w150_b1024__transformer__r0__w150__fold_2__seed_42,temporal,transformer,R0,150,2,42,,validation,class,alert,f1,0.9182692307692307
G2,reused_valid,G2__qualification_r0_w150_b1024__transformer__r0__w150__fold_2__seed_42,temporal,transformer,R0,150,2,42,,validation,class,fatigue,precision,0.0
G2,reused_valid,G2__qualification_r0_w150_b1024__transformer__r0__w150__fold_2__seed_42,temporal,transformer,R0,150,2,42,,validation,class,fatigue,recall,0.0
G2,reused_valid,G2__qualification_r0_w150_b1024__transformer__r0__w150__fold_2__seed_42,temporal,transformer,R0,150,2,42,,validation,class,fatigue,f1,0.0
G2,reused_valid,G2__qualification_r0_w150_b1024__transformer__r0__w150__fold_2__seed_42,temporal,transformer,R0,150,2,42,,validation,class,distraction,precision,0.22727272727272727
G2,reused_valid,G2__qualification_r0_w150_b1024__transformer__r0__w150__fold_2__seed_42,temporal,transformer,R0,150,2,42,,validation,class,distraction,recall,0.47297297297297297
G2,reused_valid,G2__qualification_r0_w150_b1024__transformer__r0__w150__fold_2__seed_42,temporal,transformer,R0,150,2,42,,validation,class,distraction,f1,0.30701754385964913
G2,reused_valid,G2__qualification_r0_w150_b1024__transformer__r0__w150__fold_2__seed_42,temporal,transformer,R0,150,2,42,,test,class,alert,precision,0.9365384615384615
G2,reused_valid,G2__qualification_r0_w150_b1024__transformer__r0__w150__fold_2__seed_42,temporal,transformer,R0,150,2,42,,test,class,alert,recall,0.9365384615384615
G2,reused_valid,G2__qualification_r0_w150_b1024__transformer__r0__w150__fold_2__seed_42,temporal,transformer,R0,150,2,42,,test,class,alert,f1,0.9365384615384615
G2,reused_valid,G2__qualification_r0_w150_b1024__transformer__r0__w150__fold_2__seed_42,temporal,transformer,R0,150,2,42,,test,class,distraction,precision,0.6476868327402135
G2,reused_valid,G2__qualification_r0_w150_b1024__transformer__r0__w150__fold_2__seed_42,temporal,transformer,R0,150,2,42,,test,class,distraction,recall,0.6476868327402135
G2,reused_valid,G2__qualification_r0_w150_b1024__transformer__r0__w150__fold_2__seed_42,temporal,transformer,R0,150,2,42,,test,class,distraction,f1,0.6476868327402135
G2,reused_valid,G2__qualification_r0_w150_b1024__lstm__r0__w150__fold_3__seed_42,temporal,lstm,R0,150,3,42,,validation,class,alert,precision,0.8844953173777316
G2,reused_valid,G2__qualification_r0_w150_b1024__lstm__r0__w150__fold_3__seed_42,temporal,lstm,R0,150,3,42,,validation,class,alert,recall,0.8771929824561403
G2,reused_valid,G2__qualification_r0_w150_b1024__lstm__r0__w150__fold_3__seed_42,temporal,lstm,R0,150,3,42,,validation,class,alert,f1,0.8808290155440415
G2,reused_valid,G2__qualification_r0_w150_b1024__lstm__r0__w150__fold_3__seed_42,temporal,lstm,R0,150,3,42,,validation,class,fatigue,precision,0.0
G2,reused_valid,G2__qualification_r0_w150_b1024__lstm__r0__w150__fold_3__seed_42,temporal,lstm,R0,150,3,42,,validation,class,fatigue,recall,0.0
G2,reused_valid,G2__qualification_r0_w150_b1024__lstm__r0__w150__fold_3__seed_42,temporal,lstm,R0,150,3,42,,validation,class,fatigue,f1,0.0
G2,reused_valid,G2__qualification_r0_w150_b1024__lstm__r0__w150__fold_3__seed_42,temporal,lstm,R0,150,3,42,,validation,class,distraction,precision,0.27439024390243905
G2,reused_valid,G2__qualification_r0_w150_b1024__lstm__r0__w150__fold_3__seed_42,temporal,lstm,R0,150,3,42,,validation,class,distraction,recall,0.3103448275862069
G2,reused_valid,G2__qualification_r0_w150_b1024__lstm__r0__w150__fold_3__seed_42,temporal,lstm,R0,150,3,42,,validation,class,distraction,f1,0.2912621359223301
G2,reused_valid,G2__qualification_r0_w150_b1024__lstm__r0__w150__fold_3__seed_42,temporal,lstm,R0,150,3,42,,test,class,alert,precision,0.9390420899854862
G2,reused_valid,G2__qualification_r0_w150_b1024__lstm__r0__w150__fold_3__seed_42,temporal,lstm,R0,150,3,42,,test,class,alert,recall,0.947985347985348
G2,reused_valid,G2__qualification_r0_w150_b1024__lstm__r0__w150__fold_3__seed_42,temporal,lstm,R0,150,3,42,,test,class,alert,f1,0.9434925264309151
G2,reused_valid,G2__qualification_r0_w150_b1024__lstm__r0__w150__fold_3__seed_42,temporal,lstm,R0,150,3,42,,test,class,fatigue,precision,0.0
G2,reused_valid,G2__qualification_r0_w150_b1024__lstm__r0__w150__fold_3__seed_42,temporal,lstm,R0,150,3,42,,test,class,fatigue,recall,0.0
G2,reused_valid,G2__qualification_r0_w150_b1024__lstm__r0__w150__fold_3__seed_42,temporal,lstm,R0,150,3,42,,test,class,fatigue,f1,0.0
G2,reused_valid,G2__qualification_r0_w150_b1024__lstm__r0__w150__fold_3__seed_42,temporal,lstm,R0,150,3,42,,test,class,distraction,precision,0.3739130434782609
G2,reused_valid,G2__qualification_r0_w150_b1024__lstm__r0__w150__fold_3__seed_42,temporal,lstm,R0,150,3,42,,test,class,distraction,recall,0.4056603773584906
G2,reused_valid,G2__qualification_r0_w150_b1024__lstm__r0__w150__fold_3__seed_42,temporal,lstm,R0,150,3,42,,test,class,distraction,f1,0.3891402714932127
G2,reused_valid,G2__qualification_r0_w150_b1024__tcn__r0__w150__fold_3__seed_42,temporal,tcn,R0,150,3,42,,validation,class,alert,precision,0.8840125391849529
G2,reused_valid,G2__qualification_r0_w150_b1024__tcn__r0__w150__fold_3__seed_42,temporal,tcn,R0,150,3,42,,validation,class,alert,recall,0.8730650154798761
G2,reused_valid,G2__qualification_r0_w150_b1024__tcn__r0__w150__fold_3__seed_42,temporal,tcn,R0,150,3,42,,validation,class,alert,f1,0.8785046728971962
G2,reused_valid,G2__qualification_r0_w150_b1024__tcn__r0__w150__fold_3__seed_42,temporal,tcn,R0,150,3,42,,validation,class,fatigue,precision,0.0
G2,reused_valid,G2__qualification_r0_w150_b1024__tcn__r0__w150__fold_3__seed_42,temporal,tcn,R0,150,3,42,,validation,class,fatigue,recall,0.0
G2,reused_valid,G2__qualification_r0_w150_b1024__tcn__r0__w150__fold_3__seed_42,temporal,tcn,R0,150,3,42,,validation,class,fatigue,f1,0.0
G2,reused_valid,G2__qualification_r0_w150_b1024__tcn__r0__w150__fold_3__seed_42,temporal,tcn,R0,150,3,42,,validation,class,distraction,precision,0.26785714285714285
G2,reused_valid,G2__qualification_r0_w150_b1024__tcn__r0__w150__fold_3__seed_42,temporal,tcn,R0,150,3,42,,validation,class,distraction,recall,0.3103448275862069
G2,reused_valid,G2__qualification_r0_w150_b1024__tcn__r0__w150__fold_3__seed_42,temporal,tcn,R0,150,3,42,,validation,class,distraction,f1,0.28753993610223644
G2,reused_valid,G2__qualification_r0_w150_b1024__tcn__r0__w150__fold_3__seed_42,temporal,tcn,R0,150,3,42,,test,class,alert,precision,0.9395484340859432
G2,reused_valid,G2__qualification_r0_w150_b1024__tcn__r0__w150__fold_3__seed_42,temporal,tcn,R0,150,3,42,,test,class,alert,recall,0.945054945054945
G2,reused_valid,G2__qualification_r0_w150_b1024__tcn__r0__w150__fold_3__seed_42,temporal,tcn,R0,150,3,42,,test,class,alert,f1,0.9422936449963477
G2,reused_valid,G2__qualification_r0_w150_b1024__tcn__r0__w150__fold_3__seed_42,temporal,tcn,R0,150,3,42,,test,class,fatigue,precision,0.0
G2,reused_valid,G2__qualification_r0_w150_b1024__tcn__r0__w150__fold_3__seed_42,temporal,tcn,R0,150,3,42,,test,class,fatigue,recall,0.0
G2,reused_valid,G2__qualification_r0_w150_b1024__tcn__r0__w150__fold_3__seed_42,temporal,tcn,R0,150,3,42,,test,class,fatigue,f1,0.0
G2,reused_valid,G2__qualification_r0_w150_b1024__tcn__r0__w150__fold_3__seed_42,temporal,tcn,R0,150,3,42,,test,class,distraction,precision,0.375
G2,reused_valid,G2__qualification_r0_w150_b1024__tcn__r0__w150__fold_3__seed_42,temporal,tcn,R0,150,3,42,,test,class,distraction,recall,0.42452830188679247
G2,reused_valid,G2__qualification_r0_w150_b1024__tcn__r0__w150__fold_3__seed_42,temporal,tcn,R0,150,3,42,,test,class,distraction,f1,0.39823008849557523
G2,reused_valid,G2__qualification_r0_w150_b1024__transformer__r0__w150__fold_3__seed_42,temporal,transformer,R0,150,3,42,,validation,class,alert,precision,0.8835051546391752
G2,reused_valid,G2__qualification_r0_w150_b1024__transformer__r0__w150__fold_3__seed_42,temporal,transformer,R0,150,3,42,,validation,class,alert,recall,0.8844169246646026
G2,reused_valid,G2__qualification_r0_w150_b1024__transformer__r0__w150__fold_3__seed_42,temporal,transformer,R0,150,3,42,,validation,class,alert,f1,0.8839608045384219
G2,reused_valid,G2__qualification_r0_w150_b1024__transformer__r0__w150__fold_3__seed_42,temporal,transformer,R0,150,3,42,,validation,class,fatigue,precision,0.0
G2,reused_valid,G2__qualification_r0_w150_b1024__transformer__r0__w150__fold_3__seed_42,temporal,transformer,R0,150,3,42,,validation,class,fatigue,recall,0.0
G2,reused_valid,G2__qualification_r0_w150_b1024__transformer__r0__w150__fold_3__seed_42,temporal,transformer,R0,150,3,42,,validation,class,fatigue,f1,0.0
G2,reused_valid,G2__qualification_r0_w150_b1024__transformer__r0__w150__fold_3__seed_42,temporal,transformer,R0,150,3,42,,validation,class,distraction,precision,0.27741935483870966
G2,reused_valid,G2__qualification_r0_w150_b1024__transformer__r0__w150__fold_3__seed_42,temporal,transformer,R0,150,3,42,,validation,class,distraction,recall,0.296551724137931
G2,reused_valid,G2__qualification_r0_w150_b1024__transformer__r0__w150__fold_3__seed_42,temporal,transformer,R0,150,3,42,,validation,class,distraction,f1,0.2866666666666667
G2,reused_valid,G2__qualification_r0_w150_b1024__transformer__r0__w150__fold_3__seed_42,temporal,transformer,R0,150,3,42,,test,class,alert,precision,0.9376811594202898
G2,reused_valid,G2__qualification_r0_w150_b1024__transformer__r0__w150__fold_3__seed_42,temporal,transformer,R0,150,3,42,,test,class,alert,recall,0.947985347985348
G2,reused_valid,G2__qualification_r0_w150_b1024__transformer__r0__w150__fold_3__seed_42,temporal,transformer,R0,150,3,42,,test,class,alert,f1,0.9428051001821494
G2,reused_valid,G2__qualification_r0_w150_b1024__transformer__r0__w150__fold_3__seed_42,temporal,transformer,R0,150,3,42,,test,class,fatigue,precision,0.0
G2,reused_valid,G2__qualification_r0_w150_b1024__transformer__r0__w150__fold_3__seed_42,temporal,transformer,R0,150,3,42,,test,class,fatigue,recall,0.0
G2,reused_valid,G2__qualification_r0_w150_b1024__transformer__r0__w150__fold_3__seed_42,temporal,transformer,R0,150,3,42,,test,class,fatigue,f1,0.0
G2,reused_valid,G2__qualification_r0_w150_b1024__transformer__r0__w150__fold_3__seed_42,temporal,transformer,R0,150,3,42,,test,class,distraction,precision,0.37168141592920356
G2,reused_valid,G2__qualification_r0_w150_b1024__transformer__r0__w150__fold_3__seed_42,temporal,transformer,R0,150,3,42,,test,class,distraction,recall,0.39622641509433965
G2,reused_valid,G2__qualification_r0_w150_b1024__transformer__r0__w150__fold_3__seed_42,temporal,transformer,R0,150,3,42,,test,class,distraction,f1,0.3835616438356164
G2,reused_valid,G2__qualification_r0_w150_b1024__lstm__r0__w150__fold_4__seed_42,temporal,lstm,R0,150,4,42,,validation,class,alert,precision,0.9291581108829569
G2,reused_valid,G2__qualification_r0_w150_b1024__lstm__r0__w150__fold_4__seed_42,temporal,lstm,R0,150,4,42,,validation,class,alert,recall,0.9031936127744511
G2,reused_valid,G2__qualification_r0_w150_b1024__lstm__r0__w150__fold_4__seed_42,temporal,lstm,R0,150,4,42,,validation,class,alert,f1,0.9159919028340081
G2,reused_valid,G2__qualification_r0_w150_b1024__lstm__r0__w150__fold_4__seed_42,temporal,lstm,R0,150,4,42,,validation,class,fatigue,precision,0.0
G2,reused_valid,G2__qualification_r0_w150_b1024__lstm__r0__w150__fold_4__seed_42,temporal,lstm,R0,150,4,42,,validation,class,fatigue,recall,0.0
G2,reused_valid,G2__qualification_r0_w150_b1024__lstm__r0__w150__fold_4__seed_42,temporal,lstm,R0,150,4,42,,validation,class,fatigue,f1,0.0
G2,reused_valid,G2__qualification_r0_w150_b1024__lstm__r0__w150__fold_4__seed_42,temporal,lstm,R0,150,4,42,,validation,class,distraction,precision,0.2595419847328244
G2,reused_valid,G2__qualification_r0_w150_b1024__lstm__r0__w150__fold_4__seed_42,temporal,lstm,R0,150,4,42,,validation,class,distraction,recall,0.37362637362637363
G2,reused_valid,G2__qualification_r0_w150_b1024__lstm__r0__w150__fold_4__seed_42,temporal,lstm,R0,150,4,42,,validation,class,distraction,f1,0.3063063063063063
G2,reused_valid,G2__qualification_r0_w150_b1024__lstm__r0__w150__fold_4__seed_42,temporal,lstm,R0,150,4,42,,test,class,alert,precision,0.8885350318471338
G2,reused_valid,G2__qualification_r0_w150_b1024__lstm__r0__w150__fold_4__seed_42,temporal,lstm,R0,150,4,42,,test,class,alert,recall,0.8847780126849895
G2,reused_valid,G2__qualification_r0_w150_b1024__lstm__r0__w150__fold_4__seed_42,temporal,lstm,R0,150,4,42,,test,class,alert,f1,0.8866525423728814
G2,reused_valid,G2__qualification_r0_w150_b1024__lstm__r0__w150__fold_4__seed_42,temporal,lstm,R0,150,4,42,,test,class,distraction,precision,0.1865671641791045
G2,reused_valid,G2__qualification_r0_w150_b1024__lstm__r0__w150__fold_4__seed_42,temporal,lstm,R0,150,4,42,,test,class,distraction,recall,0.19230769230769232
G2,reused_valid,G2__qualification_r0_w150_b1024__lstm__r0__w150__fold_4__seed_42,temporal,lstm,R0,150,4,42,,test,class,distraction,f1,0.1893939393939394
G2,reused_valid,G2__qualification_r0_w150_b1024__tcn__r0__w150__fold_4__seed_42,temporal,tcn,R0,150,4,42,,validation,class,alert,precision,0.9358178053830227
G2,reused_valid,G2__qualification_r0_w150_b1024__tcn__r0__w150__fold_4__seed_42,temporal,tcn,R0,150,4,42,,validation,class,alert,recall,0.9021956087824351
G2,reused_valid,G2__qualification_r0_w150_b1024__tcn__r0__w150__fold_4__seed_42,temporal,tcn,R0,150,4,42,,validation,class,alert,f1,0.9186991869918699
G2,reused_valid,G2__qualification_r0_w150_b1024__tcn__r0__w150__fold_4__seed_42,temporal,tcn,R0,150,4,42,,validation,class,fatigue,precision,0.0
G2,reused_valid,G2__qualification_r0_w150_b1024__tcn__r0__w150__fold_4__seed_42,temporal,tcn,R0,150,4,42,,validation,class,fatigue,recall,0.0
G2,reused_valid,G2__qualification_r0_w150_b1024__tcn__r0__w150__fold_4__seed_42,temporal,tcn,R0,150,4,42,,validation,class,fatigue,f1,0.0
G2,reused_valid,G2__qualification_r0_w150_b1024__tcn__r0__w150__fold_4__seed_42,temporal,tcn,R0,150,4,42,,validation,class,distraction,precision,0.2949640287769784
G2,reused_valid,G2__qualification_r0_w150_b1024__tcn__r0__w150__fold_4__seed_42,temporal,tcn,R0,150,4,42,,validation,class,distraction,recall,0.45054945054945056
G2,reused_valid,G2__qualification_r0_w150_b1024__tcn__r0__w150__fold_4__seed_42,temporal,tcn,R0,150,4,42,,validation,class,distraction,f1,0.3565217391304348
G2,reused_valid,G2__qualification_r0_w150_b1024__tcn__r0__w150__fold_4__seed_42,temporal,tcn,R0,150,4,42,,test,class,alert,precision,0.8888888888888888
G2,reused_valid,G2__qualification_r0_w150_b1024__tcn__r0__w150__fold_4__seed_42,temporal,tcn,R0,150,4,42,,test,class,alert,recall,0.8456659619450317
G2,reused_valid,G2__qualification_r0_w150_b1024__tcn__r0__w150__fold_4__seed_42,temporal,tcn,R0,150,4,42,,test,class,alert,f1,0.866738894907909
G2,reused_valid,G2__qualification_r0_w150_b1024__tcn__r0__w150__fold_4__seed_42,temporal,tcn,R0,150,4,42,,test,class,distraction,precision,0.17045454545454544
G2,reused_valid,G2__qualification_r0_w150_b1024__tcn__r0__w150__fold_4__seed_42,temporal,tcn,R0,150,4,42,,test,class,distraction,recall,0.23076923076923078
G2,reused_valid,G2__qualification_r0_w150_b1024__tcn__r0__w150__fold_4__seed_42,temporal,tcn,R0,150,4,42,,test,class,distraction,f1,0.19607843137254902
G2,reused_valid,G2__qualification_r0_w150_b1024__transformer__r0__w150__fold_4__seed_42,temporal,transformer,R0,150,4,42,,validation,class,alert,precision,0.9349173553719008
G2,reused_valid,G2__qualification_r0_w150_b1024__transformer__r0__w150__fold_4__seed_42,temporal,transformer,R0,150,4,42,,validation,class,alert,recall,0.9031936127744511
G2,reused_valid,G2__qualification_r0_w150_b1024__transformer__r0__w150__fold_4__seed_42,temporal,transformer,R0,150,4,42,,validation,class,alert,f1,0.9187817258883249
G2,reused_valid,G2__qualification_r0_w150_b1024__transformer__r0__w150__fold_4__seed_42,temporal,transformer,R0,150,4,42,,validation,class,fatigue,precision,0.0
G2,reused_valid,G2__qualification_r0_w150_b1024__transformer__r0__w150__fold_4__seed_42,temporal,transformer,R0,150,4,42,,validation,class,fatigue,recall,0.0
G2,reused_valid,G2__qualification_r0_w150_b1024__transformer__r0__w150__fold_4__seed_42,temporal,transformer,R0,150,4,42,,validation,class,fatigue,f1,0.0
G2,reused_valid,G2__qualification_r0_w150_b1024__transformer__r0__w150__fold_4__seed_42,temporal,transformer,R0,150,4,42,,validation,class,distraction,precision,0.291970802919708
G2,reused_valid,G2__qualification_r0_w150_b1024__transformer__r0__w150__fold_4__seed_42,temporal,transformer,R0,150,4,42,,validation,class,distraction,recall,0.43956043956043955
G2,reused_valid,G2__qualification_r0_w150_b1024__transformer__r0__w150__fold_4__seed_42,temporal,transformer,R0,150,4,42,,validation,class,distraction,f1,0.3508771929824561
G2,reused_valid,G2__qualification_r0_w150_b1024__transformer__r0__w150__fold_4__seed_42,temporal,transformer,R0,150,4,42,,test,class,alert,precision,0.8874316939890711
G2,reused_valid,G2__qualification_r0_w150_b1024__transformer__r0__w150__fold_4__seed_42,temporal,transformer,R0,150,4,42,,test,class,alert,recall,0.8583509513742071
G2,reused_valid,G2__qualification_r0_w150_b1024__transformer__r0__w150__fold_4__seed_42,temporal,transformer,R0,150,4,42,,test,class,alert,f1,0.8726491133799033
G2,reused_valid,G2__qualification_r0_w150_b1024__transformer__r0__w150__fold_4__seed_42,temporal,transformer,R0,150,4,42,,test,class,distraction,precision,0.16770186335403728
G2,reused_valid,G2__qualification_r0_w150_b1024__transformer__r0__w150__fold_4__seed_42,temporal,transformer,R0,150,4,42,,test,class,distraction,recall,0.2076923076923077
G2,reused_valid,G2__qualification_r0_w150_b1024__transformer__r0__w150__fold_4__seed_42,temporal,transformer,R0,150,4,42,,test,class,distraction,f1,0.18556701030927836
G4,reused_valid,G4__g4_b_class_weights_w150__transformer__r0__w150__fold_1__seed_42,temporal,transformer,R0,150,1,42,,validation,class,alert,precision,0.9177750906892382
G4,reused_valid,G4__g4_b_class_weights_w150__transformer__r0__w150__fold_1__seed_42,temporal,transformer,R0,150,1,42,,validation,class,alert,recall,0.7597597597597597
G4,reused_valid,G4__g4_b_class_weights_w150__transformer__r0__w150__fold_1__seed_42,temporal,transformer,R0,150,1,42,,validation,class,alert,f1,0.8313253012048193
G4,reused_valid,G4__g4_b_class_weights_w150__transformer__r0__w150__fold_1__seed_42,temporal,transformer,R0,150,1,42,,validation,class,fatigue,precision,0.0
G4,reused_valid,G4__g4_b_class_weights_w150__transformer__r0__w150__fold_1__seed_42,temporal,transformer,R0,150,1,42,,validation,class,fatigue,recall,0.0
G4,reused_valid,G4__g4_b_class_weights_w150__transformer__r0__w150__fold_1__seed_42,temporal,transformer,R0,150,1,42,,validation,class,fatigue,f1,0.0
G4,reused_valid,G4__g4_b_class_weights_w150__transformer__r0__w150__fold_1__seed_42,temporal,transformer,R0,150,1,42,,validation,class,distraction,precision,0.37566137566137564
G4,reused_valid,G4__g4_b_class_weights_w150__transformer__r0__w150__fold_1__seed_42,temporal,transformer,R0,150,1,42,,validation,class,distraction,recall,0.45806451612903226
G4,reused_valid,G4__g4_b_class_weights_w150__transformer__r0__w150__fold_1__seed_42,temporal,transformer,R0,150,1,42,,validation,class,distraction,f1,0.4127906976744186
G4,reused_valid,G4__g4_b_class_weights_w150__transformer__r0__w150__fold_1__seed_42,temporal,transformer,R0,150,1,42,,test,class,alert,precision,0.9821162444113264
G4,reused_valid,G4__g4_b_class_weights_w150__transformer__r0__w150__fold_1__seed_42,temporal,transformer,R0,150,1,42,,test,class,alert,recall,0.6045871559633027
G4,reused_valid,G4__g4_b_class_weights_w150__transformer__r0__w150__fold_1__seed_42,temporal,transformer,R0,150,1,42,,test,class,alert,f1,0.7484383872799546
G4,reused_valid,G4__g4_b_class_weights_w150__transformer__r0__w150__fold_1__seed_42,temporal,transformer,R0,150,1,42,,test,class,fatigue,precision,0.0
G4,reused_valid,G4__g4_b_class_weights_w150__transformer__r0__w150__fold_1__seed_42,temporal,transformer,R0,150,1,42,,test,class,fatigue,recall,0.0
G4,reused_valid,G4__g4_b_class_weights_w150__transformer__r0__w150__fold_1__seed_42,temporal,transformer,R0,150,1,42,,test,class,fatigue,f1,0.0
G4,reused_valid,G4__g4_b_class_weights_w150__transformer__r0__w150__fold_1__seed_42,temporal,transformer,R0,150,1,42,,test,class,distraction,precision,0.43431952662721895
G4,reused_valid,G4__g4_b_class_weights_w150__transformer__r0__w150__fold_1__seed_42,temporal,transformer,R0,150,1,42,,test,class,distraction,recall,0.976063829787234
G4,reused_valid,G4__g4_b_class_weights_w150__transformer__r0__w150__fold_1__seed_42,temporal,transformer,R0,150,1,42,,test,class,distraction,f1,0.6011466011466011
G4,reused_valid,G4__g4_b_class_weights_w150__transformer__r0__w150__fold_2__seed_42,temporal,transformer,R0,150,2,42,,validation,class,alert,precision,0.9488372093023256
G4,reused_valid,G4__g4_b_class_weights_w150__transformer__r0__w150__fold_2__seed_42,temporal,transformer,R0,150,2,42,,validation,class,alert,recall,0.7597765363128491
G4,reused_valid,G4__g4_b_class_weights_w150__transformer__r0__w150__fold_2__seed_42,temporal,transformer,R0,150,2,42,,validation,class,alert,f1,0.843846949327818
G4,reused_valid,G4__g4_b_class_weights_w150__transformer__r0__w150__fold_2__seed_42,temporal,transformer,R0,150,2,42,,validation,class,fatigue,precision,0.0
G4,reused_valid,G4__g4_b_class_weights_w150__transformer__r0__w150__fold_2__seed_42,temporal,transformer,R0,150,2,42,,validation,class,fatigue,recall,0.0
G4,reused_valid,G4__g4_b_class_weights_w150__transformer__r0__w150__fold_2__seed_42,temporal,transformer,R0,150,2,42,,validation,class,fatigue,f1,0.0
G4,reused_valid,G4__g4_b_class_weights_w150__transformer__r0__w150__fold_2__seed_42,temporal,transformer,R0,150,2,42,,validation,class,distraction,precision,0.15
G4,reused_valid,G4__g4_b_class_weights_w150__transformer__r0__w150__fold_2__seed_42,temporal,transformer,R0,150,2,42,,validation,class,distraction,recall,0.5675675675675675
G4,reused_valid,G4__g4_b_class_weights_w150__transformer__r0__w150__fold_2__seed_42,temporal,transformer,R0,150,2,42,,validation,class,distraction,f1,0.23728813559322035
G4,reused_valid,G4__g4_b_class_weights_w150__transformer__r0__w150__fold_2__seed_42,temporal,transformer,R0,150,2,42,,test,class,alert,precision,0.9447811447811448
G4,reused_valid,G4__g4_b_class_weights_w150__transformer__r0__w150__fold_2__seed_42,temporal,transformer,R0,150,2,42,,test,class,alert,recall,0.8993589743589744
G4,reused_valid,G4__g4_b_class_weights_w150__transformer__r0__w150__fold_2__seed_42,temporal,transformer,R0,150,2,42,,test,class,alert,f1,0.9215106732348112
G4,reused_valid,G4__g4_b_class_weights_w150__transformer__r0__w150__fold_2__seed_42,temporal,transformer,R0,150,2,42,,test,class,distraction,precision,0.594855305466238
G4,reused_valid,G4__g4_b_class_weights_w150__transformer__r0__w150__fold_2__seed_42,temporal,transformer,R0,150,2,42,,test,class,distraction,recall,0.6583629893238434
G4,reused_valid,G4__g4_b_class_weights_w150__transformer__r0__w150__fold_2__seed_42,temporal,transformer,R0,150,2,42,,test,class,distraction,f1,0.625
G4,reused_valid,G4__g4_b_class_weights_w150__transformer__r0__w150__fold_3__seed_42,temporal,transformer,R0,150,3,42,,validation,class,alert,precision,0.8998778998778999
G4,reused_valid,G4__g4_b_class_weights_w150__transformer__r0__w150__fold_3__seed_42,temporal,transformer,R0,150,3,42,,validation,class,alert,recall,0.760577915376677
G4,reused_valid,G4__g4_b_class_weights_w150__transformer__r0__w150__fold_3__seed_42,temporal,transformer,R0,150,3,42,,validation,class,alert,f1,0.8243847874720358
G4,reused_valid,G4__g4_b_class_weights_w150__transformer__r0__w150__fold_3__seed_42,temporal,transformer,R0,150,3,42,,validation,class,fatigue,precision,0.0
G4,reused_valid,G4__g4_b_class_weights_w150__transformer__r0__w150__fold_3__seed_42,temporal,transformer,R0,150,3,42,,validation,class,fatigue,recall,0.0
G4,reused_valid,G4__g4_b_class_weights_w150__transformer__r0__w150__fold_3__seed_42,temporal,transformer,R0,150,3,42,,validation,class,fatigue,f1,0.0
G4,reused_valid,G4__g4_b_class_weights_w150__transformer__r0__w150__fold_3__seed_42,temporal,transformer,R0,150,3,42,,validation,class,distraction,precision,0.26717557251908397
G4,reused_valid,G4__g4_b_class_weights_w150__transformer__r0__w150__fold_3__seed_42,temporal,transformer,R0,150,3,42,,validation,class,distraction,recall,0.4827586206896552
G4,reused_valid,G4__g4_b_class_weights_w150__transformer__r0__w150__fold_3__seed_42,temporal,transformer,R0,150,3,42,,validation,class,distraction,f1,0.343980343980344
G4,reused_valid,G4__g4_b_class_weights_w150__transformer__r0__w150__fold_3__seed_42,temporal,transformer,R0,150,3,42,,test,class,alert,precision,0.9645881447267128
G4,reused_valid,G4__g4_b_class_weights_w150__transformer__r0__w150__fold_3__seed_42,temporal,transformer,R0,150,3,42,,test,class,alert,recall,0.9179487179487179
G4,reused_valid,G4__g4_b_class_weights_w150__transformer__r0__w150__fold_3__seed_42,temporal,transformer,R0,150,3,42,,test,class,alert,f1,0.9406906906906907
G4,reused_valid,G4__g4_b_class_weights_w150__transformer__r0__w150__fold_3__seed_42,temporal,transformer,R0,150,3,42,,test,class,fatigue,precision,0.0
G4,reused_valid,G4__g4_b_class_weights_w150__transformer__r0__w150__fold_3__seed_42,temporal,transformer,R0,150,3,42,,test,class,fatigue,recall,0.0
G4,reused_valid,G4__g4_b_class_weights_w150__transformer__r0__w150__fold_3__seed_42,temporal,transformer,R0,150,3,42,,test,class,fatigue,f1,0.0
G4,reused_valid,G4__g4_b_class_weights_w150__transformer__r0__w150__fold_3__seed_42,temporal,transformer,R0,150,3,42,,test,class,distraction,precision,0.375
G4,reused_valid,G4__g4_b_class_weights_w150__transformer__r0__w150__fold_3__seed_42,temporal,transformer,R0,150,3,42,,test,class,distraction,recall,0.6226415094339622
G4,reused_valid,G4__g4_b_class_weights_w150__transformer__r0__w150__fold_3__seed_42,temporal,transformer,R0,150,3,42,,test,class,distraction,f1,0.46808510638297873
G4,reused_valid,G4__g4_b_class_weights_w150__transformer__r0__w150__fold_4__seed_42,temporal,transformer,R0,150,4,42,,validation,class,alert,precision,0.9412568306010929
G4,reused_valid,G4__g4_b_class_weights_w150__transformer__r0__w150__fold_4__seed_42,temporal,transformer,R0,150,4,42,,validation,class,alert,recall,0.687624750499002
G4,reused_valid,G4__g4_b_class_weights_w150__transformer__r0__w150__fold_4__seed_42,temporal,transformer,R0,150,4,42,,validation,class,alert,f1,0.7946943483275664
G4,reused_valid,G4__g4_b_class_weights_w150__transformer__r0__w150__fold_4__seed_42,temporal,transformer,R0,150,4,42,,validation,class,fatigue,precision,0.031746031746031744
G4,reused_valid,G4__g4_b_class_weights_w150__transformer__r0__w150__fold_4__seed_42,temporal,transformer,R0,150,4,42,,validation,class,fatigue,recall,0.5
G4,reused_valid,G4__g4_b_class_weights_w150__transformer__r0__w150__fold_4__seed_42,temporal,transformer,R0,150,4,42,,validation,class,fatigue,f1,0.05970149253731343
G4,reused_valid,G4__g4_b_class_weights_w150__transformer__r0__w150__fold_4__seed_42,temporal,transformer,R0,150,4,42,,validation,class,distraction,precision,0.22826086956521738
G4,reused_valid,G4__g4_b_class_weights_w150__transformer__r0__w150__fold_4__seed_42,temporal,transformer,R0,150,4,42,,validation,class,distraction,recall,0.46153846153846156
G4,reused_valid,G4__g4_b_class_weights_w150__transformer__r0__w150__fold_4__seed_42,temporal,transformer,R0,150,4,42,,validation,class,distraction,f1,0.3054545454545455
G4,reused_valid,G4__g4_b_class_weights_w150__transformer__r0__w150__fold_4__seed_42,temporal,transformer,R0,150,4,42,,test,class,alert,precision,0.9129852744310576
G4,reused_valid,G4__g4_b_class_weights_w150__transformer__r0__w150__fold_4__seed_42,temporal,transformer,R0,150,4,42,,test,class,alert,recall,0.7209302325581395
G4,reused_valid,G4__g4_b_class_weights_w150__transformer__r0__w150__fold_4__seed_42,temporal,transformer,R0,150,4,42,,test,class,alert,f1,0.8056704075605434
G4,reused_valid,G4__g4_b_class_weights_w150__transformer__r0__w150__fold_4__seed_42,temporal,transformer,R0,150,4,42,,test,class,distraction,precision,0.21888412017167383
G4,reused_valid,G4__g4_b_class_weights_w150__transformer__r0__w150__fold_4__seed_42,temporal,transformer,R0,150,4,42,,test,class,distraction,recall,0.3923076923076923
G4,reused_valid,G4__g4_b_class_weights_w150__transformer__r0__w150__fold_4__seed_42,temporal,transformer,R0,150,4,42,,test,class,distraction,f1,0.2809917355371901
G4,reused_valid,G4__g4_b_class_weights_w60__lstm__r0__w60__fold_1__seed_42,temporal,lstm,R0,60,1,42,,validation,class,alert,precision,0.9034994697773064
G4,reused_valid,G4__g4_b_class_weights_w60__lstm__r0__w60__fold_1__seed_42,temporal,lstm,R0,60,1,42,,validation,class,alert,recall,0.8402366863905325
G4,reused_valid,G4__g4_b_class_weights_w60__lstm__r0__w60__fold_1__seed_42,temporal,lstm,R0,60,1,42,,validation,class,alert,f1,0.8707204905467553
G4,reused_valid,G4__g4_b_class_weights_w60__lstm__r0__w60__fold_1__seed_42,temporal,lstm,R0,60,1,42,,validation,class,fatigue,precision,0.08333333333333333
G4,reused_valid,G4__g4_b_class_weights_w60__lstm__r0__w60__fold_1__seed_42,temporal,lstm,R0,60,1,42,,validation,class,fatigue,recall,0.5
G4,reused_valid,G4__g4_b_class_weights_w60__lstm__r0__w60__fold_1__seed_42,temporal,lstm,R0,60,1,42,,validation,class,fatigue,f1,0.14285714285714285
G4,reused_valid,G4__g4_b_class_weights_w60__lstm__r0__w60__fold_1__seed_42,temporal,lstm,R0,60,1,42,,validation,class,distraction,precision,0.3286384976525822
G4,reused_valid,G4__g4_b_class_weights_w60__lstm__r0__w60__fold_1__seed_42,temporal,lstm,R0,60,1,42,,validation,class,distraction,recall,0.43209876543209874
G4,reused_valid,G4__g4_b_class_weights_w60__lstm__r0__w60__fold_1__seed_42,temporal,lstm,R0,60,1,42,,validation,class,distraction,f1,0.37333333333333335
G4,reused_valid,G4__g4_b_class_weights_w60__lstm__r0__w60__fold_1__seed_42,temporal,lstm,R0,60,1,42,,test,class,alert,precision,0.9374201787994891
G4,reused_valid,G4__g4_b_class_weights_w60__lstm__r0__w60__fold_1__seed_42,temporal,lstm,R0,60,1,42,,test,class,alert,recall,0.6746323529411765
G4,reused_valid,G4__g4_b_class_weights_w60__lstm__r0__w60__fold_1__seed_42,temporal,lstm,R0,60,1,42,,test,class,alert,f1,0.7846071619454837
G4,reused_valid,G4__g4_b_class_weights_w60__lstm__r0__w60__fold_1__seed_42,temporal,lstm,R0,60,1,42,,test,class,fatigue,precision,0.021739130434782608
G4,reused_valid,G4__g4_b_class_weights_w60__lstm__r0__w60__fold_1__seed_42,temporal,lstm,R0,60,1,42,,test,class,fatigue,recall,0.07462686567164178
G4,reused_valid,G4__g4_b_class_weights_w60__lstm__r0__w60__fold_1__seed_42,temporal,lstm,R0,60,1,42,,test,class,fatigue,f1,0.03367003367003367
G4,reused_valid,G4__g4_b_class_weights_w60__lstm__r0__w60__fold_1__seed_42,temporal,lstm,R0,60,1,42,,test,class,distraction,precision,0.5758157389635317
G4,reused_valid,G4__g4_b_class_weights_w60__lstm__r0__w60__fold_1__seed_42,temporal,lstm,R0,60,1,42,,test,class,distraction,recall,0.7915567282321899
G4,reused_valid,G4__g4_b_class_weights_w60__lstm__r0__w60__fold_1__seed_42,temporal,lstm,R0,60,1,42,,test,class,distraction,f1,0.6666666666666666
G4,reused_valid,G4__g4_b_class_weights_w60__lstm__r0__w60__fold_2__seed_42,temporal,lstm,R0,60,2,42,,validation,class,alert,precision,0.9399092970521542
G4,reused_valid,G4__g4_b_class_weights_w60__lstm__r0__w60__fold_2__seed_42,temporal,lstm,R0,60,2,42,,validation,class,alert,recall,0.7675925925925926
G4,reused_valid,G4__g4_b_class_weights_w60__lstm__r0__w60__fold_2__seed_42,temporal,lstm,R0,60,2,42,,validation,class,alert,f1,0.8450560652395515
G4,reused_valid,G4__g4_b_class_weights_w60__lstm__r0__w60__fold_2__seed_42,temporal,lstm,R0,60,2,42,,validation,class,fatigue,precision,0.0
G4,reused_valid,G4__g4_b_class_weights_w60__lstm__r0__w60__fold_2__seed_42,temporal,lstm,R0,60,2,42,,validation,class,fatigue,recall,0.0
G4,reused_valid,G4__g4_b_class_weights_w60__lstm__r0__w60__fold_2__seed_42,temporal,lstm,R0,60,2,42,,validation,class,fatigue,f1,0.0
G4,reused_valid,G4__g4_b_class_weights_w60__lstm__r0__w60__fold_2__seed_42,temporal,lstm,R0,60,2,42,,validation,class,distraction,precision,0.10689655172413794
G4,reused_valid,G4__g4_b_class_weights_w60__lstm__r0__w60__fold_2__seed_42,temporal,lstm,R0,60,2,42,,validation,class,distraction,recall,0.40789473684210525
G4,reused_valid,G4__g4_b_class_weights_w60__lstm__r0__w60__fold_2__seed_42,temporal,lstm,R0,60,2,42,,validation,class,distraction,f1,0.16939890710382513
G4,reused_valid,G4__g4_b_class_weights_w60__lstm__r0__w60__fold_2__seed_42,temporal,lstm,R0,60,2,42,,test,class,alert,precision,0.9318181818181818
G4,reused_valid,G4__g4_b_class_weights_w60__lstm__r0__w60__fold_2__seed_42,temporal,lstm,R0,60,2,42,,test,class,alert,recall,0.913430935709739
G4,reused_valid,G4__g4_b_class_weights_w60__lstm__r0__w60__fold_2__seed_42,temporal,lstm,R0,60,2,42,,test,class,alert,f1,0.9225329476052716
G4,reused_valid,G4__g4_b_class_weights_w60__lstm__r0__w60__fold_2__seed_42,temporal,lstm,R0,60,2,42,,test,class,distraction,precision,0.5820433436532507
G4,reused_valid,G4__g4_b_class_weights_w60__lstm__r0__w60__fold_2__seed_42,temporal,lstm,R0,60,2,42,,test,class,distraction,recall,0.6416382252559727
G4,reused_valid,G4__g4_b_class_weights_w60__lstm__r0__w60__fold_2__seed_42,temporal,lstm,R0,60,2,42,,test,class,distraction,f1,0.6103896103896104
G4,reused_valid,G4__g4_b_class_weights_w60__lstm__r0__w60__fold_3__seed_42,temporal,lstm,R0,60,3,42,,validation,class,alert,precision,0.8808618504435995
G4,reused_valid,G4__g4_b_class_weights_w60__lstm__r0__w60__fold_3__seed_42,temporal,lstm,R0,60,3,42,,validation,class,alert,recall,0.704868154158215
G4,reused_valid,G4__g4_b_class_weights_w60__lstm__r0__w60__fold_3__seed_42,temporal,lstm,R0,60,3,42,,validation,class,alert,f1,0.7830985915492957
G4,reused_valid,G4__g4_b_class_weights_w60__lstm__r0__w60__fold_3__seed_42,temporal,lstm,R0,60,3,42,,validation,class,fatigue,precision,0.05785123966942149
G4,reused_valid,G4__g4_b_class_weights_w60__lstm__r0__w60__fold_3__seed_42,temporal,lstm,R0,60,3,42,,validation,class,fatigue,recall,0.5384615384615384
G4,reused_valid,G4__g4_b_class_weights_w60__lstm__r0__w60__fold_3__seed_42,temporal,lstm,R0,60,3,42,,validation,class,fatigue,f1,0.1044776119402985
G4,reused_valid,G4__g4_b_class_weights_w60__lstm__r0__w60__fold_3__seed_42,temporal,lstm,R0,60,3,42,,validation,class,distraction,precision,0.24896265560165975
G4,reused_valid,G4__g4_b_class_weights_w60__lstm__r0__w60__fold_3__seed_42,temporal,lstm,R0,60,3,42,,validation,class,distraction,recall,0.39473684210526316
G4,reused_valid,G4__g4_b_class_weights_w60__lstm__r0__w60__fold_3__seed_42,temporal,lstm,R0,60,3,42,,validation,class,distraction,f1,0.3053435114503817
G4,reused_valid,G4__g4_b_class_weights_w60__lstm__r0__w60__fold_3__seed_42,temporal,lstm,R0,60,3,42,,test,class,alert,precision,0.9620355411954766
G4,reused_valid,G4__g4_b_class_weights_w60__lstm__r0__w60__fold_3__seed_42,temporal,lstm,R0,60,3,42,,test,class,alert,recall,0.8712509144111192
G4,reused_valid,G4__g4_b_class_weights_w60__lstm__r0__w60__fold_3__seed_42,temporal,lstm,R0,60,3,42,,test,class,alert,f1,0.9143953934740883
G4,reused_valid,G4__g4_b_class_weights_w60__lstm__r0__w60__fold_3__seed_42,temporal,lstm,R0,60,3,42,,test,class,fatigue,precision,0.08163265306122448
G4,reused_valid,G4__g4_b_class_weights_w60__lstm__r0__w60__fold_3__seed_42,temporal,lstm,R0,60,3,42,,test,class,fatigue,recall,0.19047619047619047
G4,reused_valid,G4__g4_b_class_weights_w60__lstm__r0__w60__fold_3__seed_42,temporal,lstm,R0,60,3,42,,test,class,fatigue,f1,0.11428571428571428
G4,reused_valid,G4__g4_b_class_weights_w60__lstm__r0__w60__fold_3__seed_42,temporal,lstm,R0,60,3,42,,test,class,distraction,precision,0.3145539906103286
G4,reused_valid,G4__g4_b_class_weights_w60__lstm__r0__w60__fold_3__seed_42,temporal,lstm,R0,60,3,42,,test,class,distraction,recall,0.5982142857142857
G4,reused_valid,G4__g4_b_class_weights_w60__lstm__r0__w60__fold_3__seed_42,temporal,lstm,R0,60,3,42,,test,class,distraction,f1,0.4123076923076923
G4,reused_valid,G4__g4_b_class_weights_w60__lstm__r0__w60__fold_4__seed_42,temporal,lstm,R0,60,4,42,,validation,class,alert,precision,0.92578125
G4,reused_valid,G4__g4_b_class_weights_w60__lstm__r0__w60__fold_4__seed_42,temporal,lstm,R0,60,4,42,,validation,class,alert,recall,0.7025691699604744
G4,reused_valid,G4__g4_b_class_weights_w60__lstm__r0__w60__fold_4__seed_42,temporal,lstm,R0,60,4,42,,validation,class,alert,f1,0.798876404494382
G4,reused_valid,G4__g4_b_class_weights_w60__lstm__r0__w60__fold_4__seed_42,temporal,lstm,R0,60,4,42,,validation,class,fatigue,precision,0.05921052631578947
G4,reused_valid,G4__g4_b_class_weights_w60__lstm__r0__w60__fold_4__seed_42,temporal,lstm,R0,60,4,42,,validation,class,fatigue,recall,0.5294117647058824
G4,reused_valid,G4__g4_b_class_weights_w60__lstm__r0__w60__fold_4__seed_42,temporal,lstm,R0,60,4,42,,validation,class,fatigue,f1,0.10650887573964497
G4,reused_valid,G4__g4_b_class_weights_w60__lstm__r0__w60__fold_4__seed_42,temporal,lstm,R0,60,4,42,,validation,class,distraction,precision,0.22439024390243903
G4,reused_valid,G4__g4_b_class_weights_w60__lstm__r0__w60__fold_4__seed_42,temporal,lstm,R0,60,4,42,,validation,class,distraction,recall,0.4791666666666667
G4,reused_valid,G4__g4_b_class_weights_w60__lstm__r0__w60__fold_4__seed_42,temporal,lstm,R0,60,4,42,,validation,class,distraction,f1,0.30564784053156147
G4,reused_valid,G4__g4_b_class_weights_w60__lstm__r0__w60__fold_4__seed_42,temporal,lstm,R0,60,4,42,,test,class,alert,precision,0.898876404494382
G4,reused_valid,G4__g4_b_class_weights_w60__lstm__r0__w60__fold_4__seed_42,temporal,lstm,R0,60,4,42,,test,class,alert,recall,0.7523510971786834
G4,reused_valid,G4__g4_b_class_weights_w60__lstm__r0__w60__fold_4__seed_42,temporal,lstm,R0,60,4,42,,test,class,alert,f1,0.8191126279863481
G4,reused_valid,G4__g4_b_class_weights_w60__lstm__r0__w60__fold_4__seed_42,temporal,lstm,R0,60,4,42,,test,class,distraction,precision,0.20080321285140562
G4,reused_valid,G4__g4_b_class_weights_w60__lstm__r0__w60__fold_4__seed_42,temporal,lstm,R0,60,4,42,,test,class,distraction,recall,0.36231884057971014
G4,reused_valid,G4__g4_b_class_weights_w60__lstm__r0__w60__fold_4__seed_42,temporal,lstm,R0,60,4,42,,test,class,distraction,f1,0.25839793281653745
G4,reused_valid,G4__g4_b_class_weights_w60__svm__r0__w60__fold_1__seed_42,classical,svm,R0,60,1,42,class_weights,validation,class,alert,precision,0.8963350785340314
G4,reused_valid,G4__g4_b_class_weights_w60__svm__r0__w60__fold_1__seed_42,classical,svm,R0,60,1,42,class_weights,validation,class,alert,recall,0.8441814595660749
G4,reused_valid,G4__g4_b_class_weights_w60__svm__r0__w60__fold_1__seed_42,classical,svm,R0,60,1,42,class_weights,validation,class,alert,f1,0.8694768918232605
G4,reused_valid,G4__g4_b_class_weights_w60__svm__r0__w60__fold_1__seed_42,classical,svm,R0,60,1,42,class_weights,validation,class,fatigue,precision,0.18181818181818182
G4,reused_valid,G4__g4_b_class_weights_w60__svm__r0__w60__fold_1__seed_42,classical,svm,R0,60,1,42,class_weights,validation,class,fatigue,recall,0.5
G4,reused_valid,G4__g4_b_class_weights_w60__svm__r0__w60__fold_1__seed_42,classical,svm,R0,60,1,42,class_weights,validation,class,fatigue,f1,0.26666666666666666
G4,reused_valid,G4__g4_b_class_weights_w60__svm__r0__w60__fold_1__seed_42,classical,svm,R0,60,1,42,class_weights,validation,class,distraction,precision,0.3037383177570093
G4,reused_valid,G4__g4_b_class_weights_w60__svm__r0__w60__fold_1__seed_42,classical,svm,R0,60,1,42,class_weights,validation,class,distraction,recall,0.4012345679012346
G4,reused_valid,G4__g4_b_class_weights_w60__svm__r0__w60__fold_1__seed_42,classical,svm,R0,60,1,42,class_weights,validation,class,distraction,f1,0.34574468085106386
G4,reused_valid,G4__g4_b_class_weights_w60__svm__r0__w60__fold_1__seed_42,classical,svm,R0,60,1,42,class_weights,test,class,alert,precision,0.8725376593279258
G4,reused_valid,G4__g4_b_class_weights_w60__svm__r0__w60__fold_1__seed_42,classical,svm,R0,60,1,42,class_weights,test,class,alert,recall,0.6920955882352942
G4,reused_valid,G4__g4_b_class_weights_w60__svm__r0__w60__fold_1__seed_42,classical,svm,R0,60,1,42,class_weights,test,class,alert,f1,0.7719118400820092
G4,reused_valid,G4__g4_b_class_weights_w60__svm__r0__w60__fold_1__seed_42,classical,svm,R0,60,1,42,class_weights,test,class,fatigue,precision,0.0
G4,reused_valid,G4__g4_b_class_weights_w60__svm__r0__w60__fold_1__seed_42,classical,svm,R0,60,1,42,class_weights,test,class,fatigue,recall,0.0
G4,reused_valid,G4__g4_b_class_weights_w60__svm__r0__w60__fold_1__seed_42,classical,svm,R0,60,1,42,class_weights,test,class,fatigue,f1,0.0
G4,reused_valid,G4__g4_b_class_weights_w60__svm__r0__w60__fold_1__seed_42,classical,svm,R0,60,1,42,class_weights,test,class,distraction,precision,0.4343891402714932
G4,reused_valid,G4__g4_b_class_weights_w60__svm__r0__w60__fold_1__seed_42,classical,svm,R0,60,1,42,class_weights,test,class,distraction,recall,0.7598944591029023
G4,reused_valid,G4__g4_b_class_weights_w60__svm__r0__w60__fold_1__seed_42,classical,svm,R0,60,1,42,class_weights,test,class,distraction,f1,0.5527831094049904
G4,reused_valid,G4__g4_b_class_weights_w60__svm__r0__w60__fold_2__seed_42,classical,svm,R0,60,2,42,class_weights,validation,class,alert,precision,0.9334889148191365
G4,reused_valid,G4__g4_b_class_weights_w60__svm__r0__w60__fold_2__seed_42,classical,svm,R0,60,2,42,class_weights,validation,class,alert,recall,0.7407407407407407
G4,reused_valid,G4__g4_b_class_weights_w60__svm__r0__w60__fold_2__seed_42,classical,svm,R0,60,2,42,class_weights,validation,class,alert,f1,0.8260196179659267
G4,reused_valid,G4__g4_b_class_weights_w60__svm__r0__w60__fold_2__seed_42,classical,svm,R0,60,2,42,class_weights,validation,class,fatigue,precision,0.02127659574468085
G4,reused_valid,G4__g4_b_class_weights_w60__svm__r0__w60__fold_2__seed_42,classical,svm,R0,60,2,42,class_weights,validation,class,fatigue,recall,0.058823529411764705
G4,reused_valid,G4__g4_b_class_weights_w60__svm__r0__w60__fold_2__seed_42,classical,svm,R0,60,2,42,class_weights,validation,class,fatigue,f1,0.03125
G4,reused_valid,G4__g4_b_class_weights_w60__svm__r0__w60__fold_2__seed_42,classical,svm,R0,60,2,42,class_weights,validation,class,distraction,precision,0.11152416356877323
G4,reused_valid,G4__g4_b_class_weights_w60__svm__r0__w60__fold_2__seed_42,classical,svm,R0,60,2,42,class_weights,validation,class,distraction,recall,0.39473684210526316
G4,reused_valid,G4__g4_b_class_weights_w60__svm__r0__w60__fold_2__seed_42,classical,svm,R0,60,2,42,class_weights,validation,class,distraction,f1,0.17391304347826086
G4,reused_valid,G4__g4_b_class_weights_w60__svm__r0__w60__fold_2__seed_42,classical,svm,R0,60,2,42,class_weights,test,class,alert,precision,0.9244415243101183
G4,reused_valid,G4__g4_b_class_weights_w60__svm__r0__w60__fold_2__seed_42,classical,svm,R0,60,2,42,class_weights,test,class,alert,recall,0.8956078930617442
G4,reused_valid,G4__g4_b_class_weights_w60__svm__r0__w60__fold_2__seed_42,classical,svm,R0,60,2,42,class_weights,test,class,alert,f1,0.9097963142580019
G4,reused_valid,G4__g4_b_class_weights_w60__svm__r0__w60__fold_2__seed_42,classical,svm,R0,60,2,42,class_weights,test,class,distraction,precision,0.5719063545150501
G4,reused_valid,G4__g4_b_class_weights_w60__svm__r0__w60__fold_2__seed_42,classical,svm,R0,60,2,42,class_weights,test,class,distraction,recall,0.5836177474402731
G4,reused_valid,G4__g4_b_class_weights_w60__svm__r0__w60__fold_2__seed_42,classical,svm,R0,60,2,42,class_weights,test,class,distraction,f1,0.5777027027027027
G4,reused_valid,G4__g4_b_class_weights_w60__svm__r0__w60__fold_3__seed_42,classical,svm,R0,60,3,42,class_weights,validation,class,alert,precision,0.8835063437139562
G4,reused_valid,G4__g4_b_class_weights_w60__svm__r0__w60__fold_3__seed_42,classical,svm,R0,60,3,42,class_weights,validation,class,alert,recall,0.7768762677484787
G4,reused_valid,G4__g4_b_class_weights_w60__svm__r0__w60__fold_3__seed_42,classical,svm,R0,60,3,42,class_weights,validation,class,alert,f1,0.8267674042093902
G4,reused_valid,G4__g4_b_class_weights_w60__svm__r0__w60__fold_3__seed_42,classical,svm,R0,60,3,42,class_weights,validation,class,fatigue,precision,0.0
G4,reused_valid,G4__g4_b_class_weights_w60__svm__r0__w60__fold_3__seed_42,classical,svm,R0,60,3,42,class_weights,validation,class,fatigue,recall,0.0
G4,reused_valid,G4__g4_b_class_weights_w60__svm__r0__w60__fold_3__seed_42,classical,svm,R0,60,3,42,class_weights,validation,class,fatigue,f1,0.0
G4,reused_valid,G4__g4_b_class_weights_w60__svm__r0__w60__fold_3__seed_42,classical,svm,R0,60,3,42,class_weights,validation,class,distraction,precision,0.2366412213740458
G4,reused_valid,G4__g4_b_class_weights_w60__svm__r0__w60__fold_3__seed_42,classical,svm,R0,60,3,42,class_weights,validation,class,distraction,recall,0.40789473684210525
G4,reused_valid,G4__g4_b_class_weights_w60__svm__r0__w60__fold_3__seed_42,classical,svm,R0,60,3,42,class_weights,validation,class,distraction,f1,0.2995169082125604
G4,reused_valid,G4__g4_b_class_weights_w60__svm__r0__w60__fold_3__seed_42,classical,svm,R0,60,3,42,class_weights,test,class,alert,precision,0.9584026622296173
G4,reused_valid,G4__g4_b_class_weights_w60__svm__r0__w60__fold_3__seed_42,classical,svm,R0,60,3,42,class_weights,test,class,alert,recall,0.8427212874908558
G4,reused_valid,G4__g4_b_class_weights_w60__svm__r0__w60__fold_3__seed_42,classical,svm,R0,60,3,42,class_weights,test,class,alert,f1,0.8968470221876217
G4,reused_valid,G4__g4_b_class_weights_w60__svm__r0__w60__fold_3__seed_42,classical,svm,R0,60,3,42,class_weights,test,class,fatigue,precision,0.0
G4,reused_valid,G4__g4_b_class_weights_w60__svm__r0__w60__fold_3__seed_42,classical,svm,R0,60,3,42,class_weights,test,class,fatigue,recall,0.0
G4,reused_valid,G4__g4_b_class_weights_w60__svm__r0__w60__fold_3__seed_42,classical,svm,R0,60,3,42,class_weights,test,class,fatigue,f1,0.0
G4,reused_valid,G4__g4_b_class_weights_w60__svm__r0__w60__fold_3__seed_42,classical,svm,R0,60,3,42,class_weights,test,class,distraction,precision,0.24734982332155478
G4,reused_valid,G4__g4_b_class_weights_w60__svm__r0__w60__fold_3__seed_42,classical,svm,R0,60,3,42,class_weights,test,class,distraction,recall,0.625
G4,reused_valid,G4__g4_b_class_weights_w60__svm__r0__w60__fold_3__seed_42,classical,svm,R0,60,3,42,class_weights,test,class,distraction,f1,0.35443037974683544
G4,reused_valid,G4__g4_b_class_weights_w60__svm__r0__w60__fold_4__seed_42,classical,svm,R0,60,4,42,class_weights,validation,class,alert,precision,0.9160671462829736
G4,reused_valid,G4__g4_b_class_weights_w60__svm__r0__w60__fold_4__seed_42,classical,svm,R0,60,4,42,class_weights,validation,class,alert,recall,0.7549407114624506
G4,reused_valid,G4__g4_b_class_weights_w60__svm__r0__w60__fold_4__seed_42,classical,svm,R0,60,4,42,class_weights,validation,class,alert,f1,0.8277356446370531
G4,reused_valid,G4__g4_b_class_weights_w60__svm__r0__w60__fold_4__seed_42,classical,svm,R0,60,4,42,class_weights,validation,class,fatigue,precision,0.0
G4,reused_valid,G4__g4_b_class_weights_w60__svm__r0__w60__fold_4__seed_42,classical,svm,R0,60,4,42,class_weights,validation,class,fatigue,recall,0.0
G4,reused_valid,G4__g4_b_class_weights_w60__svm__r0__w60__fold_4__seed_42,classical,svm,R0,60,4,42,class_weights,validation,class,fatigue,f1,0.0
G4,reused_valid,G4__g4_b_class_weights_w60__svm__r0__w60__fold_4__seed_42,classical,svm,R0,60,4,42,class_weights,validation,class,distraction,precision,0.14634146341463414
G4,reused_valid,G4__g4_b_class_weights_w60__svm__r0__w60__fold_4__seed_42,classical,svm,R0,60,4,42,class_weights,validation,class,distraction,recall,0.375
G4,reused_valid,G4__g4_b_class_weights_w60__svm__r0__w60__fold_4__seed_42,classical,svm,R0,60,4,42,class_weights,validation,class,distraction,f1,0.21052631578947367
G4,reused_valid,G4__g4_b_class_weights_w60__svm__r0__w60__fold_4__seed_42,classical,svm,R0,60,4,42,class_weights,test,class,alert,precision,0.8919239904988123
G4,reused_valid,G4__g4_b_class_weights_w60__svm__r0__w60__fold_4__seed_42,classical,svm,R0,60,4,42,class_weights,test,class,alert,recall,0.7847439916405433
G4,reused_valid,G4__g4_b_class_weights_w60__svm__r0__w60__fold_4__seed_42,classical,svm,R0,60,4,42,class_weights,test,class,alert,f1,0.8349082823790995
G4,reused_valid,G4__g4_b_class_weights_w60__svm__r0__w60__fold_4__seed_42,classical,svm,R0,60,4,42,class_weights,test,class,distraction,precision,0.2037037037037037
G4,reused_valid,G4__g4_b_class_weights_w60__svm__r0__w60__fold_4__seed_42,classical,svm,R0,60,4,42,class_weights,test,class,distraction,recall,0.3188405797101449
G4,reused_valid,G4__g4_b_class_weights_w60__svm__r0__w60__fold_4__seed_42,classical,svm,R0,60,4,42,class_weights,test,class,distraction,f1,0.24858757062146894
G4,reused_valid,G4__g4_b_class_weights_w60__tcn__r0__w60__fold_1__seed_42,temporal,tcn,R0,60,1,42,,validation,class,alert,precision,0.9090909090909091
G4,reused_valid,G4__g4_b_class_weights_w60__tcn__r0__w60__fold_1__seed_42,temporal,tcn,R0,60,1,42,,validation,class,alert,recall,0.7297830374753451
G4,reused_valid,G4__g4_b_class_weights_w60__tcn__r0__w60__fold_1__seed_42,temporal,tcn,R0,60,1,42,,validation,class,alert,f1,0.8096280087527352
G4,reused_valid,G4__g4_b_class_weights_w60__tcn__r0__w60__fold_1__seed_42,temporal,tcn,R0,60,1,42,,validation,class,fatigue,precision,0.025477707006369428
G4,reused_valid,G4__g4_b_class_weights_w60__tcn__r0__w60__fold_1__seed_42,temporal,tcn,R0,60,1,42,,validation,class,fatigue,recall,1.0
G4,reused_valid,G4__g4_b_class_weights_w60__tcn__r0__w60__fold_1__seed_42,temporal,tcn,R0,60,1,42,,validation,class,fatigue,f1,0.049689440993788817
G4,reused_valid,G4__g4_b_class_weights_w60__tcn__r0__w60__fold_1__seed_42,temporal,tcn,R0,60,1,42,,validation,class,distraction,precision,0.3492822966507177
G4,reused_valid,G4__g4_b_class_weights_w60__tcn__r0__w60__fold_1__seed_42,temporal,tcn,R0,60,1,42,,validation,class,distraction,recall,0.4506172839506173
G4,reused_valid,G4__g4_b_class_weights_w60__tcn__r0__w60__fold_1__seed_42,temporal,tcn,R0,60,1,42,,validation,class,distraction,f1,0.3935309973045822
G4,reused_valid,G4__g4_b_class_weights_w60__tcn__r0__w60__fold_1__seed_42,temporal,tcn,R0,60,1,42,,test,class,alert,precision,0.9480874316939891
G4,reused_valid,G4__g4_b_class_weights_w60__tcn__r0__w60__fold_1__seed_42,temporal,tcn,R0,60,1,42,,test,class,alert,recall,0.6378676470588235
G4,reused_valid,G4__g4_b_class_weights_w60__tcn__r0__w60__fold_1__seed_42,temporal,tcn,R0,60,1,42,,test,class,alert,f1,0.7626373626373626
G4,reused_valid,G4__g4_b_class_weights_w60__tcn__r0__w60__fold_1__seed_42,temporal,tcn,R0,60,1,42,,test,class,fatigue,precision,0.034482758620689655
G4,reused_valid,G4__g4_b_class_weights_w60__tcn__r0__w60__fold_1__seed_42,temporal,tcn,R0,60,1,42,,test,class,fatigue,recall,0.1791044776119403
G4,reused_valid,G4__g4_b_class_weights_w60__tcn__r0__w60__fold_1__seed_42,temporal,tcn,R0,60,1,42,,test,class,fatigue,f1,0.05783132530120482
G4,reused_valid,G4__g4_b_class_weights_w60__tcn__r0__w60__fold_1__seed_42,temporal,tcn,R0,60,1,42,,test,class,distraction,precision,0.6629955947136564
G4,reused_valid,G4__g4_b_class_weights_w60__tcn__r0__w60__fold_1__seed_42,temporal,tcn,R0,60,1,42,,test,class,distraction,recall,0.7941952506596306
G4,reused_valid,G4__g4_b_class_weights_w60__tcn__r0__w60__fold_1__seed_42,temporal,tcn,R0,60,1,42,,test,class,distraction,f1,0.7226890756302521
G4,reused_valid,G4__g4_b_class_weights_w60__tcn__r0__w60__fold_2__seed_42,temporal,tcn,R0,60,2,42,,validation,class,alert,precision,0.9441860465116279
G4,reused_valid,G4__g4_b_class_weights_w60__tcn__r0__w60__fold_2__seed_42,temporal,tcn,R0,60,2,42,,validation,class,alert,recall,0.7518518518518519
G4,reused_valid,G4__g4_b_class_weights_w60__tcn__r0__w60__fold_2__seed_42,temporal,tcn,R0,60,2,42,,validation,class,alert,f1,0.8371134020618557
G4,reused_valid,G4__g4_b_class_weights_w60__tcn__r0__w60__fold_2__seed_42,temporal,tcn,R0,60,2,42,,validation,class,fatigue,precision,0.056179775280898875
G4,reused_valid,G4__g4_b_class_weights_w60__tcn__r0__w60__fold_2__seed_42,temporal,tcn,R0,60,2,42,,validation,class,fatigue,recall,0.29411764705882354
G4,reused_valid,G4__g4_b_class_weights_w60__tcn__r0__w60__fold_2__seed_42,temporal,tcn,R0,60,2,42,,validation,class,fatigue,f1,0.09433962264150944
G4,reused_valid,G4__g4_b_class_weights_w60__tcn__r0__w60__fold_2__seed_42,temporal,tcn,R0,60,2,42,,validation,class,distraction,precision,0.14732142857142858
G4,reused_valid,G4__g4_b_class_weights_w60__tcn__r0__w60__fold_2__seed_42,temporal,tcn,R0,60,2,42,,validation,class,distraction,recall,0.4342105263157895
G4,reused_valid,G4__g4_b_class_weights_w60__tcn__r0__w60__fold_2__seed_42,temporal,tcn,R0,60,2,42,,validation,class,distraction,f1,0.22
G4,reused_valid,G4__g4_b_class_weights_w60__tcn__r0__w60__fold_2__seed_42,temporal,tcn,R0,60,2,42,,test,class,alert,precision,0.9364238410596026
G4,reused_valid,G4__g4_b_class_weights_w60__tcn__r0__w60__fold_2__seed_42,temporal,tcn,R0,60,2,42,,test,class,alert,recall,0.9000636537237429
G4,reused_valid,G4__g4_b_class_weights_w60__tcn__r0__w60__fold_2__seed_42,temporal,tcn,R0,60,2,42,,test,class,alert,f1,0.9178838039597533
G4,reused_valid,G4__g4_b_class_weights_w60__tcn__r0__w60__fold_2__seed_42,temporal,tcn,R0,60,2,42,,test,class,distraction,precision,0.6139240506329114
G4,reused_valid,G4__g4_b_class_weights_w60__tcn__r0__w60__fold_2__seed_42,temporal,tcn,R0,60,2,42,,test,class,distraction,recall,0.6621160409556314
G4,reused_valid,G4__g4_b_class_weights_w60__tcn__r0__w60__fold_2__seed_42,temporal,tcn,R0,60,2,42,,test,class,distraction,f1,0.6371100164203612
G4,reused_valid,G4__g4_b_class_weights_w60__tcn__r0__w60__fold_3__seed_42,temporal,tcn,R0,60,3,42,,validation,class,alert,precision,0.8917410714285714
G4,reused_valid,G4__g4_b_class_weights_w60__tcn__r0__w60__fold_3__seed_42,temporal,tcn,R0,60,3,42,,validation,class,alert,recall,0.8103448275862069
G4,reused_valid,G4__g4_b_class_weights_w60__tcn__r0__w60__fold_3__seed_42,temporal,tcn,R0,60,3,42,,validation,class,alert,f1,0.8490967056323061
G4,reused_valid,G4__g4_b_class_weights_w60__tcn__r0__w60__fold_3__seed_42,temporal,tcn,R0,60,3,42,,validation,class,fatigue,precision,0.0
G4,reused_valid,G4__g4_b_class_weights_w60__tcn__r0__w60__fold_3__seed_42,temporal,tcn,R0,60,3,42,,validation,class,fatigue,recall,0.0
G4,reused_valid,G4__g4_b_class_weights_w60__tcn__r0__w60__fold_3__seed_42,temporal,tcn,R0,60,3,42,,validation,class,fatigue,f1,0.0
G4,reused_valid,G4__g4_b_class_weights_w60__tcn__r0__w60__fold_3__seed_42,temporal,tcn,R0,60,3,42,,validation,class,distraction,precision,0.2837209302325581
G4,reused_valid,G4__g4_b_class_weights_w60__tcn__r0__w60__fold_3__seed_42,temporal,tcn,R0,60,3,42,,validation,class,distraction,recall,0.40131578947368424
G4,reused_valid,G4__g4_b_class_weights_w60__tcn__r0__w60__fold_3__seed_42,temporal,tcn,R0,60,3,42,,validation,class,distraction,f1,0.33242506811989103
G4,reused_valid,G4__g4_b_class_weights_w60__tcn__r0__w60__fold_3__seed_42,temporal,tcn,R0,60,3,42,,test,class,alert,precision,0.954858454475899
G4,reused_valid,G4__g4_b_class_weights_w60__tcn__r0__w60__fold_3__seed_42,temporal,tcn,R0,60,3,42,,test,class,alert,recall,0.9129480614484272
G4,reused_valid,G4__g4_b_class_weights_w60__tcn__r0__w60__fold_3__seed_42,temporal,tcn,R0,60,3,42,,test,class,alert,f1,0.9334330590875094
G4,reused_valid,G4__g4_b_class_weights_w60__tcn__r0__w60__fold_3__seed_42,temporal,tcn,R0,60,3,42,,test,class,fatigue,precision,0.022222222222222223
G4,reused_valid,G4__g4_b_class_weights_w60__tcn__r0__w60__fold_3__seed_42,temporal,tcn,R0,60,3,42,,test,class,fatigue,recall,0.047619047619047616
G4,reused_valid,G4__g4_b_class_weights_w60__tcn__r0__w60__fold_3__seed_42,temporal,tcn,R0,60,3,42,,test,class,fatigue,f1,0.030303030303030304
G4,reused_valid,G4__g4_b_class_weights_w60__tcn__r0__w60__fold_3__seed_42,temporal,tcn,R0,60,3,42,,test,class,distraction,precision,0.3918918918918919
G4,reused_valid,G4__g4_b_class_weights_w60__tcn__r0__w60__fold_3__seed_42,temporal,tcn,R0,60,3,42,,test,class,distraction,recall,0.5178571428571429
G4,reused_valid,G4__g4_b_class_weights_w60__tcn__r0__w60__fold_3__seed_42,temporal,tcn,R0,60,3,42,,test,class,distraction,f1,0.4461538461538462
G4,reused_valid,G4__g4_b_class_weights_w60__tcn__r0__w60__fold_4__seed_42,temporal,tcn,R0,60,4,42,,validation,class,alert,precision,0.9301470588235294
G4,reused_valid,G4__g4_b_class_weights_w60__tcn__r0__w60__fold_4__seed_42,temporal,tcn,R0,60,4,42,,validation,class,alert,recall,0.75
G4,reused_valid,G4__g4_b_class_weights_w60__tcn__r0__w60__fold_4__seed_42,temporal,tcn,R0,60,4,42,,validation,class,alert,f1,0.8304157549234136
G4,reused_valid,G4__g4_b_class_weights_w60__tcn__r0__w60__fold_4__seed_42,temporal,tcn,R0,60,4,42,,validation,class,fatigue,precision,0.03787878787878788
G4,reused_valid,G4__g4_b_class_weights_w60__tcn__r0__w60__fold_4__seed_42,temporal,tcn,R0,60,4,42,,validation,class,fatigue,recall,0.29411764705882354
G4,reused_valid,G4__g4_b_class_weights_w60__tcn__r0__w60__fold_4__seed_42,temporal,tcn,R0,60,4,42,,validation,class,fatigue,f1,0.06711409395973154
G4,reused_valid,G4__g4_b_class_weights_w60__tcn__r0__w60__fold_4__seed_42,temporal,tcn,R0,60,4,42,,validation,class,distraction,precision,0.2711864406779661
G4,reused_valid,G4__g4_b_class_weights_w60__tcn__r0__w60__fold_4__seed_42,temporal,tcn,R0,60,4,42,,validation,class,distraction,recall,0.5
G4,reused_valid,G4__g4_b_class_weights_w60__tcn__r0__w60__fold_4__seed_42,temporal,tcn,R0,60,4,42,,validation,class,distraction,f1,0.3516483516483517
G4,reused_valid,G4__g4_b_class_weights_w60__tcn__r0__w60__fold_4__seed_42,temporal,tcn,R0,60,4,42,,test,class,alert,precision,0.9027093596059114
G4,reused_valid,G4__g4_b_class_weights_w60__tcn__r0__w60__fold_4__seed_42,temporal,tcn,R0,60,4,42,,test,class,alert,recall,0.7659352142110762
G4,reused_valid,G4__g4_b_class_weights_w60__tcn__r0__w60__fold_4__seed_42,temporal,tcn,R0,60,4,42,,test,class,alert,f1,0.8287167891464104
G4,reused_valid,G4__g4_b_class_weights_w60__tcn__r0__w60__fold_4__seed_42,temporal,tcn,R0,60,4,42,,test,class,distraction,precision,0.22072072072072071
G4,reused_valid,G4__g4_b_class_weights_w60__tcn__r0__w60__fold_4__seed_42,temporal,tcn,R0,60,4,42,,test,class,distraction,recall,0.35507246376811596
G4,reused_valid,G4__g4_b_class_weights_w60__tcn__r0__w60__fold_4__seed_42,temporal,tcn,R0,60,4,42,,test,class,distraction,f1,0.2722222222222222
G4,reused_valid,G4__g4_c_weighted_sampling_w150__transformer__r0__w150__fold_1__seed_42,temporal,transformer,R0,150,1,42,,validation,class,alert,precision,0.9152542372881356
G4,reused_valid,G4__g4_c_weighted_sampling_w150__transformer__r0__w150__fold_1__seed_42,temporal,transformer,R0,150,1,42,,validation,class,alert,recall,0.7567567567567568
G4,reused_valid,G4__g4_c_weighted_sampling_w150__transformer__r0__w150__fold_1__seed_42,temporal,transformer,R0,150,1,42,,validation,class,alert,f1,0.8284931506849315
G4,reused_valid,G4__g4_c_weighted_sampling_w150__transformer__r0__w150__fold_1__seed_42,temporal,transformer,R0,150,1,42,,validation,class,fatigue,precision,0.0
G4,reused_valid,G4__g4_c_weighted_sampling_w150__transformer__r0__w150__fold_1__seed_42,temporal,transformer,R0,150,1,42,,validation,class,fatigue,recall,0.0
G4,reused_valid,G4__g4_c_weighted_sampling_w150__transformer__r0__w150__fold_1__seed_42,temporal,transformer,R0,150,1,42,,validation,class,fatigue,f1,0.0
G4,reused_valid,G4__g4_c_weighted_sampling_w150__transformer__r0__w150__fold_1__seed_42,temporal,transformer,R0,150,1,42,,validation,class,distraction,precision,0.39690721649484534
G4,reused_valid,G4__g4_c_weighted_sampling_w150__transformer__r0__w150__fold_1__seed_42,temporal,transformer,R0,150,1,42,,validation,class,distraction,recall,0.4967741935483871
G4,reused_valid,G4__g4_c_weighted_sampling_w150__transformer__r0__w150__fold_1__seed_42,temporal,transformer,R0,150,1,42,,validation,class,distraction,f1,0.44126074498567336
G4,reused_valid,G4__g4_c_weighted_sampling_w150__transformer__r0__w150__fold_1__seed_42,temporal,transformer,R0,150,1,42,,test,class,alert,precision,0.9793205317577548
G4,reused_valid,G4__g4_c_weighted_sampling_w150__transformer__r0__w150__fold_1__seed_42,temporal,transformer,R0,150,1,42,,test,class,alert,recall,0.6082568807339449
G4,reused_valid,G4__g4_c_weighted_sampling_w150__transformer__r0__w150__fold_1__seed_42,temporal,transformer,R0,150,1,42,,test,class,alert,f1,0.7504244482173175
G4,reused_valid,G4__g4_c_weighted_sampling_w150__transformer__r0__w150__fold_1__seed_42,temporal,transformer,R0,150,1,42,,test,class,fatigue,precision,0.0
G4,reused_valid,G4__g4_c_weighted_sampling_w150__transformer__r0__w150__fold_1__seed_42,temporal,transformer,R0,150,1,42,,test,class,fatigue,recall,0.0
G4,reused_valid,G4__g4_c_weighted_sampling_w150__transformer__r0__w150__fold_1__seed_42,temporal,transformer,R0,150,1,42,,test,class,fatigue,f1,0.0
G4,reused_valid,G4__g4_c_weighted_sampling_w150__transformer__r0__w150__fold_1__seed_42,temporal,transformer,R0,150,1,42,,test,class,distraction,precision,0.4491844416562108
G4,reused_valid,G4__g4_c_weighted_sampling_w150__transformer__r0__w150__fold_1__seed_42,temporal,transformer,R0,150,1,42,,test,class,distraction,recall,0.9521276595744681
G4,reused_valid,G4__g4_c_weighted_sampling_w150__transformer__r0__w150__fold_1__seed_42,temporal,transformer,R0,150,1,42,,test,class,distraction,f1,0.6104006820119352
G4,reused_valid,G4__g4_c_weighted_sampling_w150__transformer__r0__w150__fold_2__seed_42,temporal,transformer,R0,150,2,42,,validation,class,alert,precision,0.9481132075471698
G4,reused_valid,G4__g4_c_weighted_sampling_w150__transformer__r0__w150__fold_2__seed_42,temporal,transformer,R0,150,2,42,,validation,class,alert,recall,0.7486033519553073
G4,reused_valid,G4__g4_c_weighted_sampling_w150__transformer__r0__w150__fold_2__seed_42,temporal,transformer,R0,150,2,42,,validation,class,alert,f1,0.8366285119667014
G4,reused_valid,G4__g4_c_weighted_sampling_w150__transformer__r0__w150__fold_2__seed_42,temporal,transformer,R0,150,2,42,,validation,class,fatigue,precision,0.0
G4,reused_valid,G4__g4_c_weighted_sampling_w150__transformer__r0__w150__fold_2__seed_42,temporal,transformer,R0,150,2,42,,validation,class,fatigue,recall,0.0
G4,reused_valid,G4__g4_c_weighted_sampling_w150__transformer__r0__w150__fold_2__seed_42,temporal,transformer,R0,150,2,42,,validation,class,fatigue,f1,0.0
G4,reused_valid,G4__g4_c_weighted_sampling_w150__transformer__r0__w150__fold_2__seed_42,temporal,transformer,R0,150,2,42,,validation,class,distraction,precision,0.15298507462686567
G4,reused_valid,G4__g4_c_weighted_sampling_w150__transformer__r0__w150__fold_2__seed_42,temporal,transformer,R0,150,2,42,,validation,class,distraction,recall,0.5540540540540541
G4,reused_valid,G4__g4_c_weighted_sampling_w150__transformer__r0__w150__fold_2__seed_42,temporal,transformer,R0,150,2,42,,validation,class,distraction,f1,0.23976608187134502
G4,reused_valid,G4__g4_c_weighted_sampling_w150__transformer__r0__w150__fold_2__seed_42,temporal,transformer,R0,150,2,42,,test,class,alert,precision,0.9453072248480756
G4,reused_valid,G4__g4_c_weighted_sampling_w150__transformer__r0__w150__fold_2__seed_42,temporal,transformer,R0,150,2,42,,test,class,alert,recall,0.8974358974358975
G4,reused_valid,G4__g4_c_weighted_sampling_w150__transformer__r0__w150__fold_2__seed_42,temporal,transformer,R0,150,2,42,,test,class,alert,f1,0.9207497533706018
G4,reused_valid,G4__g4_c_weighted_sampling_w150__transformer__r0__w150__fold_2__seed_42,temporal,transformer,R0,150,2,42,,test,class,distraction,precision,0.6161616161616161
G4,reused_valid,G4__g4_c_weighted_sampling_w150__transformer__r0__w150__fold_2__seed_42,temporal,transformer,R0,150,2,42,,test,class,distraction,recall,0.6512455516014235
G4,reused_valid,G4__g4_c_weighted_sampling_w150__transformer__r0__w150__fold_2__seed_42,temporal,transformer,R0,150,2,42,,test,class,distraction,f1,0.6332179930795848
G4,reused_valid,G4__g4_c_weighted_sampling_w150__transformer__r0__w150__fold_3__seed_42,temporal,transformer,R0,150,3,42,,validation,class,alert,precision,0.902676399026764
G4,reused_valid,G4__g4_c_weighted_sampling_w150__transformer__r0__w150__fold_3__seed_42,temporal,transformer,R0,150,3,42,,validation,class,alert,recall,0.7657378740970072
G4,reused_valid,G4__g4_c_weighted_sampling_w150__transformer__r0__w150__fold_3__seed_42,temporal,transformer,R0,150,3,42,,validation,class,alert,f1,0.8285873813512005
G4,reused_valid,G4__g4_c_weighted_sampling_w150__transformer__r0__w150__fold_3__seed_42,temporal,transformer,R0,150,3,42,,validation,class,fatigue,precision,0.0
G4,reused_valid,G4__g4_c_weighted_sampling_w150__transformer__r0__w150__fold_3__seed_42,temporal,transformer,R0,150,3,42,,validation,class,fatigue,recall,0.0
G4,reused_valid,G4__g4_c_weighted_sampling_w150__transformer__r0__w150__fold_3__seed_42,temporal,transformer,R0,150,3,42,,validation,class,fatigue,f1,0.0
G4,reused_valid,G4__g4_c_weighted_sampling_w150__transformer__r0__w150__fold_3__seed_42,temporal,transformer,R0,150,3,42,,validation,class,distraction,precision,0.2889733840304182
G4,reused_valid,G4__g4_c_weighted_sampling_w150__transformer__r0__w150__fold_3__seed_42,temporal,transformer,R0,150,3,42,,validation,class,distraction,recall,0.5241379310344828
G4,reused_valid,G4__g4_c_weighted_sampling_w150__transformer__r0__w150__fold_3__seed_42,temporal,transformer,R0,150,3,42,,validation,class,distraction,f1,0.37254901960784315
G4,reused_valid,G4__g4_c_weighted_sampling_w150__transformer__r0__w150__fold_3__seed_42,temporal,transformer,R0,150,3,42,,test,class,alert,precision,0.963020030816641
G4,reused_valid,G4__g4_c_weighted_sampling_w150__transformer__r0__w150__fold_3__seed_42,temporal,transformer,R0,150,3,42,,test,class,alert,recall,0.9157509157509157
G4,reused_valid,G4__g4_c_weighted_sampling_w150__transformer__r0__w150__fold_3__seed_42,temporal,transformer,R0,150,3,42,,test,class,alert,f1,0.938790837401427
G4,reused_valid,G4__g4_c_weighted_sampling_w150__transformer__r0__w150__fold_3__seed_42,temporal,transformer,R0,150,3,42,,test,class,fatigue,precision,0.0
G4,reused_valid,G4__g4_c_weighted_sampling_w150__transformer__r0__w150__fold_3__seed_42,temporal,transformer,R0,150,3,42,,test,class,fatigue,recall,0.0
G4,reused_valid,G4__g4_c_weighted_sampling_w150__transformer__r0__w150__fold_3__seed_42,temporal,transformer,R0,150,3,42,,test,class,fatigue,f1,0.0
G4,reused_valid,G4__g4_c_weighted_sampling_w150__transformer__r0__w150__fold_3__seed_42,temporal,transformer,R0,150,3,42,,test,class,distraction,precision,0.3651685393258427
G4,reused_valid,G4__g4_c_weighted_sampling_w150__transformer__r0__w150__fold_3__seed_42,temporal,transformer,R0,150,3,42,,test,class,distraction,recall,0.6132075471698113
G4,reused_valid,G4__g4_c_weighted_sampling_w150__transformer__r0__w150__fold_3__seed_42,temporal,transformer,R0,150,3,42,,test,class,distraction,f1,0.45774647887323944
G4,reused_valid,G4__g4_c_weighted_sampling_w150__transformer__r0__w150__fold_4__seed_42,temporal,transformer,R0,150,4,42,,validation,class,alert,precision,0.9433701657458563
G4,reused_valid,G4__g4_c_weighted_sampling_w150__transformer__r0__w150__fold_4__seed_42,temporal,transformer,R0,150,4,42,,validation,class,alert,recall,0.6816367265469062
G4,reused_valid,G4__g4_c_weighted_sampling_w150__transformer__r0__w150__fold_4__seed_42,temporal,transformer,R0,150,4,42,,validation,class,alert,f1,0.7914252607184241
G4,reused_valid,G4__g4_c_weighted_sampling_w150__transformer__r0__w150__fold_4__seed_42,temporal,transformer,R0,150,4,42,,validation,class,fatigue,precision,0.036458333333333336
G4,reused_valid,G4__g4_c_weighted_sampling_w150__transformer__r0__w150__fold_4__seed_42,temporal,transformer,R0,150,4,42,,validation,class,fatigue,recall,0.5833333333333334
G4,reused_valid,G4__g4_c_weighted_sampling_w150__transformer__r0__w150__fold_4__seed_42,temporal,transformer,R0,150,4,42,,validation,class,fatigue,f1,0.06862745098039216
G4,reused_valid,G4__g4_c_weighted_sampling_w150__transformer__r0__w150__fold_4__seed_42,temporal,transformer,R0,150,4,42,,validation,class,distraction,precision,0.2222222222222222
G4,reused_valid,G4__g4_c_weighted_sampling_w150__transformer__r0__w150__fold_4__seed_42,temporal,transformer,R0,150,4,42,,validation,class,distraction,recall,0.46153846153846156
G4,reused_valid,G4__g4_c_weighted_sampling_w150__transformer__r0__w150__fold_4__seed_42,temporal,transformer,R0,150,4,42,,validation,class,distraction,f1,0.3
G4,reused_valid,G4__g4_c_weighted_sampling_w150__transformer__r0__w150__fold_4__seed_42,temporal,transformer,R0,150,4,42,,test,class,alert,precision,0.912043301759134
G4,reused_valid,G4__g4_c_weighted_sampling_w150__transformer__r0__w150__fold_4__seed_42,temporal,transformer,R0,150,4,42,,test,class,alert,recall,0.7124735729386892
G4,reused_valid,G4__g4_c_weighted_sampling_w150__transformer__r0__w150__fold_4__seed_42,temporal,transformer,R0,150,4,42,,test,class,alert,f1,0.8
G4,reused_valid,G4__g4_c_weighted_sampling_w150__transformer__r0__w150__fold_4__seed_42,temporal,transformer,R0,150,4,42,,test,class,distraction,precision,0.22594142259414227
G4,reused_valid,G4__g4_c_weighted_sampling_w150__transformer__r0__w150__fold_4__seed_42,temporal,transformer,R0,150,4,42,,test,class,distraction,recall,0.4153846153846154
G4,reused_valid,G4__g4_c_weighted_sampling_w150__transformer__r0__w150__fold_4__seed_42,temporal,transformer,R0,150,4,42,,test,class,distraction,f1,0.2926829268292683
G4,reused_valid,G4__g4_c_weighted_sampling_w60__lstm__r0__w60__fold_1__seed_42,temporal,lstm,R0,60,1,42,,validation,class,alert,precision,0.9017964071856287
G4,reused_valid,G4__g4_c_weighted_sampling_w60__lstm__r0__w60__fold_1__seed_42,temporal,lstm,R0,60,1,42,,validation,class,alert,recall,0.742603550295858
G4,reused_valid,G4__g4_c_weighted_sampling_w60__lstm__r0__w60__fold_1__seed_42,temporal,lstm,R0,60,1,42,,validation,class,alert,f1,0.8144943212547323
G4,reused_valid,G4__g4_c_weighted_sampling_w60__lstm__r0__w60__fold_1__seed_42,temporal,lstm,R0,60,1,42,,validation,class,fatigue,precision,0.0273972602739726
G4,reused_valid,G4__g4_c_weighted_sampling_w60__lstm__r0__w60__fold_1__seed_42,temporal,lstm,R0,60,1,42,,validation,class,fatigue,recall,1.0
G4,reused_valid,G4__g4_c_weighted_sampling_w60__lstm__r0__w60__fold_1__seed_42,temporal,lstm,R0,60,1,42,,validation,class,fatigue,f1,0.05333333333333334
G4,reused_valid,G4__g4_c_weighted_sampling_w60__lstm__r0__w60__fold_1__seed_42,temporal,lstm,R0,60,1,42,,validation,class,distraction,precision,0.32160804020100503
G4,reused_valid,G4__g4_c_weighted_sampling_w60__lstm__r0__w60__fold_1__seed_42,temporal,lstm,R0,60,1,42,,validation,class,distraction,recall,0.3950617283950617
G4,reused_valid,G4__g4_c_weighted_sampling_w60__lstm__r0__w60__fold_1__seed_42,temporal,lstm,R0,60,1,42,,validation,class,distraction,f1,0.3545706371191136
G4,reused_valid,G4__g4_c_weighted_sampling_w60__lstm__r0__w60__fold_1__seed_42,temporal,lstm,R0,60,1,42,,test,class,alert,precision,0.9470588235294117
G4,reused_valid,G4__g4_c_weighted_sampling_w60__lstm__r0__w60__fold_1__seed_42,temporal,lstm,R0,60,1,42,,test,class,alert,recall,0.5919117647058824
G4,reused_valid,G4__g4_c_weighted_sampling_w60__lstm__r0__w60__fold_1__seed_42,temporal,lstm,R0,60,1,42,,test,class,alert,f1,0.7285067873303167
G4,reused_valid,G4__g4_c_weighted_sampling_w60__lstm__r0__w60__fold_1__seed_42,temporal,lstm,R0,60,1,42,,test,class,fatigue,precision,0.03640776699029126
G4,reused_valid,G4__g4_c_weighted_sampling_w60__lstm__r0__w60__fold_1__seed_42,temporal,lstm,R0,60,1,42,,test,class,fatigue,recall,0.22388059701492538
G4,reused_valid,G4__g4_c_weighted_sampling_w60__lstm__r0__w60__fold_1__seed_42,temporal,lstm,R0,60,1,42,,test,class,fatigue,f1,0.06263048016701461
G4,reused_valid,G4__g4_c_weighted_sampling_w60__lstm__r0__w60__fold_1__seed_42,temporal,lstm,R0,60,1,42,,test,class,distraction,precision,0.6583710407239819
G4,reused_valid,G4__g4_c_weighted_sampling_w60__lstm__r0__w60__fold_1__seed_42,temporal,lstm,R0,60,1,42,,test,class,distraction,recall,0.7678100263852242
G4,reused_valid,G4__g4_c_weighted_sampling_w60__lstm__r0__w60__fold_1__seed_42,temporal,lstm,R0,60,1,42,,test,class,distraction,f1,0.7088915956151035
G4,reused_valid,G4__g4_c_weighted_sampling_w60__lstm__r0__w60__fold_2__seed_42,temporal,lstm,R0,60,2,42,,validation,class,alert,precision,0.9415137614678899
G4,reused_valid,G4__g4_c_weighted_sampling_w60__lstm__r0__w60__fold_2__seed_42,temporal,lstm,R0,60,2,42,,validation,class,alert,recall,0.7601851851851852
G4,reused_valid,G4__g4_c_weighted_sampling_w60__lstm__r0__w60__fold_2__seed_42,temporal,lstm,R0,60,2,42,,validation,class,alert,f1,0.8411885245901639
G4,reused_valid,G4__g4_c_weighted_sampling_w60__lstm__r0__w60__fold_2__seed_42,temporal,lstm,R0,60,2,42,,validation,class,fatigue,precision,0.2
G4,reused_valid,G4__g4_c_weighted_sampling_w60__lstm__r0__w60__fold_2__seed_42,temporal,lstm,R0,60,2,42,,validation,class,fatigue,recall,0.058823529411764705
G4,reused_valid,G4__g4_c_weighted_sampling_w60__lstm__r0__w60__fold_2__seed_42,temporal,lstm,R0,60,2,42,,validation,class,fatigue,f1,0.09090909090909091
G4,reused_valid,G4__g4_c_weighted_sampling_w60__lstm__r0__w60__fold_2__seed_42,temporal,lstm,R0,60,2,42,,validation,class,distraction,precision,0.10810810810810811
G4,reused_valid,G4__g4_c_weighted_sampling_w60__lstm__r0__w60__fold_2__seed_42,temporal,lstm,R0,60,2,42,,validation,class,distraction,recall,0.42105263157894735
G4,reused_valid,G4__g4_c_weighted_sampling_w60__lstm__r0__w60__fold_2__seed_42,temporal,lstm,R0,60,2,42,,validation,class,distraction,f1,0.17204301075268819
G4,reused_valid,G4__g4_c_weighted_sampling_w60__lstm__r0__w60__fold_2__seed_42,temporal,lstm,R0,60,2,42,,test,class,alert,precision,0.9315068493150684
G4,reused_valid,G4__g4_c_weighted_sampling_w60__lstm__r0__w60__fold_2__seed_42,temporal,lstm,R0,60,2,42,,test,class,alert,recall,0.9089751750477403
G4,reused_valid,G4__g4_c_weighted_sampling_w60__lstm__r0__w60__fold_2__seed_42,temporal,lstm,R0,60,2,42,,test,class,alert,f1,0.9201030927835051
G4,reused_valid,G4__g4_c_weighted_sampling_w60__lstm__r0__w60__fold_2__seed_42,temporal,lstm,R0,60,2,42,,test,class,distraction,precision,0.5802469135802469
G4,reused_valid,G4__g4_c_weighted_sampling_w60__lstm__r0__w60__fold_2__seed_42,temporal,lstm,R0,60,2,42,,test,class,distraction,recall,0.6416382252559727
G4,reused_valid,G4__g4_c_weighted_sampling_w60__lstm__r0__w60__fold_2__seed_42,temporal,lstm,R0,60,2,42,,test,class,distraction,f1,0.6094003241491086
G4,reused_valid,G4__g4_c_weighted_sampling_w60__lstm__r0__w60__fold_3__seed_42,temporal,lstm,R0,60,3,42,,validation,class,alert,precision,0.8905529953917051
G4,reused_valid,G4__g4_c_weighted_sampling_w60__lstm__r0__w60__fold_3__seed_42,temporal,lstm,R0,60,3,42,,validation,class,alert,recall,0.783975659229209
G4,reused_valid,G4__g4_c_weighted_sampling_w60__lstm__r0__w60__fold_3__seed_42,temporal,lstm,R0,60,3,42,,validation,class,alert,f1,0.8338727076591155
G4,reused_valid,G4__g4_c_weighted_sampling_w60__lstm__r0__w60__fold_3__seed_42,temporal,lstm,R0,60,3,42,,validation,class,fatigue,precision,0.0
G4,reused_valid,G4__g4_c_weighted_sampling_w60__lstm__r0__w60__fold_3__seed_42,temporal,lstm,R0,60,3,42,,validation,class,fatigue,recall,0.0
G4,reused_valid,G4__g4_c_weighted_sampling_w60__lstm__r0__w60__fold_3__seed_42,temporal,lstm,R0,60,3,42,,validation,class,fatigue,f1,0.0
G4,reused_valid,G4__g4_c_weighted_sampling_w60__lstm__r0__w60__fold_3__seed_42,temporal,lstm,R0,60,3,42,,validation,class,distraction,precision,0.2616033755274262
G4,reused_valid,G4__g4_c_weighted_sampling_w60__lstm__r0__w60__fold_3__seed_42,temporal,lstm,R0,60,3,42,,validation,class,distraction,recall,0.40789473684210525
G4,reused_valid,G4__g4_c_weighted_sampling_w60__lstm__r0__w60__fold_3__seed_42,temporal,lstm,R0,60,3,42,,validation,class,distraction,f1,0.31876606683804626
G4,reused_valid,G4__g4_c_weighted_sampling_w60__lstm__r0__w60__fold_3__seed_42,temporal,lstm,R0,60,3,42,,test,class,alert,precision,0.9573770491803278
G4,reused_valid,G4__g4_c_weighted_sampling_w60__lstm__r0__w60__fold_3__seed_42,temporal,lstm,R0,60,3,42,,test,class,alert,recall,0.8544257498171178
G4,reused_valid,G4__g4_c_weighted_sampling_w60__lstm__r0__w60__fold_3__seed_42,temporal,lstm,R0,60,3,42,,test,class,alert,f1,0.9029764205643602
G4,reused_valid,G4__g4_c_weighted_sampling_w60__lstm__r0__w60__fold_3__seed_42,temporal,lstm,R0,60,3,42,,test,class,fatigue,precision,0.03529411764705882
G4,reused_valid,G4__g4_c_weighted_sampling_w60__lstm__r0__w60__fold_3__seed_42,temporal,lstm,R0,60,3,42,,test,class,fatigue,recall,0.14285714285714285
G4,reused_valid,G4__g4_c_weighted_sampling_w60__lstm__r0__w60__fold_3__seed_42,temporal,lstm,R0,60,3,42,,test,class,fatigue,f1,0.05660377358490566
G4,reused_valid,G4__g4_c_weighted_sampling_w60__lstm__r0__w60__fold_3__seed_42,temporal,lstm,R0,60,3,42,,test,class,distraction,precision,0.3435897435897436
G4,reused_valid,G4__g4_c_weighted_sampling_w60__lstm__r0__w60__fold_3__seed_42,temporal,lstm,R0,60,3,42,,test,class,distraction,recall,0.5982142857142857
G4,reused_valid,G4__g4_c_weighted_sampling_w60__lstm__r0__w60__fold_3__seed_42,temporal,lstm,R0,60,3,42,,test,class,distraction,f1,0.4364820846905538
G4,reused_valid,G4__g4_c_weighted_sampling_w60__lstm__r0__w60__fold_4__seed_42,temporal,lstm,R0,60,4,42,,validation,class,alert,precision,0.9255455712451861
G4,reused_valid,G4__g4_c_weighted_sampling_w60__lstm__r0__w60__fold_4__seed_42,temporal,lstm,R0,60,4,42,,validation,class,alert,recall,0.7124505928853755
G4,reused_valid,G4__g4_c_weighted_sampling_w60__lstm__r0__w60__fold_4__seed_42,temporal,lstm,R0,60,4,42,,validation,class,alert,f1,0.8051367950865438
G4,reused_valid,G4__g4_c_weighted_sampling_w60__lstm__r0__w60__fold_4__seed_42,temporal,lstm,R0,60,4,42,,validation,class,fatigue,precision,0.059602649006622516
G4,reused_valid,G4__g4_c_weighted_sampling_w60__lstm__r0__w60__fold_4__seed_42,temporal,lstm,R0,60,4,42,,validation,class,fatigue,recall,0.5294117647058824
G4,reused_valid,G4__g4_c_weighted_sampling_w60__lstm__r0__w60__fold_4__seed_42,temporal,lstm,R0,60,4,42,,validation,class,fatigue,f1,0.10714285714285714
G4,reused_valid,G4__g4_c_weighted_sampling_w60__lstm__r0__w60__fold_4__seed_42,temporal,lstm,R0,60,4,42,,validation,class,distraction,precision,0.2205128205128205
G4,reused_valid,G4__g4_c_weighted_sampling_w60__lstm__r0__w60__fold_4__seed_42,temporal,lstm,R0,60,4,42,,validation,class,distraction,recall,0.4479166666666667
G4,reused_valid,G4__g4_c_weighted_sampling_w60__lstm__r0__w60__fold_4__seed_42,temporal,lstm,R0,60,4,42,,validation,class,distraction,f1,0.29553264604810997
G4,reused_valid,G4__g4_c_weighted_sampling_w60__lstm__r0__w60__fold_4__seed_42,temporal,lstm,R0,60,4,42,,test,class,alert,precision,0.8964241676942046
G4,reused_valid,G4__g4_c_weighted_sampling_w60__lstm__r0__w60__fold_4__seed_42,temporal,lstm,R0,60,4,42,,test,class,alert,recall,0.7596656217345873
G4,reused_valid,G4__g4_c_weighted_sampling_w60__lstm__r0__w60__fold_4__seed_42,temporal,lstm,R0,60,4,42,,test,class,alert,f1,0.8223981900452488
G4,reused_valid,G4__g4_c_weighted_sampling_w60__lstm__r0__w60__fold_4__seed_42,temporal,lstm,R0,60,4,42,,test,class,distraction,precision,0.20689655172413793
G4,reused_valid,G4__g4_c_weighted_sampling_w60__lstm__r0__w60__fold_4__seed_42,temporal,lstm,R0,60,4,42,,test,class,distraction,recall,0.34782608695652173
G4,reused_valid,G4__g4_c_weighted_sampling_w60__lstm__r0__w60__fold_4__seed_42,temporal,lstm,R0,60,4,42,,test,class,distraction,f1,0.2594594594594595
G4,reused_valid,G4__g4_c_weighted_sampling_w60__svm__r0__w60__fold_1__seed_42,classical,svm,R0,60,1,42,weighted_sampling,validation,class,alert,precision,0.8898978433598184
G4,reused_valid,G4__g4_c_weighted_sampling_w60__svm__r0__w60__fold_1__seed_42,classical,svm,R0,60,1,42,weighted_sampling,validation,class,alert,recall,0.7731755424063116
G4,reused_valid,G4__g4_c_weighted_sampling_w60__svm__r0__w60__fold_1__seed_42,classical,svm,R0,60,1,42,weighted_sampling,validation,class,alert,f1,0.8274406332453826
G4,reused_valid,G4__g4_c_weighted_sampling_w60__svm__r0__w60__fold_1__seed_42,classical,svm,R0,60,1,42,weighted_sampling,validation,class,fatigue,precision,0.045454545454545456
G4,reused_valid,G4__g4_c_weighted_sampling_w60__svm__r0__w60__fold_1__seed_42,classical,svm,R0,60,1,42,weighted_sampling,validation,class,fatigue,recall,0.5
G4,reused_valid,G4__g4_c_weighted_sampling_w60__svm__r0__w60__fold_1__seed_42,classical,svm,R0,60,1,42,weighted_sampling,validation,class,fatigue,f1,0.08333333333333333
G4,reused_valid,G4__g4_c_weighted_sampling_w60__svm__r0__w60__fold_1__seed_42,classical,svm,R0,60,1,42,weighted_sampling,validation,class,distraction,precision,0.25098039215686274
G4,reused_valid,G4__g4_c_weighted_sampling_w60__svm__r0__w60__fold_1__seed_42,classical,svm,R0,60,1,42,weighted_sampling,validation,class,distraction,recall,0.3950617283950617
G4,reused_valid,G4__g4_c_weighted_sampling_w60__svm__r0__w60__fold_1__seed_42,classical,svm,R0,60,1,42,weighted_sampling,validation,class,distraction,f1,0.3069544364508393
G4,reused_valid,G4__g4_c_weighted_sampling_w60__svm__r0__w60__fold_1__seed_42,classical,svm,R0,60,1,42,weighted_sampling,test,class,alert,precision,0.8536036036036037
G4,reused_valid,G4__g4_c_weighted_sampling_w60__svm__r0__w60__fold_1__seed_42,classical,svm,R0,60,1,42,weighted_sampling,test,class,alert,recall,0.6966911764705882
G4,reused_valid,G4__g4_c_weighted_sampling_w60__svm__r0__w60__fold_1__seed_42,classical,svm,R0,60,1,42,weighted_sampling,test,class,alert,f1,0.7672064777327935
G4,reused_valid,G4__g4_c_weighted_sampling_w60__svm__r0__w60__fold_1__seed_42,classical,svm,R0,60,1,42,weighted_sampling,test,class,fatigue,precision,0.05263157894736842
G4,reused_valid,G4__g4_c_weighted_sampling_w60__svm__r0__w60__fold_1__seed_42,classical,svm,R0,60,1,42,weighted_sampling,test,class,fatigue,recall,0.014925373134328358
G4,reused_valid,G4__g4_c_weighted_sampling_w60__svm__r0__w60__fold_1__seed_42,classical,svm,R0,60,1,42,weighted_sampling,test,class,fatigue,f1,0.023255813953488372
G4,reused_valid,G4__g4_c_weighted_sampling_w60__svm__r0__w60__fold_1__seed_42,classical,svm,R0,60,1,42,weighted_sampling,test,class,distraction,precision,0.4449760765550239
G4,reused_valid,G4__g4_c_weighted_sampling_w60__svm__r0__w60__fold_1__seed_42,classical,svm,R0,60,1,42,weighted_sampling,test,class,distraction,recall,0.7361477572559367
G4,reused_valid,G4__g4_c_weighted_sampling_w60__svm__r0__w60__fold_1__seed_42,classical,svm,R0,60,1,42,weighted_sampling,test,class,distraction,f1,0.5546719681908548
G4,reused_valid,G4__g4_c_weighted_sampling_w60__svm__r0__w60__fold_2__seed_42,classical,svm,R0,60,2,42,weighted_sampling,validation,class,alert,precision,0.9301204819277108
G4,reused_valid,G4__g4_c_weighted_sampling_w60__svm__r0__w60__fold_2__seed_42,classical,svm,R0,60,2,42,weighted_sampling,validation,class,alert,recall,0.7148148148148148
G4,reused_valid,G4__g4_c_weighted_sampling_w60__svm__r0__w60__fold_2__seed_42,classical,svm,R0,60,2,42,weighted_sampling,validation,class,alert,f1,0.8083769633507853
G4,reused_valid,G4__g4_c_weighted_sampling_w60__svm__r0__w60__fold_2__seed_42,classical,svm,R0,60,2,42,weighted_sampling,validation,class,fatigue,precision,0.019230769230769232
G4,reused_valid,G4__g4_c_weighted_sampling_w60__svm__r0__w60__fold_2__seed_42,classical,svm,R0,60,2,42,weighted_sampling,validation,class,fatigue,recall,0.058823529411764705
G4,reused_valid,G4__g4_c_weighted_sampling_w60__svm__r0__w60__fold_2__seed_42,classical,svm,R0,60,2,42,weighted_sampling,validation,class,fatigue,f1,0.028985507246376812
G4,reused_valid,G4__g4_c_weighted_sampling_w60__svm__r0__w60__fold_2__seed_42,classical,svm,R0,60,2,42,weighted_sampling,validation,class,distraction,precision,0.08934707903780069
G4,reused_valid,G4__g4_c_weighted_sampling_w60__svm__r0__w60__fold_2__seed_42,classical,svm,R0,60,2,42,weighted_sampling,validation,class,distraction,recall,0.34210526315789475
G4,reused_valid,G4__g4_c_weighted_sampling_w60__svm__r0__w60__fold_2__seed_42,classical,svm,R0,60,2,42,weighted_sampling,validation,class,distraction,f1,0.14168937329700274
G4,reused_valid,G4__g4_c_weighted_sampling_w60__svm__r0__w60__fold_2__seed_42,classical,svm,R0,60,2,42,weighted_sampling,test,class,alert,precision,0.9259520451339915
G4,reused_valid,G4__g4_c_weighted_sampling_w60__svm__r0__w60__fold_2__seed_42,classical,svm,R0,60,2,42,weighted_sampling,test,class,alert,recall,0.8357733927434755
G4,reused_valid,G4__g4_c_weighted_sampling_w60__svm__r0__w60__fold_2__seed_42,classical,svm,R0,60,2,42,weighted_sampling,test,class,alert,f1,0.8785547005687521
G4,reused_valid,G4__g4_c_weighted_sampling_w60__svm__r0__w60__fold_2__seed_42,classical,svm,R0,60,2,42,weighted_sampling,test,class,distraction,precision,0.48118279569892475
G4,reused_valid,G4__g4_c_weighted_sampling_w60__svm__r0__w60__fold_2__seed_42,classical,svm,R0,60,2,42,weighted_sampling,test,class,distraction,recall,0.6109215017064846
G4,reused_valid,G4__g4_c_weighted_sampling_w60__svm__r0__w60__fold_2__seed_42,classical,svm,R0,60,2,42,weighted_sampling,test,class,distraction,f1,0.5383458646616541
G4,reused_valid,G4__g4_c_weighted_sampling_w60__svm__r0__w60__fold_3__seed_42,classical,svm,R0,60,3,42,weighted_sampling,validation,class,alert,precision,0.8768844221105527
G4,reused_valid,G4__g4_c_weighted_sampling_w60__svm__r0__w60__fold_3__seed_42,classical,svm,R0,60,3,42,weighted_sampling,validation,class,alert,recall,0.7079107505070994
G4,reused_valid,G4__g4_c_weighted_sampling_w60__svm__r0__w60__fold_3__seed_42,classical,svm,R0,60,3,42,weighted_sampling,validation,class,alert,f1,0.7833894500561167
G4,reused_valid,G4__g4_c_weighted_sampling_w60__svm__r0__w60__fold_3__seed_42,classical,svm,R0,60,3,42,weighted_sampling,validation,class,fatigue,precision,0.0
G4,reused_valid,G4__g4_c_weighted_sampling_w60__svm__r0__w60__fold_3__seed_42,classical,svm,R0,60,3,42,weighted_sampling,validation,class,fatigue,recall,0.0
G4,reused_valid,G4__g4_c_weighted_sampling_w60__svm__r0__w60__fold_3__seed_42,classical,svm,R0,60,3,42,weighted_sampling,validation,class,fatigue,f1,0.0
G4,reused_valid,G4__g4_c_weighted_sampling_w60__svm__r0__w60__fold_3__seed_42,classical,svm,R0,60,3,42,weighted_sampling,validation,class,distraction,precision,0.18541033434650456
G4,reused_valid,G4__g4_c_weighted_sampling_w60__svm__r0__w60__fold_3__seed_42,classical,svm,R0,60,3,42,weighted_sampling,validation,class,distraction,recall,0.40131578947368424
G4,reused_valid,G4__g4_c_weighted_sampling_w60__svm__r0__w60__fold_3__seed_42,classical,svm,R0,60,3,42,weighted_sampling,validation,class,distraction,f1,0.25363825363825365
G4,reused_valid,G4__g4_c_weighted_sampling_w60__svm__r0__w60__fold_3__seed_42,classical,svm,R0,60,3,42,weighted_sampling,test,class,alert,precision,0.9559082892416225
G4,reused_valid,G4__g4_c_weighted_sampling_w60__svm__r0__w60__fold_3__seed_42,classical,svm,R0,60,3,42,weighted_sampling,test,class,alert,recall,0.7929773226042429
G4,reused_valid,G4__g4_c_weighted_sampling_w60__svm__r0__w60__fold_3__seed_42,classical,svm,R0,60,3,42,weighted_sampling,test,class,alert,f1,0.8668532586965214
G4,reused_valid,G4__g4_c_weighted_sampling_w60__svm__r0__w60__fold_3__seed_42,classical,svm,R0,60,3,42,weighted_sampling,test,class,fatigue,precision,0.0
G4,reused_valid,G4__g4_c_weighted_sampling_w60__svm__r0__w60__fold_3__seed_42,classical,svm,R0,60,3,42,weighted_sampling,test,class,fatigue,recall,0.0
G4,reused_valid,G4__g4_c_weighted_sampling_w60__svm__r0__w60__fold_3__seed_42,classical,svm,R0,60,3,42,weighted_sampling,test,class,fatigue,f1,0.0
G4,reused_valid,G4__g4_c_weighted_sampling_w60__svm__r0__w60__fold_3__seed_42,classical,svm,R0,60,3,42,weighted_sampling,test,class,distraction,precision,0.20238095238095238
G4,reused_valid,G4__g4_c_weighted_sampling_w60__svm__r0__w60__fold_3__seed_42,classical,svm,R0,60,3,42,weighted_sampling,test,class,distraction,recall,0.6071428571428571
G4,reused_valid,G4__g4_c_weighted_sampling_w60__svm__r0__w60__fold_3__seed_42,classical,svm,R0,60,3,42,weighted_sampling,test,class,distraction,f1,0.30357142857142855
G4,reused_valid,G4__g4_c_weighted_sampling_w60__svm__r0__w60__fold_4__seed_42,classical,svm,R0,60,4,42,weighted_sampling,validation,class,alert,precision,0.9213197969543148
G4,reused_valid,G4__g4_c_weighted_sampling_w60__svm__r0__w60__fold_4__seed_42,classical,svm,R0,60,4,42,weighted_sampling,validation,class,alert,recall,0.717391304347826
G4,reused_valid,G4__g4_c_weighted_sampling_w60__svm__r0__w60__fold_4__seed_42,classical,svm,R0,60,4,42,weighted_sampling,validation,class,alert,f1,0.8066666666666666
G4,reused_valid,G4__g4_c_weighted_sampling_w60__svm__r0__w60__fold_4__seed_42,classical,svm,R0,60,4,42,weighted_sampling,validation,class,fatigue,precision,0.034482758620689655
G4,reused_valid,G4__g4_c_weighted_sampling_w60__svm__r0__w60__fold_4__seed_42,classical,svm,R0,60,4,42,weighted_sampling,validation,class,fatigue,recall,0.11764705882352941
G4,reused_valid,G4__g4_c_weighted_sampling_w60__svm__r0__w60__fold_4__seed_42,classical,svm,R0,60,4,42,weighted_sampling,validation,class,fatigue,f1,0.05333333333333334
G4,reused_valid,G4__g4_c_weighted_sampling_w60__svm__r0__w60__fold_4__seed_42,classical,svm,R0,60,4,42,weighted_sampling,validation,class,distraction,precision,0.13620071684587814
G4,reused_valid,G4__g4_c_weighted_sampling_w60__svm__r0__w60__fold_4__seed_42,classical,svm,R0,60,4,42,weighted_sampling,validation,class,distraction,recall,0.3958333333333333
G4,reused_valid,G4__g4_c_weighted_sampling_w60__svm__r0__w60__fold_4__seed_42,classical,svm,R0,60,4,42,weighted_sampling,validation,class,distraction,f1,0.20266666666666666
G4,reused_valid,G4__g4_c_weighted_sampling_w60__svm__r0__w60__fold_4__seed_42,classical,svm,R0,60,4,42,weighted_sampling,test,class,alert,precision,0.8824969400244798
G4,reused_valid,G4__g4_c_weighted_sampling_w60__svm__r0__w60__fold_4__seed_42,classical,svm,R0,60,4,42,weighted_sampling,test,class,alert,recall,0.7533960292580982
G4,reused_valid,G4__g4_c_weighted_sampling_w60__svm__r0__w60__fold_4__seed_42,classical,svm,R0,60,4,42,weighted_sampling,test,class,alert,f1,0.8128523111612176
G4,reused_valid,G4__g4_c_weighted_sampling_w60__svm__r0__w60__fold_4__seed_42,classical,svm,R0,60,4,42,weighted_sampling,test,class,distraction,precision,0.1493212669683258
G4,reused_valid,G4__g4_c_weighted_sampling_w60__svm__r0__w60__fold_4__seed_42,classical,svm,R0,60,4,42,weighted_sampling,test,class,distraction,recall,0.2391304347826087
G4,reused_valid,G4__g4_c_weighted_sampling_w60__svm__r0__w60__fold_4__seed_42,classical,svm,R0,60,4,42,weighted_sampling,test,class,distraction,f1,0.18384401114206128
G4,reused_valid,G4__g4_c_weighted_sampling_w60__tcn__r0__w60__fold_1__seed_42,temporal,tcn,R0,60,1,42,,validation,class,alert,precision,0.9164556962025316
G4,reused_valid,G4__g4_c_weighted_sampling_w60__tcn__r0__w60__fold_1__seed_42,temporal,tcn,R0,60,1,42,,validation,class,alert,recall,0.7140039447731755
G4,reused_valid,G4__g4_c_weighted_sampling_w60__tcn__r0__w60__fold_1__seed_42,temporal,tcn,R0,60,1,42,,validation,class,alert,f1,0.802660753880266
G4,reused_valid,G4__g4_c_weighted_sampling_w60__tcn__r0__w60__fold_1__seed_42,temporal,tcn,R0,60,1,42,,validation,class,fatigue,precision,0.018779342723004695
G4,reused_valid,G4__g4_c_weighted_sampling_w60__tcn__r0__w60__fold_1__seed_42,temporal,tcn,R0,60,1,42,,validation,class,fatigue,recall,1.0
G4,reused_valid,G4__g4_c_weighted_sampling_w60__tcn__r0__w60__fold_1__seed_42,temporal,tcn,R0,60,1,42,,validation,class,fatigue,f1,0.03686635944700461
G4,reused_valid,G4__g4_c_weighted_sampling_w60__tcn__r0__w60__fold_1__seed_42,temporal,tcn,R0,60,1,42,,validation,class,distraction,precision,0.3898305084745763
G4,reused_valid,G4__g4_c_weighted_sampling_w60__tcn__r0__w60__fold_1__seed_42,temporal,tcn,R0,60,1,42,,validation,class,distraction,recall,0.42592592592592593
G4,reused_valid,G4__g4_c_weighted_sampling_w60__tcn__r0__w60__fold_1__seed_42,temporal,tcn,R0,60,1,42,,validation,class,distraction,f1,0.40707964601769914
G4,reused_valid,G4__g4_c_weighted_sampling_w60__tcn__r0__w60__fold_1__seed_42,temporal,tcn,R0,60,1,42,,test,class,alert,precision,0.9534883720930233
G4,reused_valid,G4__g4_c_weighted_sampling_w60__tcn__r0__w60__fold_1__seed_42,temporal,tcn,R0,60,1,42,,test,class,alert,recall,0.6029411764705882
G4,reused_valid,G4__g4_c_weighted_sampling_w60__tcn__r0__w60__fold_1__seed_42,temporal,tcn,R0,60,1,42,,test,class,alert,f1,0.7387387387387387
G4,reused_valid,G4__g4_c_weighted_sampling_w60__tcn__r0__w60__fold_1__seed_42,temporal,tcn,R0,60,1,42,,test,class,fatigue,precision,0.026058631921824105
G4,reused_valid,G4__g4_c_weighted_sampling_w60__tcn__r0__w60__fold_1__seed_42,temporal,tcn,R0,60,1,42,,test,class,fatigue,recall,0.11940298507462686
G4,reused_valid,G4__g4_c_weighted_sampling_w60__tcn__r0__w60__fold_1__seed_42,temporal,tcn,R0,60,1,42,,test,class,fatigue,f1,0.0427807486631016
G4,reused_valid,G4__g4_c_weighted_sampling_w60__tcn__r0__w60__fold_1__seed_42,temporal,tcn,R0,60,1,42,,test,class,distraction,precision,0.5510204081632653
G4,reused_valid,G4__g4_c_weighted_sampling_w60__tcn__r0__w60__fold_1__seed_42,temporal,tcn,R0,60,1,42,,test,class,distraction,recall,0.783641160949868
G4,reused_valid,G4__g4_c_weighted_sampling_w60__tcn__r0__w60__fold_1__seed_42,temporal,tcn,R0,60,1,42,,test,class,distraction,f1,0.6470588235294118
G4,reused_valid,G4__g4_c_weighted_sampling_w60__tcn__r0__w60__fold_2__seed_42,temporal,tcn,R0,60,2,42,,validation,class,alert,precision,0.9456018518518519
G4,reused_valid,G4__g4_c_weighted_sampling_w60__tcn__r0__w60__fold_2__seed_42,temporal,tcn,R0,60,2,42,,validation,class,alert,recall,0.7564814814814815
G4,reused_valid,G4__g4_c_weighted_sampling_w60__tcn__r0__w60__fold_2__seed_42,temporal,tcn,R0,60,2,42,,validation,class,alert,f1,0.8405349794238683
G4,reused_valid,G4__g4_c_weighted_sampling_w60__tcn__r0__w60__fold_2__seed_42,temporal,tcn,R0,60,2,42,,validation,class,fatigue,precision,0.05
G4,reused_valid,G4__g4_c_weighted_sampling_w60__tcn__r0__w60__fold_2__seed_42,temporal,tcn,R0,60,2,42,,validation,class,fatigue,recall,0.23529411764705882
G4,reused_valid,G4__g4_c_weighted_sampling_w60__tcn__r0__w60__fold_2__seed_42,temporal,tcn,R0,60,2,42,,validation,class,fatigue,f1,0.08247422680412371
G4,reused_valid,G4__g4_c_weighted_sampling_w60__tcn__r0__w60__fold_2__seed_42,temporal,tcn,R0,60,2,42,,validation,class,distraction,precision,0.15283842794759825
G4,reused_valid,G4__g4_c_weighted_sampling_w60__tcn__r0__w60__fold_2__seed_42,temporal,tcn,R0,60,2,42,,validation,class,distraction,recall,0.4605263157894737
G4,reused_valid,G4__g4_c_weighted_sampling_w60__tcn__r0__w60__fold_2__seed_42,temporal,tcn,R0,60,2,42,,validation,class,distraction,f1,0.22950819672131148
G4,reused_valid,G4__g4_c_weighted_sampling_w60__tcn__r0__w60__fold_2__seed_42,temporal,tcn,R0,60,2,42,,test,class,alert,precision,0.9409769335142469
G4,reused_valid,G4__g4_c_weighted_sampling_w60__tcn__r0__w60__fold_2__seed_42,temporal,tcn,R0,60,2,42,,test,class,alert,recall,0.8828771483131763
G4,reused_valid,G4__g4_c_weighted_sampling_w60__tcn__r0__w60__fold_2__seed_42,temporal,tcn,R0,60,2,42,,test,class,alert,f1,0.9110016420361248
G4,reused_valid,G4__g4_c_weighted_sampling_w60__tcn__r0__w60__fold_2__seed_42,temporal,tcn,R0,60,2,42,,test,class,distraction,precision,0.5956112852664577
G4,reused_valid,G4__g4_c_weighted_sampling_w60__tcn__r0__w60__fold_2__seed_42,temporal,tcn,R0,60,2,42,,test,class,distraction,recall,0.6484641638225256
G4,reused_valid,G4__g4_c_weighted_sampling_w60__tcn__r0__w60__fold_2__seed_42,temporal,tcn,R0,60,2,42,,test,class,distraction,f1,0.6209150326797386
G4,reused_valid,G4__g4_c_weighted_sampling_w60__tcn__r0__w60__fold_3__seed_42,temporal,tcn,R0,60,3,42,,validation,class,alert,precision,0.8880208333333334
G4,reused_valid,G4__g4_c_weighted_sampling_w60__tcn__r0__w60__fold_3__seed_42,temporal,tcn,R0,60,3,42,,validation,class,alert,recall,0.691683569979716
G4,reused_valid,G4__g4_c_weighted_sampling_w60__tcn__r0__w60__fold_3__seed_42,temporal,tcn,R0,60,3,42,,validation,class,alert,f1,0.7776510832383124
G4,reused_valid,G4__g4_c_weighted_sampling_w60__tcn__r0__w60__fold_3__seed_42,temporal,tcn,R0,60,3,42,,validation,class,fatigue,precision,0.05
G4,reused_valid,G4__g4_c_weighted_sampling_w60__tcn__r0__w60__fold_3__seed_42,temporal,tcn,R0,60,3,42,,validation,class,fatigue,recall,0.38461538461538464
G4,reused_valid,G4__g4_c_weighted_sampling_w60__tcn__r0__w60__fold_3__seed_42,temporal,tcn,R0,60,3,42,,validation,class,fatigue,f1,0.08849557522123894
G4,reused_valid,G4__g4_c_weighted_sampling_w60__tcn__r0__w60__fold_3__seed_42,temporal,tcn,R0,60,3,42,,validation,class,distraction,precision,0.2508833922261484
G4,reused_valid,G4__g4_c_weighted_sampling_w60__tcn__r0__w60__fold_3__seed_42,temporal,tcn,R0,60,3,42,,validation,class,distraction,recall,0.46710526315789475
G4,reused_valid,G4__g4_c_weighted_sampling_w60__tcn__r0__w60__fold_3__seed_42,temporal,tcn,R0,60,3,42,,validation,class,distraction,f1,0.3264367816091954
G4,reused_valid,G4__g4_c_weighted_sampling_w60__tcn__r0__w60__fold_3__seed_42,temporal,tcn,R0,60,3,42,,test,class,alert,precision,0.9664268585131894
G4,reused_valid,G4__g4_c_weighted_sampling_w60__tcn__r0__w60__fold_3__seed_42,temporal,tcn,R0,60,3,42,,test,class,alert,recall,0.8844184345281638
G4,reused_valid,G4__g4_c_weighted_sampling_w60__tcn__r0__w60__fold_3__seed_42,temporal,tcn,R0,60,3,42,,test,class,alert,f1,0.9236058059587471
G4,reused_valid,G4__g4_c_weighted_sampling_w60__tcn__r0__w60__fold_3__seed_42,temporal,tcn,R0,60,3,42,,test,class,fatigue,precision,0.05714285714285714
G4,reused_valid,G4__g4_c_weighted_sampling_w60__tcn__r0__w60__fold_3__seed_42,temporal,tcn,R0,60,3,42,,test,class,fatigue,recall,0.09523809523809523
G4,reused_valid,G4__g4_c_weighted_sampling_w60__tcn__r0__w60__fold_3__seed_42,temporal,tcn,R0,60,3,42,,test,class,fatigue,f1,0.07142857142857142
G4,reused_valid,G4__g4_c_weighted_sampling_w60__tcn__r0__w60__fold_3__seed_42,temporal,tcn,R0,60,3,42,,test,class,distraction,precision,0.35046728971962615
G4,reused_valid,G4__g4_c_weighted_sampling_w60__tcn__r0__w60__fold_3__seed_42,temporal,tcn,R0,60,3,42,,test,class,distraction,recall,0.6696428571428571
G4,reused_valid,G4__g4_c_weighted_sampling_w60__tcn__r0__w60__fold_3__seed_42,temporal,tcn,R0,60,3,42,,test,class,distraction,f1,0.4601226993865031
G4,reused_valid,G4__g4_c_weighted_sampling_w60__tcn__r0__w60__fold_4__seed_42,temporal,tcn,R0,60,4,42,,validation,class,alert,precision,0.9297163995067818
G4,reused_valid,G4__g4_c_weighted_sampling_w60__tcn__r0__w60__fold_4__seed_42,temporal,tcn,R0,60,4,42,,validation,class,alert,recall,0.7450592885375494
G4,reused_valid,G4__g4_c_weighted_sampling_w60__tcn__r0__w60__fold_4__seed_42,temporal,tcn,R0,60,4,42,,validation,class,alert,f1,0.8272078990674712
G4,reused_valid,G4__g4_c_weighted_sampling_w60__tcn__r0__w60__fold_4__seed_42,temporal,tcn,R0,60,4,42,,validation,class,fatigue,precision,0.029069767441860465
G4,reused_valid,G4__g4_c_weighted_sampling_w60__tcn__r0__w60__fold_4__seed_42,temporal,tcn,R0,60,4,42,,validation,class,fatigue,recall,0.29411764705882354
G4,reused_valid,G4__g4_c_weighted_sampling_w60__tcn__r0__w60__fold_4__seed_42,temporal,tcn,R0,60,4,42,,validation,class,fatigue,f1,0.05291005291005291
G4,reused_valid,G4__g4_c_weighted_sampling_w60__tcn__r0__w60__fold_4__seed_42,temporal,tcn,R0,60,4,42,,validation,class,distraction,precision,0.30985915492957744
G4,reused_valid,G4__g4_c_weighted_sampling_w60__tcn__r0__w60__fold_4__seed_42,temporal,tcn,R0,60,4,42,,validation,class,distraction,recall,0.4583333333333333
G4,reused_valid,G4__g4_c_weighted_sampling_w60__tcn__r0__w60__fold_4__seed_42,temporal,tcn,R0,60,4,42,,validation,class,distraction,f1,0.3697478991596639
G4,reused_valid,G4__g4_c_weighted_sampling_w60__tcn__r0__w60__fold_4__seed_42,temporal,tcn,R0,60,4,42,,test,class,alert,precision,0.9023485784919654
G4,reused_valid,G4__g4_c_weighted_sampling_w60__tcn__r0__w60__fold_4__seed_42,temporal,tcn,R0,60,4,42,,test,class,alert,recall,0.7628004179728317
G4,reused_valid,G4__g4_c_weighted_sampling_w60__tcn__r0__w60__fold_4__seed_42,temporal,tcn,R0,60,4,42,,test,class,alert,f1,0.8267270668176671
G4,reused_valid,G4__g4_c_weighted_sampling_w60__tcn__r0__w60__fold_4__seed_42,temporal,tcn,R0,60,4,42,,test,class,distraction,precision,0.21808510638297873
G4,reused_valid,G4__g4_c_weighted_sampling_w60__tcn__r0__w60__fold_4__seed_42,temporal,tcn,R0,60,4,42,,test,class,distraction,recall,0.2971014492753623
G4,reused_valid,G4__g4_c_weighted_sampling_w60__tcn__r0__w60__fold_4__seed_42,temporal,tcn,R0,60,4,42,,test,class,distraction,f1,0.25153374233128833
G4,reused_valid,G4__g4_d_augmentation_w150__transformer__r0__w150__fold_1__seed_42,temporal,transformer,R0,150,1,42,,validation,class,alert,precision,0.9176954732510288
G4,reused_valid,G4__g4_d_augmentation_w150__transformer__r0__w150__fold_1__seed_42,temporal,transformer,R0,150,1,42,,validation,class,alert,recall,0.8928928928928929
G4,reused_valid,G4__g4_d_augmentation_w150__transformer__r0__w150__fold_1__seed_42,temporal,transformer,R0,150,1,42,,validation,class,alert,f1,0.9051243023845763
G4,reused_valid,G4__g4_d_augmentation_w150__transformer__r0__w150__fold_1__seed_42,temporal,transformer,R0,150,1,42,,validation,class,fatigue,precision,0.0
G4,reused_valid,G4__g4_d_augmentation_w150__transformer__r0__w150__fold_1__seed_42,temporal,transformer,R0,150,1,42,,validation,class,fatigue,recall,0.0
G4,reused_valid,G4__g4_d_augmentation_w150__transformer__r0__w150__fold_1__seed_42,temporal,transformer,R0,150,1,42,,validation,class,fatigue,f1,0.0
G4,reused_valid,G4__g4_d_augmentation_w150__transformer__r0__w150__fold_1__seed_42,temporal,transformer,R0,150,1,42,,validation,class,distraction,precision,0.41530054644808745
G4,reused_valid,G4__g4_d_augmentation_w150__transformer__r0__w150__fold_1__seed_42,temporal,transformer,R0,150,1,42,,validation,class,distraction,recall,0.49032258064516127
G4,reused_valid,G4__g4_d_augmentation_w150__transformer__r0__w150__fold_1__seed_42,temporal,transformer,R0,150,1,42,,validation,class,distraction,f1,0.44970414201183434
G4,reused_valid,G4__g4_d_augmentation_w150__transformer__r0__w150__fold_1__seed_42,temporal,transformer,R0,150,1,42,,test,class,alert,precision,0.914466737064414
G4,reused_valid,G4__g4_d_augmentation_w150__transformer__r0__w150__fold_1__seed_42,temporal,transformer,R0,150,1,42,,test,class,alert,recall,0.7944954128440367
G4,reused_valid,G4__g4_d_augmentation_w150__transformer__r0__w150__fold_1__seed_42,temporal,transformer,R0,150,1,42,,test,class,alert,f1,0.8502700049091801
G4,reused_valid,G4__g4_d_augmentation_w150__transformer__r0__w150__fold_1__seed_42,temporal,transformer,R0,150,1,42,,test,class,fatigue,precision,0.0
G4,reused_valid,G4__g4_d_augmentation_w150__transformer__r0__w150__fold_1__seed_42,temporal,transformer,R0,150,1,42,,test,class,fatigue,recall,0.0
G4,reused_valid,G4__g4_d_augmentation_w150__transformer__r0__w150__fold_1__seed_42,temporal,transformer,R0,150,1,42,,test,class,fatigue,f1,0.0
G4,reused_valid,G4__g4_d_augmentation_w150__transformer__r0__w150__fold_1__seed_42,temporal,transformer,R0,150,1,42,,test,class,distraction,precision,0.5490533562822719
G4,reused_valid,G4__g4_d_augmentation_w150__transformer__r0__w150__fold_1__seed_42,temporal,transformer,R0,150,1,42,,test,class,distraction,recall,0.848404255319149
G4,reused_valid,G4__g4_d_augmentation_w150__transformer__r0__w150__fold_1__seed_42,temporal,transformer,R0,150,1,42,,test,class,distraction,f1,0.6666666666666666
G4,reused_valid,G4__g4_d_augmentation_w150__transformer__r0__w150__fold_2__seed_42,temporal,transformer,R0,150,2,42,,validation,class,alert,precision,0.9494324045407637
G4,reused_valid,G4__g4_d_augmentation_w150__transformer__r0__w150__fold_2__seed_42,temporal,transformer,R0,150,2,42,,validation,class,alert,recall,0.8566108007448789
G4,reused_valid,G4__g4_d_augmentation_w150__transformer__r0__w150__fold_2__seed_42,temporal,transformer,R0,150,2,42,,validation,class,alert,f1,0.9006363191385218
G4,reused_valid,G4__g4_d_augmentation_w150__transformer__r0__w150__fold_2__seed_42,temporal,transformer,R0,150,2,42,,validation,class,fatigue,precision,0.0
G4,reused_valid,G4__g4_d_augmentation_w150__transformer__r0__w150__fold_2__seed_42,temporal,transformer,R0,150,2,42,,validation,class,fatigue,recall,0.0
G4,reused_valid,G4__g4_d_augmentation_w150__transformer__r0__w150__fold_2__seed_42,temporal,transformer,R0,150,2,42,,validation,class,fatigue,f1,0.0
G4,reused_valid,G4__g4_d_augmentation_w150__transformer__r0__w150__fold_2__seed_42,temporal,transformer,R0,150,2,42,,validation,class,distraction,precision,0.193717277486911
G4,reused_valid,G4__g4_d_augmentation_w150__transformer__r0__w150__fold_2__seed_42,temporal,transformer,R0,150,2,42,,validation,class,distraction,recall,0.5
G4,reused_valid,G4__g4_d_augmentation_w150__transformer__r0__w150__fold_2__seed_42,temporal,transformer,R0,150,2,42,,validation,class,distraction,f1,0.2792452830188679
G4,reused_valid,G4__g4_d_augmentation_w150__transformer__r0__w150__fold_2__seed_42,temporal,transformer,R0,150,2,42,,test,class,alert,precision,0.938985228002569
G4,reused_valid,G4__g4_d_augmentation_w150__transformer__r0__w150__fold_2__seed_42,temporal,transformer,R0,150,2,42,,test,class,alert,recall,0.9371794871794872
G4,reused_valid,G4__g4_d_augmentation_w150__transformer__r0__w150__fold_2__seed_42,temporal,transformer,R0,150,2,42,,test,class,alert,f1,0.9380814886108437
G4,reused_valid,G4__g4_d_augmentation_w150__transformer__r0__w150__fold_2__seed_42,temporal,transformer,R0,150,2,42,,test,class,distraction,precision,0.6549295774647887
G4,reused_valid,G4__g4_d_augmentation_w150__transformer__r0__w150__fold_2__seed_42,temporal,transformer,R0,150,2,42,,test,class,distraction,recall,0.6619217081850534
G4,reused_valid,G4__g4_d_augmentation_w150__transformer__r0__w150__fold_2__seed_42,temporal,transformer,R0,150,2,42,,test,class,distraction,f1,0.6584070796460177
G4,reused_valid,G4__g4_d_augmentation_w150__transformer__r0__w150__fold_3__seed_42,temporal,transformer,R0,150,3,42,,validation,class,alert,precision,0.9013605442176871
G4,reused_valid,G4__g4_d_augmentation_w150__transformer__r0__w150__fold_3__seed_42,temporal,transformer,R0,150,3,42,,validation,class,alert,recall,0.8204334365325078
G4,reused_valid,G4__g4_d_augmentation_w150__transformer__r0__w150__fold_3__seed_42,temporal,transformer,R0,150,3,42,,validation,class,alert,f1,0.8589951377633711
G4,reused_valid,G4__g4_d_augmentation_w150__transformer__r0__w150__fold_3__seed_42,temporal,transformer,R0,150,3,42,,validation,class,fatigue,precision,0.0
G4,reused_valid,G4__g4_d_augmentation_w150__transformer__r0__w150__fold_3__seed_42,temporal,transformer,R0,150,3,42,,validation,class,fatigue,recall,0.0
G4,reused_valid,G4__g4_d_augmentation_w150__transformer__r0__w150__fold_3__seed_42,temporal,transformer,R0,150,3,42,,validation,class,fatigue,f1,0.0
G4,reused_valid,G4__g4_d_augmentation_w150__transformer__r0__w150__fold_3__seed_42,temporal,transformer,R0,150,3,42,,validation,class,distraction,precision,0.2839506172839506
G4,reused_valid,G4__g4_d_augmentation_w150__transformer__r0__w150__fold_3__seed_42,temporal,transformer,R0,150,3,42,,validation,class,distraction,recall,0.47586206896551725
G4,reused_valid,G4__g4_d_augmentation_w150__transformer__r0__w150__fold_3__seed_42,temporal,transformer,R0,150,3,42,,validation,class,distraction,f1,0.3556701030927835
G4,reused_valid,G4__g4_d_augmentation_w150__transformer__r0__w150__fold_3__seed_42,temporal,transformer,R0,150,3,42,,test,class,alert,precision,0.9488510007412898
G4,reused_valid,G4__g4_d_augmentation_w150__transformer__r0__w150__fold_3__seed_42,temporal,transformer,R0,150,3,42,,test,class,alert,recall,0.9377289377289377
G4,reused_valid,G4__g4_d_augmentation_w150__transformer__r0__w150__fold_3__seed_42,temporal,transformer,R0,150,3,42,,test,class,alert,f1,0.9432571849668386
G4,reused_valid,G4__g4_d_augmentation_w150__transformer__r0__w150__fold_3__seed_42,temporal,transformer,R0,150,3,42,,test,class,fatigue,precision,0.0
G4,reused_valid,G4__g4_d_augmentation_w150__transformer__r0__w150__fold_3__seed_42,temporal,transformer,R0,150,3,42,,test,class,fatigue,recall,0.0
G4,reused_valid,G4__g4_d_augmentation_w150__transformer__r0__w150__fold_3__seed_42,temporal,transformer,R0,150,3,42,,test,class,fatigue,f1,0.0
G4,reused_valid,G4__g4_d_augmentation_w150__transformer__r0__w150__fold_3__seed_42,temporal,transformer,R0,150,3,42,,test,class,distraction,precision,0.3888888888888889
G4,reused_valid,G4__g4_d_augmentation_w150__transformer__r0__w150__fold_3__seed_42,temporal,transformer,R0,150,3,42,,test,class,distraction,recall,0.5283018867924528
G4,reused_valid,G4__g4_d_augmentation_w150__transformer__r0__w150__fold_3__seed_42,temporal,transformer,R0,150,3,42,,test,class,distraction,f1,0.448
G4,reused_valid,G4__g4_d_augmentation_w150__transformer__r0__w150__fold_4__seed_42,temporal,transformer,R0,150,4,42,,validation,class,alert,precision,0.9323467230443975
G4,reused_valid,G4__g4_d_augmentation_w150__transformer__r0__w150__fold_4__seed_42,temporal,transformer,R0,150,4,42,,validation,class,alert,recall,0.8802395209580839
G4,reused_valid,G4__g4_d_augmentation_w150__transformer__r0__w150__fold_4__seed_42,temporal,transformer,R0,150,4,42,,validation,class,alert,f1,0.9055441478439425
G4,reused_valid,G4__g4_d_augmentation_w150__transformer__r0__w150__fold_4__seed_42,temporal,transformer,R0,150,4,42,,validation,class,fatigue,precision,0.0
G4,reused_valid,G4__g4_d_augmentation_w150__transformer__r0__w150__fold_4__seed_42,temporal,transformer,R0,150,4,42,,validation,class,fatigue,recall,0.0
G4,reused_valid,G4__g4_d_augmentation_w150__transformer__r0__w150__fold_4__seed_42,temporal,transformer,R0,150,4,42,,validation,class,fatigue,f1,0.0
G4,reused_valid,G4__g4_d_augmentation_w150__transformer__r0__w150__fold_4__seed_42,temporal,transformer,R0,150,4,42,,validation,class,distraction,precision,0.24528301886792453
G4,reused_valid,G4__g4_d_augmentation_w150__transformer__r0__w150__fold_4__seed_42,temporal,transformer,R0,150,4,42,,validation,class,distraction,recall,0.42857142857142855
G4,reused_valid,G4__g4_d_augmentation_w150__transformer__r0__w150__fold_4__seed_42,temporal,transformer,R0,150,4,42,,validation,class,distraction,f1,0.312
G4,reused_valid,G4__g4_d_augmentation_w150__transformer__r0__w150__fold_4__seed_42,temporal,transformer,R0,150,4,42,,test,class,alert,precision,0.8864864864864865
G4,reused_valid,G4__g4_d_augmentation_w150__transformer__r0__w150__fold_4__seed_42,temporal,transformer,R0,150,4,42,,test,class,alert,recall,0.8668076109936576
G4,reused_valid,G4__g4_d_augmentation_w150__transformer__r0__w150__fold_4__seed_42,temporal,transformer,R0,150,4,42,,test,class,alert,f1,0.8765366114377339
G4,reused_valid,G4__g4_d_augmentation_w150__transformer__r0__w150__fold_4__seed_42,temporal,transformer,R0,150,4,42,,test,class,distraction,precision,0.16556291390728478
G4,reused_valid,G4__g4_d_augmentation_w150__transformer__r0__w150__fold_4__seed_42,temporal,transformer,R0,150,4,42,,test,class,distraction,recall,0.19230769230769232
G4,reused_valid,G4__g4_d_augmentation_w150__transformer__r0__w150__fold_4__seed_42,temporal,transformer,R0,150,4,42,,test,class,distraction,f1,0.17793594306049823
G4,reused_valid,G4__g4_d_augmentation_w60__lstm__r0__w60__fold_1__seed_42,temporal,lstm,R0,60,1,42,,validation,class,alert,precision,0.8933074684772065
G4,reused_valid,G4__g4_d_augmentation_w60__lstm__r0__w60__fold_1__seed_42,temporal,lstm,R0,60,1,42,,validation,class,alert,recall,0.908284023668639
G4,reused_valid,G4__g4_d_augmentation_w60__lstm__r0__w60__fold_1__seed_42,temporal,lstm,R0,60,1,42,,validation,class,alert,f1,0.9007334963325183
G4,reused_valid,G4__g4_d_augmentation_w60__lstm__r0__w60__fold_1__seed_42,temporal,lstm,R0,60,1,42,,validation,class,fatigue,precision,0.0
G4,reused_valid,G4__g4_d_augmentation_w60__lstm__r0__w60__fold_1__seed_42,temporal,lstm,R0,60,1,42,,validation,class,fatigue,recall,0.0
G4,reused_valid,G4__g4_d_augmentation_w60__lstm__r0__w60__fold_1__seed_42,temporal,lstm,R0,60,1,42,,validation,class,fatigue,f1,0.0
G4,reused_valid,G4__g4_d_augmentation_w60__lstm__r0__w60__fold_1__seed_42,temporal,lstm,R0,60,1,42,,validation,class,distraction,precision,0.37583892617449666
G4,reused_valid,G4__g4_d_augmentation_w60__lstm__r0__w60__fold_1__seed_42,temporal,lstm,R0,60,1,42,,validation,class,distraction,recall,0.345679012345679
G4,reused_valid,G4__g4_d_augmentation_w60__lstm__r0__w60__fold_1__seed_42,temporal,lstm,R0,60,1,42,,validation,class,distraction,f1,0.36012861736334406
G4,reused_valid,G4__g4_d_augmentation_w60__lstm__r0__w60__fold_1__seed_42,temporal,lstm,R0,60,1,42,,test,class,alert,precision,0.8645621181262729
G4,reused_valid,G4__g4_d_augmentation_w60__lstm__r0__w60__fold_1__seed_42,temporal,lstm,R0,60,1,42,,test,class,alert,recall,0.7803308823529411
G4,reused_valid,G4__g4_d_augmentation_w60__lstm__r0__w60__fold_1__seed_42,temporal,lstm,R0,60,1,42,,test,class,alert,f1,0.8202898550724638
G4,reused_valid,G4__g4_d_augmentation_w60__lstm__r0__w60__fold_1__seed_42,temporal,lstm,R0,60,1,42,,test,class,fatigue,precision,0.0
G4,reused_valid,G4__g4_d_augmentation_w60__lstm__r0__w60__fold_1__seed_42,temporal,lstm,R0,60,1,42,,test,class,fatigue,recall,0.0
G4,reused_valid,G4__g4_d_augmentation_w60__lstm__r0__w60__fold_1__seed_42,temporal,lstm,R0,60,1,42,,test,class,fatigue,f1,0.0
G4,reused_valid,G4__g4_d_augmentation_w60__lstm__r0__w60__fold_1__seed_42,temporal,lstm,R0,60,1,42,,test,class,distraction,precision,0.5054347826086957
G4,reused_valid,G4__g4_d_augmentation_w60__lstm__r0__w60__fold_1__seed_42,temporal,lstm,R0,60,1,42,,test,class,distraction,recall,0.7361477572559367
G4,reused_valid,G4__g4_d_augmentation_w60__lstm__r0__w60__fold_1__seed_42,temporal,lstm,R0,60,1,42,,test,class,distraction,f1,0.5993555316863588
G4,reused_valid,G4__g4_d_augmentation_w60__lstm__r0__w60__fold_2__seed_42,temporal,lstm,R0,60,2,42,,validation,class,alert,precision,0.939
G4,reused_valid,G4__g4_d_augmentation_w60__lstm__r0__w60__fold_2__seed_42,temporal,lstm,R0,60,2,42,,validation,class,alert,recall,0.8694444444444445
G4,reused_valid,G4__g4_d_augmentation_w60__lstm__r0__w60__fold_2__seed_42,temporal,lstm,R0,60,2,42,,validation,class,alert,f1,0.9028846153846154
G4,reused_valid,G4__g4_d_augmentation_w60__lstm__r0__w60__fold_2__seed_42,temporal,lstm,R0,60,2,42,,validation,class,fatigue,precision,0.0
G4,reused_valid,G4__g4_d_augmentation_w60__lstm__r0__w60__fold_2__seed_42,temporal,lstm,R0,60,2,42,,validation,class,fatigue,recall,0.0
G4,reused_valid,G4__g4_d_augmentation_w60__lstm__r0__w60__fold_2__seed_42,temporal,lstm,R0,60,2,42,,validation,class,fatigue,f1,0.0
G4,reused_valid,G4__g4_d_augmentation_w60__lstm__r0__w60__fold_2__seed_42,temporal,lstm,R0,60,2,42,,validation,class,distraction,precision,0.18497109826589594
G4,reused_valid,G4__g4_d_augmentation_w60__lstm__r0__w60__fold_2__seed_42,temporal,lstm,R0,60,2,42,,validation,class,distraction,recall,0.42105263157894735
G4,reused_valid,G4__g4_d_augmentation_w60__lstm__r0__w60__fold_2__seed_42,temporal,lstm,R0,60,2,42,,validation,class,distraction,f1,0.2570281124497992
G4,reused_valid,G4__g4_d_augmentation_w60__lstm__r0__w60__fold_2__seed_42,temporal,lstm,R0,60,2,42,,test,class,alert,precision,0.9314802844214609
G4,reused_valid,G4__g4_d_augmentation_w60__lstm__r0__w60__fold_2__seed_42,temporal,lstm,R0,60,2,42,,test,class,alert,recall,0.9172501591343094
G4,reused_valid,G4__g4_d_augmentation_w60__lstm__r0__w60__fold_2__seed_42,temporal,lstm,R0,60,2,42,,test,class,alert,f1,0.9243104554201411
G4,reused_valid,G4__g4_d_augmentation_w60__lstm__r0__w60__fold_2__seed_42,temporal,lstm,R0,60,2,42,,test,class,distraction,precision,0.5899053627760252
G4,reused_valid,G4__g4_d_augmentation_w60__lstm__r0__w60__fold_2__seed_42,temporal,lstm,R0,60,2,42,,test,class,distraction,recall,0.6382252559726962
G4,reused_valid,G4__g4_d_augmentation_w60__lstm__r0__w60__fold_2__seed_42,temporal,lstm,R0,60,2,42,,test,class,distraction,f1,0.6131147540983607
G4,reused_valid,G4__g4_d_augmentation_w60__lstm__r0__w60__fold_3__seed_42,temporal,lstm,R0,60,3,42,,validation,class,alert,precision,0.8876889848812095
G4,reused_valid,G4__g4_d_augmentation_w60__lstm__r0__w60__fold_3__seed_42,temporal,lstm,R0,60,3,42,,validation,class,alert,recall,0.8336713995943205
G4,reused_valid,G4__g4_d_augmentation_w60__lstm__r0__w60__fold_3__seed_42,temporal,lstm,R0,60,3,42,,validation,class,alert,f1,0.8598326359832636
G4,reused_valid,G4__g4_d_augmentation_w60__lstm__r0__w60__fold_3__seed_42,temporal,lstm,R0,60,3,42,,validation,class,fatigue,precision,0.0
G4,reused_valid,G4__g4_d_augmentation_w60__lstm__r0__w60__fold_3__seed_42,temporal,lstm,R0,60,3,42,,validation,class,fatigue,recall,0.0
G4,reused_valid,G4__g4_d_augmentation_w60__lstm__r0__w60__fold_3__seed_42,temporal,lstm,R0,60,3,42,,validation,class,fatigue,f1,0.0
G4,reused_valid,G4__g4_d_augmentation_w60__lstm__r0__w60__fold_3__seed_42,temporal,lstm,R0,60,3,42,,validation,class,distraction,precision,0.27111111111111114
G4,reused_valid,G4__g4_d_augmentation_w60__lstm__r0__w60__fold_3__seed_42,temporal,lstm,R0,60,3,42,,validation,class,distraction,recall,0.40131578947368424
G4,reused_valid,G4__g4_d_augmentation_w60__lstm__r0__w60__fold_3__seed_42,temporal,lstm,R0,60,3,42,,validation,class,distraction,f1,0.32360742705570295
G4,reused_valid,G4__g4_d_augmentation_w60__lstm__r0__w60__fold_3__seed_42,temporal,lstm,R0,60,3,42,,test,class,alert,precision,0.9483532934131736
G4,reused_valid,G4__g4_d_augmentation_w60__lstm__r0__w60__fold_3__seed_42,temporal,lstm,R0,60,3,42,,test,class,alert,recall,0.9268471104608632
G4,reused_valid,G4__g4_d_augmentation_w60__lstm__r0__w60__fold_3__seed_42,temporal,lstm,R0,60,3,42,,test,class,alert,f1,0.9374768775434702
G4,reused_valid,G4__g4_d_augmentation_w60__lstm__r0__w60__fold_3__seed_42,temporal,lstm,R0,60,3,42,,test,class,fatigue,precision,0.0
G4,reused_valid,G4__g4_d_augmentation_w60__lstm__r0__w60__fold_3__seed_42,temporal,lstm,R0,60,3,42,,test,class,fatigue,recall,0.0
G4,reused_valid,G4__g4_d_augmentation_w60__lstm__r0__w60__fold_3__seed_42,temporal,lstm,R0,60,3,42,,test,class,fatigue,f1,0.0
G4,reused_valid,G4__g4_d_augmentation_w60__lstm__r0__w60__fold_3__seed_42,temporal,lstm,R0,60,3,42,,test,class,distraction,precision,0.3780487804878049
G4,reused_valid,G4__g4_d_augmentation_w60__lstm__r0__w60__fold_3__seed_42,temporal,lstm,R0,60,3,42,,test,class,distraction,recall,0.5535714285714286
G4,reused_valid,G4__g4_d_augmentation_w60__lstm__r0__w60__fold_3__seed_42,temporal,lstm,R0,60,3,42,,test,class,distraction,f1,0.4492753623188406
G4,reused_valid,G4__g4_d_augmentation_w60__lstm__r0__w60__fold_4__seed_42,temporal,lstm,R0,60,4,42,,validation,class,alert,precision,0.9278794402583423
G4,reused_valid,G4__g4_d_augmentation_w60__lstm__r0__w60__fold_4__seed_42,temporal,lstm,R0,60,4,42,,validation,class,alert,recall,0.8517786561264822
G4,reused_valid,G4__g4_d_augmentation_w60__lstm__r0__w60__fold_4__seed_42,temporal,lstm,R0,60,4,42,,validation,class,alert,f1,0.8882019577537352
G4,reused_valid,G4__g4_d_augmentation_w60__lstm__r0__w60__fold_4__seed_42,temporal,lstm,R0,60,4,42,,validation,class,fatigue,precision,0.0
G4,reused_valid,G4__g4_d_augmentation_w60__lstm__r0__w60__fold_4__seed_42,temporal,lstm,R0,60,4,42,,validation,class,fatigue,recall,0.0
G4,reused_valid,G4__g4_d_augmentation_w60__lstm__r0__w60__fold_4__seed_42,temporal,lstm,R0,60,4,42,,validation,class,fatigue,f1,0.0
G4,reused_valid,G4__g4_d_augmentation_w60__lstm__r0__w60__fold_4__seed_42,temporal,lstm,R0,60,4,42,,validation,class,distraction,precision,0.23469387755102042
G4,reused_valid,G4__g4_d_augmentation_w60__lstm__r0__w60__fold_4__seed_42,temporal,lstm,R0,60,4,42,,validation,class,distraction,recall,0.4791666666666667
G4,reused_valid,G4__g4_d_augmentation_w60__lstm__r0__w60__fold_4__seed_42,temporal,lstm,R0,60,4,42,,validation,class,distraction,f1,0.3150684931506849
G4,reused_valid,G4__g4_d_augmentation_w60__lstm__r0__w60__fold_4__seed_42,temporal,lstm,R0,60,4,42,,test,class,alert,precision,0.8968347010550997
G4,reused_valid,G4__g4_d_augmentation_w60__lstm__r0__w60__fold_4__seed_42,temporal,lstm,R0,60,4,42,,test,class,alert,recall,0.799373040752351
G4,reused_valid,G4__g4_d_augmentation_w60__lstm__r0__w60__fold_4__seed_42,temporal,lstm,R0,60,4,42,,test,class,alert,f1,0.8453038674033149
G4,reused_valid,G4__g4_d_augmentation_w60__lstm__r0__w60__fold_4__seed_42,temporal,lstm,R0,60,4,42,,test,class,distraction,precision,0.2066115702479339
G4,reused_valid,G4__g4_d_augmentation_w60__lstm__r0__w60__fold_4__seed_42,temporal,lstm,R0,60,4,42,,test,class,distraction,recall,0.36231884057971014
G4,reused_valid,G4__g4_d_augmentation_w60__lstm__r0__w60__fold_4__seed_42,temporal,lstm,R0,60,4,42,,test,class,distraction,f1,0.2631578947368421
G4,reused_valid,G4__g4_d_augmentation_w60__svm__r0__w60__fold_1__seed_42,classical,svm,R0,60,1,42,augmentation,validation,class,alert,precision,0.8969276511397423
G4,reused_valid,G4__g4_d_augmentation_w60__svm__r0__w60__fold_1__seed_42,classical,svm,R0,60,1,42,augmentation,validation,class,alert,recall,0.8925049309664694
G4,reused_valid,G4__g4_d_augmentation_w60__svm__r0__w60__fold_1__seed_42,classical,svm,R0,60,1,42,augmentation,validation,class,alert,f1,0.8947108255066732
G4,reused_valid,G4__g4_d_augmentation_w60__svm__r0__w60__fold_1__seed_42,classical,svm,R0,60,1,42,augmentation,validation,class,fatigue,precision,0.18181818181818182
G4,reused_valid,G4__g4_d_augmentation_w60__svm__r0__w60__fold_1__seed_42,classical,svm,R0,60,1,42,augmentation,validation,class,fatigue,recall,0.5
G4,reused_valid,G4__g4_d_augmentation_w60__svm__r0__w60__fold_1__seed_42,classical,svm,R0,60,1,42,augmentation,validation,class,fatigue,f1,0.26666666666666666
G4,reused_valid,G4__g4_d_augmentation_w60__svm__r0__w60__fold_1__seed_42,classical,svm,R0,60,1,42,augmentation,validation,class,distraction,precision,0.36875
G4,reused_valid,G4__g4_d_augmentation_w60__svm__r0__w60__fold_1__seed_42,classical,svm,R0,60,1,42,augmentation,validation,class,distraction,recall,0.36419753086419754
G4,reused_valid,G4__g4_d_augmentation_w60__svm__r0__w60__fold_1__seed_42,classical,svm,R0,60,1,42,augmentation,validation,class,distraction,f1,0.36645962732919257
G4,reused_valid,G4__g4_d_augmentation_w60__svm__r0__w60__fold_1__seed_42,classical,svm,R0,60,1,42,augmentation,test,class,alert,precision,0.8754681647940075
G4,reused_valid,G4__g4_d_augmentation_w60__svm__r0__w60__fold_1__seed_42,classical,svm,R0,60,1,42,augmentation,test,class,alert,recall,0.859375
G4,reused_valid,G4__g4_d_augmentation_w60__svm__r0__w60__fold_1__seed_42,classical,svm,R0,60,1,42,augmentation,test,class,alert,f1,0.8673469387755102
G4,reused_valid,G4__g4_d_augmentation_w60__svm__r0__w60__fold_1__seed_42,classical,svm,R0,60,1,42,augmentation,test,class,fatigue,precision,0.0
G4,reused_valid,G4__g4_d_augmentation_w60__svm__r0__w60__fold_1__seed_42,classical,svm,R0,60,1,42,augmentation,test,class,fatigue,recall,0.0
G4,reused_valid,G4__g4_d_augmentation_w60__svm__r0__w60__fold_1__seed_42,classical,svm,R0,60,1,42,augmentation,test,class,fatigue,f1,0.0
G4,reused_valid,G4__g4_d_augmentation_w60__svm__r0__w60__fold_1__seed_42,classical,svm,R0,60,1,42,augmentation,test,class,distraction,precision,0.5882352941176471
G4,reused_valid,G4__g4_d_augmentation_w60__svm__r0__w60__fold_1__seed_42,classical,svm,R0,60,1,42,augmentation,test,class,distraction,recall,0.712401055408971
G4,reused_valid,G4__g4_d_augmentation_w60__svm__r0__w60__fold_1__seed_42,classical,svm,R0,60,1,42,augmentation,test,class,distraction,f1,0.6443914081145584
G4,reused_valid,G4__g4_d_augmentation_w60__svm__r0__w60__fold_2__seed_42,classical,svm,R0,60,2,42,augmentation,validation,class,alert,precision,0.9380165289256198
G4,reused_valid,G4__g4_d_augmentation_w60__svm__r0__w60__fold_2__seed_42,classical,svm,R0,60,2,42,augmentation,validation,class,alert,recall,0.8407407407407408
G4,reused_valid,G4__g4_d_augmentation_w60__svm__r0__w60__fold_2__seed_42,classical,svm,R0,60,2,42,augmentation,validation,class,alert,f1,0.88671875
G4,reused_valid,G4__g4_d_augmentation_w60__svm__r0__w60__fold_2__seed_42,classical,svm,R0,60,2,42,augmentation,validation,class,fatigue,precision,0.03125
G4,reused_valid,G4__g4_d_augmentation_w60__svm__r0__w60__fold_2__seed_42,classical,svm,R0,60,2,42,augmentation,validation,class,fatigue,recall,0.058823529411764705
G4,reused_valid,G4__g4_d_augmentation_w60__svm__r0__w60__fold_2__seed_42,classical,svm,R0,60,2,42,augmentation,validation,class,fatigue,f1,0.04081632653061224
G4,reused_valid,G4__g4_d_augmentation_w60__svm__r0__w60__fold_2__seed_42,classical,svm,R0,60,2,42,augmentation,validation,class,distraction,precision,0.17341040462427745
G4,reused_valid,G4__g4_d_augmentation_w60__svm__r0__w60__fold_2__seed_42,classical,svm,R0,60,2,42,augmentation,validation,class,distraction,recall,0.39473684210526316
G4,reused_valid,G4__g4_d_augmentation_w60__svm__r0__w60__fold_2__seed_42,classical,svm,R0,60,2,42,augmentation,validation,class,distraction,f1,0.24096385542168675
G4,reused_valid,G4__g4_d_augmentation_w60__svm__r0__w60__fold_2__seed_42,classical,svm,R0,60,2,42,augmentation,test,class,alert,precision,0.9235793598954931
G4,reused_valid,G4__g4_d_augmentation_w60__svm__r0__w60__fold_2__seed_42,classical,svm,R0,60,2,42,augmentation,test,class,alert,recall,0.9000636537237429
G4,reused_valid,G4__g4_d_augmentation_w60__svm__r0__w60__fold_2__seed_42,classical,svm,R0,60,2,42,augmentation,test,class,alert,f1,0.9116698903932946
G4,reused_valid,G4__g4_d_augmentation_w60__svm__r0__w60__fold_2__seed_42,classical,svm,R0,60,2,42,augmentation,test,class,distraction,precision,0.5777027027027027
G4,reused_valid,G4__g4_d_augmentation_w60__svm__r0__w60__fold_2__seed_42,classical,svm,R0,60,2,42,augmentation,test,class,distraction,recall,0.5836177474402731
G4,reused_valid,G4__g4_d_augmentation_w60__svm__r0__w60__fold_2__seed_42,classical,svm,R0,60,2,42,augmentation,test,class,distraction,f1,0.5806451612903226
G4,reused_valid,G4__g4_d_augmentation_w60__svm__r0__w60__fold_3__seed_42,classical,svm,R0,60,3,42,augmentation,validation,class,alert,precision,0.8824175824175824
G4,reused_valid,G4__g4_d_augmentation_w60__svm__r0__w60__fold_3__seed_42,classical,svm,R0,60,3,42,augmentation,validation,class,alert,recall,0.8144016227180527
G4,reused_valid,G4__g4_d_augmentation_w60__svm__r0__w60__fold_3__seed_42,classical,svm,R0,60,3,42,augmentation,validation,class,alert,f1,0.8470464135021097
G4,reused_valid,G4__g4_d_augmentation_w60__svm__r0__w60__fold_3__seed_42,classical,svm,R0,60,3,42,augmentation,validation,class,fatigue,precision,0.0
G4,reused_valid,G4__g4_d_augmentation_w60__svm__r0__w60__fold_3__seed_42,classical,svm,R0,60,3,42,augmentation,validation,class,fatigue,recall,0.0
G4,reused_valid,G4__g4_d_augmentation_w60__svm__r0__w60__fold_3__seed_42,classical,svm,R0,60,3,42,augmentation,validation,class,fatigue,f1,0.0
G4,reused_valid,G4__g4_d_augmentation_w60__svm__r0__w60__fold_3__seed_42,classical,svm,R0,60,3,42,augmentation,validation,class,distraction,precision,0.252212389380531
G4,reused_valid,G4__g4_d_augmentation_w60__svm__r0__w60__fold_3__seed_42,classical,svm,R0,60,3,42,augmentation,validation,class,distraction,recall,0.375
G4,reused_valid,G4__g4_d_augmentation_w60__svm__r0__w60__fold_3__seed_42,classical,svm,R0,60,3,42,augmentation,validation,class,distraction,f1,0.30158730158730157
G4,reused_valid,G4__g4_d_augmentation_w60__svm__r0__w60__fold_3__seed_42,classical,svm,R0,60,3,42,augmentation,test,class,alert,precision,0.9532258064516129
G4,reused_valid,G4__g4_d_augmentation_w60__svm__r0__w60__fold_3__seed_42,classical,svm,R0,60,3,42,augmentation,test,class,alert,recall,0.8646671543525969
G4,reused_valid,G4__g4_d_augmentation_w60__svm__r0__w60__fold_3__seed_42,classical,svm,R0,60,3,42,augmentation,test,class,alert,f1,0.906789413118527
G4,reused_valid,G4__g4_d_augmentation_w60__svm__r0__w60__fold_3__seed_42,classical,svm,R0,60,3,42,augmentation,test,class,fatigue,precision,0.0
G4,reused_valid,G4__g4_d_augmentation_w60__svm__r0__w60__fold_3__seed_42,classical,svm,R0,60,3,42,augmentation,test,class,fatigue,recall,0.0
G4,reused_valid,G4__g4_d_augmentation_w60__svm__r0__w60__fold_3__seed_42,classical,svm,R0,60,3,42,augmentation,test,class,fatigue,f1,0.0
G4,reused_valid,G4__g4_d_augmentation_w60__svm__r0__w60__fold_3__seed_42,classical,svm,R0,60,3,42,augmentation,test,class,distraction,precision,0.2620967741935484
G4,reused_valid,G4__g4_d_augmentation_w60__svm__r0__w60__fold_3__seed_42,classical,svm,R0,60,3,42,augmentation,test,class,distraction,recall,0.5803571428571429
G4,reused_valid,G4__g4_d_augmentation_w60__svm__r0__w60__fold_3__seed_42,classical,svm,R0,60,3,42,augmentation,test,class,distraction,f1,0.3611111111111111
G4,reused_valid,G4__g4_d_augmentation_w60__svm__r0__w60__fold_4__seed_42,classical,svm,R0,60,4,42,augmentation,validation,class,alert,precision,0.9260485651214128
G4,reused_valid,G4__g4_d_augmentation_w60__svm__r0__w60__fold_4__seed_42,classical,svm,R0,60,4,42,augmentation,validation,class,alert,recall,0.8290513833992095
G4,reused_valid,G4__g4_d_augmentation_w60__svm__r0__w60__fold_4__seed_42,classical,svm,R0,60,4,42,augmentation,validation,class,alert,f1,0.8748696558915537
G4,reused_valid,G4__g4_d_augmentation_w60__svm__r0__w60__fold_4__seed_42,classical,svm,R0,60,4,42,augmentation,validation,class,fatigue,precision,0.030303030303030304
G4,reused_valid,G4__g4_d_augmentation_w60__svm__r0__w60__fold_4__seed_42,classical,svm,R0,60,4,42,augmentation,validation,class,fatigue,recall,0.058823529411764705
G4,reused_valid,G4__g4_d_augmentation_w60__svm__r0__w60__fold_4__seed_42,classical,svm,R0,60,4,42,augmentation,validation,class,fatigue,f1,0.04
G4,reused_valid,G4__g4_d_augmentation_w60__svm__r0__w60__fold_4__seed_42,classical,svm,R0,60,4,42,augmentation,validation,class,distraction,precision,0.21505376344086022
G4,reused_valid,G4__g4_d_augmentation_w60__svm__r0__w60__fold_4__seed_42,classical,svm,R0,60,4,42,augmentation,validation,class,distraction,recall,0.4166666666666667
G4,reused_valid,G4__g4_d_augmentation_w60__svm__r0__w60__fold_4__seed_42,classical,svm,R0,60,4,42,augmentation,validation,class,distraction,f1,0.28368794326241137
G4,reused_valid,G4__g4_d_augmentation_w60__svm__r0__w60__fold_4__seed_42,classical,svm,R0,60,4,42,augmentation,test,class,alert,precision,0.8979118329466357
G4,reused_valid,G4__g4_d_augmentation_w60__svm__r0__w60__fold_4__seed_42,classical,svm,R0,60,4,42,augmentation,test,class,alert,recall,0.8087774294670846
G4,reused_valid,G4__g4_d_augmentation_w60__svm__r0__w60__fold_4__seed_42,classical,svm,R0,60,4,42,augmentation,test,class,alert,f1,0.8510170423309511
G4,reused_valid,G4__g4_d_augmentation_w60__svm__r0__w60__fold_4__seed_42,classical,svm,R0,60,4,42,augmentation,test,class,distraction,precision,0.22926829268292684
G4,reused_valid,G4__g4_d_augmentation_w60__svm__r0__w60__fold_4__seed_42,classical,svm,R0,60,4,42,augmentation,test,class,distraction,recall,0.34057971014492755
G4,reused_valid,G4__g4_d_augmentation_w60__svm__r0__w60__fold_4__seed_42,classical,svm,R0,60,4,42,augmentation,test,class,distraction,f1,0.27405247813411077
G4,reused_valid,G4__g4_d_augmentation_w60__tcn__r0__w60__fold_1__seed_42,temporal,tcn,R0,60,1,42,,validation,class,alert,precision,0.9014925373134328
G4,reused_valid,G4__g4_d_augmentation_w60__tcn__r0__w60__fold_1__seed_42,temporal,tcn,R0,60,1,42,,validation,class,alert,recall,0.893491124260355
G4,reused_valid,G4__g4_d_augmentation_w60__tcn__r0__w60__fold_1__seed_42,temporal,tcn,R0,60,1,42,,validation,class,alert,f1,0.8974739970282318
G4,reused_valid,G4__g4_d_augmentation_w60__tcn__r0__w60__fold_1__seed_42,temporal,tcn,R0,60,1,42,,validation,class,fatigue,precision,0.0
G4,reused_valid,G4__g4_d_augmentation_w60__tcn__r0__w60__fold_1__seed_42,temporal,tcn,R0,60,1,42,,validation,class,fatigue,recall,0.0
G4,reused_valid,G4__g4_d_augmentation_w60__tcn__r0__w60__fold_1__seed_42,temporal,tcn,R0,60,1,42,,validation,class,fatigue,f1,0.0
G4,reused_valid,G4__g4_d_augmentation_w60__tcn__r0__w60__fold_1__seed_42,temporal,tcn,R0,60,1,42,,validation,class,distraction,precision,0.38285714285714284
G4,reused_valid,G4__g4_d_augmentation_w60__tcn__r0__w60__fold_1__seed_42,temporal,tcn,R0,60,1,42,,validation,class,distraction,recall,0.41358024691358025
G4,reused_valid,G4__g4_d_augmentation_w60__tcn__r0__w60__fold_1__seed_42,temporal,tcn,R0,60,1,42,,validation,class,distraction,f1,0.39762611275964393
G4,reused_valid,G4__g4_d_augmentation_w60__tcn__r0__w60__fold_1__seed_42,temporal,tcn,R0,60,1,42,,test,class,alert,precision,0.907520325203252
G4,reused_valid,G4__g4_d_augmentation_w60__tcn__r0__w60__fold_1__seed_42,temporal,tcn,R0,60,1,42,,test,class,alert,recall,0.8207720588235294
G4,reused_valid,G4__g4_d_augmentation_w60__tcn__r0__w60__fold_1__seed_42,temporal,tcn,R0,60,1,42,,test,class,alert,f1,0.861969111969112
G4,reused_valid,G4__g4_d_augmentation_w60__tcn__r0__w60__fold_1__seed_42,temporal,tcn,R0,60,1,42,,test,class,fatigue,precision,0.0
G4,reused_valid,G4__g4_d_augmentation_w60__tcn__r0__w60__fold_1__seed_42,temporal,tcn,R0,60,1,42,,test,class,fatigue,recall,0.0
G4,reused_valid,G4__g4_d_augmentation_w60__tcn__r0__w60__fold_1__seed_42,temporal,tcn,R0,60,1,42,,test,class,fatigue,f1,0.0
G4,reused_valid,G4__g4_d_augmentation_w60__tcn__r0__w60__fold_1__seed_42,temporal,tcn,R0,60,1,42,,test,class,distraction,precision,0.5909090909090909
G4,reused_valid,G4__g4_d_augmentation_w60__tcn__r0__w60__fold_1__seed_42,temporal,tcn,R0,60,1,42,,test,class,distraction,recall,0.8575197889182058
G4,reused_valid,G4__g4_d_augmentation_w60__tcn__r0__w60__fold_1__seed_42,temporal,tcn,R0,60,1,42,,test,class,distraction,f1,0.6996770721205597
G4,reused_valid,G4__g4_d_augmentation_w60__tcn__r0__w60__fold_2__seed_42,temporal,tcn,R0,60,2,42,,validation,class,alert,precision,0.9346590909090909
G4,reused_valid,G4__g4_d_augmentation_w60__tcn__r0__w60__fold_2__seed_42,temporal,tcn,R0,60,2,42,,validation,class,alert,recall,0.9138888888888889
G4,reused_valid,G4__g4_d_augmentation_w60__tcn__r0__w60__fold_2__seed_42,temporal,tcn,R0,60,2,42,,validation,class,alert,f1,0.9241573033707865
G4,reused_valid,G4__g4_d_augmentation_w60__tcn__r0__w60__fold_2__seed_42,temporal,tcn,R0,60,2,42,,validation,class,fatigue,precision,0.0
G4,reused_valid,G4__g4_d_augmentation_w60__tcn__r0__w60__fold_2__seed_42,temporal,tcn,R0,60,2,42,,validation,class,fatigue,recall,0.0
G4,reused_valid,G4__g4_d_augmentation_w60__tcn__r0__w60__fold_2__seed_42,temporal,tcn,R0,60,2,42,,validation,class,fatigue,f1,0.0
G4,reused_valid,G4__g4_d_augmentation_w60__tcn__r0__w60__fold_2__seed_42,temporal,tcn,R0,60,2,42,,validation,class,distraction,precision,0.20512820512820512
G4,reused_valid,G4__g4_d_augmentation_w60__tcn__r0__w60__fold_2__seed_42,temporal,tcn,R0,60,2,42,,validation,class,distraction,recall,0.3157894736842105
G4,reused_valid,G4__g4_d_augmentation_w60__tcn__r0__w60__fold_2__seed_42,temporal,tcn,R0,60,2,42,,validation,class,distraction,f1,0.24870466321243523
G4,reused_valid,G4__g4_d_augmentation_w60__tcn__r0__w60__fold_2__seed_42,temporal,tcn,R0,60,2,42,,test,class,alert,precision,0.9285266457680251
G4,reused_valid,G4__g4_d_augmentation_w60__tcn__r0__w60__fold_2__seed_42,temporal,tcn,R0,60,2,42,,test,class,alert,recall,0.942711648631445
G4,reused_valid,G4__g4_d_augmentation_w60__tcn__r0__w60__fold_2__seed_42,temporal,tcn,R0,60,2,42,,test,class,alert,f1,0.9355653821857233
G4,reused_valid,G4__g4_d_augmentation_w60__tcn__r0__w60__fold_2__seed_42,temporal,tcn,R0,60,2,42,,test,class,distraction,precision,0.6654275092936803
G4,reused_valid,G4__g4_d_augmentation_w60__tcn__r0__w60__fold_2__seed_42,temporal,tcn,R0,60,2,42,,test,class,distraction,recall,0.6109215017064846
G4,reused_valid,G4__g4_d_augmentation_w60__tcn__r0__w60__fold_2__seed_42,temporal,tcn,R0,60,2,42,,test,class,distraction,f1,0.6370106761565836
G4,reused_valid,G4__g4_d_augmentation_w60__tcn__r0__w60__fold_3__seed_42,temporal,tcn,R0,60,3,42,,validation,class,alert,precision,0.8879310344827587
G4,reused_valid,G4__g4_d_augmentation_w60__tcn__r0__w60__fold_3__seed_42,temporal,tcn,R0,60,3,42,,validation,class,alert,recall,0.8356997971602435
G4,reused_valid,G4__g4_d_augmentation_w60__tcn__r0__w60__fold_3__seed_42,temporal,tcn,R0,60,3,42,,validation,class,alert,f1,0.8610240334378265
G4,reused_valid,G4__g4_d_augmentation_w60__tcn__r0__w60__fold_3__seed_42,temporal,tcn,R0,60,3,42,,validation,class,fatigue,precision,0.0
G4,reused_valid,G4__g4_d_augmentation_w60__tcn__r0__w60__fold_3__seed_42,temporal,tcn,R0,60,3,42,,validation,class,fatigue,recall,0.0
G4,reused_valid,G4__g4_d_augmentation_w60__tcn__r0__w60__fold_3__seed_42,temporal,tcn,R0,60,3,42,,validation,class,fatigue,f1,0.0
G4,reused_valid,G4__g4_d_augmentation_w60__tcn__r0__w60__fold_3__seed_42,temporal,tcn,R0,60,3,42,,validation,class,distraction,precision,0.273542600896861
G4,reused_valid,G4__g4_d_augmentation_w60__tcn__r0__w60__fold_3__seed_42,temporal,tcn,R0,60,3,42,,validation,class,distraction,recall,0.40131578947368424
G4,reused_valid,G4__g4_d_augmentation_w60__tcn__r0__w60__fold_3__seed_42,temporal,tcn,R0,60,3,42,,validation,class,distraction,f1,0.3253333333333333
G4,reused_valid,G4__g4_d_augmentation_w60__tcn__r0__w60__fold_3__seed_42,temporal,tcn,R0,60,3,42,,test,class,alert,precision,0.9476831091180867
G4,reused_valid,G4__g4_d_augmentation_w60__tcn__r0__w60__fold_3__seed_42,temporal,tcn,R0,60,3,42,,test,class,alert,recall,0.9275786393562546
G4,reused_valid,G4__g4_d_augmentation_w60__tcn__r0__w60__fold_3__seed_42,temporal,tcn,R0,60,3,42,,test,class,alert,f1,0.9375231053604436
G4,reused_valid,G4__g4_d_augmentation_w60__tcn__r0__w60__fold_3__seed_42,temporal,tcn,R0,60,3,42,,test,class,fatigue,precision,0.0
G4,reused_valid,G4__g4_d_augmentation_w60__tcn__r0__w60__fold_3__seed_42,temporal,tcn,R0,60,3,42,,test,class,fatigue,recall,0.0
G4,reused_valid,G4__g4_d_augmentation_w60__tcn__r0__w60__fold_3__seed_42,temporal,tcn,R0,60,3,42,,test,class,fatigue,f1,0.0
G4,reused_valid,G4__g4_d_augmentation_w60__tcn__r0__w60__fold_3__seed_42,temporal,tcn,R0,60,3,42,,test,class,distraction,precision,0.37037037037037035
G4,reused_valid,G4__g4_d_augmentation_w60__tcn__r0__w60__fold_3__seed_42,temporal,tcn,R0,60,3,42,,test,class,distraction,recall,0.5357142857142857
G4,reused_valid,G4__g4_d_augmentation_w60__tcn__r0__w60__fold_3__seed_42,temporal,tcn,R0,60,3,42,,test,class,distraction,f1,0.43795620437956206
G4,reused_valid,G4__g4_d_augmentation_w60__tcn__r0__w60__fold_4__seed_42,temporal,tcn,R0,60,4,42,,validation,class,alert,precision,0.930327868852459
G4,reused_valid,G4__g4_d_augmentation_w60__tcn__r0__w60__fold_4__seed_42,temporal,tcn,R0,60,4,42,,validation,class,alert,recall,0.8972332015810277
G4,reused_valid,G4__g4_d_augmentation_w60__tcn__r0__w60__fold_4__seed_42,temporal,tcn,R0,60,4,42,,validation,class,alert,f1,0.9134808853118712
G4,reused_valid,G4__g4_d_augmentation_w60__tcn__r0__w60__fold_4__seed_42,temporal,tcn,R0,60,4,42,,validation,class,fatigue,precision,0.0
G4,reused_valid,G4__g4_d_augmentation_w60__tcn__r0__w60__fold_4__seed_42,temporal,tcn,R0,60,4,42,,validation,class,fatigue,recall,0.0
G4,reused_valid,G4__g4_d_augmentation_w60__tcn__r0__w60__fold_4__seed_42,temporal,tcn,R0,60,4,42,,validation,class,fatigue,f1,0.0
G4,reused_valid,G4__g4_d_augmentation_w60__tcn__r0__w60__fold_4__seed_42,temporal,tcn,R0,60,4,42,,validation,class,distraction,precision,0.30201342281879195
G4,reused_valid,G4__g4_d_augmentation_w60__tcn__r0__w60__fold_4__seed_42,temporal,tcn,R0,60,4,42,,validation,class,distraction,recall,0.46875
G4,reused_valid,G4__g4_d_augmentation_w60__tcn__r0__w60__fold_4__seed_42,temporal,tcn,R0,60,4,42,,validation,class,distraction,f1,0.3673469387755102
G4,reused_valid,G4__g4_d_augmentation_w60__tcn__r0__w60__fold_4__seed_42,temporal,tcn,R0,60,4,42,,test,class,alert,precision,0.8939732142857143
G4,reused_valid,G4__g4_d_augmentation_w60__tcn__r0__w60__fold_4__seed_42,temporal,tcn,R0,60,4,42,,test,class,alert,recall,0.8369905956112853
G4,reused_valid,G4__g4_d_augmentation_w60__tcn__r0__w60__fold_4__seed_42,temporal,tcn,R0,60,4,42,,test,class,alert,f1,0.864543982730707
G4,reused_valid,G4__g4_d_augmentation_w60__tcn__r0__w60__fold_4__seed_42,temporal,tcn,R0,60,4,42,,test,class,distraction,precision,0.21608040201005024
G4,reused_valid,G4__g4_d_augmentation_w60__tcn__r0__w60__fold_4__seed_42,temporal,tcn,R0,60,4,42,,test,class,distraction,recall,0.3115942028985507
G4,reused_valid,G4__g4_d_augmentation_w60__tcn__r0__w60__fold_4__seed_42,temporal,tcn,R0,60,4,42,,test,class,distraction,f1,0.2551928783382789
G45_focal,reused_valid,G45__focal_r0_w60__lstm__r0__w60__fold_1__seed_42,temporal,lstm,R0,60,1,42,,validation,class,alert,precision,0.9027777777777778
G45_focal,reused_valid,G45__focal_r0_w60__lstm__r0__w60__fold_1__seed_42,temporal,lstm,R0,60,1,42,,validation,class,alert,recall,0.8333333333333334
G45_focal,reused_valid,G45__focal_r0_w60__lstm__r0__w60__fold_1__seed_42,temporal,lstm,R0,60,1,42,,validation,class,alert,f1,0.8666666666666667
G45_focal,reused_valid,G45__focal_r0_w60__lstm__r0__w60__fold_1__seed_42,temporal,lstm,R0,60,1,42,,validation,class,fatigue,precision,0.06896551724137931
G45_focal,reused_valid,G45__focal_r0_w60__lstm__r0__w60__fold_1__seed_42,temporal,lstm,R0,60,1,42,,validation,class,fatigue,recall,0.5
G45_focal,reused_valid,G45__focal_r0_w60__lstm__r0__w60__fold_1__seed_42,temporal,lstm,R0,60,1,42,,validation,class,fatigue,f1,0.12121212121212122
G45_focal,reused_valid,G45__focal_r0_w60__lstm__r0__w60__fold_1__seed_42,temporal,lstm,R0,60,1,42,,validation,class,distraction,precision,0.31627906976744186
G45_focal,reused_valid,G45__focal_r0_w60__lstm__r0__w60__fold_1__seed_42,temporal,lstm,R0,60,1,42,,validation,class,distraction,recall,0.41975308641975306
G45_focal,reused_valid,G45__focal_r0_w60__lstm__r0__w60__fold_1__seed_42,temporal,lstm,R0,60,1,42,,validation,class,distraction,f1,0.36074270557029176
G45_focal,reused_valid,G45__focal_r0_w60__tcn__r0__w60__fold_1__seed_42,temporal,tcn,R0,60,1,42,,validation,class,alert,precision,0.9083023543990086
G45_focal,reused_valid,G45__focal_r0_w60__tcn__r0__w60__fold_1__seed_42,temporal,tcn,R0,60,1,42,,validation,class,alert,recall,0.722879684418146
G45_focal,reused_valid,G45__focal_r0_w60__tcn__r0__w60__fold_1__seed_42,temporal,tcn,R0,60,1,42,,validation,class,alert,f1,0.8050521691378364
G45_focal,reused_valid,G45__focal_r0_w60__tcn__r0__w60__fold_1__seed_42,temporal,tcn,R0,60,1,42,,validation,class,fatigue,precision,0.025210084033613446
G45_focal,reused_valid,G45__focal_r0_w60__tcn__r0__w60__fold_1__seed_42,temporal,tcn,R0,60,1,42,,validation,class,fatigue,recall,0.75
G45_focal,reused_valid,G45__focal_r0_w60__tcn__r0__w60__fold_1__seed_42,temporal,tcn,R0,60,1,42,,validation,class,fatigue,f1,0.04878048780487805
G45_focal,reused_valid,G45__focal_r0_w60__tcn__r0__w60__fold_1__seed_42,temporal,tcn,R0,60,1,42,,validation,class,distraction,precision,0.3228346456692913
G45_focal,reused_valid,G45__focal_r0_w60__tcn__r0__w60__fold_1__seed_42,temporal,tcn,R0,60,1,42,,validation,class,distraction,recall,0.5061728395061729
G45_focal,reused_valid,G45__focal_r0_w60__tcn__r0__w60__fold_1__seed_42,temporal,tcn,R0,60,1,42,,validation,class,distraction,f1,0.3942307692307692
G45_focal,reused_valid,G45__focal_r0_w60__lstm__r0__w60__fold_2__seed_42,temporal,lstm,R0,60,2,42,,validation,class,alert,precision,0.9405034324942791
G45_focal,reused_valid,G45__focal_r0_w60__lstm__r0__w60__fold_2__seed_42,temporal,lstm,R0,60,2,42,,validation,class,alert,recall,0.7611111111111111
G45_focal,reused_valid,G45__focal_r0_w60__lstm__r0__w60__fold_2__seed_42,temporal,lstm,R0,60,2,42,,validation,class,alert,f1,0.8413510747185261
G45_focal,reused_valid,G45__focal_r0_w60__lstm__r0__w60__fold_2__seed_42,temporal,lstm,R0,60,2,42,,validation,class,fatigue,precision,0.1
G45_focal,reused_valid,G45__focal_r0_w60__lstm__r0__w60__fold_2__seed_42,temporal,lstm,R0,60,2,42,,validation,class,fatigue,recall,0.058823529411764705
G45_focal,reused_valid,G45__focal_r0_w60__lstm__r0__w60__fold_2__seed_42,temporal,lstm,R0,60,2,42,,validation,class,fatigue,f1,0.07407407407407407
G45_focal,reused_valid,G45__focal_r0_w60__lstm__r0__w60__fold_2__seed_42,temporal,lstm,R0,60,2,42,,validation,class,distraction,precision,0.10380622837370242
G45_focal,reused_valid,G45__focal_r0_w60__lstm__r0__w60__fold_2__seed_42,temporal,lstm,R0,60,2,42,,validation,class,distraction,recall,0.39473684210526316
G45_focal,reused_valid,G45__focal_r0_w60__lstm__r0__w60__fold_2__seed_42,temporal,lstm,R0,60,2,42,,validation,class,distraction,f1,0.1643835616438356
G45_focal,reused_valid,G45__focal_r0_w60__tcn__r0__w60__fold_2__seed_42,temporal,tcn,R0,60,2,42,,validation,class,alert,precision,0.9483726150392817
G45_focal,reused_valid,G45__focal_r0_w60__tcn__r0__w60__fold_2__seed_42,temporal,tcn,R0,60,2,42,,validation,class,alert,recall,0.7824074074074074
G45_focal,reused_valid,G45__focal_r0_w60__tcn__r0__w60__fold_2__seed_42,temporal,tcn,R0,60,2,42,,validation,class,alert,f1,0.8574327752409944
G45_focal,reused_valid,G45__focal_r0_w60__tcn__r0__w60__fold_2__seed_42,temporal,tcn,R0,60,2,42,,validation,class,fatigue,precision,0.03669724770642202
G45_focal,reused_valid,G45__focal_r0_w60__tcn__r0__w60__fold_2__seed_42,temporal,tcn,R0,60,2,42,,validation,class,fatigue,recall,0.23529411764705882
G45_focal,reused_valid,G45__focal_r0_w60__tcn__r0__w60__fold_2__seed_42,temporal,tcn,R0,60,2,42,,validation,class,fatigue,f1,0.06349206349206349
G45_focal,reused_valid,G45__focal_r0_w60__tcn__r0__w60__fold_2__seed_42,temporal,tcn,R0,60,2,42,,validation,class,distraction,precision,0.1791907514450867
G45_focal,reused_valid,G45__focal_r0_w60__tcn__r0__w60__fold_2__seed_42,temporal,tcn,R0,60,2,42,,validation,class,distraction,recall,0.40789473684210525
G45_focal,reused_valid,G45__focal_r0_w60__tcn__r0__w60__fold_2__seed_42,temporal,tcn,R0,60,2,42,,validation,class,distraction,f1,0.24899598393574296
G45_focal,reused_valid,G45__focal_r0_w60__lstm__r0__w60__fold_3__seed_42,temporal,lstm,R0,60,3,42,,validation,class,alert,precision,0.8836915297092288
G45_focal,reused_valid,G45__focal_r0_w60__lstm__r0__w60__fold_3__seed_42,temporal,lstm,R0,60,3,42,,validation,class,alert,recall,0.7089249492900609
G45_focal,reused_valid,G45__focal_r0_w60__lstm__r0__w60__fold_3__seed_42,temporal,lstm,R0,60,3,42,,validation,class,alert,f1,0.7867191896454699
G45_focal,reused_valid,G45__focal_r0_w60__lstm__r0__w60__fold_3__seed_42,temporal,lstm,R0,60,3,42,,validation,class,fatigue,precision,0.06363636363636363
G45_focal,reused_valid,G45__focal_r0_w60__lstm__r0__w60__fold_3__seed_42,temporal,lstm,R0,60,3,42,,validation,class,fatigue,recall,0.5384615384615384
G45_focal,reused_valid,G45__focal_r0_w60__lstm__r0__w60__fold_3__seed_42,temporal,lstm,R0,60,3,42,,validation,class,fatigue,f1,0.11382113821138211
G45_focal,reused_valid,G45__focal_r0_w60__lstm__r0__w60__fold_3__seed_42,temporal,lstm,R0,60,3,42,,validation,class,distraction,precision,0.248
G45_focal,reused_valid,G45__focal_r0_w60__lstm__r0__w60__fold_3__seed_42,temporal,lstm,R0,60,3,42,,validation,class,distraction,recall,0.40789473684210525
G45_focal,reused_valid,G45__focal_r0_w60__lstm__r0__w60__fold_3__seed_42,temporal,lstm,R0,60,3,42,,validation,class,distraction,f1,0.30845771144278605
G45_focal,reused_valid,G45__focal_r0_w60__tcn__r0__w60__fold_3__seed_42,temporal,tcn,R0,60,3,42,,validation,class,alert,precision,0.8869346733668342
G45_focal,reused_valid,G45__focal_r0_w60__tcn__r0__w60__fold_3__seed_42,temporal,tcn,R0,60,3,42,,validation,class,alert,recall,0.716024340770791
G45_focal,reused_valid,G45__focal_r0_w60__tcn__r0__w60__fold_3__seed_42,temporal,tcn,R0,60,3,42,,validation,class,alert,f1,0.792368125701459
G45_focal,reused_valid,G45__focal_r0_w60__tcn__r0__w60__fold_3__seed_42,temporal,tcn,R0,60,3,42,,validation,class,fatigue,precision,0.020202020202020204
G45_focal,reused_valid,G45__focal_r0_w60__tcn__r0__w60__fold_3__seed_42,temporal,tcn,R0,60,3,42,,validation,class,fatigue,recall,0.15384615384615385
G45_focal,reused_valid,G45__focal_r0_w60__tcn__r0__w60__fold_3__seed_42,temporal,tcn,R0,60,3,42,,validation,class,fatigue,f1,0.03571428571428571
G45_focal,reused_valid,G45__focal_r0_w60__tcn__r0__w60__fold_3__seed_42,temporal,tcn,R0,60,3,42,,validation,class,distraction,precision,0.27734375
G45_focal,reused_valid,G45__focal_r0_w60__tcn__r0__w60__fold_3__seed_42,temporal,tcn,R0,60,3,42,,validation,class,distraction,recall,0.46710526315789475
G45_focal,reused_valid,G45__focal_r0_w60__tcn__r0__w60__fold_3__seed_42,temporal,tcn,R0,60,3,42,,validation,class,distraction,f1,0.3480392156862745
G45_focal,reused_valid,G45__focal_r0_w60__lstm__r0__w60__fold_4__seed_42,temporal,lstm,R0,60,4,42,,validation,class,alert,precision,0.9263024142312579
G45_focal,reused_valid,G45__focal_r0_w60__lstm__r0__w60__fold_4__seed_42,temporal,lstm,R0,60,4,42,,validation,class,alert,recall,0.7203557312252964
G45_focal,reused_valid,G45__focal_r0_w60__lstm__r0__w60__fold_4__seed_42,temporal,lstm,R0,60,4,42,,validation,class,alert,f1,0.8104502501389661
G45_focal,reused_valid,G45__focal_r0_w60__lstm__r0__w60__fold_4__seed_42,temporal,lstm,R0,60,4,42,,validation,class,fatigue,precision,0.05921052631578947
G45_focal,reused_valid,G45__focal_r0_w60__lstm__r0__w60__fold_4__seed_42,temporal,lstm,R0,60,4,42,,validation,class,fatigue,recall,0.5294117647058824
G45_focal,reused_valid,G45__focal_r0_w60__lstm__r0__w60__fold_4__seed_42,temporal,lstm,R0,60,4,42,,validation,class,fatigue,f1,0.10650887573964497
G45_focal,reused_valid,G45__focal_r0_w60__lstm__r0__w60__fold_4__seed_42,temporal,lstm,R0,60,4,42,,validation,class,distraction,precision,0.22580645161290322
G45_focal,reused_valid,G45__focal_r0_w60__lstm__r0__w60__fold_4__seed_42,temporal,lstm,R0,60,4,42,,validation,class,distraction,recall,0.4375
G45_focal,reused_valid,G45__focal_r0_w60__lstm__r0__w60__fold_4__seed_42,temporal,lstm,R0,60,4,42,,validation,class,distraction,f1,0.2978723404255319
G45_focal,reused_valid,G45__focal_r0_w60__tcn__r0__w60__fold_4__seed_42,temporal,tcn,R0,60,4,42,,validation,class,alert,precision,0.9358669833729216
G45_focal,reused_valid,G45__focal_r0_w60__tcn__r0__w60__fold_4__seed_42,temporal,tcn,R0,60,4,42,,validation,class,alert,recall,0.7786561264822134
G45_focal,reused_valid,G45__focal_r0_w60__tcn__r0__w60__fold_4__seed_42,temporal,tcn,R0,60,4,42,,validation,class,alert,f1,0.8500539374325782
G45_focal,reused_valid,G45__focal_r0_w60__tcn__r0__w60__fold_4__seed_42,temporal,tcn,R0,60,4,42,,validation,class,fatigue,precision,0.047058823529411764
G45_focal,reused_valid,G45__focal_r0_w60__tcn__r0__w60__fold_4__seed_42,temporal,tcn,R0,60,4,42,,validation,class,fatigue,recall,0.23529411764705882
G45_focal,reused_valid,G45__focal_r0_w60__tcn__r0__w60__fold_4__seed_42,temporal,tcn,R0,60,4,42,,validation,class,fatigue,f1,0.0784313725490196
G45_focal,reused_valid,G45__focal_r0_w60__tcn__r0__w60__fold_4__seed_42,temporal,tcn,R0,60,4,42,,validation,class,distraction,precision,0.23737373737373738
G45_focal,reused_valid,G45__focal_r0_w60__tcn__r0__w60__fold_4__seed_42,temporal,tcn,R0,60,4,42,,validation,class,distraction,recall,0.4895833333333333
G45_focal,reused_valid,G45__focal_r0_w60__tcn__r0__w60__fold_4__seed_42,temporal,tcn,R0,60,4,42,,validation,class,distraction,f1,0.3197278911564626
G45_hierarchical,reused_valid,G45__hierarchical_b_w60__svm__r0__w60__fold_1__seed_42,classical,svm,R0,60,1,42,,validation,class,alert,precision,0.8593220338983051
G45_hierarchical,reused_valid,G45__hierarchical_b_w60__svm__r0__w60__fold_1__seed_42,classical,svm,R0,60,1,42,,validation,class,alert,recall,1.0
G45_hierarchical,reused_valid,G45__hierarchical_b_w60__svm__r0__w60__fold_1__seed_42,classical,svm,R0,60,1,42,,validation,class,alert,f1,0.9243391066545124
G45_hierarchical,reused_valid,G45__hierarchical_b_w60__svm__r0__w60__fold_1__seed_42,classical,svm,R0,60,1,42,,validation,class,fatigue,precision,0.0
G45_hierarchical,reused_valid,G45__hierarchical_b_w60__svm__r0__w60__fold_1__seed_42,classical,svm,R0,60,1,42,,validation,class,fatigue,recall,0.0
G45_hierarchical,reused_valid,G45__hierarchical_b_w60__svm__r0__w60__fold_1__seed_42,classical,svm,R0,60,1,42,,validation,class,fatigue,f1,0.0
G45_hierarchical,reused_valid,G45__hierarchical_b_w60__svm__r0__w60__fold_1__seed_42,classical,svm,R0,60,1,42,,validation,class,distraction,precision,0.0
G45_hierarchical,reused_valid,G45__hierarchical_b_w60__svm__r0__w60__fold_1__seed_42,classical,svm,R0,60,1,42,,validation,class,distraction,recall,0.0
G45_hierarchical,reused_valid,G45__hierarchical_b_w60__svm__r0__w60__fold_1__seed_42,classical,svm,R0,60,1,42,,validation,class,distraction,f1,0.0
G45_hierarchical,reused_valid,G45__hierarchical_b_w60__lstm__r0__w60__fold_1__seed_42,temporal,lstm,R0,60,1,42,,validation,class,alert,precision,0.9042663891779397
G45_hierarchical,reused_valid,G45__hierarchical_b_w60__lstm__r0__w60__fold_1__seed_42,temporal,lstm,R0,60,1,42,,validation,class,alert,recall,0.8570019723865878
G45_hierarchical,reused_valid,G45__hierarchical_b_w60__lstm__r0__w60__fold_1__seed_42,temporal,lstm,R0,60,1,42,,validation,class,alert,f1,0.88
G45_hierarchical,reused_valid,G45__hierarchical_b_w60__lstm__r0__w60__fold_1__seed_42,temporal,lstm,R0,60,1,42,,validation,class,fatigue,precision,0.3333333333333333
G45_hierarchical,reused_valid,G45__hierarchical_b_w60__lstm__r0__w60__fold_1__seed_42,temporal,lstm,R0,60,1,42,,validation,class,fatigue,recall,0.25
G45_hierarchical,reused_valid,G45__hierarchical_b_w60__lstm__r0__w60__fold_1__seed_42,temporal,lstm,R0,60,1,42,,validation,class,fatigue,f1,0.2857142857142857
G45_hierarchical,reused_valid,G45__hierarchical_b_w60__lstm__r0__w60__fold_1__seed_42,temporal,lstm,R0,60,1,42,,validation,class,distraction,precision,0.3333333333333333
G45_hierarchical,reused_valid,G45__hierarchical_b_w60__lstm__r0__w60__fold_1__seed_42,temporal,lstm,R0,60,1,42,,validation,class,distraction,recall,0.4444444444444444
G45_hierarchical,reused_valid,G45__hierarchical_b_w60__lstm__r0__w60__fold_1__seed_42,temporal,lstm,R0,60,1,42,,validation,class,distraction,f1,0.38095238095238093
G45_hierarchical,reused_valid,G45__hierarchical_b_w60__svm__r0__w60__fold_2__seed_42,classical,svm,R0,60,2,42,,validation,class,alert,precision,0.9205240174672489
G45_hierarchical,reused_valid,G45__hierarchical_b_w60__svm__r0__w60__fold_2__seed_42,classical,svm,R0,60,2,42,,validation,class,alert,recall,0.975925925925926
G45_hierarchical,reused_valid,G45__hierarchical_b_w60__svm__r0__w60__fold_2__seed_42,classical,svm,R0,60,2,42,,validation,class,alert,f1,0.9474157303370786
G45_hierarchical,reused_valid,G45__hierarchical_b_w60__svm__r0__w60__fold_2__seed_42,classical,svm,R0,60,2,42,,validation,class,fatigue,precision,0.0
G45_hierarchical,reused_valid,G45__hierarchical_b_w60__svm__r0__w60__fold_2__seed_42,classical,svm,R0,60,2,42,,validation,class,fatigue,recall,0.0
G45_hierarchical,reused_valid,G45__hierarchical_b_w60__svm__r0__w60__fold_2__seed_42,classical,svm,R0,60,2,42,,validation,class,fatigue,f1,0.0
G45_hierarchical,reused_valid,G45__hierarchical_b_w60__svm__r0__w60__fold_2__seed_42,classical,svm,R0,60,2,42,,validation,class,distraction,precision,0.07142857142857142
G45_hierarchical,reused_valid,G45__hierarchical_b_w60__svm__r0__w60__fold_2__seed_42,classical,svm,R0,60,2,42,,validation,class,distraction,recall,0.02631578947368421
G45_hierarchical,reused_valid,G45__hierarchical_b_w60__svm__r0__w60__fold_2__seed_42,classical,svm,R0,60,2,42,,validation,class,distraction,f1,0.038461538461538464
G45_hierarchical,reused_valid,G45__hierarchical_b_w60__lstm__r0__w60__fold_2__seed_42,temporal,lstm,R0,60,2,42,,validation,class,alert,precision,0.9398963730569948
G45_hierarchical,reused_valid,G45__hierarchical_b_w60__lstm__r0__w60__fold_2__seed_42,temporal,lstm,R0,60,2,42,,validation,class,alert,recall,0.8398148148148148
G45_hierarchical,reused_valid,G45__hierarchical_b_w60__lstm__r0__w60__fold_2__seed_42,temporal,lstm,R0,60,2,42,,validation,class,alert,f1,0.887041564792176
G45_hierarchical,reused_valid,G45__hierarchical_b_w60__lstm__r0__w60__fold_2__seed_42,temporal,lstm,R0,60,2,42,,validation,class,fatigue,precision,0.0
G45_hierarchical,reused_valid,G45__hierarchical_b_w60__lstm__r0__w60__fold_2__seed_42,temporal,lstm,R0,60,2,42,,validation,class,fatigue,recall,0.0
G45_hierarchical,reused_valid,G45__hierarchical_b_w60__lstm__r0__w60__fold_2__seed_42,temporal,lstm,R0,60,2,42,,validation,class,fatigue,f1,0.0
G45_hierarchical,reused_valid,G45__hierarchical_b_w60__lstm__r0__w60__fold_2__seed_42,temporal,lstm,R0,60,2,42,,validation,class,distraction,precision,0.1839080459770115
G45_hierarchical,reused_valid,G45__hierarchical_b_w60__lstm__r0__w60__fold_2__seed_42,temporal,lstm,R0,60,2,42,,validation,class,distraction,recall,0.42105263157894735
G45_hierarchical,reused_valid,G45__hierarchical_b_w60__lstm__r0__w60__fold_2__seed_42,temporal,lstm,R0,60,2,42,,validation,class,distraction,f1,0.256
G45_hierarchical,reused_valid,G45__hierarchical_b_w60__svm__r0__w60__fold_3__seed_42,classical,svm,R0,60,3,42,,validation,class,alert,precision,0.8558718861209964
G45_hierarchical,reused_valid,G45__hierarchical_b_w60__svm__r0__w60__fold_3__seed_42,classical,svm,R0,60,3,42,,validation,class,alert,recall,0.9756592292089249
G45_hierarchical,reused_valid,G45__hierarchical_b_w60__svm__r0__w60__fold_3__seed_42,classical,svm,R0,60,3,42,,validation,class,alert,f1,0.9118483412322275
G45_hierarchical,reused_valid,G45__hierarchical_b_w60__svm__r0__w60__fold_3__seed_42,classical,svm,R0,60,3,42,,validation,class,fatigue,precision,0.0
G45_hierarchical,reused_valid,G45__hierarchical_b_w60__svm__r0__w60__fold_3__seed_42,classical,svm,R0,60,3,42,,validation,class,fatigue,recall,0.0
G45_hierarchical,reused_valid,G45__hierarchical_b_w60__svm__r0__w60__fold_3__seed_42,classical,svm,R0,60,3,42,,validation,class,fatigue,f1,0.0
G45_hierarchical,reused_valid,G45__hierarchical_b_w60__svm__r0__w60__fold_3__seed_42,classical,svm,R0,60,3,42,,validation,class,distraction,precision,0.1111111111111111
G45_hierarchical,reused_valid,G45__hierarchical_b_w60__svm__r0__w60__fold_3__seed_42,classical,svm,R0,60,3,42,,validation,class,distraction,recall,0.019736842105263157
G45_hierarchical,reused_valid,G45__hierarchical_b_w60__svm__r0__w60__fold_3__seed_42,classical,svm,R0,60,3,42,,validation,class,distraction,f1,0.0335195530726257
G45_hierarchical,reused_valid,G45__hierarchical_b_w60__lstm__r0__w60__fold_3__seed_42,temporal,lstm,R0,60,3,42,,validation,class,alert,precision,0.889132821075741
G45_hierarchical,reused_valid,G45__hierarchical_b_w60__lstm__r0__w60__fold_3__seed_42,temporal,lstm,R0,60,3,42,,validation,class,alert,recall,0.821501014198783
G45_hierarchical,reused_valid,G45__hierarchical_b_w60__lstm__r0__w60__fold_3__seed_42,temporal,lstm,R0,60,3,42,,validation,class,alert,f1,0.8539799683711122
G45_hierarchical,reused_valid,G45__hierarchical_b_w60__lstm__r0__w60__fold_3__seed_42,temporal,lstm,R0,60,3,42,,validation,class,fatigue,precision,0.0
G45_hierarchical,reused_valid,G45__hierarchical_b_w60__lstm__r0__w60__fold_3__seed_42,temporal,lstm,R0,60,3,42,,validation,class,fatigue,recall,0.0
G45_hierarchical,reused_valid,G45__hierarchical_b_w60__lstm__r0__w60__fold_3__seed_42,temporal,lstm,R0,60,3,42,,validation,class,fatigue,f1,0.0
G45_hierarchical,reused_valid,G45__hierarchical_b_w60__lstm__r0__w60__fold_3__seed_42,temporal,lstm,R0,60,3,42,,validation,class,distraction,precision,0.26778242677824265
G45_hierarchical,reused_valid,G45__hierarchical_b_w60__lstm__r0__w60__fold_3__seed_42,temporal,lstm,R0,60,3,42,,validation,class,distraction,recall,0.42105263157894735
G45_hierarchical,reused_valid,G45__hierarchical_b_w60__lstm__r0__w60__fold_3__seed_42,temporal,lstm,R0,60,3,42,,validation,class,distraction,f1,0.3273657289002558
G45_hierarchical,reused_valid,G45__hierarchical_b_w60__svm__r0__w60__fold_4__seed_42,classical,svm,R0,60,4,42,,validation,class,alert,precision,0.9155509783728115
G45_hierarchical,reused_valid,G45__hierarchical_b_w60__svm__r0__w60__fold_4__seed_42,classical,svm,R0,60,4,42,,validation,class,alert,recall,0.8784584980237155
G45_hierarchical,reused_valid,G45__hierarchical_b_w60__svm__r0__w60__fold_4__seed_42,classical,svm,R0,60,4,42,,validation,class,alert,f1,0.8966212808875441
G45_hierarchical,reused_valid,G45__hierarchical_b_w60__svm__r0__w60__fold_4__seed_42,classical,svm,R0,60,4,42,,validation,class,fatigue,precision,0.0
G45_hierarchical,reused_valid,G45__hierarchical_b_w60__svm__r0__w60__fold_4__seed_42,classical,svm,R0,60,4,42,,validation,class,fatigue,recall,0.0
G45_hierarchical,reused_valid,G45__hierarchical_b_w60__svm__r0__w60__fold_4__seed_42,classical,svm,R0,60,4,42,,validation,class,fatigue,f1,0.0
G45_hierarchical,reused_valid,G45__hierarchical_b_w60__svm__r0__w60__fold_4__seed_42,classical,svm,R0,60,4,42,,validation,class,distraction,precision,0.19480519480519481
G45_hierarchical,reused_valid,G45__hierarchical_b_w60__svm__r0__w60__fold_4__seed_42,classical,svm,R0,60,4,42,,validation,class,distraction,recall,0.3125
G45_hierarchical,reused_valid,G45__hierarchical_b_w60__svm__r0__w60__fold_4__seed_42,classical,svm,R0,60,4,42,,validation,class,distraction,f1,0.24
G45_hierarchical,reused_valid,G45__hierarchical_b_w60__lstm__r0__w60__fold_4__seed_42,temporal,lstm,R0,60,4,42,,validation,class,alert,precision,0.928743961352657
G45_hierarchical,reused_valid,G45__hierarchical_b_w60__lstm__r0__w60__fold_4__seed_42,temporal,lstm,R0,60,4,42,,validation,class,alert,recall,0.7598814229249012
G45_hierarchical,reused_valid,G45__hierarchical_b_w60__lstm__r0__w60__fold_4__seed_42,temporal,lstm,R0,60,4,42,,validation,class,alert,f1,0.8358695652173913
G45_hierarchical,reused_valid,G45__hierarchical_b_w60__lstm__r0__w60__fold_4__seed_42,temporal,lstm,R0,60,4,42,,validation,class,fatigue,precision,0.14285714285714285
G45_hierarchical,reused_valid,G45__hierarchical_b_w60__lstm__r0__w60__fold_4__seed_42,temporal,lstm,R0,60,4,42,,validation,class,fatigue,recall,0.058823529411764705
G45_hierarchical,reused_valid,G45__hierarchical_b_w60__lstm__r0__w60__fold_4__seed_42,temporal,lstm,R0,60,4,42,,validation,class,fatigue,f1,0.08333333333333333
G45_hierarchical,reused_valid,G45__hierarchical_b_w60__lstm__r0__w60__fold_4__seed_42,temporal,lstm,R0,60,4,42,,validation,class,distraction,precision,0.15517241379310345
G45_hierarchical,reused_valid,G45__hierarchical_b_w60__lstm__r0__w60__fold_4__seed_42,temporal,lstm,R0,60,4,42,,validation,class,distraction,recall,0.46875
G45_hierarchical,reused_valid,G45__hierarchical_b_w60__lstm__r0__w60__fold_4__seed_42,temporal,lstm,R0,60,4,42,,validation,class,distraction,f1,0.23316062176165803
